Start;29/11/2025;16h49;End;?;?;Day;Hour;;A;B;C;Dilution;Day;Time (h);Time (s);OD 0A;Std 0A;OD 0B;Std 0B;OD 0C;Std 0C;OD 1A;Std 1A;OD 1B;Std 1B;OD 1C;Std 1C;OD 2A;Std 2A;OD 2B;Std 2B;OD 2C;Std 2C;OD 3A;Std 3A;OD 3B;Std 3B;OD 3C;Std 3C;OD 4A;Std 4A;OD 4B;Std 4B;OD 4C;Std 4C;mean 0;std 0;mean 1;std 1;mean 2;std 2;mean 3;std 3;mean 4;std 4;dilution 0;dilution 1;dilution 2;dilution 3;dilution 4;OD 0A NC;OD 0B NC;OD 0C NC;OD 1A NC;OD 1B NC;OD 1C NC;OD 2A NC;OD 2B NC;OD 2C NC;OD 3A NC;OD 3B NC;OD 3C NC;OD 4A NC;OD 4B NC;OD 4C NC;mean 0 NC;mean 1 NC;mean 2 NC;mean 3 NC;mean 4 NC
;;;;;;29/11/2025;11h50;0;0.02;0.023;0.023;1;29/11/2025;16h49;0;;;;;;;;;;;;;;;;;;;;;;;;;;;;;;;;;;;;;;;;;;;;;;;;;;;;;;;;;;;;;;;;;
;;;;;;;;;0.02;0.025;0.022;1;30/11/2025;11h50;68460;0.0193333333333333;0.00115470053837925;0.024;0.001;0.0233333333333333;0.00152752523165195;0.0206666666666667;0.00152752523165195;0.027;0.00264575131106459;0.026;0.00173205080756888;0.0293333333333333;0.00208166599946613;0.0293333333333333;0.000577350269189624;0.0336666666666667;0.000577350269189626;0.0296666666666667;0.00115470053837925;0.0323333333333333;0.00152752523165195;0.043;0.000999999999999997;0.0296666666666667;0.00115470053837925;0.0296666666666667;0.00152752523165195;0.034;0.002;0.0222222222222222;0.00252395926480012;0.0245555555555556;0.00340478965467657;0.0307777777777778;0.00250185116648838;0.035;0.00705533682950556;0.0311111111111111;0.00250185116648838;1;1;1;1;1;0.0193333333333333;0.024;0.0233333333333333;0.0206666666666667;0.027;0.026;0.0293333333333333;0.0293333333333333;0.0336666666666667;0.0296666666666667;0.0323333333333333;0.043;0.0296666666666667;0.0296666666666667;0.034;0.0222222222222222;0.0245555555555556;0.0307777777777778;0.035;0.0311111111111111
;;;;;;;;;0.018;0.024;0.025;1;30/11/2025;17h41;89520;0.0226666666666667;0.00251661147842358;0.0283333333333333;0.00115470053837925;0.0256666666666667;0.000577350269189624;0.029;0.00264575131106459;0.034;0.001;0.04;0.001;0.0426666666666667;0.00305505046330389;0.0386666666666667;0.00152752523165195;0.0586666666666667;0.00208166599946613;0.052;0.001;0.0643333333333333;0.00208166599946613;0.071;0.00435889894354067;0.0443333333333333;0.00208166599946613;0.041;0;0.053;0.00173205080756888;0.0255555555555556;0.00283496684937179;0.0343333333333333;0.0055075705472861;0.0466666666666667;0.0105830052442584;0.0624444444444444;0.00963980943410839;0.0461111111111111;0.00619438216211838;1;1;1;1;1;0.0226666666666667;0.0283333333333333;0.0256666666666667;0.029;0.034;0.04;0.0426666666666667;0.0386666666666667;0.0586666666666667;0.052;0.0643333333333333;0.071;0.0443333333333333;0.041;0.053;0.0255555555555556;0.0343333333333333;0.0466666666666667;0.0624444444444444;0.0461111111111111
;;;;;;;;mean 0;0.0193333333333333;0.024;0.0233333333333333;1;01/12/2025;8h11;141720;0.077;0.00346410161513776;0.0736666666666667;0.000577350269189626;0.0693333333333333;0.00305505046330389;0.0903333333333333;0.00230940107675851;0.123666666666667;0.00208166599946613;0.121333333333333;0.0030550504633039;0.159;0.00173205080756888;0.145333333333333;0.00513160143944689;0.207;0.00264575131106459;0.150333333333333;0.00152752523165195;0.173;0.001;0.146333333333333;0.00152752523165195;0.113333333333333;0.00152752523165195;0.114333333333333;0.00115470053837925;0.164333333333333;0.00208166599946613;0.0733333333333333;0.00384418753155693;0.111777777777778;0.0186080428648276;0.170444444444444;0.0323871259287688;0.156555555555556;0.0143810574998786;0.130666666666667;0.0291604755333882;1;1;1;1;1;0.077;0.0736666666666667;0.0693333333333333;0.0903333333333333;0.123666666666667;0.121333333333333;0.159;0.145333333333333;0.207;0.150333333333333;0.173;0.146333333333333;0.113333333333333;0.114333333333333;0.164333333333333;0.0733333333333333;0.111777777777778;0.170444444444444;0.156555555555556;0.130666666666667
;;;;;;;;dilution 0;0.0193333333333333;0.024;0.0233333333333333;;01/12/2025;10h44;150900;0.0473333333333333;0.00251661147842359;0.0683333333333333;0.000577350269189626;0.0593333333333333;0.00115470053837925;0.086;0.000999999999999994;0.138666666666667;0.00251661147842357;0.133666666666667;0.000577350269189626;0.154666666666667;0.00115470053837925;0.149666666666667;0.00251661147842359;0.191;0.00360555127546399;0.139;0.00264575131106458;0.176333333333333;0.00288675134594813;0.131333333333333;0.00208166599946613;0.102666666666667;0.00152752523165194;0.121666666666667;0.00115470053837925;0.164666666666667;0.00472581562625261;0.0583333333333333;0.0105356537528527;0.119444444444444;0.0290714318214317;0.165111111111111;0.0225593866478218;0.148888888888889;0.0240747293358116;0.129666666666667;0.0317647603485371;1;1;1;1;1;0.0473333333333333;0.0683333333333333;0.0593333333333333;0.086;0.138666666666667;0.133666666666667;0.154666666666667;0.149666666666667;0.191;0.139;0.176333333333333;0.131333333333333;0.102666666666667;0.121666666666667;0.164666666666667;0.0583333333333333;0.119444444444444;0.165111111111111;0.148888888888889;0.129666666666667
;;;;;;;;1;0.019;0.024;0.027;1;01/12/2025;13h25;160560;0.0543333333333333;0.000577350269189626;0.082;0.001;0.0703333333333333;0.000577350269189618;0.0953333333333333;0.0023094010767585;0.158666666666667;0.00472581562625261;0.147333333333333;0.00251661147842359;0.167333333333333;0.00115470053837925;0.162;0.001;0.212666666666667;0.0030550504633039;0.149333333333333;0.000577350269189626;0.175666666666667;0.00321455025366432;0.137;0.00173205080756888;0.106333333333333;0.000577350269189626;0.109666666666667;0.00251661147842359;0.177;0.001;0.0688888888888889;0.0138897777493352;0.133777777777778;0.0337726604310734;0.180666666666667;0.0278408173570947;0.154;0.0197512306227008;0.131;0.0398720174781484;1;1;1;1;1;0.0543333333333333;0.082;0.0703333333333333;0.0953333333333333;0.158666666666667;0.147333333333333;0.167333333333333;0.162;0.212666666666667;0.149333333333333;0.175666666666667;0.137;0.106333333333333;0.109666666666667;0.177;0.0688888888888889;0.133777777777778;0.180666666666667;0.154;0.131
;;;;;;;;;0.021;0.028;0.027;1;01/12/2025;17h19;174600;0.113666666666667;0.00152752523165195;0.151;0.00953939201416946;0.124666666666667;0.00351188458428425;0.183666666666667;0.00230940107675851;0.232666666666667;0.00416333199893226;0.226333333333333;0.00152752523165195;0.233333333333333;0.0030550504633039;0.224666666666667;0.00152752523165195;0.259;0.00529150262212919;0.209333333333333;0.00416333199893227;0.221;0.00173205080756888;0.191333333333333;0.00251661147842359;0.158333333333333;0.000577350269189626;0.154;0.001;0.237666666666667;0.00251661147842359;0.129777777777778;0.0191842914134726;0.214222222222222;0.0266506896582292;0.239;0.0178543489877894;0.207222222222222;0.0149455802955379;0.183333333333333;0.0471039040608926;1;1;1;1;1;0.113666666666667;0.151;0.124666666666667;0.183666666666667;0.232666666666667;0.226333333333333;0.233333333333333;0.224666666666667;0.259;0.209333333333333;0.221;0.191333333333333;0.158333333333333;0.154;0.237666666666667;0.129777777777778;0.214222222222222;0.239;0.207222222222222;0.183333333333333
;;;;;;;;;0.022;0.029;0.024;1;02/12/2025;8h02;227580;0.187;0.00346410161513776;0.271333333333333;0.00321455025366432;0.262;0;0.270666666666667;0.00251661147842359;0.368333333333333;0.0045092497528229;0.531666666666667;0.00635085296108589;0.275666666666667;0.0030550504633039;0.247;0.0124899959967968;0.304666666666667;0.00321455025366432;0.231333333333333;0.00378593889720019;0.283333333333333;0.00115470053837925;0.201333333333333;0.000577350269189626;0.173666666666667;0.00550757054728609;0.191;0.002;0.292;0.001;0.240111111111111;0.0462317030874957;0.390222222222222;0.13186960450609;0.275777777777778;0.0288334938980757;0.238666666666667;0.0414889543533375;0.218888888888889;0.0639064710106656;1;1;1;1;1;0.187;0.271333333333333;0.262;0.270666666666667;0.368333333333333;0.531666666666667;0.275666666666667;0.247;0.304666666666667;0.231333333333333;0.283333333333333;0.201333333333333;0.173666666666667;0.191;0.292;0.240111111111111;0.390222222222222;0.275777777777778;0.238666666666667;0.218888888888889
;;;;;;;;mean 1;0.0206666666666667;0.027;0.026;1;02/12/2025;13h33;247440;0.271666666666667;0.00230940107675851;0.368666666666667;0.00251661147842359;0.348;0.00458257569495581;0.321333333333333;0.00611010092660779;0.414666666666667;0.00208166599946613;0.660666666666667;0.000577350269189626;0.312666666666667;0.0030550504633039;0.294333333333333;0.00351188458428425;0.333666666666667;0.0030550504633039;0.256;0.00264575131106459;0.301;0.00519615242270664;0.243;0.00173205080756888;0.189666666666667;0.0030550504633039;0.222;0.001;0.314666666666667;0.00208166599946613;0.329444444444444;0.0510928711414958;0.465555555555556;0.175296996657208;0.313555555555556;0.0196817268137319;0.266666666666667;0.0304357246231026;0.242111111111111;0.0648813732329442;1;1;1;1;1;0.271666666666667;0.368666666666667;0.348;0.321333333333333;0.414666666666667;0.660666666666667;0.312666666666667;0.294333333333333;0.333666666666667;0.256;0.301;0.243;0.189666666666667;0.222;0.314666666666667;0.329444444444444;0.465555555555556;0.313555555555556;0.266666666666667;0.242111111111111
;;;;;;;;dilution 1;0.0206666666666667;0.027;0.026;;02/12/2025;16h58;259740;0.3;0.002;0.392;0.00519615242270664;0.395;0.00346410161513776;0.336666666666667;0.00208166599946613;0.447666666666667;0.00503322295684717;0.733;0.001;0.312;0.002;0.305666666666667;0.0070237691685685;0.340333333333333;0.00321455025366429;0.253666666666667;0.000577350269189626;0.309;0.002;0.236;0.001;0.193;0.002;0.233333333333333;0.00115470053837925;0.323666666666667;0.00404145188432738;0.362333333333333;0.0540030863315545;0.505777777777778;0.204457095019233;0.319333333333333;0.0184601673280005;0.266222222222222;0.0380851871661606;0.25;0.0669087272168422;1;1;1;1;1;0.3;0.392;0.395;0.336666666666667;0.447666666666667;0.733;0.312;0.305666666666667;0.340333333333333;0.253666666666667;0.309;0.236;0.193;0.233333333333333;0.323666666666667;0.362333333333333;0.505777777777778;0.319333333333333;0.266222222222222;0.25
;;;;;;;;2;0.027;0.03;0.034;1;02/12/2025;20h26;272220;0.394;0.00264575131106459;0.454;0.00264575131106459;0.495333333333333;0.00321455025366432;0.362;0.00556776436283003;0.467333333333333;0.00230940107675849;0.826;0.00264575131106459;0.332333333333333;0.00208166599946613;0.302666666666667;0.00513160143944689;0.367;0.00556776436283003;0.261333333333333;0.00351188458428425;0.311666666666667;0.00321455025366432;0.244;0.003;0.209333333333333;0.00251661147842359;0.239666666666667;0.0030550504633039;0.322333333333333;0.00585946527708232;0.447777777777778;0.0509524106215609;0.551777777777778;0.243253259275489;0.334;0.0321990338019292;0.272333333333333;0.0351488896616158;0.257111111111111;0.0584848825037845;2;2;1;1;1;0.197;0.227;0.247666666666667;0.181;0.233666666666667;0.413;0.332333333333333;0.302666666666667;0.367;0.261333333333333;0.311666666666667;0.244;0.209333333333333;0.239666666666667;0.322333333333333;0.223888888888889;0.275888888888889;0.334;0.272333333333333;0.257111111111111
;;;;;;;;;0.03;0.029;0.033;1;03/12/2025;8h08;314340;0.471333333333333;0.001;0.558666666666667;0.00321455025366432;0.52;0.00435889894354068;0.412;0.001;0.517333333333333;0.00321455025366432;1.024;0.00435889894354068;0.373333333333333;0.00378593889720019;0.332666666666667;0.00152752523165195;0.402666666666667;0.00404145188432737;0.337333333333333;0.00152752523165195;0.355333333333333;0.00416333199893227;0.282;0.00458257569495583;0.218333333333333;0.000577350269189626;0.267666666666667;0.00208166599946613;0.356666666666667;0.00115470053837925;0.516666666666667;0.0437619824860702;0.651111111111111;0.327197754225744;0.369555555555556;0.0351525774830766;0.324888888888889;0.0382176999908758;0.280888888888889;0.0701081175624344;2;2;2;2;1;0.235666666666667;0.279333333333333;0.26;0.206;0.258666666666667;0.512;0.186666666666667;0.166333333333333;0.201333333333333;0.168666666666667;0.177666666666667;0.141;0.218333333333333;0.267666666666667;0.356666666666667;0.258333333333333;0.325555555555556;0.184777777777778;0.162444444444444;0.280888888888889
;;;;;;;;;0.031;0.029;0.034;1;03/12/2025;10h53;324240;0.496666666666667;0.00416333199893227;0.541333333333333;0.00585946527708232;0.55;0.002;0.425333333333333;0.00288675134594813;0.555333333333333;0.00493288286231625;1.05133333333333;0.0045092497528229;0.406666666666667;0.00503322295684716;0.342666666666667;0.00208166599946612;0.401333333333333;0.00305505046330388;0.296666666666667;0.00321455025366432;0.36;0.00264575131106459;0.280666666666667;0.00152752523165193;0.223666666666667;0.00832666399786454;0.266333333333333;0.00152752523165195;0.359333333333333;0.00404145188432738;0.529333333333333;0.0286201172448876;0.677333333333333;0.330351328134155;0.383555555555556;0.0355110832985568;0.312444444444444;0.0419541195611128;0.283111111111111;0.069372051155213;2;2;2;2;1;0.248333333333333;0.270666666666667;0.275;0.212666666666667;0.277666666666667;0.525666666666667;0.203333333333333;0.171333333333333;0.200666666666667;0.148333333333333;0.18;0.140333333333333;0.223666666666667;0.266333333333333;0.359333333333333;0.264666666666667;0.338666666666667;0.191777777777778;0.156222222222222;0.283111111111111
;;;;;;;;mean 2;0.0293333333333333;0.0293333333333333;0.0336666666666667;1;03/12/2025;13h25;333360;0.51;0.002;0.599333333333333;0.00750555349946514;0.57;0.00458257569495582;0.435333333333333;0.00493288286231625;0.545333333333333;0.00251661147842359;1.05066666666667;0.00378593889720019;0.392;0.002;0.330666666666667;0.00503322295684717;0.41;0.00299999999999999;0.296;0.00360555127546399;0.347333333333333;0.00550757054728609;0.274;0.00360555127546398;0.231666666666667;0.00493288286231624;0.269333333333333;0.00208166599946613;0.365666666666667;0.00602771377334171;0.559777777777778;0.0455354969389979;0.677111111111111;0.328150597766962;0.377555555555556;0.0415923782191633;0.305777777777778;0.0376317438892771;0.288888888888889;0.0691072703470104;2;2;2;2;1;0.255;0.299666666666667;0.285;0.217666666666667;0.272666666666667;0.525333333333333;0.196;0.165333333333333;0.205;0.148;0.173666666666667;0.137;0.231666666666667;0.269333333333333;0.365666666666667;0.279888888888889;0.338555555555556;0.188777777777778;0.152888888888889;0.288888888888889
;;;;;;;;dilution 2;0.0293333333333333;0.0293333333333333;0.0336666666666667;;03/12/2025;17h17;347280;0.528;0.00608276253029822;0.614666666666667;0.0045092497528229;0.606666666666667;0.00115470053837925;0.453333333333333;0.00152752523165195;0.585333333333333;0.00321455025366432;1.116;0.004;0.398;0.001;0.363333333333333;0.00351188458428425;0.424;0.003;0.334666666666667;0.00208166599946613;0.370666666666667;0.00115470053837925;0.326;0.002;0.230666666666667;0.00115470053837925;0.272666666666667;0.00378593889720019;0.378666666666667;0.00461880215351701;0.583111111111111;0.0478949467681709;0.718222222222222;0.350751151630854;0.395111111111111;0.0304363330637968;0.343777777777778;0.0236862204042147;0.294;0.0762714450717524;2;2;2;2;1;0.264;0.307333333333333;0.303333333333333;0.226666666666667;0.292666666666667;0.558;0.199;0.181666666666667;0.212;0.167333333333333;0.185333333333333;0.163;0.230666666666667;0.272666666666667;0.378666666666667;0.291555555555556;0.359111111111111;0.197555555555556;0.171888888888889;0.294
;;;;;;;;3;0.029;0.031;0.042;1;04/12/2025;8h17;401280;0.633333333333333;0.00404145188432738;0.686666666666667;0.00251661147842357;0.64;0.00264575131106459;0.481333333333333;0.00208166599946613;0.628;0.004;1.25733333333333;0.00503322295684717;0.443333333333333;0.00251661147842359;0.358666666666667;0.00737111479583198;0.473333333333333;0.00351188458428423;0.324;0.003;0.396666666666667;0.00321455025366432;0.334;0.00173205080756888;0.247666666666667;0.00351188458428425;0.304;0.003;0.412333333333333;0.00493288286231625;0.653333333333333;0.0290593262902711;0.788888888888889;0.412259537095173;0.425111111111111;0.0594655206665856;0.351555555555556;0.039386028731763;0.321333333333333;0.0836905676352546;4;4;2;2;1;0.158333333333333;0.171666666666667;0.16;0.120333333333333;0.157;0.314333333333333;0.221666666666667;0.179333333333333;0.236666666666667;0.162;0.198333333333333;0.167;0.247666666666667;0.304;0.412333333333333;0.163333333333333;0.197222222222222;0.212555555555556;0.175777777777778;0.321333333333333
;;;;;;;;;0.031;0.032;0.043;1;04/12/2025;11h01;411120;0.549333333333333;0.00230940107675851;0.596;0.001;0.649333333333333;0.00115470053837925;0.450666666666667;0.00378593889720019;0.596;0.00360555127546399;1.28133333333333;0.00115470053837925;0.415333333333333;0.00404145188432738;0.378;0.00264575131106459;0.640666666666667;0.00115470053837925;0.326666666666667;0.000577350269189626;0.38;0.005;0.304;0.00173205080756888;0.241666666666667;0.00321455025366432;0.297;0.00264575131106459;0.417;0.00264575131106459;0.598222222222222;0.0500370233297676;0.776;0.443623463962151;0.478;0.142104812648193;0.336888888888889;0.0390175648954464;0.318555555555556;0.0896321701507105;4;4;2;2;1;0.137333333333333;0.149;0.162333333333333;0.112666666666667;0.149;0.320333333333333;0.207666666666667;0.189;0.320333333333333;0.163333333333333;0.19;0.152;0.241666666666667;0.297;0.417;0.149555555555556;0.194;0.239;0.168444444444444;0.318555555555556
;;;;;;;;;0.029;0.034;0.044;1;04/12/2025;17h53;435840;0.612;0.00360555127546399;0.745333333333333;0.00503322295684717;0.724;0.00264575131106459;0.577333333333333;0.00152752523165195;0.697333333333333;0.000577350269189626;1.31466666666667;0.00351188458428425;0.458;0.00264575131106459;0.389333333333333;0.00351188458428425;0.455333333333333;0.00404145188432738;0.344666666666667;0.00251661147842357;0.428;0.002;0.331333333333333;0.00152752523165195;0.264666666666667;0.0141539158303748;0.308666666666667;0.00513160143944689;0.432333333333333;0.00378593889720019;0.693777777777778;0.0716203985012753;0.863111111111111;0.39563469869921;0.434222222222222;0.0388977767621369;0.368;0.0523874454850059;0.335222222222222;0.0869305810743605;4;4;2;2;1;0.153;0.186333333333333;0.181;0.144333333333333;0.174333333333333;0.328666666666667;0.229;0.194666666666667;0.227666666666667;0.172333333333333;0.214;0.165666666666667;0.264666666666667;0.308666666666667;0.432333333333333;0.173444444444444;0.215777777777778;0.217111111111111;0.184;0.335222222222222
;;;;;;;;mean 3;0.0296666666666667;0.0323333333333333;0.043;1;05/12/2025;8h20;487860;0.745333333333333;0.00472581562625261;0.828;0.00866025403784438;0.748;0.002;0.537333333333333;0.00152752523165195;0.712;0.00173205080756888;1.41066666666667;0.0030550504633039;0.504666666666667;0.00152752523165195;0.446666666666667;0.00230940107675851;0.506;0.00264575131106459;0.408666666666667;0.00230940107675849;0.464;0.00346410161513776;0.378666666666667;0.000577350269189626;0.309333333333333;0.0248260615751539;0.355;0.013076696830622;0.454333333333333;0.040153870714208;0.773777777777778;0.0469767475972402;0.886666666666667;0.462124562332615;0.485777777777778;0.0338777759556867;0.417111111111111;0.0432888660734596;0.372888888888889;0.074136760512308;4;4;2;2;1;0.186333333333333;0.207;0.187;0.134333333333333;0.178;0.352666666666667;0.252333333333333;0.223333333333333;0.253;0.204333333333333;0.232;0.189333333333333;0.309333333333333;0.355;0.454333333333333;0.193444444444444;0.221666666666667;0.242888888888889;0.208555555555556;0.372888888888889
;;;;;;;;dilution 3;0.0296666666666667;0.0323333333333333;0.043;;05/12/2025;11h12;498180;0.706666666666667;0.00115470053837925;0.756;0.003;0.824;0.00264575131106458;0.533333333333333;0.00152752523165195;0.718666666666667;0.00251661147842359;1.42;0.003;0.488666666666667;0.00152752523165195;0.435333333333333;0.00568624070307733;0.534;0.00556776436283003;0.415333333333333;0.00321455025366432;0.508;0.00173205080756888;0.395333333333333;0.00351188458428425;0.29;0.0242693221990232;0.356666666666667;0.0167729941672122;0.476333333333333;0.0045092497528229;0.762222222222222;0.0589136216406258;0.890666666666667;0.467688405291862;0.486;0.049387357806539;0.439555555555556;0.0601122406958978;0.374333333333333;0.0944145704386304;4;4;2;2;1;0.176666666666667;0.189;0.206;0.133333333333333;0.179666666666667;0.355;0.244333333333333;0.217666666666667;0.267;0.207666666666667;0.254;0.197666666666667;0.29;0.356666666666667;0.476333333333333;0.190555555555556;0.222666666666667;0.243;0.219777777777778;0.374333333333333
;;;;;;;;4;0.031;0.031;0.034;1;05/12/2025;13h36;506820;0.672;0.00360555127546398;0.712;0.001;0.753333333333333;0.00251661147842359;0.58;0.001;0.666666666666667;0.00230940107675851;1.452;0.00264575131106459;0.483333333333333;0.00208166599946613;0.422666666666667;0.0030550504633039;0.518666666666667;0.00404145188432738;0.426;0.003;0.47;0.00346410161513774;0.376666666666667;0.00230940107675851;0.276666666666667;0.00251661147842359;0.348333333333333;0.00288675134594813;0.475;0.00435889894354068;0.712444444444444;0.0406684881195001;0.899555555555556;0.480389348264432;0.474888888888889;0.0485539028449978;0.424222222222222;0.0466920565851211;0.366666666666667;0.100429632634552;4;4;2;2;1;0.168;0.178;0.188333333333333;0.145;0.166666666666667;0.363;0.241666666666667;0.211333333333333;0.259333333333333;0.213;0.235;0.188333333333333;0.276666666666667;0.348333333333333;0.475;0.178111111111111;0.224888888888889;0.237444444444444;0.212111111111111;0.366666666666667
;;;;;;;;;0.029;0.03;0.032;1;05/12/2026;17h39;521400;0.728;0.00264575131106459;0.778666666666667;0.000577350269189626;0.808;0.00360555127546398;0.561333333333333;0.00378593889720017;0.706666666666667;0.00251661147842359;1.42533333333333;0.00152752523165195;0.501333333333333;0.00152752523165195;0.451333333333333;0.00288675134594813;0.4992;0.0206659139647875;0.432666666666667;0.00351188458428425;0.488666666666667;0.00288675134594813;0.38;3.3993498887763E-17;0.282666666666667;0.00321455025366429;0.347333333333333;0.00208166599946613;0.493666666666667;0.0045092497528229;0.771555555555556;0.0404712975567368;0.897777777777778;0.462619273909543;0.483955555555556;0.0282718024684457;0.433777777777778;0.0543418534560336;0.374555555555556;0.108101975176391;4;4;2;2;1;0.182;0.194666666666667;0.202;0.140333333333333;0.176666666666667;0.356333333333333;0.250666666666667;0.225666666666667;0.2496;0.216333333333333;0.244333333333333;0.19;0.282666666666667;0.347333333333333;0.493666666666667;0.192888888888889;0.224444444444444;0.241977777777778;0.216888888888889;0.374555555555556
;;;;;;;;;0.029;0.028;0.036;1;06/12/2025;15h56;601620;0.804;0.001;0.852;0.00346410161513776;0.921333333333333;0.00251661147842359;0.604;0.00173205080756888;0.829333333333333;0.00503322295684716;1.51866666666667;0.00321455025366432;0.526;0.00264575131106459;0.519333333333333;0.00230940107675851;0.602;0;0.447333333333333;0.00472581562625261;0.584;0.00360555127546399;0.444;0.00793725393319378;0.343666666666667;0.00503322295684714;0.382;0.00435889894354068;0.547;0.00264575131106459;0.859111111111111;0.058989013415243;0.984;0.476544972810658;0.549111111111111;0.0459242532550834;0.491777777777778;0.0798841754134157;0.424222222222222;0.108042344236638;4;4;2;2;1;0.201;0.213;0.230333333333333;0.151;0.207333333333333;0.379666666666667;0.263;0.259666666666667;0.301;0.223666666666667;0.292;0.222;0.343666666666667;0.382;0.547;0.214777777777778;0.246;0.274555555555555;0.245888888888889;0.424222222222222
;;;;;;;;mean 4;0.0296666666666667;0.0296666666666667;0.034;1;07/12/2025;10h42;582780;0.865333333333333;0.00208166599946613;0.934666666666667;0.00450924975282288;0.946666666666667;0.00251661147842357;0.710666666666667;0.00208166599946613;0.896;0.00360555127546399;1.62666666666667;0.00230940107675847;0.596666666666667;0.00251661147842359;0.547333333333333;0.00208166599946613;0.647333333333333;0.00251661147842359;0.502666666666667;0.00208166599946613;0.624;0.00264575131106459;0.479333333333333;0.00404145188432738;0.358666666666667;0.00472581562625261;0.424;0.0088881944173156;0.563;0.00264575131106453;0.915555555555556;0.0439056226889416;1.07777777777778;0.484299876492211;0.597111111111111;0.0500014814595343;0.535333333333333;0.0776688125597681;0.448555555555556;0.104356404974775;4;4;2;2;1;0.216333333333333;0.233666666666667;0.236666666666667;0.177666666666667;0.224;0.406666666666667;0.298333333333333;0.273666666666667;0.323666666666667;0.251333333333333;0.312;0.239666666666667;0.358666666666667;0.424;0.563;0.228888888888889;0.269444444444444;0.298555555555556;0.267666666666667;0.448555555555556
;;;;;;;;dilution 4 ;0.0296666666666667;0.0296666666666667;0.034;;08/12/2025;8h17;746880;0.938666666666667;0.00321455025366431;1.03466666666667;0.00416333199893227;1.04133333333333;0.00472581562625261;0.749333333333333;0.00378593889720019;0.921333333333333;0.00351188458428425;1.75733333333333;0.000577350269189626;0.674;0.00608276253029822;0.589333333333333;0.00503322295684717;0.708;0.005;0.548666666666667;0.00321455025366432;0.665333333333333;0.000577350269189626;0.545333333333333;0.00152752523165195;0.384666666666667;0.00230940107675851;0.445333333333333;0.0045092497528229;0.601;0.00360555127546399;1.00488888888889;0.0574469159150267;1.14266666666667;0.539219188580426;0.657111111111111;0.0611094949281236;0.586444444444444;0.0683401080652523;0.477;0.111589027736203;4;4;2;2;1;0.234666666666667;0.258666666666667;0.260333333333333;0.187333333333333;0.230333333333333;0.439333333333333;0.337;0.294666666666667;0.354;0.274333333333333;0.332666666666667;0.272666666666667;0.384666666666667;0.445333333333333;0.601;0.251222222222222;0.285666666666667;0.328555555555555;0.293222222222222;0.477
;;;;;;30/11/2025;17h41;0;0.02;0.029;0.026;1;08/12/2025;11h08;757140;0.901333333333333;0.00378593889720019;1.05733333333333;0.00321455025366432;1.01466666666667;0.00321455025366432;0.722666666666667;0.00208166599946613;1.00133333333333;0.00404145188432738;1.73333333333333;0.00251661147842359;0.673333333333333;0.0045092497528229;0.632;0.00173205080756888;0.664666666666667;0.00351188458428425;0.558;0.001;0.673333333333333;0.00251661147842359;0.528666666666667;0.00378593889720019;0.387666666666667;0.00416333199893227;0.455;0.00793725393319378;0.594333333333333;0.00416333199893227;0.991111111111111;0.0806234962535621;1.15244444444444;0.522003547596856;0.656666666666667;0.0217970436323624;0.586666666666667;0.076475123043016;0.479;0.105402930593878;4;4;2;2;1;0.225333333333333;0.264333333333333;0.253666666666667;0.180666666666667;0.250333333333333;0.433333333333333;0.336666666666667;0.316;0.332333333333333;0.279;0.336666666666667;0.264333333333333;0.387666666666667;0.455;0.594333333333333;0.247777777777778;0.288111111111111;0.328333333333333;0.293333333333333;0.479
;;;;;;;;;0.023;0.027;0.026;1;09/12/2025;8h10;832860;1.008;0.00360555127546399;1.104;0.00699999999999997;1.15066666666667;0.00873689494805408;0.778666666666667;0.00208166599946613;1.044;0.00173205080756888;1.83866666666667;0.0070237691685685;0.709333333333333;0.0030550504633039;0.651333333333333;0.0066583281184794;0.724;0.00173205080756888;0.572;0.00608276253029822;0.671333333333333;0.00230940107675851;0.522666666666667;0.0045092497528229;0.414666666666667;0.00709459888459759;0.479;0.003;0.604333333333333;0.00493288286231625;1.08755555555556;0.0727410424675043;1.22044444444444;0.551588144797803;0.694888888888889;0.0384264569351975;0.588666666666667;0.075721712723484;0.499333333333333;0.096454364569181;4;4;2;2;1;0.252;0.276;0.287666666666667;0.194666666666667;0.261;0.459666666666667;0.354666666666667;0.325666666666667;0.362;0.286;0.335666666666667;0.261333333333333;0.414666666666667;0.479;0.604333333333333;0.271888888888889;0.305111111111111;0.347444444444444;0.294333333333333;0.499333333333333
;;;;;;;;;0.025;0.029;0.025;1;10/12/2025;8h26;920220;1.08533333333333;0.00585946527708232;1.156;0.00655743852430201;1.17733333333333;0.0045092497528229;0.849333333333333;0.00152752523165195;1.19866666666667;0.00808290376865477;1.90933333333333;0.00115470053837925;0.754;0.00556776436283003;0.666666666666667;0.00251661147842359;0.732666666666667;0.00404145188432738;0.623333333333333;0.00642910050732864;0.708666666666667;0.00404145188432738;0.542666666666667;0.00776745346515404;0.434666666666667;0.0045092497528229;0.516666666666667;0.0030550504633039;0.622333333333333;0.0101159939369957;1.13955555555556;0.0481540737094465;1.31911111111111;0.540166778086313;0.717777777777778;0.0455306164798703;0.624888888888889;0.083010931899448;0.524555555555556;0.0940817217655506;4;4;2;2;1;0.271333333333333;0.289;0.294333333333333;0.212333333333333;0.299666666666667;0.477333333333333;0.377;0.333333333333333;0.366333333333333;0.311666666666667;0.354333333333333;0.271333333333333;0.434666666666667;0.516666666666667;0.622333333333333;0.284888888888889;0.329777777777778;0.358888888888889;0.312444444444444;0.524555555555556
;;;;;;;;mean 0;0.0226666666666667;0.0283333333333333;0.0256666666666667;1;11/12/2025;8h00;1005060;1.17333333333333;0.00152752523165195;1.272;0.00529150262212919;1.308;0.001;0.949333333333333;0.00208166599946613;1.12266666666667;0.00550757054728608;1.95466666666667;0.0066583281184794;0.799333333333333;0.00585946527708232;0.742;0.00173205080756888;0.746;0.00264575131106459;0.664;0.00556776436283003;0.745333333333333;0.00251661147842359;0.560666666666667;0.00378593889720015;0.449;0.00360555127546399;0.563333333333333;0.0395769293065206;0.623666666666667;0.00642910050732864;1.25111111111111;0.0697211376631008;1.34222222222222;0.537426515217903;0.762444444444444;0.0320092579200548;0.656666666666667;0.0925514871721555;0.545333333333333;0.0887136467016836;4;4;2;2;1;0.293333333333333;0.318;0.327;0.237333333333333;0.280666666666667;0.488666666666667;0.399666666666667;0.371;0.373;0.332;0.372666666666667;0.280333333333333;0.449;0.563333333333333;0.623666666666667;0.312777777777778;0.335555555555556;0.381222222222222;0.328333333333333;0.545333333333333
;;;;;;;;dilution 0;0.0226666666666667;0.0283333333333333;0.0256666666666667;;12/12/2025;17h38;1126140;1.22666666666667;0.00251661147842359;1.372;0.00655743852430198;1.368;0.00199999999999997;0.956;0.00264575131106459;1.20933333333333;0.00251661147842359;2.024;0.00458257569495584;0.893333333333333;0.00585946527708232;0.858;0.00529150262212919;0.784;0.00264575131106459;0.71;0.00264575131106459;0.723333333333333;0.00208166599946613;0.555333333333333;0.00152752523165195;0.464666666666667;0.00602771377334168;0.537666666666667;0.00208166599946613;0.616333333333333;0.007371114795832;1.32222222222222;0.0827777032065287;1.39644444444444;0.558044734699581;0.845111111111111;0.0557945968444708;0.662888888888889;0.0933841131702423;0.539555555555555;0.0758509747489802;4;4;2;2;1;0.306666666666667;0.343;0.342;0.239;0.302333333333333;0.506;0.446666666666667;0.429;0.392;0.355;0.361666666666667;0.277666666666667;0.464666666666667;0.537666666666667;0.616333333333333;0.330555555555556;0.349111111111111;0.422555555555556;0.331444444444444;0.539555555555555
;;;;;;;;1;0.031;0.033;0.041;1;;;;;;;;;;;;;;;;;;;;;;;;;;;;;;;;;;;;;;;;;;;;;;;;;;;;;;;;;;;;;;;;;;;;
;;;;;;;;;0.03;0.034;0.04;1;;;;;;;;;;;;;;;;;;;;;;;;;;;;;;;;;;;;;;;;;;;;;;;;;;;;;;;;;;;;;;;;;;;;
;;;;;;;;;0.026;0.035;0.039;1;;;;;;;;;;;;;;;;;;;;;;;;;;;;;;;;;;;;;;;;;;;;;;;;;;;;;;;;;;;;;;;;;;;;
;;;;;;;;mean 1;0.029;0.034;0.04;1;;;;;;;;;;;;;;;;;;;;;;;;;;;;;;;;;;;;;;;;;;;;;;;;;;;;;;;;;;;;;;;;;;;;
;;;;;;;;dilution 1;0.029;0.034;0.04;;;;;;;;;;;;;;;;;;;;;;;;;;;;;;;;;;;;;;;;;;;;;;;;;;;;;;;;;;;;;;;;;;;;;
;;;;;;;;2;0.046;0.04;0.058;1;;;;;;;;;;;;;;;;;;;;;;;;;;;;;;;;;;;;;;;;;;;;;;;;;;;;;;;;;;;;;;;;;;;;
;;;;;;;;;0.04;0.037;0.057;1;;;;;;;;;;;;;;;;;;;;;;;;;;;;;;;;;;;;;;;;;;;;;;;;;;;;;;;;;;;;;;;;;;;;
;;;;;;;;;0.042;0.039;0.061;1;;;;;;;;;;;;;;;;;;;;;;;;;;;;;;;;;;;;;;;;;;;;;;;;;;;;;;;;;;;;;;;;;;;;
;;;;;;;;mean 2;0.0426666666666667;0.0386666666666667;0.0586666666666667;1;;;;;;;;;;;;;;;;;;;;;;;;;;;;;;;;;;;;;;;;;;;;;;;;;;;;;;;;;;;;;;;;;;;;
;;;;;;;;dilution 2;0.0426666666666667;0.0386666666666667;0.0586666666666667;;;;;;;;;;;;;;;;;;;;;;;;;;;;;;;;;;;;;;;;;;;;;;;;;;;;;;;;;;;;;;;;;;;;;
;;;;;;;;3;0.053;0.062;0.068;1;;;;;;;;;;;;;;;;;;;;;;;;;;;;;;;;;;;;;;;;;;;;;;;;;;;;;;;;;;;;;;;;;;;;
;;;;;;;;;0.052;0.066;0.069;1;;;;;;;;;;;;;;;;;;;;;;;;;;;;;;;;;;;;;;;;;;;;;;;;;;;;;;;;;;;;;;;;;;;;
;;;;;;;;;0.051;0.065;0.076;1;;;;;;;;;;;;;;;;;;;;;;;;;;;;;;;;;;;;;;;;;;;;;;;;;;;;;;;;;;;;;;;;;;;;
;;;;;;;;mean 3;0.052;0.0643333333333333;0.071;1;;;;;;;;;;;;;;;;;;;;;;;;;;;;;;;;;;;;;;;;;;;;;;;;;;;;;;;;;;;;;;;;;;;;
;;;;;;;;dilution 3;0.052;0.0643333333333333;0.071;;;;;;;;;;;;;;;;;;;;;;;;;;;;;;;;;;;;;;;;;;;;;;;;;;;;;;;;;;;;;;;;;;;;;
;;;;;;;;4;0.046;0.041;0.054;1;;;;;;;;;;;;;;;;;;;;;;;;;;;;;;;;;;;;;;;;;;;;;;;;;;;;;;;;;;;;;;;;;;;;
;;;;;;;;;0.042;0.041;0.051;1;;;;;;;;;;;;;;;;;;;;;;;;;;;;;;;;;;;;;;;;;;;;;;;;;;;;;;;;;;;;;;;;;;;;
;;;;;;;;;0.045;0.041;0.054;1;;;;;;;;;;;;;;;;;;;;;;;;;;;;;;;;;;;;;;;;;;;;;;;;;;;;;;;;;;;;;;;;;;;;
;;;;;;;;mean 4;0.0443333333333333;0.041;0.053;1;;;;;;;;;;;;;;;;;;;;;;;;;;;;;;;;;;;;;;;;;;;;;;;;;;;;;;;;;;;;;;;;;;;;
;;;;;;;;dilution 4 ;0.0443333333333333;0.041;0.053;;;;;;;;;;;;;;;;;;;;;;;;;;;;;;;;;;;;;;;;;;;;;;;;;;;;;;;;;;;;;;;;;;;;;
;;;;;;01/12/2025;8h11;0;0.073;0.074;0.066;1;;;;;;;;;;;;;;;;;;;;;;;;;;;;;;;;;;;;;;;;;;;;;;;;;;;;;;;;;;;;;;;;;;;;
;;;;;;;;;0.079;0.074;0.07;1;;;;;;;;;;;;;;;;;;;;;;;;;;;;;;;;;;;;;;;;;;;;;;;;;;;;;;;;;;;;;;;;;;;;
;;;;;;;;;0.079;0.073;0.072;1;;;;;;;;;;;;;;;;;;;;;;;;;;;;;;;;;;;;;;;;;;;;;;;;;;;;;;;;;;;;;;;;;;;;
;;;;;;;;mean 0;0.077;0.0736666666666667;0.0693333333333333;1;;;;;;;;;;;;;;;;;;;;;;;;;;;;;;;;;;;;;;;;;;;;;;;;;;;;;;;;;;;;;;;;;;;;
;;;;;;;;dilution 0;0.077;0.0736666666666667;0.0693333333333333;;;;;;;;;;;;;;;;;;;;;;;;;;;;;;;;;;;;;;;;;;;;;;;;;;;;;;;;;;;;;;;;;;;;;
;;;;;;;;1;0.089;0.123;0.118;1;;;;;;;;;;;;;;;;;;;;;;;;;;;;;;;;;;;;;;;;;;;;;;;;;;;;;;;;;;;;;;;;;;;;
;;;;;;;;;0.089;0.122;0.122;1;;;;;;;;;;;;;;;;;;;;;;;;;;;;;;;;;;;;;;;;;;;;;;;;;;;;;;;;;;;;;;;;;;;;
;;;;;;;;;0.093;0.126;0.124;1;;;;;;;;;;;;;;;;;;;;;;;;;;;;;;;;;;;;;;;;;;;;;;;;;;;;;;;;;;;;;;;;;;;;
;;;;;;;;mean 1;0.0903333333333333;0.123666666666667;0.121333333333333;1;;;;;;;;;;;;;;;;;;;;;;;;;;;;;;;;;;;;;;;;;;;;;;;;;;;;;;;;;;;;;;;;;;;;
;;;;;;;;dilution 1;0.0903333333333333;0.123666666666667;0.121333333333333;;;;;;;;;;;;;;;;;;;;;;;;;;;;;;;;;;;;;;;;;;;;;;;;;;;;;;;;;;;;;;;;;;;;;
;;;;;;;;2;0.158;0.151;0.206;1;;;;;;;;;;;;;;;;;;;;;;;;;;;;;;;;;;;;;;;;;;;;;;;;;;;;;;;;;;;;;;;;;;;;
;;;;;;;;;0.158;0.144;0.205;1;;;;;;;;;;;;;;;;;;;;;;;;;;;;;;;;;;;;;;;;;;;;;;;;;;;;;;;;;;;;;;;;;;;;
;;;;;;;;;0.161;0.141;0.21;1;;;;;;;;;;;;;;;;;;;;;;;;;;;;;;;;;;;;;;;;;;;;;;;;;;;;;;;;;;;;;;;;;;;;
;;;;;;;;mean 2;0.159;0.145333333333333;0.207;1;;;;;;;;;;;;;;;;;;;;;;;;;;;;;;;;;;;;;;;;;;;;;;;;;;;;;;;;;;;;;;;;;;;;
;;;;;;;;dilution 2;0.159;0.145333333333333;0.207;;;;;;;;;;;;;;;;;;;;;;;;;;;;;;;;;;;;;;;;;;;;;;;;;;;;;;;;;;;;;;;;;;;;;
;;;;;;;;3;0.149;0.172;0.148;1;;;;;;;;;;;;;;;;;;;;;;;;;;;;;;;;;;;;;;;;;;;;;;;;;;;;;;;;;;;;;;;;;;;;
;;;;;;;;;0.152;0.174;0.146;1;;;;;;;;;;;;;;;;;;;;;;;;;;;;;;;;;;;;;;;;;;;;;;;;;;;;;;;;;;;;;;;;;;;;
;;;;;;;;;0.15;0.173;0.145;1;;;;;;;;;;;;;;;;;;;;;;;;;;;;;;;;;;;;;;;;;;;;;;;;;;;;;;;;;;;;;;;;;;;;
;;;;;;;;mean 3;0.150333333333333;0.173;0.146333333333333;1;;;;;;;;;;;;;;;;;;;;;;;;;;;;;;;;;;;;;;;;;;;;;;;;;;;;;;;;;;;;;;;;;;;;
;;;;;;;;dilution 3;0.150333333333333;0.173;0.146333333333333;;;;;;;;;;;;;;;;;;;;;;;;;;;;;;;;;;;;;;;;;;;;;;;;;;;;;;;;;;;;;;;;;;;;;
;;;;;;;;4;0.115;0.115;0.162;1;;;;;;;;;;;;;;;;;;;;;;;;;;;;;;;;;;;;;;;;;;;;;;;;;;;;;;;;;;;;;;;;;;;;
;;;;;;;;;0.112;0.115;0.166;1;;;;;;;;;;;;;;;;;;;;;;;;;;;;;;;;;;;;;;;;;;;;;;;;;;;;;;;;;;;;;;;;;;;;
;;;;;;;;;0.113;0.113;0.165;1;;;;;;;;;;;;;;;;;;;;;;;;;;;;;;;;;;;;;;;;;;;;;;;;;;;;;;;;;;;;;;;;;;;;
;;;;;;;;mean 4;0.113333333333333;0.114333333333333;0.164333333333333;1;;;;;;;;;;;;;;;;;;;;;;;;;;;;;;;;;;;;;;;;;;;;;;;;;;;;;;;;;;;;;;;;;;;;
;;;;;;;;dilution 4 ;0.113333333333333;0.114333333333333;0.164333333333333;;;;;;;;;;;;;;;;;;;;;;;;;;;;;;;;;;;;;;;;;;;;;;;;;;;;;;;;;;;;;;;;;;;;;
;;;;;;01/12/2025;10h44;0;0.05;0.068;0.058;1;;;;;;;;;;;;;;;;;;;;;;;;;;;;;;;;;;;;;;;;;;;;;;;;;;;;;;;;;;;;;;;;;;;;
;;;;;;;;;0.047;0.068;0.06;1;;;;;;;;;;;;;;;;;;;;;;;;;;;;;;;;;;;;;;;;;;;;;;;;;;;;;;;;;;;;;;;;;;;;
;;;;;;;;;0.045;0.069;0.06;1;;;;;;;;;;;;;;;;;;;;;;;;;;;;;;;;;;;;;;;;;;;;;;;;;;;;;;;;;;;;;;;;;;;;
;;;;;;;;mean 0;0.0473333333333333;0.0683333333333333;0.0593333333333333;1;;;;;;;;;;;;;;;;;;;;;;;;;;;;;;;;;;;;;;;;;;;;;;;;;;;;;;;;;;;;;;;;;;;;
;;;;;;;;dilution 0;0.0473333333333333;0.0683333333333333;0.0593333333333333;;;;;;;;;;;;;;;;;;;;;;;;;;;;;;;;;;;;;;;;;;;;;;;;;;;;;;;;;;;;;;;;;;;;;
;;;;;;;;1;0.085;0.141;0.134;1;;;;;;;;;;;;;;;;;;;;;;;;;;;;;;;;;;;;;;;;;;;;;;;;;;;;;;;;;;;;;;;;;;;;
;;;;;;;;;0.086;0.136;0.134;1;;;;;;;;;;;;;;;;;;;;;;;;;;;;;;;;;;;;;;;;;;;;;;;;;;;;;;;;;;;;;;;;;;;;
;;;;;;;;;0.087;0.139;0.133;1;;;;;;;;;;;;;;;;;;;;;;;;;;;;;;;;;;;;;;;;;;;;;;;;;;;;;;;;;;;;;;;;;;;;
;;;;;;;;mean 1;0.086;0.138666666666667;0.133666666666667;1;;;;;;;;;;;;;;;;;;;;;;;;;;;;;;;;;;;;;;;;;;;;;;;;;;;;;;;;;;;;;;;;;;;;
;;;;;;;;dilution 1;0.086;0.138666666666667;0.133666666666667;;;;;;;;;;;;;;;;;;;;;;;;;;;;;;;;;;;;;;;;;;;;;;;;;;;;;;;;;;;;;;;;;;;;;
;;;;;;;;2;0.156;0.147;0.188;1;;;;;;;;;;;;;;;;;;;;;;;;;;;;;;;;;;;;;;;;;;;;;;;;;;;;;;;;;;;;;;;;;;;;
;;;;;;;;;0.154;0.15;0.19;1;;;;;;;;;;;;;;;;;;;;;;;;;;;;;;;;;;;;;;;;;;;;;;;;;;;;;;;;;;;;;;;;;;;;
;;;;;;;;;0.154;0.152;0.195;1;;;;;;;;;;;;;;;;;;;;;;;;;;;;;;;;;;;;;;;;;;;;;;;;;;;;;;;;;;;;;;;;;;;;
;;;;;;;;mean 2;0.154666666666667;0.149666666666667;0.191;1;;;;;;;;;;;;;;;;;;;;;;;;;;;;;;;;;;;;;;;;;;;;;;;;;;;;;;;;;;;;;;;;;;;;
;;;;;;;;dilution 2;0.154666666666667;0.149666666666667;0.191;;;;;;;;;;;;;;;;;;;;;;;;;;;;;;;;;;;;;;;;;;;;;;;;;;;;;;;;;;;;;;;;;;;;;
;;;;;;;;3;0.136;0.178;0.129;1;;;;;;;;;;;;;;;;;;;;;;;;;;;;;;;;;;;;;;;;;;;;;;;;;;;;;;;;;;;;;;;;;;;;
;;;;;;;;;0.141;0.178;0.132;1;;;;;;;;;;;;;;;;;;;;;;;;;;;;;;;;;;;;;;;;;;;;;;;;;;;;;;;;;;;;;;;;;;;;
;;;;;;;;;0.14;0.173;0.133;1;;;;;;;;;;;;;;;;;;;;;;;;;;;;;;;;;;;;;;;;;;;;;;;;;;;;;;;;;;;;;;;;;;;;
;;;;;;;;mean 3;0.139;0.176333333333333;0.131333333333333;1;;;;;;;;;;;;;;;;;;;;;;;;;;;;;;;;;;;;;;;;;;;;;;;;;;;;;;;;;;;;;;;;;;;;
;;;;;;;;dilution 3;0.139;0.176333333333333;0.131333333333333;;;;;;;;;;;;;;;;;;;;;;;;;;;;;;;;;;;;;;;;;;;;;;;;;;;;;;;;;;;;;;;;;;;;;
;;;;;;;;4;0.103;0.121;0.17;1;;;;;;;;;;;;;;;;;;;;;;;;;;;;;;;;;;;;;;;;;;;;;;;;;;;;;;;;;;;;;;;;;;;;
;;;;;;;;;0.101;0.123;0.161;1;;;;;;;;;;;;;;;;;;;;;;;;;;;;;;;;;;;;;;;;;;;;;;;;;;;;;;;;;;;;;;;;;;;;
;;;;;;;;;0.104;0.121;0.163;1;;;;;;;;;;;;;;;;;;;;;;;;;;;;;;;;;;;;;;;;;;;;;;;;;;;;;;;;;;;;;;;;;;;;
;;;;;;;;mean 4;0.102666666666667;0.121666666666667;0.164666666666667;1;;;;;;;;;;;;;;;;;;;;;;;;;;;;;;;;;;;;;;;;;;;;;;;;;;;;;;;;;;;;;;;;;;;;
;;;;;;;;dilution 4 ;0.102666666666667;0.121666666666667;0.164666666666667;;;;;;;;;;;;;;;;;;;;;;;;;;;;;;;;;;;;;;;;;;;;;;;;;;;;;;;;;;;;;;;;;;;;;
;;;;;;01/12/2025;13h25;0;0.054;0.081;0.07;1;;;;;;;;;;;;;;;;;;;;;;;;;;;;;;;;;;;;;;;;;;;;;;;;;;;;;;;;;;;;;;;;;;;;
;;;;;;;;;0.055;0.083;0.07;1;;;;;;;;;;;;;;;;;;;;;;;;;;;;;;;;;;;;;;;;;;;;;;;;;;;;;;;;;;;;;;;;;;;;
;;;;;;;;;0.054;0.082;0.071;1;;;;;;;;;;;;;;;;;;;;;;;;;;;;;;;;;;;;;;;;;;;;;;;;;;;;;;;;;;;;;;;;;;;;
;;;;;;;;mean 0;0.0543333333333333;0.082;0.0703333333333333;1;;;;;;;;;;;;;;;;;;;;;;;;;;;;;;;;;;;;;;;;;;;;;;;;;;;;;;;;;;;;;;;;;;;;
;;;;;;;;dilution 0;0.0543333333333333;0.082;0.0703333333333333;;;;;;;;;;;;;;;;;;;;;;;;;;;;;;;;;;;;;;;;;;;;;;;;;;;;;;;;;;;;;;;;;;;;;
;;;;;;;;1;0.094;0.155;0.145;1;;;;;;;;;;;;;;;;;;;;;;;;;;;;;;;;;;;;;;;;;;;;;;;;;;;;;;;;;;;;;;;;;;;;
;;;;;;;;;0.098;0.157;0.147;1;;;;;;;;;;;;;;;;;;;;;;;;;;;;;;;;;;;;;;;;;;;;;;;;;;;;;;;;;;;;;;;;;;;;
;;;;;;;;;0.094;0.164;0.15;1;;;;;;;;;;;;;;;;;;;;;;;;;;;;;;;;;;;;;;;;;;;;;;;;;;;;;;;;;;;;;;;;;;;;
;;;;;;;;mean 1;0.0953333333333333;0.158666666666667;0.147333333333333;1;;;;;;;;;;;;;;;;;;;;;;;;;;;;;;;;;;;;;;;;;;;;;;;;;;;;;;;;;;;;;;;;;;;;
;;;;;;;;dilution 1;0.0953333333333333;0.158666666666667;0.147333333333333;;;;;;;;;;;;;;;;;;;;;;;;;;;;;;;;;;;;;;;;;;;;;;;;;;;;;;;;;;;;;;;;;;;;;
;;;;;;;;2;0.166;0.162;0.212;1;;;;;;;;;;;;;;;;;;;;;;;;;;;;;;;;;;;;;;;;;;;;;;;;;;;;;;;;;;;;;;;;;;;;
;;;;;;;;;0.168;0.161;0.216;1;;;;;;;;;;;;;;;;;;;;;;;;;;;;;;;;;;;;;;;;;;;;;;;;;;;;;;;;;;;;;;;;;;;;
;;;;;;;;;0.168;0.163;0.21;1;;;;;;;;;;;;;;;;;;;;;;;;;;;;;;;;;;;;;;;;;;;;;;;;;;;;;;;;;;;;;;;;;;;;
;;;;;;;;mean 2;0.167333333333333;0.162;0.212666666666667;1;;;;;;;;;;;;;;;;;;;;;;;;;;;;;;;;;;;;;;;;;;;;;;;;;;;;;;;;;;;;;;;;;;;;
;;;;;;;;dilution 2;0.167333333333333;0.162;0.212666666666667;;;;;;;;;;;;;;;;;;;;;;;;;;;;;;;;;;;;;;;;;;;;;;;;;;;;;;;;;;;;;;;;;;;;;
;;;;;;;;3;0.149;0.172;0.136;1;;;;;;;;;;;;;;;;;;;;;;;;;;;;;;;;;;;;;;;;;;;;;;;;;;;;;;;;;;;;;;;;;;;;
;;;;;;;;;0.15;0.177;0.136;1;;;;;;;;;;;;;;;;;;;;;;;;;;;;;;;;;;;;;;;;;;;;;;;;;;;;;;;;;;;;;;;;;;;;
;;;;;;;;;0.149;0.178;0.139;1;;;;;;;;;;;;;;;;;;;;;;;;;;;;;;;;;;;;;;;;;;;;;;;;;;;;;;;;;;;;;;;;;;;;
;;;;;;;;mean 3;0.149333333333333;0.175666666666667;0.137;1;;;;;;;;;;;;;;;;;;;;;;;;;;;;;;;;;;;;;;;;;;;;;;;;;;;;;;;;;;;;;;;;;;;;
;;;;;;;;dilution 3;0.149333333333333;0.175666666666667;0.137;;;;;;;;;;;;;;;;;;;;;;;;;;;;;;;;;;;;;;;;;;;;;;;;;;;;;;;;;;;;;;;;;;;;;
;;;;;;;;4;0.107;0.107;0.178;1;;;;;;;;;;;;;;;;;;;;;;;;;;;;;;;;;;;;;;;;;;;;;;;;;;;;;;;;;;;;;;;;;;;;
;;;;;;;;;0.108;0.11;0.177;1;;;;;;;;;;;;;;;;;;;;;;;;;;;;;;;;;;;;;;;;;;;;;;;;;;;;;;;;;;;;;;;;;;;;
;;;;;;;;;0.104;0.112;0.176;1;;;;;;;;;;;;;;;;;;;;;;;;;;;;;;;;;;;;;;;;;;;;;;;;;;;;;;;;;;;;;;;;;;;;
;;;;;;;;mean 4;0.106333333333333;0.109666666666667;0.177;1;;;;;;;;;;;;;;;;;;;;;;;;;;;;;;;;;;;;;;;;;;;;;;;;;;;;;;;;;;;;;;;;;;;;
;;;;;;;;dilution 4 ;0.106333333333333;0.109666666666667;0.177;;;;;;;;;;;;;;;;;;;;;;;;;;;;;;;;;;;;;;;;;;;;;;;;;;;;;;;;;;;;;;;;;;;;;
;;;;;;01/12/2025;17h19;0;0.112;0.162;0.125;1;;;;;;;;;;;;;;;;;;;;;;;;;;;;;;;;;;;;;;;;;;;;;;;;;;;;;;;;;;;;;;;;;;;;
;;;;;;;;;0.115;0.146;0.128;1;;;;;;;;;;;;;;;;;;;;;;;;;;;;;;;;;;;;;;;;;;;;;;;;;;;;;;;;;;;;;;;;;;;;
;;;;;;;;;0.114;0.145;0.121;1;;;;;;;;;;;;;;;;;;;;;;;;;;;;;;;;;;;;;;;;;;;;;;;;;;;;;;;;;;;;;;;;;;;;
;;;;;;;;mean 0;0.113666666666667;0.151;0.124666666666667;1;;;;;;;;;;;;;;;;;;;;;;;;;;;;;;;;;;;;;;;;;;;;;;;;;;;;;;;;;;;;;;;;;;;;
;;;;;;;;dilution 0;0.113666666666667;0.151;0.124666666666667;;;;;;;;;;;;;;;;;;;;;;;;;;;;;;;;;;;;;;;;;;;;;;;;;;;;;;;;;;;;;;;;;;;;;
;;;;;;;;1;0.185;0.236;0.226;1;;;;;;;;;;;;;;;;;;;;;;;;;;;;;;;;;;;;;;;;;;;;;;;;;;;;;;;;;;;;;;;;;;;;
;;;;;;;;;0.185;0.234;0.228;1;;;;;;;;;;;;;;;;;;;;;;;;;;;;;;;;;;;;;;;;;;;;;;;;;;;;;;;;;;;;;;;;;;;;
;;;;;;;;;0.181;0.228;0.225;1;;;;;;;;;;;;;;;;;;;;;;;;;;;;;;;;;;;;;;;;;;;;;;;;;;;;;;;;;;;;;;;;;;;;
;;;;;;;;mean 1;0.183666666666667;0.232666666666667;0.226333333333333;1;;;;;;;;;;;;;;;;;;;;;;;;;;;;;;;;;;;;;;;;;;;;;;;;;;;;;;;;;;;;;;;;;;;;
;;;;;;;;dilution 1;0.183666666666667;0.232666666666667;0.226333333333333;;;;;;;;;;;;;;;;;;;;;;;;;;;;;;;;;;;;;;;;;;;;;;;;;;;;;;;;;;;;;;;;;;;;;
;;;;;;;;2;0.236;0.226;0.265;1;;;;;;;;;;;;;;;;;;;;;;;;;;;;;;;;;;;;;;;;;;;;;;;;;;;;;;;;;;;;;;;;;;;;
;;;;;;;;;0.233;0.225;0.257;1;;;;;;;;;;;;;;;;;;;;;;;;;;;;;;;;;;;;;;;;;;;;;;;;;;;;;;;;;;;;;;;;;;;;
;;;;;;;;;0.231;0.223;0.255;1;;;;;;;;;;;;;;;;;;;;;;;;;;;;;;;;;;;;;;;;;;;;;;;;;;;;;;;;;;;;;;;;;;;;
;;;;;;;;mean 2;0.233333333333333;0.224666666666667;0.259;1;;;;;;;;;;;;;;;;;;;;;;;;;;;;;;;;;;;;;;;;;;;;;;;;;;;;;;;;;;;;;;;;;;;;
;;;;;;;;dilution 2;0.233333333333333;0.224666666666667;0.259;;;;;;;;;;;;;;;;;;;;;;;;;;;;;;;;;;;;;;;;;;;;;;;;;;;;;;;;;;;;;;;;;;;;;
;;;;;;;;3;0.214;0.22;0.189;1;;;;;;;;;;;;;;;;;;;;;;;;;;;;;;;;;;;;;;;;;;;;;;;;;;;;;;;;;;;;;;;;;;;;
;;;;;;;;;0.208;0.223;0.194;1;;;;;;;;;;;;;;;;;;;;;;;;;;;;;;;;;;;;;;;;;;;;;;;;;;;;;;;;;;;;;;;;;;;;
;;;;;;;;;0.206;0.22;0.191;1;;;;;;;;;;;;;;;;;;;;;;;;;;;;;;;;;;;;;;;;;;;;;;;;;;;;;;;;;;;;;;;;;;;;
;;;;;;;;mean 3;0.209333333333333;0.221;0.191333333333333;1;;;;;;;;;;;;;;;;;;;;;;;;;;;;;;;;;;;;;;;;;;;;;;;;;;;;;;;;;;;;;;;;;;;;
;;;;;;;;dilution 3;0.209333333333333;0.221;0.191333333333333;;;;;;;;;;;;;;;;;;;;;;;;;;;;;;;;;;;;;;;;;;;;;;;;;;;;;;;;;;;;;;;;;;;;;
;;;;;;;;4;0.159;0.154;0.235;1;;;;;;;;;;;;;;;;;;;;;;;;;;;;;;;;;;;;;;;;;;;;;;;;;;;;;;;;;;;;;;;;;;;;
;;;;;;;;;0.158;0.153;0.24;1;;;;;;;;;;;;;;;;;;;;;;;;;;;;;;;;;;;;;;;;;;;;;;;;;;;;;;;;;;;;;;;;;;;;
;;;;;;;;;0.158;0.155;0.238;1;;;;;;;;;;;;;;;;;;;;;;;;;;;;;;;;;;;;;;;;;;;;;;;;;;;;;;;;;;;;;;;;;;;;
;;;;;;;;mean 4;0.158333333333333;0.154;0.237666666666667;1;;;;;;;;;;;;;;;;;;;;;;;;;;;;;;;;;;;;;;;;;;;;;;;;;;;;;;;;;;;;;;;;;;;;
;;;;;;;;dilution 4 ;0.158333333333333;0.154;0.237666666666667;;;;;;;;;;;;;;;;;;;;;;;;;;;;;;;;;;;;;;;;;;;;;;;;;;;;;;;;;;;;;;;;;;;;;
;;;;;;02/12/2025;8h02;0;0.185;0.275;0.262;1;;;;;;;;;;;;;;;;;;;;;;;;;;;;;;;;;;;;;;;;;;;;;;;;;;;;;;;;;;;;;;;;;;;;
;;;;;;;;;0.185;0.269;0.262;1;;;;;;;;;;;;;;;;;;;;;;;;;;;;;;;;;;;;;;;;;;;;;;;;;;;;;;;;;;;;;;;;;;;;
;;;;;;;;;0.191;0.27;0.262;1;;;;;;;;;;;;;;;;;;;;;;;;;;;;;;;;;;;;;;;;;;;;;;;;;;;;;;;;;;;;;;;;;;;;
;;;;;;;;mean 0;0.187;0.271333333333333;0.262;1;;;;;;;;;;;;;;;;;;;;;;;;;;;;;;;;;;;;;;;;;;;;;;;;;;;;;;;;;;;;;;;;;;;;
;;;;;;;;dilution 0;0.187;0.271333333333333;0.262;;;;;;;;;;;;;;;;;;;;;;;;;;;;;;;;;;;;;;;;;;;;;;;;;;;;;;;;;;;;;;;;;;;;;
;;;;;;;;1;0.273;0.368;0.528;1;;;;;;;;;;;;;;;;;;;;;;;;;;;;;;;;;;;;;;;;;;;;;;;;;;;;;;;;;;;;;;;;;;;;
;;;;;;;;;0.271;0.373;0.539;1;;;;;;;;;;;;;;;;;;;;;;;;;;;;;;;;;;;;;;;;;;;;;;;;;;;;;;;;;;;;;;;;;;;;
;;;;;;;;;0.268;0.364;0.528;1;;;;;;;;;;;;;;;;;;;;;;;;;;;;;;;;;;;;;;;;;;;;;;;;;;;;;;;;;;;;;;;;;;;;
;;;;;;;;mean 1;0.270666666666667;0.368333333333333;0.531666666666667;1;;;;;;;;;;;;;;;;;;;;;;;;;;;;;;;;;;;;;;;;;;;;;;;;;;;;;;;;;;;;;;;;;;;;
;;;;;;;;dilution 1;0.270666666666667;0.368333333333333;0.531666666666667;;;;;;;;;;;;;;;;;;;;;;;;;;;;;;;;;;;;;;;;;;;;;;;;;;;;;;;;;;;;;;;;;;;;;
;;;;;;;;2;0.279;0.257;0.307;1;;;;;;;;;;;;;;;;;;;;;;;;;;;;;;;;;;;;;;;;;;;;;;;;;;;;;;;;;;;;;;;;;;;;
;;;;;;;;;0.275;0.233;0.306;1;;;;;;;;;;;;;;;;;;;;;;;;;;;;;;;;;;;;;;;;;;;;;;;;;;;;;;;;;;;;;;;;;;;;
;;;;;;;;;0.273;0.251;0.301;1;;;;;;;;;;;;;;;;;;;;;;;;;;;;;;;;;;;;;;;;;;;;;;;;;;;;;;;;;;;;;;;;;;;;
;;;;;;;;mean 2;0.275666666666667;0.247;0.304666666666667;1;;;;;;;;;;;;;;;;;;;;;;;;;;;;;;;;;;;;;;;;;;;;;;;;;;;;;;;;;;;;;;;;;;;;
;;;;;;;;dilution 2;0.275666666666667;0.247;0.304666666666667;;;;;;;;;;;;;;;;;;;;;;;;;;;;;;;;;;;;;;;;;;;;;;;;;;;;;;;;;;;;;;;;;;;;;
;;;;;;;;3;0.234;0.284;0.201;1;;;;;;;;;;;;;;;;;;;;;;;;;;;;;;;;;;;;;;;;;;;;;;;;;;;;;;;;;;;;;;;;;;;;
;;;;;;;;;0.233;0.282;0.202;1;;;;;;;;;;;;;;;;;;;;;;;;;;;;;;;;;;;;;;;;;;;;;;;;;;;;;;;;;;;;;;;;;;;;
;;;;;;;;;0.227;0.284;0.201;1;;;;;;;;;;;;;;;;;;;;;;;;;;;;;;;;;;;;;;;;;;;;;;;;;;;;;;;;;;;;;;;;;;;;
;;;;;;;;mean 3;0.231333333333333;0.283333333333333;0.201333333333333;1;;;;;;;;;;;;;;;;;;;;;;;;;;;;;;;;;;;;;;;;;;;;;;;;;;;;;;;;;;;;;;;;;;;;
;;;;;;;;dilution 3;0.231333333333333;0.283333333333333;0.201333333333333;;;;;;;;;;;;;;;;;;;;;;;;;;;;;;;;;;;;;;;;;;;;;;;;;;;;;;;;;;;;;;;;;;;;;
;;;;;;;;4;0.17;0.193;0.291;1;;;;;;;;;;;;;;;;;;;;;;;;;;;;;;;;;;;;;;;;;;;;;;;;;;;;;;;;;;;;;;;;;;;;
;;;;;;;;;0.171;0.189;0.293;1;;;;;;;;;;;;;;;;;;;;;;;;;;;;;;;;;;;;;;;;;;;;;;;;;;;;;;;;;;;;;;;;;;;;
;;;;;;;;;0.18;0.191;0.292;1;;;;;;;;;;;;;;;;;;;;;;;;;;;;;;;;;;;;;;;;;;;;;;;;;;;;;;;;;;;;;;;;;;;;
;;;;;;;;mean 4;0.173666666666667;0.191;0.292;1;;;;;;;;;;;;;;;;;;;;;;;;;;;;;;;;;;;;;;;;;;;;;;;;;;;;;;;;;;;;;;;;;;;;
;;;;;;;;dilution 4 ;0.173666666666667;0.191;0.292;;;;;;;;;;;;;;;;;;;;;;;;;;;;;;;;;;;;;;;;;;;;;;;;;;;;;;;;;;;;;;;;;;;;;
;;;;;;02/12/2025;13h33;0;0.273;0.366;0.349;1;;;;;;;;;;;;;;;;;;;;;;;;;;;;;;;;;;;;;;;;;;;;;;;;;;;;;;;;;;;;;;;;;;;;
;;;;;;;;;0.269;0.371;0.352;1;;;;;;;;;;;;;;;;;;;;;;;;;;;;;;;;;;;;;;;;;;;;;;;;;;;;;;;;;;;;;;;;;;;;
;;;;;;;;;0.273;0.369;0.343;1;;;;;;;;;;;;;;;;;;;;;;;;;;;;;;;;;;;;;;;;;;;;;;;;;;;;;;;;;;;;;;;;;;;;
;;;;;;;;mean 0;0.271666666666667;0.368666666666667;0.348;1;;;;;;;;;;;;;;;;;;;;;;;;;;;;;;;;;;;;;;;;;;;;;;;;;;;;;;;;;;;;;;;;;;;;
;;;;;;;;dilution 0;0.271666666666667;0.368666666666667;0.348;;;;;;;;;;;;;;;;;;;;;;;;;;;;;;;;;;;;;;;;;;;;;;;;;;;;;;;;;;;;;;;;;;;;;
;;;;;;;;1;0.32;0.414;0.66;1;;;;;;;;;;;;;;;;;;;;;;;;;;;;;;;;;;;;;;;;;;;;;;;;;;;;;;;;;;;;;;;;;;;;
;;;;;;;;;0.316;0.417;0.661;1;;;;;;;;;;;;;;;;;;;;;;;;;;;;;;;;;;;;;;;;;;;;;;;;;;;;;;;;;;;;;;;;;;;;
;;;;;;;;;0.328;0.413;0.661;1;;;;;;;;;;;;;;;;;;;;;;;;;;;;;;;;;;;;;;;;;;;;;;;;;;;;;;;;;;;;;;;;;;;;
;;;;;;;;mean 1;0.321333333333333;0.414666666666667;0.660666666666667;1;;;;;;;;;;;;;;;;;;;;;;;;;;;;;;;;;;;;;;;;;;;;;;;;;;;;;;;;;;;;;;;;;;;;
;;;;;;;;dilution 1;0.321333333333333;0.414666666666667;0.660666666666667;;;;;;;;;;;;;;;;;;;;;;;;;;;;;;;;;;;;;;;;;;;;;;;;;;;;;;;;;;;;;;;;;;;;;
;;;;;;;;2;0.312;0.298;0.337;1;;;;;;;;;;;;;;;;;;;;;;;;;;;;;;;;;;;;;;;;;;;;;;;;;;;;;;;;;;;;;;;;;;;;
;;;;;;;;;0.316;0.291;0.333;1;;;;;;;;;;;;;;;;;;;;;;;;;;;;;;;;;;;;;;;;;;;;;;;;;;;;;;;;;;;;;;;;;;;;
;;;;;;;;;0.31;0.294;0.331;1;;;;;;;;;;;;;;;;;;;;;;;;;;;;;;;;;;;;;;;;;;;;;;;;;;;;;;;;;;;;;;;;;;;;
;;;;;;;;mean 2;0.312666666666667;0.294333333333333;0.333666666666667;1;;;;;;;;;;;;;;;;;;;;;;;;;;;;;;;;;;;;;;;;;;;;;;;;;;;;;;;;;;;;;;;;;;;;
;;;;;;;;dilution 2;0.312666666666667;0.294333333333333;0.333666666666667;;;;;;;;;;;;;;;;;;;;;;;;;;;;;;;;;;;;;;;;;;;;;;;;;;;;;;;;;;;;;;;;;;;;;
;;;;;;;;3;0.255;0.298;0.241;1;;;;;;;;;;;;;;;;;;;;;;;;;;;;;;;;;;;;;;;;;;;;;;;;;;;;;;;;;;;;;;;;;;;;
;;;;;;;;;0.259;0.307;0.244;1;;;;;;;;;;;;;;;;;;;;;;;;;;;;;;;;;;;;;;;;;;;;;;;;;;;;;;;;;;;;;;;;;;;;
;;;;;;;;;0.254;0.298;0.244;1;;;;;;;;;;;;;;;;;;;;;;;;;;;;;;;;;;;;;;;;;;;;;;;;;;;;;;;;;;;;;;;;;;;;
;;;;;;;;mean 3;0.256;0.301;0.243;1;;;;;;;;;;;;;;;;;;;;;;;;;;;;;;;;;;;;;;;;;;;;;;;;;;;;;;;;;;;;;;;;;;;;
;;;;;;;;dilution 3;0.256;0.301;0.243;;;;;;;;;;;;;;;;;;;;;;;;;;;;;;;;;;;;;;;;;;;;;;;;;;;;;;;;;;;;;;;;;;;;;
;;;;;;;;4;0.187;0.223;0.314;1;;;;;;;;;;;;;;;;;;;;;;;;;;;;;;;;;;;;;;;;;;;;;;;;;;;;;;;;;;;;;;;;;;;;
;;;;;;;;;0.189;0.222;0.313;1;;;;;;;;;;;;;;;;;;;;;;;;;;;;;;;;;;;;;;;;;;;;;;;;;;;;;;;;;;;;;;;;;;;;
;;;;;;;;;0.193;0.221;0.317;1;;;;;;;;;;;;;;;;;;;;;;;;;;;;;;;;;;;;;;;;;;;;;;;;;;;;;;;;;;;;;;;;;;;;
;;;;;;;;mean 4;0.189666666666667;0.222;0.314666666666667;1;;;;;;;;;;;;;;;;;;;;;;;;;;;;;;;;;;;;;;;;;;;;;;;;;;;;;;;;;;;;;;;;;;;;
;;;;;;;;dilution 4 ;0.189666666666667;0.222;0.314666666666667;;;;;;;;;;;;;;;;;;;;;;;;;;;;;;;;;;;;;;;;;;;;;;;;;;;;;;;;;;;;;;;;;;;;;
;;;;;;02/12/2025;16h58;0;0.3;0.389;0.393;1;;;;;;;;;;;;;;;;;;;;;;;;;;;;;;;;;;;;;;;;;;;;;;;;;;;;;;;;;;;;;;;;;;;;
;;;;;;;;;0.302;0.389;0.399;1;;;;;;;;;;;;;;;;;;;;;;;;;;;;;;;;;;;;;;;;;;;;;;;;;;;;;;;;;;;;;;;;;;;;
;;;;;;;;;0.298;0.398;0.393;1;;;;;;;;;;;;;;;;;;;;;;;;;;;;;;;;;;;;;;;;;;;;;;;;;;;;;;;;;;;;;;;;;;;;
;;;;;;;;mean 0;0.3;0.392;0.395;1;;;;;;;;;;;;;;;;;;;;;;;;;;;;;;;;;;;;;;;;;;;;;;;;;;;;;;;;;;;;;;;;;;;;
;;;;;;;;dilution 0;0.3;0.392;0.395;;;;;;;;;;;;;;;;;;;;;;;;;;;;;;;;;;;;;;;;;;;;;;;;;;;;;;;;;;;;;;;;;;;;;
;;;;;;;;1;0.335;0.453;0.734;1;;;;;;;;;;;;;;;;;;;;;;;;;;;;;;;;;;;;;;;;;;;;;;;;;;;;;;;;;;;;;;;;;;;;
;;;;;;;;;0.339;0.443;0.732;1;;;;;;;;;;;;;;;;;;;;;;;;;;;;;;;;;;;;;;;;;;;;;;;;;;;;;;;;;;;;;;;;;;;;
;;;;;;;;;0.336;0.447;0.733;1;;;;;;;;;;;;;;;;;;;;;;;;;;;;;;;;;;;;;;;;;;;;;;;;;;;;;;;;;;;;;;;;;;;;
;;;;;;;;mean 1;0.336666666666667;0.447666666666667;0.733;1;;;;;;;;;;;;;;;;;;;;;;;;;;;;;;;;;;;;;;;;;;;;;;;;;;;;;;;;;;;;;;;;;;;;
;;;;;;;;dilution 1;0.336666666666667;0.447666666666667;0.733;;;;;;;;;;;;;;;;;;;;;;;;;;;;;;;;;;;;;;;;;;;;;;;;;;;;;;;;;;;;;;;;;;;;;
;;;;;;;;2;0.31;0.305;0.339;1;;;;;;;;;;;;;;;;;;;;;;;;;;;;;;;;;;;;;;;;;;;;;;;;;;;;;;;;;;;;;;;;;;;;
;;;;;;;;;0.312;0.299;0.338;1;;;;;;;;;;;;;;;;;;;;;;;;;;;;;;;;;;;;;;;;;;;;;;;;;;;;;;;;;;;;;;;;;;;;
;;;;;;;;;0.314;0.313;0.344;1;;;;;;;;;;;;;;;;;;;;;;;;;;;;;;;;;;;;;;;;;;;;;;;;;;;;;;;;;;;;;;;;;;;;
;;;;;;;;mean 2;0.312;0.305666666666667;0.340333333333333;1;;;;;;;;;;;;;;;;;;;;;;;;;;;;;;;;;;;;;;;;;;;;;;;;;;;;;;;;;;;;;;;;;;;;
;;;;;;;;dilution 2;0.312;0.305666666666667;0.340333333333333;;;;;;;;;;;;;;;;;;;;;;;;;;;;;;;;;;;;;;;;;;;;;;;;;;;;;;;;;;;;;;;;;;;;;
;;;;;;;;3;0.254;0.307;0.236;1;;;;;;;;;;;;;;;;;;;;;;;;;;;;;;;;;;;;;;;;;;;;;;;;;;;;;;;;;;;;;;;;;;;;
;;;;;;;;;0.254;0.311;0.235;1;;;;;;;;;;;;;;;;;;;;;;;;;;;;;;;;;;;;;;;;;;;;;;;;;;;;;;;;;;;;;;;;;;;;
;;;;;;;;;0.253;0.309;0.237;1;;;;;;;;;;;;;;;;;;;;;;;;;;;;;;;;;;;;;;;;;;;;;;;;;;;;;;;;;;;;;;;;;;;;
;;;;;;;;mean 3;0.253666666666667;0.309;0.236;1;;;;;;;;;;;;;;;;;;;;;;;;;;;;;;;;;;;;;;;;;;;;;;;;;;;;;;;;;;;;;;;;;;;;
;;;;;;;;dilution 3;0.253666666666667;0.309;0.236;;;;;;;;;;;;;;;;;;;;;;;;;;;;;;;;;;;;;;;;;;;;;;;;;;;;;;;;;;;;;;;;;;;;;
;;;;;;;;4;0.193;0.234;0.323;1;;;;;;;;;;;;;;;;;;;;;;;;;;;;;;;;;;;;;;;;;;;;;;;;;;;;;;;;;;;;;;;;;;;;
;;;;;;;;;0.195;0.234;0.32;1;;;;;;;;;;;;;;;;;;;;;;;;;;;;;;;;;;;;;;;;;;;;;;;;;;;;;;;;;;;;;;;;;;;;
;;;;;;;;;0.191;0.232;0.328;1;;;;;;;;;;;;;;;;;;;;;;;;;;;;;;;;;;;;;;;;;;;;;;;;;;;;;;;;;;;;;;;;;;;;
;;;;;;;;mean 4;0.193;0.233333333333333;0.323666666666667;1;;;;;;;;;;;;;;;;;;;;;;;;;;;;;;;;;;;;;;;;;;;;;;;;;;;;;;;;;;;;;;;;;;;;
;;;;;;;;dilution 4 ;0.193;0.233333333333333;0.323666666666667;;;;;;;;;;;;;;;;;;;;;;;;;;;;;;;;;;;;;;;;;;;;;;;;;;;;;;;;;;;;;;;;;;;;;
;;;;;;02/12/2025;20h26;0;0.198;0.225;0.244;2;;;;;;;;;;;;;;;;;;;;;;;;;;;;;;;;;;;;;;;;;;;;;;;;;;;;;;;;;;;;;;;;;;;;
;;;;;;;;;0.194;0.226;0.249;2;;;;;;;;;;;;;;;;;;;;;;;;;;;;;;;;;;;;;;;;;;;;;;;;;;;;;;;;;;;;;;;;;;;;
;;;;;;;;;0.199;0.23;0.25;2;;;;;;;;;;;;;;;;;;;;;;;;;;;;;;;;;;;;;;;;;;;;;;;;;;;;;;;;;;;;;;;;;;;;
;;;;;;;;mean 0;0.197;0.227;0.247666666666667;2;;;;;;;;;;;;;;;;;;;;;;;;;;;;;;;;;;;;;;;;;;;;;;;;;;;;;;;;;;;;;;;;;;;;
;;;;;;;;dilution 0;0.394;0.454;0.495333333333333;;;;;;;;;;;;;;;;;;;;;;;;;;;;;;;;;;;;;;;;;;;;;;;;;;;;;;;;;;;;;;;;;;;;;
;;;;;;;;1;0.186;0.231;0.416;2;;;;;;;;;;;;;;;;;;;;;;;;;;;;;;;;;;;;;;;;;;;;;;;;;;;;;;;;;;;;;;;;;;;;
;;;;;;;;;0.175;0.235;0.411;2;;;;;;;;;;;;;;;;;;;;;;;;;;;;;;;;;;;;;;;;;;;;;;;;;;;;;;;;;;;;;;;;;;;;
;;;;;;;;;0.182;0.235;0.412;2;;;;;;;;;;;;;;;;;;;;;;;;;;;;;;;;;;;;;;;;;;;;;;;;;;;;;;;;;;;;;;;;;;;;
;;;;;;;;mean 1;0.181;0.233666666666667;0.413;2;;;;;;;;;;;;;;;;;;;;;;;;;;;;;;;;;;;;;;;;;;;;;;;;;;;;;;;;;;;;;;;;;;;;
;;;;;;;;dilution 1;0.362;0.467333333333333;0.826;;;;;;;;;;;;;;;;;;;;;;;;;;;;;;;;;;;;;;;;;;;;;;;;;;;;;;;;;;;;;;;;;;;;;
;;;;;;;;2;0.333;0.307;0.366;1;;;;;;;;;;;;;;;;;;;;;;;;;;;;;;;;;;;;;;;;;;;;;;;;;;;;;;;;;;;;;;;;;;;;
;;;;;;;;;0.334;0.297;0.362;1;;;;;;;;;;;;;;;;;;;;;;;;;;;;;;;;;;;;;;;;;;;;;;;;;;;;;;;;;;;;;;;;;;;;
;;;;;;;;;0.33;0.304;0.373;1;;;;;;;;;;;;;;;;;;;;;;;;;;;;;;;;;;;;;;;;;;;;;;;;;;;;;;;;;;;;;;;;;;;;
;;;;;;;;mean 2;0.332333333333333;0.302666666666667;0.367;1;;;;;;;;;;;;;;;;;;;;;;;;;;;;;;;;;;;;;;;;;;;;;;;;;;;;;;;;;;;;;;;;;;;;
;;;;;;;;dilution 2;0.332333333333333;0.302666666666667;0.367;;;;;;;;;;;;;;;;;;;;;;;;;;;;;;;;;;;;;;;;;;;;;;;;;;;;;;;;;;;;;;;;;;;;;
;;;;;;;;3;0.258;0.308;0.247;1;;;;;;;;;;;;;;;;;;;;;;;;;;;;;;;;;;;;;;;;;;;;;;;;;;;;;;;;;;;;;;;;;;;;
;;;;;;;;;0.265;0.314;0.244;1;;;;;;;;;;;;;;;;;;;;;;;;;;;;;;;;;;;;;;;;;;;;;;;;;;;;;;;;;;;;;;;;;;;;
;;;;;;;;;0.261;0.313;0.241;1;;;;;;;;;;;;;;;;;;;;;;;;;;;;;;;;;;;;;;;;;;;;;;;;;;;;;;;;;;;;;;;;;;;;
;;;;;;;;mean 3;0.261333333333333;0.311666666666667;0.244;1;;;;;;;;;;;;;;;;;;;;;;;;;;;;;;;;;;;;;;;;;;;;;;;;;;;;;;;;;;;;;;;;;;;;
;;;;;;;;dilution 3;0.261333333333333;0.311666666666667;0.244;;;;;;;;;;;;;;;;;;;;;;;;;;;;;;;;;;;;;;;;;;;;;;;;;;;;;;;;;;;;;;;;;;;;;
;;;;;;;;4;0.212;0.237;0.329;1;;;;;;;;;;;;;;;;;;;;;;;;;;;;;;;;;;;;;;;;;;;;;;;;;;;;;;;;;;;;;;;;;;;;
;;;;;;;;;0.209;0.239;0.32;1;;;;;;;;;;;;;;;;;;;;;;;;;;;;;;;;;;;;;;;;;;;;;;;;;;;;;;;;;;;;;;;;;;;;
;;;;;;;;;0.207;0.243;0.318;1;;;;;;;;;;;;;;;;;;;;;;;;;;;;;;;;;;;;;;;;;;;;;;;;;;;;;;;;;;;;;;;;;;;;
;;;;;;;;mean 4;0.209333333333333;0.239666666666667;0.322333333333333;1;;;;;;;;;;;;;;;;;;;;;;;;;;;;;;;;;;;;;;;;;;;;;;;;;;;;;;;;;;;;;;;;;;;;
;;;;;;;;dilution 4 ;0.209333333333333;0.239666666666667;0.322333333333333;;;;;;;;;;;;;;;;;;;;;;;;;;;;;;;;;;;;;;;;;;;;;;;;;;;;;;;;;;;;;;;;;;;;;
;;;;;;03/12/2025;8h08;0;0.235;0.277;0.258;2;;;;;;;;;;;;;;;;;;;;;;;;;;;;;;;;;;;;;;;;;;;;;;;;;;;;;;;;;;;;;;;;;;;;
;;;;;;;;;0.236;0.281;0.26;2;;;;;;;;;;;;;;;;;;;;;;;;;;;;;;;;;;;;;;;;;;;;;;;;;;;;;;;;;;;;;;;;;;;;
;;;;;;;;;0.236;0.28;0.262;2;;;;;;;;;;;;;;;;;;;;;;;;;;;;;;;;;;;;;;;;;;;;;;;;;;;;;;;;;;;;;;;;;;;;
;;;;;;;;mean 0;0.235666666666667;0.279333333333333;0.26;2;;;;;;;;;;;;;;;;;;;;;;;;;;;;;;;;;;;;;;;;;;;;;;;;;;;;;;;;;;;;;;;;;;;;
;;;;;;;;dilution 0;0.471333333333333;0.558666666666667;0.52;;;;;;;;;;;;;;;;;;;;;;;;;;;;;;;;;;;;;;;;;;;;;;;;;;;;;;;;;;;;;;;;;;;;;
;;;;;;;;1;0.206;0.26;0.507;2;;;;;;;;;;;;;;;;;;;;;;;;;;;;;;;;;;;;;;;;;;;;;;;;;;;;;;;;;;;;;;;;;;;;
;;;;;;;;;0.205;0.261;0.514;2;;;;;;;;;;;;;;;;;;;;;;;;;;;;;;;;;;;;;;;;;;;;;;;;;;;;;;;;;;;;;;;;;;;;
;;;;;;;;;0.207;0.255;0.515;2;;;;;;;;;;;;;;;;;;;;;;;;;;;;;;;;;;;;;;;;;;;;;;;;;;;;;;;;;;;;;;;;;;;;
;;;;;;;;mean 1;0.206;0.258666666666667;0.512;2;;;;;;;;;;;;;;;;;;;;;;;;;;;;;;;;;;;;;;;;;;;;;;;;;;;;;;;;;;;;;;;;;;;;
;;;;;;;;dilution 1;0.412;0.517333333333333;1.024;;;;;;;;;;;;;;;;;;;;;;;;;;;;;;;;;;;;;;;;;;;;;;;;;;;;;;;;;;;;;;;;;;;;;
;;;;;;;;2;0.191;0.168;0.197;2;;;;;;;;;;;;;;;;;;;;;;;;;;;;;;;;;;;;;;;;;;;;;;;;;;;;;;;;;;;;;;;;;;;;
;;;;;;;;;0.185;0.165;0.205;2;;;;;;;;;;;;;;;;;;;;;;;;;;;;;;;;;;;;;;;;;;;;;;;;;;;;;;;;;;;;;;;;;;;;
;;;;;;;;;0.184;0.166;0.202;2;;;;;;;;;;;;;;;;;;;;;;;;;;;;;;;;;;;;;;;;;;;;;;;;;;;;;;;;;;;;;;;;;;;;
;;;;;;;;mean 2;0.186666666666667;0.166333333333333;0.201333333333333;2;;;;;;;;;;;;;;;;;;;;;;;;;;;;;;;;;;;;;;;;;;;;;;;;;;;;;;;;;;;;;;;;;;;;
;;;;;;;;dilution 2;0.373333333333333;0.332666666666667;0.402666666666667;;;;;;;;;;;;;;;;;;;;;;;;;;;;;;;;;;;;;;;;;;;;;;;;;;;;;;;;;;;;;;;;;;;;;
;;;;;;;;3;0.167;0.181;0.136;2;;;;;;;;;;;;;;;;;;;;;;;;;;;;;;;;;;;;;;;;;;;;;;;;;;;;;;;;;;;;;;;;;;;;
;;;;;;;;;0.169;0.173;0.145;2;;;;;;;;;;;;;;;;;;;;;;;;;;;;;;;;;;;;;;;;;;;;;;;;;;;;;;;;;;;;;;;;;;;;
;;;;;;;;;0.17;0.179;0.142;2;;;;;;;;;;;;;;;;;;;;;;;;;;;;;;;;;;;;;;;;;;;;;;;;;;;;;;;;;;;;;;;;;;;;
;;;;;;;;mean 3;0.168666666666667;0.177666666666667;0.141;2;;;;;;;;;;;;;;;;;;;;;;;;;;;;;;;;;;;;;;;;;;;;;;;;;;;;;;;;;;;;;;;;;;;;
;;;;;;;;dilution 3;0.337333333333333;0.355333333333333;0.282;;;;;;;;;;;;;;;;;;;;;;;;;;;;;;;;;;;;;;;;;;;;;;;;;;;;;;;;;;;;;;;;;;;;;
;;;;;;;;4;0.218;0.267;0.358;1;;;;;;;;;;;;;;;;;;;;;;;;;;;;;;;;;;;;;;;;;;;;;;;;;;;;;;;;;;;;;;;;;;;;
;;;;;;;;;0.218;0.266;0.356;1;;;;;;;;;;;;;;;;;;;;;;;;;;;;;;;;;;;;;;;;;;;;;;;;;;;;;;;;;;;;;;;;;;;;
;;;;;;;;;0.219;0.27;0.356;1;;;;;;;;;;;;;;;;;;;;;;;;;;;;;;;;;;;;;;;;;;;;;;;;;;;;;;;;;;;;;;;;;;;;
;;;;;;;;mean 4;0.218333333333333;0.267666666666667;0.356666666666667;1;;;;;;;;;;;;;;;;;;;;;;;;;;;;;;;;;;;;;;;;;;;;;;;;;;;;;;;;;;;;;;;;;;;;
;;;;;;;;dilution 4 ;0.218333333333333;0.267666666666667;0.356666666666667;;;;;;;;;;;;;;;;;;;;;;;;;;;;;;;;;;;;;;;;;;;;;;;;;;;;;;;;;;;;;;;;;;;;;
;;;;;;03/12/2025;10h53;0;0.253;0.275;0.275;2;;;;;;;;;;;;;;;;;;;;;;;;;;;;;;;;;;;;;;;;;;;;;;;;;;;;;;;;;;;;;;;;;;;;
;;;;;;;;;0.245;0.264;0.277;2;;;;;;;;;;;;;;;;;;;;;;;;;;;;;;;;;;;;;;;;;;;;;;;;;;;;;;;;;;;;;;;;;;;;
;;;;;;;;;0.247;0.273;0.273;2;;;;;;;;;;;;;;;;;;;;;;;;;;;;;;;;;;;;;;;;;;;;;;;;;;;;;;;;;;;;;;;;;;;;
;;;;;;;;mean 0;0.248333333333333;0.270666666666667;0.275;2;;;;;;;;;;;;;;;;;;;;;;;;;;;;;;;;;;;;;;;;;;;;;;;;;;;;;;;;;;;;;;;;;;;;
;;;;;;;;dilution 0;0.496666666666667;0.541333333333333;0.55;;;;;;;;;;;;;;;;;;;;;;;;;;;;;;;;;;;;;;;;;;;;;;;;;;;;;;;;;;;;;;;;;;;;;
;;;;;;;;1;0.216;0.272;0.526;2;;;;;;;;;;;;;;;;;;;;;;;;;;;;;;;;;;;;;;;;;;;;;;;;;;;;;;;;;;;;;;;;;;;;
;;;;;;;;;0.211;0.281;0.53;2;;;;;;;;;;;;;;;;;;;;;;;;;;;;;;;;;;;;;;;;;;;;;;;;;;;;;;;;;;;;;;;;;;;;
;;;;;;;;;0.211;0.28;0.521;2;;;;;;;;;;;;;;;;;;;;;;;;;;;;;;;;;;;;;;;;;;;;;;;;;;;;;;;;;;;;;;;;;;;;
;;;;;;;;mean 1;0.212666666666667;0.277666666666667;0.525666666666667;2;;;;;;;;;;;;;;;;;;;;;;;;;;;;;;;;;;;;;;;;;;;;;;;;;;;;;;;;;;;;;;;;;;;;
;;;;;;;;dilution 1;0.425333333333333;0.555333333333333;1.05133333333333;;;;;;;;;;;;;;;;;;;;;;;;;;;;;;;;;;;;;;;;;;;;;;;;;;;;;;;;;;;;;;;;;;;;;
;;;;;;;;2;0.198;0.173;0.198;2;;;;;;;;;;;;;;;;;;;;;;;;;;;;;;;;;;;;;;;;;;;;;;;;;;;;;;;;;;;;;;;;;;;;
;;;;;;;;;0.208;0.172;0.2;2;;;;;;;;;;;;;;;;;;;;;;;;;;;;;;;;;;;;;;;;;;;;;;;;;;;;;;;;;;;;;;;;;;;;
;;;;;;;;;0.204;0.169;0.204;2;;;;;;;;;;;;;;;;;;;;;;;;;;;;;;;;;;;;;;;;;;;;;;;;;;;;;;;;;;;;;;;;;;;;
;;;;;;;;mean 2;0.203333333333333;0.171333333333333;0.200666666666667;2;;;;;;;;;;;;;;;;;;;;;;;;;;;;;;;;;;;;;;;;;;;;;;;;;;;;;;;;;;;;;;;;;;;;
;;;;;;;;dilution 2;0.406666666666667;0.342666666666667;0.401333333333333;;;;;;;;;;;;;;;;;;;;;;;;;;;;;;;;;;;;;;;;;;;;;;;;;;;;;;;;;;;;;;;;;;;;;
;;;;;;;;3;0.152;0.178;0.139;2;;;;;;;;;;;;;;;;;;;;;;;;;;;;;;;;;;;;;;;;;;;;;;;;;;;;;;;;;;;;;;;;;;;;
;;;;;;;;;0.146;0.179;0.14;2;;;;;;;;;;;;;;;;;;;;;;;;;;;;;;;;;;;;;;;;;;;;;;;;;;;;;;;;;;;;;;;;;;;;
;;;;;;;;;0.147;0.183;0.142;2;;;;;;;;;;;;;;;;;;;;;;;;;;;;;;;;;;;;;;;;;;;;;;;;;;;;;;;;;;;;;;;;;;;;
;;;;;;;;mean 3;0.148333333333333;0.18;0.140333333333333;2;;;;;;;;;;;;;;;;;;;;;;;;;;;;;;;;;;;;;;;;;;;;;;;;;;;;;;;;;;;;;;;;;;;;
;;;;;;;;dilution 3;0.296666666666667;0.36;0.280666666666667;;;;;;;;;;;;;;;;;;;;;;;;;;;;;;;;;;;;;;;;;;;;;;;;;;;;;;;;;;;;;;;;;;;;;
;;;;;;;;4;0.233;0.265;0.36;1;;;;;;;;;;;;;;;;;;;;;;;;;;;;;;;;;;;;;;;;;;;;;;;;;;;;;;;;;;;;;;;;;;;;
;;;;;;;;;0.221;0.266;0.363;1;;;;;;;;;;;;;;;;;;;;;;;;;;;;;;;;;;;;;;;;;;;;;;;;;;;;;;;;;;;;;;;;;;;;
;;;;;;;;;0.217;0.268;0.355;1;;;;;;;;;;;;;;;;;;;;;;;;;;;;;;;;;;;;;;;;;;;;;;;;;;;;;;;;;;;;;;;;;;;;
;;;;;;;;mean 4;0.223666666666667;0.266333333333333;0.359333333333333;1;;;;;;;;;;;;;;;;;;;;;;;;;;;;;;;;;;;;;;;;;;;;;;;;;;;;;;;;;;;;;;;;;;;;
;;;;;;;;dilution 4 ;0.223666666666667;0.266333333333333;0.359333333333333;;;;;;;;;;;;;;;;;;;;;;;;;;;;;;;;;;;;;;;;;;;;;;;;;;;;;;;;;;;;;;;;;;;;;
;;;;;;03/12/2025;13h25;0;0.255;0.307;0.29;2;;;;;;;;;;;;;;;;;;;;;;;;;;;;;;;;;;;;;;;;;;;;;;;;;;;;;;;;;;;;;;;;;;;;
;;;;;;;;;0.253;0.3;0.281;2;;;;;;;;;;;;;;;;;;;;;;;;;;;;;;;;;;;;;;;;;;;;;;;;;;;;;;;;;;;;;;;;;;;;
;;;;;;;;;0.257;0.292;0.284;2;;;;;;;;;;;;;;;;;;;;;;;;;;;;;;;;;;;;;;;;;;;;;;;;;;;;;;;;;;;;;;;;;;;;
;;;;;;;;mean 0;0.255;0.299666666666667;0.285;2;;;;;;;;;;;;;;;;;;;;;;;;;;;;;;;;;;;;;;;;;;;;;;;;;;;;;;;;;;;;;;;;;;;;
;;;;;;;;dilution 0;0.51;0.599333333333333;0.57;;;;;;;;;;;;;;;;;;;;;;;;;;;;;;;;;;;;;;;;;;;;;;;;;;;;;;;;;;;;;;;;;;;;;
;;;;;;;;1;0.212;0.275;0.528;2;;;;;;;;;;;;;;;;;;;;;;;;;;;;;;;;;;;;;;;;;;;;;;;;;;;;;;;;;;;;;;;;;;;;
;;;;;;;;;0.221;0.27;0.527;2;;;;;;;;;;;;;;;;;;;;;;;;;;;;;;;;;;;;;;;;;;;;;;;;;;;;;;;;;;;;;;;;;;;;
;;;;;;;;;0.22;0.273;0.521;2;;;;;;;;;;;;;;;;;;;;;;;;;;;;;;;;;;;;;;;;;;;;;;;;;;;;;;;;;;;;;;;;;;;;
;;;;;;;;mean 1;0.217666666666667;0.272666666666667;0.525333333333333;2;;;;;;;;;;;;;;;;;;;;;;;;;;;;;;;;;;;;;;;;;;;;;;;;;;;;;;;;;;;;;;;;;;;;
;;;;;;;;dilution 1;0.435333333333333;0.545333333333333;1.05066666666667;;;;;;;;;;;;;;;;;;;;;;;;;;;;;;;;;;;;;;;;;;;;;;;;;;;;;;;;;;;;;;;;;;;;;
;;;;;;;;2;0.198;0.17;0.202;2;;;;;;;;;;;;;;;;;;;;;;;;;;;;;;;;;;;;;;;;;;;;;;;;;;;;;;;;;;;;;;;;;;;;
;;;;;;;;;0.196;0.166;0.205;2;;;;;;;;;;;;;;;;;;;;;;;;;;;;;;;;;;;;;;;;;;;;;;;;;;;;;;;;;;;;;;;;;;;;
;;;;;;;;;0.194;0.16;0.208;2;;;;;;;;;;;;;;;;;;;;;;;;;;;;;;;;;;;;;;;;;;;;;;;;;;;;;;;;;;;;;;;;;;;;
;;;;;;;;mean 2;0.196;0.165333333333333;0.205;2;;;;;;;;;;;;;;;;;;;;;;;;;;;;;;;;;;;;;;;;;;;;;;;;;;;;;;;;;;;;;;;;;;;;
;;;;;;;;dilution 2;0.392;0.330666666666667;0.41;;;;;;;;;;;;;;;;;;;;;;;;;;;;;;;;;;;;;;;;;;;;;;;;;;;;;;;;;;;;;;;;;;;;;
;;;;;;;;3;0.151;0.18;0.141;2;;;;;;;;;;;;;;;;;;;;;;;;;;;;;;;;;;;;;;;;;;;;;;;;;;;;;;;;;;;;;;;;;;;;
;;;;;;;;;0.149;0.171;0.134;2;;;;;;;;;;;;;;;;;;;;;;;;;;;;;;;;;;;;;;;;;;;;;;;;;;;;;;;;;;;;;;;;;;;;
;;;;;;;;;0.144;0.17;0.136;2;;;;;;;;;;;;;;;;;;;;;;;;;;;;;;;;;;;;;;;;;;;;;;;;;;;;;;;;;;;;;;;;;;;;
;;;;;;;;mean 3;0.148;0.173666666666667;0.137;2;;;;;;;;;;;;;;;;;;;;;;;;;;;;;;;;;;;;;;;;;;;;;;;;;;;;;;;;;;;;;;;;;;;;
;;;;;;;;dilution 3;0.296;0.347333333333333;0.274;;;;;;;;;;;;;;;;;;;;;;;;;;;;;;;;;;;;;;;;;;;;;;;;;;;;;;;;;;;;;;;;;;;;;
;;;;;;;;4;0.235;0.267;0.372;1;;;;;;;;;;;;;;;;;;;;;;;;;;;;;;;;;;;;;;;;;;;;;;;;;;;;;;;;;;;;;;;;;;;;
;;;;;;;;;0.226;0.271;0.365;1;;;;;;;;;;;;;;;;;;;;;;;;;;;;;;;;;;;;;;;;;;;;;;;;;;;;;;;;;;;;;;;;;;;;
;;;;;;;;;0.234;0.27;0.36;1;;;;;;;;;;;;;;;;;;;;;;;;;;;;;;;;;;;;;;;;;;;;;;;;;;;;;;;;;;;;;;;;;;;;
;;;;;;;;mean 4;0.231666666666667;0.269333333333333;0.365666666666667;1;;;;;;;;;;;;;;;;;;;;;;;;;;;;;;;;;;;;;;;;;;;;;;;;;;;;;;;;;;;;;;;;;;;;
;;;;;;;;dilution 4 ;0.231666666666667;0.269333333333333;0.365666666666667;;;;;;;;;;;;;;;;;;;;;;;;;;;;;;;;;;;;;;;;;;;;;;;;;;;;;;;;;;;;;;;;;;;;;
;;;;;;03/12/2025;17h17;0;0.271;0.312;0.302;2;;;;;;;;;;;;;;;;;;;;;;;;;;;;;;;;;;;;;;;;;;;;;;;;;;;;;;;;;;;;;;;;;;;;
;;;;;;;;;0.26;0.307;0.304;2;;;;;;;;;;;;;;;;;;;;;;;;;;;;;;;;;;;;;;;;;;;;;;;;;;;;;;;;;;;;;;;;;;;;
;;;;;;;;;0.261;0.303;0.304;2;;;;;;;;;;;;;;;;;;;;;;;;;;;;;;;;;;;;;;;;;;;;;;;;;;;;;;;;;;;;;;;;;;;;
;;;;;;;;mean 0;0.264;0.307333333333333;0.303333333333333;2;;;;;;;;;;;;;;;;;;;;;;;;;;;;;;;;;;;;;;;;;;;;;;;;;;;;;;;;;;;;;;;;;;;;
;;;;;;;;dilution 0;0.528;0.614666666666667;0.606666666666667;;;;;;;;;;;;;;;;;;;;;;;;;;;;;;;;;;;;;;;;;;;;;;;;;;;;;;;;;;;;;;;;;;;;;
;;;;;;;;1;0.225;0.289;0.554;2;;;;;;;;;;;;;;;;;;;;;;;;;;;;;;;;;;;;;;;;;;;;;;;;;;;;;;;;;;;;;;;;;;;;
;;;;;;;;;0.227;0.294;0.558;2;;;;;;;;;;;;;;;;;;;;;;;;;;;;;;;;;;;;;;;;;;;;;;;;;;;;;;;;;;;;;;;;;;;;
;;;;;;;;;0.228;0.295;0.562;2;;;;;;;;;;;;;;;;;;;;;;;;;;;;;;;;;;;;;;;;;;;;;;;;;;;;;;;;;;;;;;;;;;;;
;;;;;;;;mean 1;0.226666666666667;0.292666666666667;0.558;2;;;;;;;;;;;;;;;;;;;;;;;;;;;;;;;;;;;;;;;;;;;;;;;;;;;;;;;;;;;;;;;;;;;;
;;;;;;;;dilution 1;0.453333333333333;0.585333333333333;1.116;;;;;;;;;;;;;;;;;;;;;;;;;;;;;;;;;;;;;;;;;;;;;;;;;;;;;;;;;;;;;;;;;;;;;
;;;;;;;;2;0.2;0.178;0.215;2;;;;;;;;;;;;;;;;;;;;;;;;;;;;;;;;;;;;;;;;;;;;;;;;;;;;;;;;;;;;;;;;;;;;
;;;;;;;;;0.199;0.182;0.212;2;;;;;;;;;;;;;;;;;;;;;;;;;;;;;;;;;;;;;;;;;;;;;;;;;;;;;;;;;;;;;;;;;;;;
;;;;;;;;;0.198;0.185;0.209;2;;;;;;;;;;;;;;;;;;;;;;;;;;;;;;;;;;;;;;;;;;;;;;;;;;;;;;;;;;;;;;;;;;;;
;;;;;;;;mean 2;0.199;0.181666666666667;0.212;2;;;;;;;;;;;;;;;;;;;;;;;;;;;;;;;;;;;;;;;;;;;;;;;;;;;;;;;;;;;;;;;;;;;;
;;;;;;;;dilution 2;0.398;0.363333333333333;0.424;;;;;;;;;;;;;;;;;;;;;;;;;;;;;;;;;;;;;;;;;;;;;;;;;;;;;;;;;;;;;;;;;;;;;
;;;;;;;;3;0.165;0.186;0.161;2;;;;;;;;;;;;;;;;;;;;;;;;;;;;;;;;;;;;;;;;;;;;;;;;;;;;;;;;;;;;;;;;;;;;
;;;;;;;;;0.168;0.184;0.165;2;;;;;;;;;;;;;;;;;;;;;;;;;;;;;;;;;;;;;;;;;;;;;;;;;;;;;;;;;;;;;;;;;;;;
;;;;;;;;;0.169;0.186;0.163;2;;;;;;;;;;;;;;;;;;;;;;;;;;;;;;;;;;;;;;;;;;;;;;;;;;;;;;;;;;;;;;;;;;;;
;;;;;;;;mean 3;0.167333333333333;0.185333333333333;0.163;2;;;;;;;;;;;;;;;;;;;;;;;;;;;;;;;;;;;;;;;;;;;;;;;;;;;;;;;;;;;;;;;;;;;;
;;;;;;;;dilution 3;0.334666666666667;0.370666666666667;0.326;;;;;;;;;;;;;;;;;;;;;;;;;;;;;;;;;;;;;;;;;;;;;;;;;;;;;;;;;;;;;;;;;;;;;
;;;;;;;;4;0.23;0.277;0.376;1;;;;;;;;;;;;;;;;;;;;;;;;;;;;;;;;;;;;;;;;;;;;;;;;;;;;;;;;;;;;;;;;;;;;
;;;;;;;;;0.23;0.271;0.384;1;;;;;;;;;;;;;;;;;;;;;;;;;;;;;;;;;;;;;;;;;;;;;;;;;;;;;;;;;;;;;;;;;;;;
;;;;;;;;;0.232;0.27;0.376;1;;;;;;;;;;;;;;;;;;;;;;;;;;;;;;;;;;;;;;;;;;;;;;;;;;;;;;;;;;;;;;;;;;;;
;;;;;;;;mean 4;0.230666666666667;0.272666666666667;0.378666666666667;1;;;;;;;;;;;;;;;;;;;;;;;;;;;;;;;;;;;;;;;;;;;;;;;;;;;;;;;;;;;;;;;;;;;;
;;;;;;;;dilution 4 ;0.230666666666667;0.272666666666667;0.378666666666667;;;;;;;;;;;;;;;;;;;;;;;;;;;;;;;;;;;;;;;;;;;;;;;;;;;;;;;;;;;;;;;;;;;;;
;;;;;;04/12/2025;8h17;0;0.159;0.169;0.163;4;;;;;;;;;;;;;;;;;;;;;;;;;;;;;;;;;;;;;;;;;;;;;;;;;;;;;;;;;;;;;;;;;;;;
;;;;;;;;;0.154;0.172;0.158;4;;;;;;;;;;;;;;;;;;;;;;;;;;;;;;;;;;;;;;;;;;;;;;;;;;;;;;;;;;;;;;;;;;;;
;;;;;;;;;0.162;0.174;0.159;4;;;;;;;;;;;;;;;;;;;;;;;;;;;;;;;;;;;;;;;;;;;;;;;;;;;;;;;;;;;;;;;;;;;;
;;;;;;;;mean 0;0.158333333333333;0.171666666666667;0.16;4;;;;;;;;;;;;;;;;;;;;;;;;;;;;;;;;;;;;;;;;;;;;;;;;;;;;;;;;;;;;;;;;;;;;
;;;;;;;;dilution 0;0.633333333333333;0.686666666666667;0.64;;;;;;;;;;;;;;;;;;;;;;;;;;;;;;;;;;;;;;;;;;;;;;;;;;;;;;;;;;;;;;;;;;;;;
;;;;;;;;1;0.121;0.153;0.319;4;;;;;;;;;;;;;;;;;;;;;;;;;;;;;;;;;;;;;;;;;;;;;;;;;;;;;;;;;;;;;;;;;;;;
;;;;;;;;;0.122;0.161;0.315;4;;;;;;;;;;;;;;;;;;;;;;;;;;;;;;;;;;;;;;;;;;;;;;;;;;;;;;;;;;;;;;;;;;;;
;;;;;;;;;0.118;0.157;0.309;4;;;;;;;;;;;;;;;;;;;;;;;;;;;;;;;;;;;;;;;;;;;;;;;;;;;;;;;;;;;;;;;;;;;;
;;;;;;;;mean 1 ;0.120333333333333;0.157;0.314333333333333;4;;;;;;;;;;;;;;;;;;;;;;;;;;;;;;;;;;;;;;;;;;;;;;;;;;;;;;;;;;;;;;;;;;;;
;;;;;;;;dilution 1;0.481333333333333;0.628;1.25733333333333;;;;;;;;;;;;;;;;;;;;;;;;;;;;;;;;;;;;;;;;;;;;;;;;;;;;;;;;;;;;;;;;;;;;;
;;;;;;;;2;0.224;0.185;0.233;2;;;;;;;;;;;;;;;;;;;;;;;;;;;;;;;;;;;;;;;;;;;;;;;;;;;;;;;;;;;;;;;;;;;;
;;;;;;;;;0.222;0.182;0.24;2;;;;;;;;;;;;;;;;;;;;;;;;;;;;;;;;;;;;;;;;;;;;;;;;;;;;;;;;;;;;;;;;;;;;
;;;;;;;;;0.219;0.171;0.237;2;;;;;;;;;;;;;;;;;;;;;;;;;;;;;;;;;;;;;;;;;;;;;;;;;;;;;;;;;;;;;;;;;;;;
;;;;;;;;mean 2 ;0.221666666666667;0.179333333333333;0.236666666666667;2;;;;;;;;;;;;;;;;;;;;;;;;;;;;;;;;;;;;;;;;;;;;;;;;;;;;;;;;;;;;;;;;;;;;
;;;;;;;;dilution 2;0.443333333333333;0.358666666666667;0.473333333333333;;;;;;;;;;;;;;;;;;;;;;;;;;;;;;;;;;;;;;;;;;;;;;;;;;;;;;;;;;;;;;;;;;;;;
;;;;;;;;3;0.162;0.202;0.169;2;;;;;;;;;;;;;;;;;;;;;;;;;;;;;;;;;;;;;;;;;;;;;;;;;;;;;;;;;;;;;;;;;;;;
;;;;;;;;;0.165;0.196;0.166;2;;;;;;;;;;;;;;;;;;;;;;;;;;;;;;;;;;;;;;;;;;;;;;;;;;;;;;;;;;;;;;;;;;;;
;;;;;;;;;0.159;0.197;0.166;2;;;;;;;;;;;;;;;;;;;;;;;;;;;;;;;;;;;;;;;;;;;;;;;;;;;;;;;;;;;;;;;;;;;;
;;;;;;;;mean 3;0.162;0.198333333333333;0.167;2;;;;;;;;;;;;;;;;;;;;;;;;;;;;;;;;;;;;;;;;;;;;;;;;;;;;;;;;;;;;;;;;;;;;
;;;;;;;;dilution 3;0.324;0.396666666666667;0.334;;;;;;;;;;;;;;;;;;;;;;;;;;;;;;;;;;;;;;;;;;;;;;;;;;;;;;;;;;;;;;;;;;;;;
;;;;;;;;4;0.244;0.307;0.41;1;;;;;;;;;;;;;;;;;;;;;;;;;;;;;;;;;;;;;;;;;;;;;;;;;;;;;;;;;;;;;;;;;;;;
;;;;;;;;;0.251;0.301;0.418;1;;;;;;;;;;;;;;;;;;;;;;;;;;;;;;;;;;;;;;;;;;;;;;;;;;;;;;;;;;;;;;;;;;;;
;;;;;;;;;0.248;0.304;0.409;1;;;;;;;;;;;;;;;;;;;;;;;;;;;;;;;;;;;;;;;;;;;;;;;;;;;;;;;;;;;;;;;;;;;;
;;;;;;;;mean 4;0.247666666666667;0.304;0.412333333333333;1;;;;;;;;;;;;;;;;;;;;;;;;;;;;;;;;;;;;;;;;;;;;;;;;;;;;;;;;;;;;;;;;;;;;
;;;;;;;;dilution 4;0.247666666666667;0.304;0.412333333333333;;;;;;;;;;;;;;;;;;;;;;;;;;;;;;;;;;;;;;;;;;;;;;;;;;;;;;;;;;;;;;;;;;;;;
;;;;;;04/12/2025;11h01;0;0.136;0.15;0.161;4;;;;;;;;;;;;;;;;;;;;;;;;;;;;;;;;;;;;;;;;;;;;;;;;;;;;;;;;;;;;;;;;;;;;
;;;;;;;;;0.14;0.148;0.163;4;;;;;;;;;;;;;;;;;;;;;;;;;;;;;;;;;;;;;;;;;;;;;;;;;;;;;;;;;;;;;;;;;;;;
;;;;;;;;;0.136;0.149;0.163;4;;;;;;;;;;;;;;;;;;;;;;;;;;;;;;;;;;;;;;;;;;;;;;;;;;;;;;;;;;;;;;;;;;;;
;;;;;;;;mean 0;0.137333333333333;0.149;0.162333333333333;4;;;;;;;;;;;;;;;;;;;;;;;;;;;;;;;;;;;;;;;;;;;;;;;;;;;;;;;;;;;;;;;;;;;;
;;;;;;;;dilution 0;0.549333333333333;0.596;0.649333333333333;;;;;;;;;;;;;;;;;;;;;;;;;;;;;;;;;;;;;;;;;;;;;;;;;;;;;;;;;;;;;;;;;;;;;
;;;;;;;;1;0.11;0.152;0.319;4;;;;;;;;;;;;;;;;;;;;;;;;;;;;;;;;;;;;;;;;;;;;;;;;;;;;;;;;;;;;;;;;;;;;
;;;;;;;;;0.117;0.15;0.321;4;;;;;;;;;;;;;;;;;;;;;;;;;;;;;;;;;;;;;;;;;;;;;;;;;;;;;;;;;;;;;;;;;;;;
;;;;;;;;;0.111;0.145;0.321;4;;;;;;;;;;;;;;;;;;;;;;;;;;;;;;;;;;;;;;;;;;;;;;;;;;;;;;;;;;;;;;;;;;;;
;;;;;;;;mean 1 ;0.112666666666667;0.149;0.320333333333333;4;;;;;;;;;;;;;;;;;;;;;;;;;;;;;;;;;;;;;;;;;;;;;;;;;;;;;;;;;;;;;;;;;;;;
;;;;;;;;dilution 1;0.450666666666667;0.596;1.28133333333333;;;;;;;;;;;;;;;;;;;;;;;;;;;;;;;;;;;;;;;;;;;;;;;;;;;;;;;;;;;;;;;;;;;;;
;;;;;;;;2;0.204;0.19;0.319;2;;;;;;;;;;;;;;;;;;;;;;;;;;;;;;;;;;;;;;;;;;;;;;;;;;;;;;;;;;;;;;;;;;;;
;;;;;;;;;0.212;0.191;0.321;2;;;;;;;;;;;;;;;;;;;;;;;;;;;;;;;;;;;;;;;;;;;;;;;;;;;;;;;;;;;;;;;;;;;;
;;;;;;;;;0.207;0.186;0.321;2;;;;;;;;;;;;;;;;;;;;;;;;;;;;;;;;;;;;;;;;;;;;;;;;;;;;;;;;;;;;;;;;;;;;
;;;;;;;;mean 2 ;0.207666666666667;0.189;0.320333333333333;2;;;;;;;;;;;;;;;;;;;;;;;;;;;;;;;;;;;;;;;;;;;;;;;;;;;;;;;;;;;;;;;;;;;;
;;;;;;;;dilution 2;0.415333333333333;0.378;0.640666666666667;;;;;;;;;;;;;;;;;;;;;;;;;;;;;;;;;;;;;;;;;;;;;;;;;;;;;;;;;;;;;;;;;;;;;
;;;;;;;;3;0.163;0.195;0.151;2;;;;;;;;;;;;;;;;;;;;;;;;;;;;;;;;;;;;;;;;;;;;;;;;;;;;;;;;;;;;;;;;;;;;
;;;;;;;;;0.164;0.19;0.151;2;;;;;;;;;;;;;;;;;;;;;;;;;;;;;;;;;;;;;;;;;;;;;;;;;;;;;;;;;;;;;;;;;;;;
;;;;;;;;;0.163;0.185;0.154;2;;;;;;;;;;;;;;;;;;;;;;;;;;;;;;;;;;;;;;;;;;;;;;;;;;;;;;;;;;;;;;;;;;;;
;;;;;;;;mean 3;0.163333333333333;0.19;0.152;2;;;;;;;;;;;;;;;;;;;;;;;;;;;;;;;;;;;;;;;;;;;;;;;;;;;;;;;;;;;;;;;;;;;;
;;;;;;;;dilution 3;0.326666666666667;0.38;0.304;;;;;;;;;;;;;;;;;;;;;;;;;;;;;;;;;;;;;;;;;;;;;;;;;;;;;;;;;;;;;;;;;;;;;
;;;;;;;;4;0.244;0.294;0.415;1;;;;;;;;;;;;;;;;;;;;;;;;;;;;;;;;;;;;;;;;;;;;;;;;;;;;;;;;;;;;;;;;;;;;
;;;;;;;;;0.238;0.298;0.416;1;;;;;;;;;;;;;;;;;;;;;;;;;;;;;;;;;;;;;;;;;;;;;;;;;;;;;;;;;;;;;;;;;;;;
;;;;;;;;;0.243;0.299;0.42;1;;;;;;;;;;;;;;;;;;;;;;;;;;;;;;;;;;;;;;;;;;;;;;;;;;;;;;;;;;;;;;;;;;;;
;;;;;;;;mean 4;0.241666666666667;0.297;0.417;1;;;;;;;;;;;;;;;;;;;;;;;;;;;;;;;;;;;;;;;;;;;;;;;;;;;;;;;;;;;;;;;;;;;;
;;;;;;;;dilution 4;0.241666666666667;0.297;0.417;;;;;;;;;;;;;;;;;;;;;;;;;;;;;;;;;;;;;;;;;;;;;;;;;;;;;;;;;;;;;;;;;;;;;
;;;;;;04/12/2025;17h53;0;0.15;0.181;0.178;4;;;;;;;;;;;;;;;;;;;;;;;;;;;;;;;;;;;;;;;;;;;;;;;;;;;;;;;;;;;;;;;;;;;;
;;;;;;;;;0.152;0.187;0.183;4;;;;;;;;;;;;;;;;;;;;;;;;;;;;;;;;;;;;;;;;;;;;;;;;;;;;;;;;;;;;;;;;;;;;
;;;;;;;;;0.157;0.191;0.182;4;;;;;;;;;;;;;;;;;;;;;;;;;;;;;;;;;;;;;;;;;;;;;;;;;;;;;;;;;;;;;;;;;;;;
;;;;;;;;mean 0;0.153;0.186333333333333;0.181;4;;;;;;;;;;;;;;;;;;;;;;;;;;;;;;;;;;;;;;;;;;;;;;;;;;;;;;;;;;;;;;;;;;;;
;;;;;;;;dilution 0;0.612;0.745333333333333;0.724;;;;;;;;;;;;;;;;;;;;;;;;;;;;;;;;;;;;;;;;;;;;;;;;;;;;;;;;;;;;;;;;;;;;;
;;;;;;;;1;0.143;0.175;0.329;4;;;;;;;;;;;;;;;;;;;;;;;;;;;;;;;;;;;;;;;;;;;;;;;;;;;;;;;;;;;;;;;;;;;;
;;;;;;;;;0.144;0.174;0.332;4;;;;;;;;;;;;;;;;;;;;;;;;;;;;;;;;;;;;;;;;;;;;;;;;;;;;;;;;;;;;;;;;;;;;
;;;;;;;;;0.146;0.174;0.325;4;;;;;;;;;;;;;;;;;;;;;;;;;;;;;;;;;;;;;;;;;;;;;;;;;;;;;;;;;;;;;;;;;;;;
;;;;;;;;mean 1 ;0.144333333333333;0.174333333333333;0.328666666666667;4;;;;;;;;;;;;;;;;;;;;;;;;;;;;;;;;;;;;;;;;;;;;;;;;;;;;;;;;;;;;;;;;;;;;
;;;;;;;;dilution 1;0.577333333333333;0.697333333333333;1.31466666666667;;;;;;;;;;;;;;;;;;;;;;;;;;;;;;;;;;;;;;;;;;;;;;;;;;;;;;;;;;;;;;;;;;;;;
;;;;;;;;2;0.227;0.195;0.232;2;;;;;;;;;;;;;;;;;;;;;;;;;;;;;;;;;;;;;;;;;;;;;;;;;;;;;;;;;;;;;;;;;;;;
;;;;;;;;;0.228;0.191;0.227;2;;;;;;;;;;;;;;;;;;;;;;;;;;;;;;;;;;;;;;;;;;;;;;;;;;;;;;;;;;;;;;;;;;;;
;;;;;;;;;0.232;0.198;0.224;2;;;;;;;;;;;;;;;;;;;;;;;;;;;;;;;;;;;;;;;;;;;;;;;;;;;;;;;;;;;;;;;;;;;;
;;;;;;;;mean 2 ;0.229;0.194666666666667;0.227666666666667;2;;;;;;;;;;;;;;;;;;;;;;;;;;;;;;;;;;;;;;;;;;;;;;;;;;;;;;;;;;;;;;;;;;;;
;;;;;;;;dilution 2;0.458;0.389333333333333;0.455333333333333;;;;;;;;;;;;;;;;;;;;;;;;;;;;;;;;;;;;;;;;;;;;;;;;;;;;;;;;;;;;;;;;;;;;;
;;;;;;;;3;0.175;0.216;0.166;2;;;;;;;;;;;;;;;;;;;;;;;;;;;;;;;;;;;;;;;;;;;;;;;;;;;;;;;;;;;;;;;;;;;;
;;;;;;;;;0.17;0.214;0.167;2;;;;;;;;;;;;;;;;;;;;;;;;;;;;;;;;;;;;;;;;;;;;;;;;;;;;;;;;;;;;;;;;;;;;
;;;;;;;;;0.172;0.212;0.164;2;;;;;;;;;;;;;;;;;;;;;;;;;;;;;;;;;;;;;;;;;;;;;;;;;;;;;;;;;;;;;;;;;;;;
;;;;;;;;mean 3;0.172333333333333;0.214;0.165666666666667;2;;;;;;;;;;;;;;;;;;;;;;;;;;;;;;;;;;;;;;;;;;;;;;;;;;;;;;;;;;;;;;;;;;;;
;;;;;;;;dilution 3;0.344666666666667;0.428;0.331333333333333;;;;;;;;;;;;;;;;;;;;;;;;;;;;;;;;;;;;;;;;;;;;;;;;;;;;;;;;;;;;;;;;;;;;;
;;;;;;;;4;0.256;0.303;0.435;1;;;;;;;;;;;;;;;;;;;;;;;;;;;;;;;;;;;;;;;;;;;;;;;;;;;;;;;;;;;;;;;;;;;;
;;;;;;;;;0.281;0.313;0.428;1;;;;;;;;;;;;;;;;;;;;;;;;;;;;;;;;;;;;;;;;;;;;;;;;;;;;;;;;;;;;;;;;;;;;
;;;;;;;;;0.257;0.31;0.434;1;;;;;;;;;;;;;;;;;;;;;;;;;;;;;;;;;;;;;;;;;;;;;;;;;;;;;;;;;;;;;;;;;;;;
;;;;;;;;mean 4;0.264666666666667;0.308666666666667;0.432333333333333;1;;;;;;;;;;;;;;;;;;;;;;;;;;;;;;;;;;;;;;;;;;;;;;;;;;;;;;;;;;;;;;;;;;;;
;;;;;;;;dilution 4;0.264666666666667;0.308666666666667;0.432333333333333;;;;;;;;;;;;;;;;;;;;;;;;;;;;;;;;;;;;;;;;;;;;;;;;;;;;;;;;;;;;;;;;;;;;;
;;;;;;05/12/2025;8h20;0;0.181;0.217;0.187;4;;;;;;;;;;;;;;;;;;;;;;;;;;;;;;;;;;;;;;;;;;;;;;;;;;;;;;;;;;;;;;;;;;;;
;;;;;;;;;0.19;0.202;0.185;4;;;;;;;;;;;;;;;;;;;;;;;;;;;;;;;;;;;;;;;;;;;;;;;;;;;;;;;;;;;;;;;;;;;;
;;;;;;;;;0.188;0.202;0.189;4;;;;;;;;;;;;;;;;;;;;;;;;;;;;;;;;;;;;;;;;;;;;;;;;;;;;;;;;;;;;;;;;;;;;
;;;;;;;;mean 0;0.186333333333333;0.207;0.187;4;;;;;;;;;;;;;;;;;;;;;;;;;;;;;;;;;;;;;;;;;;;;;;;;;;;;;;;;;;;;;;;;;;;;
;;;;;;;;dilution 0;0.745333333333333;0.828;0.748;;;;;;;;;;;;;;;;;;;;;;;;;;;;;;;;;;;;;;;;;;;;;;;;;;;;;;;;;;;;;;;;;;;;;
;;;;;;;;1;0.136;0.177;0.35;4;;;;;;;;;;;;;;;;;;;;;;;;;;;;;;;;;;;;;;;;;;;;;;;;;;;;;;;;;;;;;;;;;;;;
;;;;;;;;;0.133;0.18;0.356;4;;;;;;;;;;;;;;;;;;;;;;;;;;;;;;;;;;;;;;;;;;;;;;;;;;;;;;;;;;;;;;;;;;;;
;;;;;;;;;0.134;0.177;0.352;4;;;;;;;;;;;;;;;;;;;;;;;;;;;;;;;;;;;;;;;;;;;;;;;;;;;;;;;;;;;;;;;;;;;;
;;;;;;;;mean 1 ;0.134333333333333;0.178;0.352666666666667;4;;;;;;;;;;;;;;;;;;;;;;;;;;;;;;;;;;;;;;;;;;;;;;;;;;;;;;;;;;;;;;;;;;;;
;;;;;;;;dilution 1;0.537333333333333;0.712;1.41066666666667;;;;;;;;;;;;;;;;;;;;;;;;;;;;;;;;;;;;;;;;;;;;;;;;;;;;;;;;;;;;;;;;;;;;;
;;;;;;;;2;0.254;0.226;0.255;2;;;;;;;;;;;;;;;;;;;;;;;;;;;;;;;;;;;;;;;;;;;;;;;;;;;;;;;;;;;;;;;;;;;;
;;;;;;;;;0.251;0.222;0.254;2;;;;;;;;;;;;;;;;;;;;;;;;;;;;;;;;;;;;;;;;;;;;;;;;;;;;;;;;;;;;;;;;;;;;
;;;;;;;;;0.252;0.222;0.25;2;;;;;;;;;;;;;;;;;;;;;;;;;;;;;;;;;;;;;;;;;;;;;;;;;;;;;;;;;;;;;;;;;;;;
;;;;;;;;mean 2 ;0.252333333333333;0.223333333333333;0.253;2;;;;;;;;;;;;;;;;;;;;;;;;;;;;;;;;;;;;;;;;;;;;;;;;;;;;;;;;;;;;;;;;;;;;
;;;;;;;;dilution 2;0.504666666666667;0.446666666666667;0.506;;;;;;;;;;;;;;;;;;;;;;;;;;;;;;;;;;;;;;;;;;;;;;;;;;;;;;;;;;;;;;;;;;;;;
;;;;;;;;3;0.203;0.234;0.189;2;;;;;;;;;;;;;;;;;;;;;;;;;;;;;;;;;;;;;;;;;;;;;;;;;;;;;;;;;;;;;;;;;;;;
;;;;;;;;;0.207;0.234;0.189;2;;;;;;;;;;;;;;;;;;;;;;;;;;;;;;;;;;;;;;;;;;;;;;;;;;;;;;;;;;;;;;;;;;;;
;;;;;;;;;0.203;0.228;0.19;2;;;;;;;;;;;;;;;;;;;;;;;;;;;;;;;;;;;;;;;;;;;;;;;;;;;;;;;;;;;;;;;;;;;;
;;;;;;;;mean 3;0.204333333333333;0.232;0.189333333333333;2;;;;;;;;;;;;;;;;;;;;;;;;;;;;;;;;;;;;;;;;;;;;;;;;;;;;;;;;;;;;;;;;;;;;
;;;;;;;;dilution 3;0.408666666666667;0.464;0.378666666666667;;;;;;;;;;;;;;;;;;;;;;;;;;;;;;;;;;;;;;;;;;;;;;;;;;;;;;;;;;;;;;;;;;;;;
;;;;;;;;4;0.289;0.346;0.408;1;;;;;;;;;;;;;;;;;;;;;;;;;;;;;;;;;;;;;;;;;;;;;;;;;;;;;;;;;;;;;;;;;;;;
;;;;;;;;;0.302;0.349;0.479;1;;;;;;;;;;;;;;;;;;;;;;;;;;;;;;;;;;;;;;;;;;;;;;;;;;;;;;;;;;;;;;;;;;;;
;;;;;;;;;0.337;0.37;0.476;1;;;;;;;;;;;;;;;;;;;;;;;;;;;;;;;;;;;;;;;;;;;;;;;;;;;;;;;;;;;;;;;;;;;;
;;;;;;;;mean 4;0.309333333333333;0.355;0.454333333333333;1;;;;;;;;;;;;;;;;;;;;;;;;;;;;;;;;;;;;;;;;;;;;;;;;;;;;;;;;;;;;;;;;;;;;
;;;;;;;;dilution 4;0.309333333333333;0.355;0.454333333333333;;;;;;;;;;;;;;;;;;;;;;;;;;;;;;;;;;;;;;;;;;;;;;;;;;;;;;;;;;;;;;;;;;;;;
;;;;;;05/12/2025;11h12;0;0.176;0.192;0.207;4;;;;;;;;;;;;;;;;;;;;;;;;;;;;;;;;;;;;;;;;;;;;;;;;;;;;;;;;;;;;;;;;;;;;
;;;;;;;;;0.178;0.189;0.208;4;;;;;;;;;;;;;;;;;;;;;;;;;;;;;;;;;;;;;;;;;;;;;;;;;;;;;;;;;;;;;;;;;;;;
;;;;;;;;;0.176;0.186;0.203;4;;;;;;;;;;;;;;;;;;;;;;;;;;;;;;;;;;;;;;;;;;;;;;;;;;;;;;;;;;;;;;;;;;;;
;;;;;;;;mean 0;0.176666666666667;0.189;0.206;4;;;;;;;;;;;;;;;;;;;;;;;;;;;;;;;;;;;;;;;;;;;;;;;;;;;;;;;;;;;;;;;;;;;;
;;;;;;;;dilution 0;0.706666666666667;0.756;0.824;;;;;;;;;;;;;;;;;;;;;;;;;;;;;;;;;;;;;;;;;;;;;;;;;;;;;;;;;;;;;;;;;;;;;
;;;;;;;;1;0.135;0.182;0.355;4;;;;;;;;;;;;;;;;;;;;;;;;;;;;;;;;;;;;;;;;;;;;;;;;;;;;;;;;;;;;;;;;;;;;
;;;;;;;;;0.132;0.18;0.352;4;;;;;;;;;;;;;;;;;;;;;;;;;;;;;;;;;;;;;;;;;;;;;;;;;;;;;;;;;;;;;;;;;;;;
;;;;;;;;;0.133;0.177;0.358;4;;;;;;;;;;;;;;;;;;;;;;;;;;;;;;;;;;;;;;;;;;;;;;;;;;;;;;;;;;;;;;;;;;;;
;;;;;;;;mean 1 ;0.133333333333333;0.179666666666667;0.355;4;;;;;;;;;;;;;;;;;;;;;;;;;;;;;;;;;;;;;;;;;;;;;;;;;;;;;;;;;;;;;;;;;;;;
;;;;;;;;dilution 1;0.533333333333333;0.718666666666667;1.42;;;;;;;;;;;;;;;;;;;;;;;;;;;;;;;;;;;;;;;;;;;;;;;;;;;;;;;;;;;;;;;;;;;;;
;;;;;;;;2;0.243;0.224;0.272;2;;;;;;;;;;;;;;;;;;;;;;;;;;;;;;;;;;;;;;;;;;;;;;;;;;;;;;;;;;;;;;;;;;;;
;;;;;;;;;0.246;0.213;0.268;2;;;;;;;;;;;;;;;;;;;;;;;;;;;;;;;;;;;;;;;;;;;;;;;;;;;;;;;;;;;;;;;;;;;;
;;;;;;;;;0.244;0.216;0.261;2;;;;;;;;;;;;;;;;;;;;;;;;;;;;;;;;;;;;;;;;;;;;;;;;;;;;;;;;;;;;;;;;;;;;
;;;;;;;;mean 2 ;0.244333333333333;0.217666666666667;0.267;2;;;;;;;;;;;;;;;;;;;;;;;;;;;;;;;;;;;;;;;;;;;;;;;;;;;;;;;;;;;;;;;;;;;;
;;;;;;;;dilution 2;0.488666666666667;0.435333333333333;0.534;;;;;;;;;;;;;;;;;;;;;;;;;;;;;;;;;;;;;;;;;;;;;;;;;;;;;;;;;;;;;;;;;;;;;
;;;;;;;;3;0.204;0.255;0.194;2;;;;;;;;;;;;;;;;;;;;;;;;;;;;;;;;;;;;;;;;;;;;;;;;;;;;;;;;;;;;;;;;;;;;
;;;;;;;;;0.209;0.255;0.198;2;;;;;;;;;;;;;;;;;;;;;;;;;;;;;;;;;;;;;;;;;;;;;;;;;;;;;;;;;;;;;;;;;;;;
;;;;;;;;;0.21;0.252;0.201;2;;;;;;;;;;;;;;;;;;;;;;;;;;;;;;;;;;;;;;;;;;;;;;;;;;;;;;;;;;;;;;;;;;;;
;;;;;;;;mean 3;0.207666666666667;0.254;0.197666666666667;2;;;;;;;;;;;;;;;;;;;;;;;;;;;;;;;;;;;;;;;;;;;;;;;;;;;;;;;;;;;;;;;;;;;;
;;;;;;;;dilution 3;0.415333333333333;0.508;0.395333333333333;;;;;;;;;;;;;;;;;;;;;;;;;;;;;;;;;;;;;;;;;;;;;;;;;;;;;;;;;;;;;;;;;;;;;
;;;;;;;;4;0.277;0.376;0.472;1;;;;;;;;;;;;;;;;;;;;;;;;;;;;;;;;;;;;;;;;;;;;;;;;;;;;;;;;;;;;;;;;;;;;
;;;;;;;;;0.275;0.346;0.476;1;;;;;;;;;;;;;;;;;;;;;;;;;;;;;;;;;;;;;;;;;;;;;;;;;;;;;;;;;;;;;;;;;;;;
;;;;;;;;;0.318;0.348;0.481;1;;;;;;;;;;;;;;;;;;;;;;;;;;;;;;;;;;;;;;;;;;;;;;;;;;;;;;;;;;;;;;;;;;;;
;;;;;;;;mean 4;0.29;0.356666666666667;0.476333333333333;1;;;;;;;;;;;;;;;;;;;;;;;;;;;;;;;;;;;;;;;;;;;;;;;;;;;;;;;;;;;;;;;;;;;;
;;;;;;;;dilution 4;0.29;0.356666666666667;0.476333333333333;;;;;;;;;;;;;;;;;;;;;;;;;;;;;;;;;;;;;;;;;;;;;;;;;;;;;;;;;;;;;;;;;;;;;
;;;;;;05/12/2025;13h36;0;0.172;0.177;0.188;4;;;;;;;;;;;;;;;;;;;;;;;;;;;;;;;;;;;;;;;;;;;;;;;;;;;;;;;;;;;;;;;;;;;;
;;;;;;;;;0.167;0.179;0.191;4;;;;;;;;;;;;;;;;;;;;;;;;;;;;;;;;;;;;;;;;;;;;;;;;;;;;;;;;;;;;;;;;;;;;
;;;;;;;;;0.165;0.178;0.186;4;;;;;;;;;;;;;;;;;;;;;;;;;;;;;;;;;;;;;;;;;;;;;;;;;;;;;;;;;;;;;;;;;;;;
;;;;;;;;mean 0;0.168;0.178;0.188333333333333;4;;;;;;;;;;;;;;;;;;;;;;;;;;;;;;;;;;;;;;;;;;;;;;;;;;;;;;;;;;;;;;;;;;;;
;;;;;;;;dilution 0;0.672;0.712;0.753333333333333;;;;;;;;;;;;;;;;;;;;;;;;;;;;;;;;;;;;;;;;;;;;;;;;;;;;;;;;;;;;;;;;;;;;;
;;;;;;;;1;0.144;0.164;0.36;4;;;;;;;;;;;;;;;;;;;;;;;;;;;;;;;;;;;;;;;;;;;;;;;;;;;;;;;;;;;;;;;;;;;;
;;;;;;;;;0.146;0.168;0.364;4;;;;;;;;;;;;;;;;;;;;;;;;;;;;;;;;;;;;;;;;;;;;;;;;;;;;;;;;;;;;;;;;;;;;
;;;;;;;;;0.145;0.168;0.365;4;;;;;;;;;;;;;;;;;;;;;;;;;;;;;;;;;;;;;;;;;;;;;;;;;;;;;;;;;;;;;;;;;;;;
;;;;;;;;mean 1 ;0.145;0.166666666666667;0.363;4;;;;;;;;;;;;;;;;;;;;;;;;;;;;;;;;;;;;;;;;;;;;;;;;;;;;;;;;;;;;;;;;;;;;
;;;;;;;;dilution 1;0.58;0.666666666666667;1.452;;;;;;;;;;;;;;;;;;;;;;;;;;;;;;;;;;;;;;;;;;;;;;;;;;;;;;;;;;;;;;;;;;;;;
;;;;;;;;2;0.24;0.212;0.257;2;;;;;;;;;;;;;;;;;;;;;;;;;;;;;;;;;;;;;;;;;;;;;;;;;;;;;;;;;;;;;;;;;;;;
;;;;;;;;;0.241;0.214;0.257;2;;;;;;;;;;;;;;;;;;;;;;;;;;;;;;;;;;;;;;;;;;;;;;;;;;;;;;;;;;;;;;;;;;;;
;;;;;;;;;0.244;0.208;0.264;2;;;;;;;;;;;;;;;;;;;;;;;;;;;;;;;;;;;;;;;;;;;;;;;;;;;;;;;;;;;;;;;;;;;;
;;;;;;;;mean 2 ;0.241666666666667;0.211333333333333;0.259333333333333;2;;;;;;;;;;;;;;;;;;;;;;;;;;;;;;;;;;;;;;;;;;;;;;;;;;;;;;;;;;;;;;;;;;;;
;;;;;;;;dilution 2;0.483333333333333;0.422666666666667;0.518666666666667;;;;;;;;;;;;;;;;;;;;;;;;;;;;;;;;;;;;;;;;;;;;;;;;;;;;;;;;;;;;;;;;;;;;;
;;;;;;;;3;0.21;0.237;0.187;2;;;;;;;;;;;;;;;;;;;;;;;;;;;;;;;;;;;;;;;;;;;;;;;;;;;;;;;;;;;;;;;;;;;;
;;;;;;;;;0.213;0.231;0.191;2;;;;;;;;;;;;;;;;;;;;;;;;;;;;;;;;;;;;;;;;;;;;;;;;;;;;;;;;;;;;;;;;;;;;
;;;;;;;;;0.216;0.237;0.187;2;;;;;;;;;;;;;;;;;;;;;;;;;;;;;;;;;;;;;;;;;;;;;;;;;;;;;;;;;;;;;;;;;;;;
;;;;;;;;mean 3;0.213;0.235;0.188333333333333;2;;;;;;;;;;;;;;;;;;;;;;;;;;;;;;;;;;;;;;;;;;;;;;;;;;;;;;;;;;;;;;;;;;;;
;;;;;;;;dilution 3;0.426;0.47;0.376666666666667;;;;;;;;;;;;;;;;;;;;;;;;;;;;;;;;;;;;;;;;;;;;;;;;;;;;;;;;;;;;;;;;;;;;;
;;;;;;;;4;0.279;0.35;0.478;1;;;;;;;;;;;;;;;;;;;;;;;;;;;;;;;;;;;;;;;;;;;;;;;;;;;;;;;;;;;;;;;;;;;;
;;;;;;;;;0.277;0.345;0.477;1;;;;;;;;;;;;;;;;;;;;;;;;;;;;;;;;;;;;;;;;;;;;;;;;;;;;;;;;;;;;;;;;;;;;
;;;;;;;;;0.274;0.35;0.47;1;;;;;;;;;;;;;;;;;;;;;;;;;;;;;;;;;;;;;;;;;;;;;;;;;;;;;;;;;;;;;;;;;;;;
;;;;;;;;mean 4;0.276666666666667;0.348333333333333;0.475;1;;;;;;;;;;;;;;;;;;;;;;;;;;;;;;;;;;;;;;;;;;;;;;;;;;;;;;;;;;;;;;;;;;;;
;;;;;;;;dilution 4;0.276666666666667;0.348333333333333;0.475;;;;;;;;;;;;;;;;;;;;;;;;;;;;;;;;;;;;;;;;;;;;;;;;;;;;;;;;;;;;;;;;;;;;;
;;;;;;05/12/2025;17h39;0;0.18;0.195;0.199;4;;;;;;;;;;;;;;;;;;;;;;;;;;;;;;;;;;;;;;;;;;;;;;;;;;;;;;;;;;;;;;;;;;;;
;;;;;;;;;0.185;0.195;0.206;4;;;;;;;;;;;;;;;;;;;;;;;;;;;;;;;;;;;;;;;;;;;;;;;;;;;;;;;;;;;;;;;;;;;;
;;;;;;;;;0.181;0.194;0.201;4;;;;;;;;;;;;;;;;;;;;;;;;;;;;;;;;;;;;;;;;;;;;;;;;;;;;;;;;;;;;;;;;;;;;
;;;;;;;;mean 0;0.182;0.194666666666667;0.202;4;;;;;;;;;;;;;;;;;;;;;;;;;;;;;;;;;;;;;;;;;;;;;;;;;;;;;;;;;;;;;;;;;;;;
;;;;;;;;dilution 0;0.728;0.778666666666667;0.808;;;;;;;;;;;;;;;;;;;;;;;;;;;;;;;;;;;;;;;;;;;;;;;;;;;;;;;;;;;;;;;;;;;;;
;;;;;;;;1;0.143;0.177;0.355;4;;;;;;;;;;;;;;;;;;;;;;;;;;;;;;;;;;;;;;;;;;;;;;;;;;;;;;;;;;;;;;;;;;;;
;;;;;;;;;0.136;0.179;0.358;4;;;;;;;;;;;;;;;;;;;;;;;;;;;;;;;;;;;;;;;;;;;;;;;;;;;;;;;;;;;;;;;;;;;;
;;;;;;;;;0.142;0.174;0.356;4;;;;;;;;;;;;;;;;;;;;;;;;;;;;;;;;;;;;;;;;;;;;;;;;;;;;;;;;;;;;;;;;;;;;
;;;;;;;;mean 1 ;0.140333333333333;0.176666666666667;0.356333333333333;4;;;;;;;;;;;;;;;;;;;;;;;;;;;;;;;;;;;;;;;;;;;;;;;;;;;;;;;;;;;;;;;;;;;;
;;;;;;;;dilution 1;0.561333333333333;0.706666666666667;1.42533333333333;;;;;;;;;;;;;;;;;;;;;;;;;;;;;;;;;;;;;;;;;;;;;;;;;;;;;;;;;;;;;;;;;;;;;
;;;;;;;;2;0.252;0.224;0.2258;2;;;;;;;;;;;;;;;;;;;;;;;;;;;;;;;;;;;;;;;;;;;;;;;;;;;;;;;;;;;;;;;;;;;;
;;;;;;;;;0.249;0.229;0.26;2;;;;;;;;;;;;;;;;;;;;;;;;;;;;;;;;;;;;;;;;;;;;;;;;;;;;;;;;;;;;;;;;;;;;
;;;;;;;;;0.251;0.224;0.263;2;;;;;;;;;;;;;;;;;;;;;;;;;;;;;;;;;;;;;;;;;;;;;;;;;;;;;;;;;;;;;;;;;;;;
;;;;;;;;mean 2 ;0.250666666666667;0.225666666666667;0.2496;2;;;;;;;;;;;;;;;;;;;;;;;;;;;;;;;;;;;;;;;;;;;;;;;;;;;;;;;;;;;;;;;;;;;;
;;;;;;;;dilution 2;0.501333333333333;0.451333333333333;0.4992;;;;;;;;;;;;;;;;;;;;;;;;;;;;;;;;;;;;;;;;;;;;;;;;;;;;;;;;;;;;;;;;;;;;;
;;;;;;;;3;0.22;0.241;0.19;2;;;;;;;;;;;;;;;;;;;;;;;;;;;;;;;;;;;;;;;;;;;;;;;;;;;;;;;;;;;;;;;;;;;;
;;;;;;;;;0.216;0.246;0.19;2;;;;;;;;;;;;;;;;;;;;;;;;;;;;;;;;;;;;;;;;;;;;;;;;;;;;;;;;;;;;;;;;;;;;
;;;;;;;;;0.213;0.246;0.19;2;;;;;;;;;;;;;;;;;;;;;;;;;;;;;;;;;;;;;;;;;;;;;;;;;;;;;;;;;;;;;;;;;;;;
;;;;;;;;mean 3;0.216333333333333;0.244333333333333;0.19;2;;;;;;;;;;;;;;;;;;;;;;;;;;;;;;;;;;;;;;;;;;;;;;;;;;;;;;;;;;;;;;;;;;;;
;;;;;;;;dilution 3;0.432666666666667;0.488666666666667;0.38;;;;;;;;;;;;;;;;;;;;;;;;;;;;;;;;;;;;;;;;;;;;;;;;;;;;;;;;;;;;;;;;;;;;;
;;;;;;;;4;0.285;0.349;0.489;1;;;;;;;;;;;;;;;;;;;;;;;;;;;;;;;;;;;;;;;;;;;;;;;;;;;;;;;;;;;;;;;;;;;;
;;;;;;;;;0.284;0.348;0.498;1;;;;;;;;;;;;;;;;;;;;;;;;;;;;;;;;;;;;;;;;;;;;;;;;;;;;;;;;;;;;;;;;;;;;
;;;;;;;;;0.279;0.345;0.494;1;;;;;;;;;;;;;;;;;;;;;;;;;;;;;;;;;;;;;;;;;;;;;;;;;;;;;;;;;;;;;;;;;;;;
;;;;;;;;mean 4;0.282666666666667;0.347333333333333;0.493666666666667;1;;;;;;;;;;;;;;;;;;;;;;;;;;;;;;;;;;;;;;;;;;;;;;;;;;;;;;;;;;;;;;;;;;;;
;;;;;;;;dilution 4;0.282666666666667;0.347333333333333;0.493666666666667;;;;;;;;;;;;;;;;;;;;;;;;;;;;;;;;;;;;;;;;;;;;;;;;;;;;;;;;;;;;;;;;;;;;;
;;;;;;06/12/2025;15h56;0;0.2;0.211;0.23;4;;;;;;;;;;;;;;;;;;;;;;;;;;;;;;;;;;;;;;;;;;;;;;;;;;;;;;;;;;;;;;;;;;;;
;;;;;;;;;0.201;0.217;0.228;4;;;;;;;;;;;;;;;;;;;;;;;;;;;;;;;;;;;;;;;;;;;;;;;;;;;;;;;;;;;;;;;;;;;;
;;;;;;;;;0.202;0.211;0.233;4;;;;;;;;;;;;;;;;;;;;;;;;;;;;;;;;;;;;;;;;;;;;;;;;;;;;;;;;;;;;;;;;;;;;
;;;;;;;;mean 0;0.201;0.213;0.230333333333333;4;;;;;;;;;;;;;;;;;;;;;;;;;;;;;;;;;;;;;;;;;;;;;;;;;;;;;;;;;;;;;;;;;;;;
;;;;;;;;dilution 0;0.804;0.852;0.921333333333333;;;;;;;;;;;;;;;;;;;;;;;;;;;;;;;;;;;;;;;;;;;;;;;;;;;;;;;;;;;;;;;;;;;;;
;;;;;;;;1;0.15;0.202;0.382;4;;;;;;;;;;;;;;;;;;;;;;;;;;;;;;;;;;;;;;;;;;;;;;;;;;;;;;;;;;;;;;;;;;;;
;;;;;;;;;0.15;0.212;0.381;4;;;;;;;;;;;;;;;;;;;;;;;;;;;;;;;;;;;;;;;;;;;;;;;;;;;;;;;;;;;;;;;;;;;;
;;;;;;;;;0.153;0.208;0.376;4;;;;;;;;;;;;;;;;;;;;;;;;;;;;;;;;;;;;;;;;;;;;;;;;;;;;;;;;;;;;;;;;;;;;
;;;;;;;;mean 1 ;0.151;0.207333333333333;0.379666666666667;4;;;;;;;;;;;;;;;;;;;;;;;;;;;;;;;;;;;;;;;;;;;;;;;;;;;;;;;;;;;;;;;;;;;;
;;;;;;;;dilution 1;0.604;0.829333333333333;1.51866666666667;;;;;;;;;;;;;;;;;;;;;;;;;;;;;;;;;;;;;;;;;;;;;;;;;;;;;;;;;;;;;;;;;;;;;
;;;;;;;;2;0.26;0.261;0.301;2;;;;;;;;;;;;;;;;;;;;;;;;;;;;;;;;;;;;;;;;;;;;;;;;;;;;;;;;;;;;;;;;;;;;
;;;;;;;;;0.265;0.261;0.301;2;;;;;;;;;;;;;;;;;;;;;;;;;;;;;;;;;;;;;;;;;;;;;;;;;;;;;;;;;;;;;;;;;;;;
;;;;;;;;;0.264;0.257;0.301;2;;;;;;;;;;;;;;;;;;;;;;;;;;;;;;;;;;;;;;;;;;;;;;;;;;;;;;;;;;;;;;;;;;;;
;;;;;;;;mean 2 ;0.263;0.259666666666667;0.301;2;;;;;;;;;;;;;;;;;;;;;;;;;;;;;;;;;;;;;;;;;;;;;;;;;;;;;;;;;;;;;;;;;;;;
;;;;;;;;dilution 2;0.526;0.519333333333333;0.602;;;;;;;;;;;;;;;;;;;;;;;;;;;;;;;;;;;;;;;;;;;;;;;;;;;;;;;;;;;;;;;;;;;;;
;;;;;;;;3;0.222;0.291;0.216;2;;;;;;;;;;;;;;;;;;;;;;;;;;;;;;;;;;;;;;;;;;;;;;;;;;;;;;;;;;;;;;;;;;;;
;;;;;;;;;0.22;0.289;0.219;2;;;;;;;;;;;;;;;;;;;;;;;;;;;;;;;;;;;;;;;;;;;;;;;;;;;;;;;;;;;;;;;;;;;;
;;;;;;;;;0.229;0.296;0.231;2;;;;;;;;;;;;;;;;;;;;;;;;;;;;;;;;;;;;;;;;;;;;;;;;;;;;;;;;;;;;;;;;;;;;
;;;;;;;;mean 3;0.223666666666667;0.292;0.222;2;;;;;;;;;;;;;;;;;;;;;;;;;;;;;;;;;;;;;;;;;;;;;;;;;;;;;;;;;;;;;;;;;;;;
;;;;;;;;dilution 3;0.447333333333333;0.584;0.444;;;;;;;;;;;;;;;;;;;;;;;;;;;;;;;;;;;;;;;;;;;;;;;;;;;;;;;;;;;;;;;;;;;;;
;;;;;;;;4;0.349;0.38;0.546;1;;;;;;;;;;;;;;;;;;;;;;;;;;;;;;;;;;;;;;;;;;;;;;;;;;;;;;;;;;;;;;;;;;;;
;;;;;;;;;0.343;0.379;0.545;1;;;;;;;;;;;;;;;;;;;;;;;;;;;;;;;;;;;;;;;;;;;;;;;;;;;;;;;;;;;;;;;;;;;;
;;;;;;;;;0.339;0.387;0.55;1;;;;;;;;;;;;;;;;;;;;;;;;;;;;;;;;;;;;;;;;;;;;;;;;;;;;;;;;;;;;;;;;;;;;
;;;;;;;;mean 4;0.343666666666667;0.382;0.547;1;;;;;;;;;;;;;;;;;;;;;;;;;;;;;;;;;;;;;;;;;;;;;;;;;;;;;;;;;;;;;;;;;;;;
;;;;;;;;dilution 4;0.343666666666667;0.382;0.547;;;;;;;;;;;;;;;;;;;;;;;;;;;;;;;;;;;;;;;;;;;;;;;;;;;;;;;;;;;;;;;;;;;;;
;;;;;;07/12/2025;10h42;0;0.218;0.229;0.239;4;;;;;;;;;;;;;;;;;;;;;;;;;;;;;;;;;;;;;;;;;;;;;;;;;;;;;;;;;;;;;;;;;;;;
;;;;;;;;;0.217;0.234;0.237;4;;;;;;;;;;;;;;;;;;;;;;;;;;;;;;;;;;;;;;;;;;;;;;;;;;;;;;;;;;;;;;;;;;;;
;;;;;;;;;0.214;0.238;0.234;4;;;;;;;;;;;;;;;;;;;;;;;;;;;;;;;;;;;;;;;;;;;;;;;;;;;;;;;;;;;;;;;;;;;;
;;;;;;;;mean 0;0.216333333333333;0.233666666666667;0.236666666666667;4;;;;;;;;;;;;;;;;;;;;;;;;;;;;;;;;;;;;;;;;;;;;;;;;;;;;;;;;;;;;;;;;;;;;
;;;;;;;;dilution 0;0.865333333333333;0.934666666666667;0.946666666666667;;;;;;;;;;;;;;;;;;;;;;;;;;;;;;;;;;;;;;;;;;;;;;;;;;;;;;;;;;;;;;;;;;;;;
;;;;;;;;1;0.176;0.221;0.408;4;;;;;;;;;;;;;;;;;;;;;;;;;;;;;;;;;;;;;;;;;;;;;;;;;;;;;;;;;;;;;;;;;;;;
;;;;;;;;;0.177;0.223;0.408;4;;;;;;;;;;;;;;;;;;;;;;;;;;;;;;;;;;;;;;;;;;;;;;;;;;;;;;;;;;;;;;;;;;;;
;;;;;;;;;0.18;0.228;0.404;4;;;;;;;;;;;;;;;;;;;;;;;;;;;;;;;;;;;;;;;;;;;;;;;;;;;;;;;;;;;;;;;;;;;;
;;;;;;;;mean 1 ;0.177666666666667;0.224;0.406666666666667;4;;;;;;;;;;;;;;;;;;;;;;;;;;;;;;;;;;;;;;;;;;;;;;;;;;;;;;;;;;;;;;;;;;;;
;;;;;;;;dilution 1;0.710666666666667;0.896;1.62666666666667;;;;;;;;;;;;;;;;;;;;;;;;;;;;;;;;;;;;;;;;;;;;;;;;;;;;;;;;;;;;;;;;;;;;;
;;;;;;;;2;0.296;0.273;0.321;2;;;;;;;;;;;;;;;;;;;;;;;;;;;;;;;;;;;;;;;;;;;;;;;;;;;;;;;;;;;;;;;;;;;;
;;;;;;;;;0.298;0.272;0.324;2;;;;;;;;;;;;;;;;;;;;;;;;;;;;;;;;;;;;;;;;;;;;;;;;;;;;;;;;;;;;;;;;;;;;
;;;;;;;;;0.301;0.276;0.326;2;;;;;;;;;;;;;;;;;;;;;;;;;;;;;;;;;;;;;;;;;;;;;;;;;;;;;;;;;;;;;;;;;;;;
;;;;;;;;mean 2 ;0.298333333333333;0.273666666666667;0.323666666666667;2;;;;;;;;;;;;;;;;;;;;;;;;;;;;;;;;;;;;;;;;;;;;;;;;;;;;;;;;;;;;;;;;;;;;
;;;;;;;;dilution 2;0.596666666666667;0.547333333333333;0.647333333333333;;;;;;;;;;;;;;;;;;;;;;;;;;;;;;;;;;;;;;;;;;;;;;;;;;;;;;;;;;;;;;;;;;;;;
;;;;;;;;3;0.249;0.315;0.242;2;;;;;;;;;;;;;;;;;;;;;;;;;;;;;;;;;;;;;;;;;;;;;;;;;;;;;;;;;;;;;;;;;;;;
;;;;;;;;;0.252;0.311;0.242;2;;;;;;;;;;;;;;;;;;;;;;;;;;;;;;;;;;;;;;;;;;;;;;;;;;;;;;;;;;;;;;;;;;;;
;;;;;;;;;0.253;0.31;0.235;2;;;;;;;;;;;;;;;;;;;;;;;;;;;;;;;;;;;;;;;;;;;;;;;;;;;;;;;;;;;;;;;;;;;;
;;;;;;;;mean 3;0.251333333333333;0.312;0.239666666666667;2;;;;;;;;;;;;;;;;;;;;;;;;;;;;;;;;;;;;;;;;;;;;;;;;;;;;;;;;;;;;;;;;;;;;
;;;;;;;;dilution 3;0.502666666666667;0.624;0.479333333333333;;;;;;;;;;;;;;;;;;;;;;;;;;;;;;;;;;;;;;;;;;;;;;;;;;;;;;;;;;;;;;;;;;;;;
;;;;;;;;4;0.355;0.417;0.564;1;;;;;;;;;;;;;;;;;;;;;;;;;;;;;;;;;;;;;;;;;;;;;;;;;;;;;;;;;;;;;;;;;;;;
;;;;;;;;;0.357;0.434;0.56;1;;;;;;;;;;;;;;;;;;;;;;;;;;;;;;;;;;;;;;;;;;;;;;;;;;;;;;;;;;;;;;;;;;;;
;;;;;;;;;0.364;0.421;0.565;1;;;;;;;;;;;;;;;;;;;;;;;;;;;;;;;;;;;;;;;;;;;;;;;;;;;;;;;;;;;;;;;;;;;;
;;;;;;;;mean 4;0.358666666666667;0.424;0.563;1;;;;;;;;;;;;;;;;;;;;;;;;;;;;;;;;;;;;;;;;;;;;;;;;;;;;;;;;;;;;;;;;;;;;
;;;;;;;;dilution 4;0.358666666666667;0.424;0.563;;;;;;;;;;;;;;;;;;;;;;;;;;;;;;;;;;;;;;;;;;;;;;;;;;;;;;;;;;;;;;;;;;;;;
;;;;;;08/12/2025;8h17;0;0.237;0.262;0.264;4;;;;;;;;;;;;;;;;;;;;;;;;;;;;;;;;;;;;;;;;;;;;;;;;;;;;;;;;;;;;;;;;;;;;
;;;;;;;;;0.231;0.26;0.255;4;;;;;;;;;;;;;;;;;;;;;;;;;;;;;;;;;;;;;;;;;;;;;;;;;;;;;;;;;;;;;;;;;;;;
;;;;;;;;;0.236;0.254;0.262;4;;;;;;;;;;;;;;;;;;;;;;;;;;;;;;;;;;;;;;;;;;;;;;;;;;;;;;;;;;;;;;;;;;;;
;;;;;;;;mean 0;0.234666666666667;0.258666666666667;0.260333333333333;4;;;;;;;;;;;;;;;;;;;;;;;;;;;;;;;;;;;;;;;;;;;;;;;;;;;;;;;;;;;;;;;;;;;;
;;;;;;;;dilution 0;0.938666666666667;1.03466666666667;1.04133333333333;;;;;;;;;;;;;;;;;;;;;;;;;;;;;;;;;;;;;;;;;;;;;;;;;;;;;;;;;;;;;;;;;;;;;
;;;;;;;;1;0.19;0.227;0.44;4;;;;;;;;;;;;;;;;;;;;;;;;;;;;;;;;;;;;;;;;;;;;;;;;;;;;;;;;;;;;;;;;;;;;
;;;;;;;;;0.183;0.23;0.439;4;;;;;;;;;;;;;;;;;;;;;;;;;;;;;;;;;;;;;;;;;;;;;;;;;;;;;;;;;;;;;;;;;;;;
;;;;;;;;;0.189;0.234;0.439;4;;;;;;;;;;;;;;;;;;;;;;;;;;;;;;;;;;;;;;;;;;;;;;;;;;;;;;;;;;;;;;;;;;;;
;;;;;;;;mean 1 ;0.187333333333333;0.230333333333333;0.439333333333333;4;;;;;;;;;;;;;;;;;;;;;;;;;;;;;;;;;;;;;;;;;;;;;;;;;;;;;;;;;;;;;;;;;;;;
;;;;;;;;dilution 1;0.749333333333333;0.921333333333333;1.75733333333333;;;;;;;;;;;;;;;;;;;;;;;;;;;;;;;;;;;;;;;;;;;;;;;;;;;;;;;;;;;;;;;;;;;;;
;;;;;;;;2;0.34;0.294;0.354;2;;;;;;;;;;;;;;;;;;;;;;;;;;;;;;;;;;;;;;;;;;;;;;;;;;;;;;;;;;;;;;;;;;;;
;;;;;;;;;0.341;0.3;0.359;2;;;;;;;;;;;;;;;;;;;;;;;;;;;;;;;;;;;;;;;;;;;;;;;;;;;;;;;;;;;;;;;;;;;;
;;;;;;;;;0.33;0.29;0.349;2;;;;;;;;;;;;;;;;;;;;;;;;;;;;;;;;;;;;;;;;;;;;;;;;;;;;;;;;;;;;;;;;;;;;
;;;;;;;;mean 2 ;0.337;0.294666666666667;0.354;2;;;;;;;;;;;;;;;;;;;;;;;;;;;;;;;;;;;;;;;;;;;;;;;;;;;;;;;;;;;;;;;;;;;;
;;;;;;;;dilution 2;0.674;0.589333333333333;0.708;;;;;;;;;;;;;;;;;;;;;;;;;;;;;;;;;;;;;;;;;;;;;;;;;;;;;;;;;;;;;;;;;;;;;
;;;;;;;;3;0.272;0.333;0.274;2;;;;;;;;;;;;;;;;;;;;;;;;;;;;;;;;;;;;;;;;;;;;;;;;;;;;;;;;;;;;;;;;;;;;
;;;;;;;;;0.273;0.332;0.273;2;;;;;;;;;;;;;;;;;;;;;;;;;;;;;;;;;;;;;;;;;;;;;;;;;;;;;;;;;;;;;;;;;;;;
;;;;;;;;;0.278;0.333;0.271;2;;;;;;;;;;;;;;;;;;;;;;;;;;;;;;;;;;;;;;;;;;;;;;;;;;;;;;;;;;;;;;;;;;;;
;;;;;;;;mean 3;0.274333333333333;0.332666666666667;0.272666666666667;2;;;;;;;;;;;;;;;;;;;;;;;;;;;;;;;;;;;;;;;;;;;;;;;;;;;;;;;;;;;;;;;;;;;;
;;;;;;;;dilution 3;0.548666666666667;0.665333333333333;0.545333333333333;;;;;;;;;;;;;;;;;;;;;;;;;;;;;;;;;;;;;;;;;;;;;;;;;;;;;;;;;;;;;;;;;;;;;
;;;;;;;;4;0.386;0.441;0.6;1;;;;;;;;;;;;;;;;;;;;;;;;;;;;;;;;;;;;;;;;;;;;;;;;;;;;;;;;;;;;;;;;;;;;
;;;;;;;;;0.386;0.445;0.598;1;;;;;;;;;;;;;;;;;;;;;;;;;;;;;;;;;;;;;;;;;;;;;;;;;;;;;;;;;;;;;;;;;;;;
;;;;;;;;;0.382;0.45;0.605;1;;;;;;;;;;;;;;;;;;;;;;;;;;;;;;;;;;;;;;;;;;;;;;;;;;;;;;;;;;;;;;;;;;;;
;;;;;;;;mean 4;0.384666666666667;0.445333333333333;0.601;1;;;;;;;;;;;;;;;;;;;;;;;;;;;;;;;;;;;;;;;;;;;;;;;;;;;;;;;;;;;;;;;;;;;;
;;;;;;;;dilution 4;0.384666666666667;0.445333333333333;0.601;;;;;;;;;;;;;;;;;;;;;;;;;;;;;;;;;;;;;;;;;;;;;;;;;;;;;;;;;;;;;;;;;;;;;
;;;;;;08/12/2025;11h08;0;0.227;0.263;0.256;4;;;;;;;;;;;;;;;;;;;;;;;;;;;;;;;;;;;;;;;;;;;;;;;;;;;;;;;;;;;;;;;;;;;;
;;;;;;;;;0.221;0.262;0.25;4;;;;;;;;;;;;;;;;;;;;;;;;;;;;;;;;;;;;;;;;;;;;;;;;;;;;;;;;;;;;;;;;;;;;
;;;;;;;;;0.228;0.268;0.255;4;;;;;;;;;;;;;;;;;;;;;;;;;;;;;;;;;;;;;;;;;;;;;;;;;;;;;;;;;;;;;;;;;;;;
;;;;;;;;mean 0;0.225333333333333;0.264333333333333;0.253666666666667;4;;;;;;;;;;;;;;;;;;;;;;;;;;;;;;;;;;;;;;;;;;;;;;;;;;;;;;;;;;;;;;;;;;;;
;;;;;;;;dilution 0;0.901333333333333;1.05733333333333;1.01466666666667;;;;;;;;;;;;;;;;;;;;;;;;;;;;;;;;;;;;;;;;;;;;;;;;;;;;;;;;;;;;;;;;;;;;;
;;;;;;;;1;0.18;0.248;0.436;4;;;;;;;;;;;;;;;;;;;;;;;;;;;;;;;;;;;;;;;;;;;;;;;;;;;;;;;;;;;;;;;;;;;;
;;;;;;;;;0.179;0.255;0.433;4;;;;;;;;;;;;;;;;;;;;;;;;;;;;;;;;;;;;;;;;;;;;;;;;;;;;;;;;;;;;;;;;;;;;
;;;;;;;;;0.183;0.248;0.431;4;;;;;;;;;;;;;;;;;;;;;;;;;;;;;;;;;;;;;;;;;;;;;;;;;;;;;;;;;;;;;;;;;;;;
;;;;;;;;mean 1 ;0.180666666666667;0.250333333333333;0.433333333333333;4;;;;;;;;;;;;;;;;;;;;;;;;;;;;;;;;;;;;;;;;;;;;;;;;;;;;;;;;;;;;;;;;;;;;
;;;;;;;;dilution 1;0.722666666666667;1.00133333333333;1.73333333333333;;;;;;;;;;;;;;;;;;;;;;;;;;;;;;;;;;;;;;;;;;;;;;;;;;;;;;;;;;;;;;;;;;;;;
;;;;;;;;2;0.337;0.318;0.329;2;;;;;;;;;;;;;;;;;;;;;;;;;;;;;;;;;;;;;;;;;;;;;;;;;;;;;;;;;;;;;;;;;;;;
;;;;;;;;;0.332;0.315;0.336;2;;;;;;;;;;;;;;;;;;;;;;;;;;;;;;;;;;;;;;;;;;;;;;;;;;;;;;;;;;;;;;;;;;;;
;;;;;;;;;0.341;0.315;0.332;2;;;;;;;;;;;;;;;;;;;;;;;;;;;;;;;;;;;;;;;;;;;;;;;;;;;;;;;;;;;;;;;;;;;;
;;;;;;;;mean 2 ;0.336666666666667;0.316;0.332333333333333;2;;;;;;;;;;;;;;;;;;;;;;;;;;;;;;;;;;;;;;;;;;;;;;;;;;;;;;;;;;;;;;;;;;;;
;;;;;;;;dilution 2;0.673333333333333;0.632;0.664666666666667;;;;;;;;;;;;;;;;;;;;;;;;;;;;;;;;;;;;;;;;;;;;;;;;;;;;;;;;;;;;;;;;;;;;;
;;;;;;;;3;0.28;0.339;0.26;2;;;;;;;;;;;;;;;;;;;;;;;;;;;;;;;;;;;;;;;;;;;;;;;;;;;;;;;;;;;;;;;;;;;;
;;;;;;;;;0.279;0.337;0.266;2;;;;;;;;;;;;;;;;;;;;;;;;;;;;;;;;;;;;;;;;;;;;;;;;;;;;;;;;;;;;;;;;;;;;
;;;;;;;;;0.278;0.334;0.267;2;;;;;;;;;;;;;;;;;;;;;;;;;;;;;;;;;;;;;;;;;;;;;;;;;;;;;;;;;;;;;;;;;;;;
;;;;;;;;mean 3;0.279;0.336666666666667;0.264333333333333;2;;;;;;;;;;;;;;;;;;;;;;;;;;;;;;;;;;;;;;;;;;;;;;;;;;;;;;;;;;;;;;;;;;;;
;;;;;;;;dilution 3;0.558;0.673333333333333;0.528666666666667;;;;;;;;;;;;;;;;;;;;;;;;;;;;;;;;;;;;;;;;;;;;;;;;;;;;;;;;;;;;;;;;;;;;;
;;;;;;;;4;0.383;0.464;0.599;1;;;;;;;;;;;;;;;;;;;;;;;;;;;;;;;;;;;;;;;;;;;;;;;;;;;;;;;;;;;;;;;;;;;;
;;;;;;;;;0.389;0.452;0.593;1;;;;;;;;;;;;;;;;;;;;;;;;;;;;;;;;;;;;;;;;;;;;;;;;;;;;;;;;;;;;;;;;;;;;
;;;;;;;;;0.391;0.449;0.591;1;;;;;;;;;;;;;;;;;;;;;;;;;;;;;;;;;;;;;;;;;;;;;;;;;;;;;;;;;;;;;;;;;;;;
;;;;;;;;mean 4;0.387666666666667;0.455;0.594333333333333;1;;;;;;;;;;;;;;;;;;;;;;;;;;;;;;;;;;;;;;;;;;;;;;;;;;;;;;;;;;;;;;;;;;;;
;;;;;;;;dilution 4;0.387666666666667;0.455;0.594333333333333;;;;;;;;;;;;;;;;;;;;;;;;;;;;;;;;;;;;;;;;;;;;;;;;;;;;;;;;;;;;;;;;;;;;;
;;;;;;09/12/2025;8h10;0;0.249;0.284;0.278;4;;;;;;;;;;;;;;;;;;;;;;;;;;;;;;;;;;;;;;;;;;;;;;;;;;;;;;;;;;;;;;;;;;;;
;;;;;;;;;0.251;0.273;0.295;4;;;;;;;;;;;;;;;;;;;;;;;;;;;;;;;;;;;;;;;;;;;;;;;;;;;;;;;;;;;;;;;;;;;;
;;;;;;;;;0.256;0.271;0.29;4;;;;;;;;;;;;;;;;;;;;;;;;;;;;;;;;;;;;;;;;;;;;;;;;;;;;;;;;;;;;;;;;;;;;
;;;;;;;;mean 0;0.252;0.276;0.287666666666667;4;;;;;;;;;;;;;;;;;;;;;;;;;;;;;;;;;;;;;;;;;;;;;;;;;;;;;;;;;;;;;;;;;;;;
;;;;;;;;dilution 0;1.008;1.104;1.15066666666667;;;;;;;;;;;;;;;;;;;;;;;;;;;;;;;;;;;;;;;;;;;;;;;;;;;;;;;;;;;;;;;;;;;;;
;;;;;;;;1;0.194;0.26;0.453;4;;;;;;;;;;;;;;;;;;;;;;;;;;;;;;;;;;;;;;;;;;;;;;;;;;;;;;;;;;;;;;;;;;;;
;;;;;;;;;0.197;0.26;0.459;4;;;;;;;;;;;;;;;;;;;;;;;;;;;;;;;;;;;;;;;;;;;;;;;;;;;;;;;;;;;;;;;;;;;;
;;;;;;;;;0.193;0.263;0.467;4;;;;;;;;;;;;;;;;;;;;;;;;;;;;;;;;;;;;;;;;;;;;;;;;;;;;;;;;;;;;;;;;;;;;
;;;;;;;;mean 1 ;0.194666666666667;0.261;0.459666666666667;4;;;;;;;;;;;;;;;;;;;;;;;;;;;;;;;;;;;;;;;;;;;;;;;;;;;;;;;;;;;;;;;;;;;;
;;;;;;;;dilution 1;0.778666666666667;1.044;1.83866666666667;;;;;;;;;;;;;;;;;;;;;;;;;;;;;;;;;;;;;;;;;;;;;;;;;;;;;;;;;;;;;;;;;;;;;
;;;;;;;;2;0.354;0.318;0.363;2;;;;;;;;;;;;;;;;;;;;;;;;;;;;;;;;;;;;;;;;;;;;;;;;;;;;;;;;;;;;;;;;;;;;
;;;;;;;;;0.358;0.33;0.36;2;;;;;;;;;;;;;;;;;;;;;;;;;;;;;;;;;;;;;;;;;;;;;;;;;;;;;;;;;;;;;;;;;;;;
;;;;;;;;;0.352;0.329;0.363;2;;;;;;;;;;;;;;;;;;;;;;;;;;;;;;;;;;;;;;;;;;;;;;;;;;;;;;;;;;;;;;;;;;;;
;;;;;;;;mean 2 ;0.354666666666667;0.325666666666667;0.362;2;;;;;;;;;;;;;;;;;;;;;;;;;;;;;;;;;;;;;;;;;;;;;;;;;;;;;;;;;;;;;;;;;;;;
;;;;;;;;dilution 2;0.709333333333333;0.651333333333333;0.724;;;;;;;;;;;;;;;;;;;;;;;;;;;;;;;;;;;;;;;;;;;;;;;;;;;;;;;;;;;;;;;;;;;;;
;;;;;;;;3;0.293;0.337;0.257;2;;;;;;;;;;;;;;;;;;;;;;;;;;;;;;;;;;;;;;;;;;;;;;;;;;;;;;;;;;;;;;;;;;;;
;;;;;;;;;0.283;0.333;0.266;2;;;;;;;;;;;;;;;;;;;;;;;;;;;;;;;;;;;;;;;;;;;;;;;;;;;;;;;;;;;;;;;;;;;;
;;;;;;;;;0.282;0.337;0.261;2;;;;;;;;;;;;;;;;;;;;;;;;;;;;;;;;;;;;;;;;;;;;;;;;;;;;;;;;;;;;;;;;;;;;
;;;;;;;;mean 3;0.286;0.335666666666667;0.261333333333333;2;;;;;;;;;;;;;;;;;;;;;;;;;;;;;;;;;;;;;;;;;;;;;;;;;;;;;;;;;;;;;;;;;;;;
;;;;;;;;dilution 3;0.572;0.671333333333333;0.522666666666667;;;;;;;;;;;;;;;;;;;;;;;;;;;;;;;;;;;;;;;;;;;;;;;;;;;;;;;;;;;;;;;;;;;;;
;;;;;;;;4;0.407;0.479;0.61;1;;;;;;;;;;;;;;;;;;;;;;;;;;;;;;;;;;;;;;;;;;;;;;;;;;;;;;;;;;;;;;;;;;;;
;;;;;;;;;0.416;0.476;0.602;1;;;;;;;;;;;;;;;;;;;;;;;;;;;;;;;;;;;;;;;;;;;;;;;;;;;;;;;;;;;;;;;;;;;;
;;;;;;;;;0.421;0.482;0.601;1;;;;;;;;;;;;;;;;;;;;;;;;;;;;;;;;;;;;;;;;;;;;;;;;;;;;;;;;;;;;;;;;;;;;
;;;;;;;;mean 4;0.414666666666667;0.479;0.604333333333333;1;;;;;;;;;;;;;;;;;;;;;;;;;;;;;;;;;;;;;;;;;;;;;;;;;;;;;;;;;;;;;;;;;;;;
;;;;;;;;dilution 4;0.414666666666667;0.479;0.604333333333333;;;;;;;;;;;;;;;;;;;;;;;;;;;;;;;;;;;;;;;;;;;;;;;;;;;;;;;;;;;;;;;;;;;;;
;;;;;;10/12/2025;8h26;0;0.267;0.29;0.294;4;;;;;;;;;;;;;;;;;;;;;;;;;;;;;;;;;;;;;;;;;;;;;;;;;;;;;;;;;;;;;;;;;;;;
;;;;;;;;;0.278;0.282;0.299;4;;;;;;;;;;;;;;;;;;;;;;;;;;;;;;;;;;;;;;;;;;;;;;;;;;;;;;;;;;;;;;;;;;;;
;;;;;;;;;0.269;0.295;0.29;4;;;;;;;;;;;;;;;;;;;;;;;;;;;;;;;;;;;;;;;;;;;;;;;;;;;;;;;;;;;;;;;;;;;;
;;;;;;;;mean 0;0.271333333333333;0.289;0.294333333333333;4;;;;;;;;;;;;;;;;;;;;;;;;;;;;;;;;;;;;;;;;;;;;;;;;;;;;;;;;;;;;;;;;;;;;
;;;;;;;;dilution 0;1.08533333333333;1.156;1.17733333333333;;;;;;;;;;;;;;;;;;;;;;;;;;;;;;;;;;;;;;;;;;;;;;;;;;;;;;;;;;;;;;;;;;;;;
;;;;;;;;1;0.214;0.291;0.478;4;;;;;;;;;;;;;;;;;;;;;;;;;;;;;;;;;;;;;;;;;;;;;;;;;;;;;;;;;;;;;;;;;;;;
;;;;;;;;;0.212;0.307;0.478;4;;;;;;;;;;;;;;;;;;;;;;;;;;;;;;;;;;;;;;;;;;;;;;;;;;;;;;;;;;;;;;;;;;;;
;;;;;;;;;0.211;0.301;0.476;4;;;;;;;;;;;;;;;;;;;;;;;;;;;;;;;;;;;;;;;;;;;;;;;;;;;;;;;;;;;;;;;;;;;;
;;;;;;;;mean 1 ;0.212333333333333;0.299666666666667;0.477333333333333;4;;;;;;;;;;;;;;;;;;;;;;;;;;;;;;;;;;;;;;;;;;;;;;;;;;;;;;;;;;;;;;;;;;;;
;;;;;;;;dilution 1;0.849333333333333;1.19866666666667;1.90933333333333;;;;;;;;;;;;;;;;;;;;;;;;;;;;;;;;;;;;;;;;;;;;;;;;;;;;;;;;;;;;;;;;;;;;;
;;;;;;;;2;0.383;0.331;0.362;2;;;;;;;;;;;;;;;;;;;;;;;;;;;;;;;;;;;;;;;;;;;;;;;;;;;;;;;;;;;;;;;;;;;;
;;;;;;;;;0.376;0.333;0.37;2;;;;;;;;;;;;;;;;;;;;;;;;;;;;;;;;;;;;;;;;;;;;;;;;;;;;;;;;;;;;;;;;;;;;
;;;;;;;;;0.372;0.336;0.367;2;;;;;;;;;;;;;;;;;;;;;;;;;;;;;;;;;;;;;;;;;;;;;;;;;;;;;;;;;;;;;;;;;;;;
;;;;;;;;mean 2 ;0.377;0.333333333333333;0.366333333333333;2;;;;;;;;;;;;;;;;;;;;;;;;;;;;;;;;;;;;;;;;;;;;;;;;;;;;;;;;;;;;;;;;;;;;
;;;;;;;;dilution 2;0.754;0.666666666666667;0.732666666666667;;;;;;;;;;;;;;;;;;;;;;;;;;;;;;;;;;;;;;;;;;;;;;;;;;;;;;;;;;;;;;;;;;;;;
;;;;;;;;3;0.319;0.35;0.28;2;;;;;;;;;;;;;;;;;;;;;;;;;;;;;;;;;;;;;;;;;;;;;;;;;;;;;;;;;;;;;;;;;;;;
;;;;;;;;;0.309;0.355;0.269;2;;;;;;;;;;;;;;;;;;;;;;;;;;;;;;;;;;;;;;;;;;;;;;;;;;;;;;;;;;;;;;;;;;;;
;;;;;;;;;0.307;0.358;0.265;2;;;;;;;;;;;;;;;;;;;;;;;;;;;;;;;;;;;;;;;;;;;;;;;;;;;;;;;;;;;;;;;;;;;;
;;;;;;;;mean 3;0.311666666666667;0.354333333333333;0.271333333333333;2;;;;;;;;;;;;;;;;;;;;;;;;;;;;;;;;;;;;;;;;;;;;;;;;;;;;;;;;;;;;;;;;;;;;
;;;;;;;;dilution 3;0.623333333333333;0.708666666666667;0.542666666666667;;;;;;;;;;;;;;;;;;;;;;;;;;;;;;;;;;;;;;;;;;;;;;;;;;;;;;;;;;;;;;;;;;;;;
;;;;;;;;4;0.439;0.516;0.634;1;;;;;;;;;;;;;;;;;;;;;;;;;;;;;;;;;;;;;;;;;;;;;;;;;;;;;;;;;;;;;;;;;;;;
;;;;;;;;;0.435;0.514;0.617;1;;;;;;;;;;;;;;;;;;;;;;;;;;;;;;;;;;;;;;;;;;;;;;;;;;;;;;;;;;;;;;;;;;;;
;;;;;;;;;0.43;0.52;0.616;1;;;;;;;;;;;;;;;;;;;;;;;;;;;;;;;;;;;;;;;;;;;;;;;;;;;;;;;;;;;;;;;;;;;;
;;;;;;;;mean 4;0.434666666666667;0.516666666666667;0.622333333333333;1;;;;;;;;;;;;;;;;;;;;;;;;;;;;;;;;;;;;;;;;;;;;;;;;;;;;;;;;;;;;;;;;;;;;
;;;;;;;;dilution 4;0.434666666666667;0.516666666666667;0.622333333333333;;;;;;;;;;;;;;;;;;;;;;;;;;;;;;;;;;;;;;;;;;;;;;;;;;;;;;;;;;;;;;;;;;;;;
;;;;;;11/12/2025;8h00;0;0.295;0.322;0.328;4;;;;;;;;;;;;;;;;;;;;;;;;;;;;;;;;;;;;;;;;;;;;;;;;;;;;;;;;;;;;;;;;;;;;
;;;;;;;;;0.293;0.32;0.326;4;;;;;;;;;;;;;;;;;;;;;;;;;;;;;;;;;;;;;;;;;;;;;;;;;;;;;;;;;;;;;;;;;;;;
;;;;;;;;;0.292;0.312;0.327;4;;;;;;;;;;;;;;;;;;;;;;;;;;;;;;;;;;;;;;;;;;;;;;;;;;;;;;;;;;;;;;;;;;;;
;;;;;;;;mean 0;0.293333333333333;0.318;0.327;4;;;;;;;;;;;;;;;;;;;;;;;;;;;;;;;;;;;;;;;;;;;;;;;;;;;;;;;;;;;;;;;;;;;;
;;;;;;;;dilution 0;1.17333333333333;1.272;1.308;;;;;;;;;;;;;;;;;;;;;;;;;;;;;;;;;;;;;;;;;;;;;;;;;;;;;;;;;;;;;;;;;;;;;
;;;;;;;;1;0.239;0.287;0.496;4;;;;;;;;;;;;;;;;;;;;;;;;;;;;;;;;;;;;;;;;;;;;;;;;;;;;;;;;;;;;;;;;;;;;
;;;;;;;;;0.235;0.277;0.483;4;;;;;;;;;;;;;;;;;;;;;;;;;;;;;;;;;;;;;;;;;;;;;;;;;;;;;;;;;;;;;;;;;;;;
;;;;;;;;;0.238;0.278;0.487;4;;;;;;;;;;;;;;;;;;;;;;;;;;;;;;;;;;;;;;;;;;;;;;;;;;;;;;;;;;;;;;;;;;;;
;;;;;;;;mean 1 ;0.237333333333333;0.280666666666667;0.488666666666667;4;;;;;;;;;;;;;;;;;;;;;;;;;;;;;;;;;;;;;;;;;;;;;;;;;;;;;;;;;;;;;;;;;;;;
;;;;;;;;dilution 1;0.949333333333333;1.12266666666667;1.95466666666667;;;;;;;;;;;;;;;;;;;;;;;;;;;;;;;;;;;;;;;;;;;;;;;;;;;;;;;;;;;;;;;;;;;;;
;;;;;;;;2;0.404;0.37;0.371;2;;;;;;;;;;;;;;;;;;;;;;;;;;;;;;;;;;;;;;;;;;;;;;;;;;;;;;;;;;;;;;;;;;;;
;;;;;;;;;0.402;0.37;0.372;2;;;;;;;;;;;;;;;;;;;;;;;;;;;;;;;;;;;;;;;;;;;;;;;;;;;;;;;;;;;;;;;;;;;;
;;;;;;;;;0.393;0.373;0.376;2;;;;;;;;;;;;;;;;;;;;;;;;;;;;;;;;;;;;;;;;;;;;;;;;;;;;;;;;;;;;;;;;;;;;
;;;;;;;;mean 2 ;0.399666666666667;0.371;0.373;2;;;;;;;;;;;;;;;;;;;;;;;;;;;;;;;;;;;;;;;;;;;;;;;;;;;;;;;;;;;;;;;;;;;;
;;;;;;;;dilution 2;0.799333333333333;0.742;0.746;;;;;;;;;;;;;;;;;;;;;;;;;;;;;;;;;;;;;;;;;;;;;;;;;;;;;;;;;;;;;;;;;;;;;
;;;;;;;;3;0.331;0.37;0.282;2;;;;;;;;;;;;;;;;;;;;;;;;;;;;;;;;;;;;;;;;;;;;;;;;;;;;;;;;;;;;;;;;;;;;
;;;;;;;;;0.327;0.375;0.283;2;;;;;;;;;;;;;;;;;;;;;;;;;;;;;;;;;;;;;;;;;;;;;;;;;;;;;;;;;;;;;;;;;;;;
;;;;;;;;;0.338;0.373;0.276;2;;;;;;;;;;;;;;;;;;;;;;;;;;;;;;;;;;;;;;;;;;;;;;;;;;;;;;;;;;;;;;;;;;;;
;;;;;;;;mean 3;0.332;0.372666666666667;0.280333333333333;2;;;;;;;;;;;;;;;;;;;;;;;;;;;;;;;;;;;;;;;;;;;;;;;;;;;;;;;;;;;;;;;;;;;;
;;;;;;;;dilution 3;0.664;0.745333333333333;0.560666666666667;;;;;;;;;;;;;;;;;;;;;;;;;;;;;;;;;;;;;;;;;;;;;;;;;;;;;;;;;;;;;;;;;;;;;
;;;;;;;;4;0.45;0.539;0.621;1;;;;;;;;;;;;;;;;;;;;;;;;;;;;;;;;;;;;;;;;;;;;;;;;;;;;;;;;;;;;;;;;;;;;
;;;;;;;;;0.452;0.609;0.619;1;;;;;;;;;;;;;;;;;;;;;;;;;;;;;;;;;;;;;;;;;;;;;;;;;;;;;;;;;;;;;;;;;;;;
;;;;;;;;;0.445;0.542;0.631;1;;;;;;;;;;;;;;;;;;;;;;;;;;;;;;;;;;;;;;;;;;;;;;;;;;;;;;;;;;;;;;;;;;;;
;;;;;;;;mean 4;0.449;0.563333333333333;0.623666666666667;1;;;;;;;;;;;;;;;;;;;;;;;;;;;;;;;;;;;;;;;;;;;;;;;;;;;;;;;;;;;;;;;;;;;;
;;;;;;;;dilution 4;0.449;0.563333333333333;0.623666666666667;;;;;;;;;;;;;;;;;;;;;;;;;;;;;;;;;;;;;;;;;;;;;;;;;;;;;;;;;;;;;;;;;;;;;
;;;;;;12/12/2025;17h38;0;0.307;0.342;0.344;4;;;;;;;;;;;;;;;;;;;;;;;;;;;;;;;;;;;;;;;;;;;;;;;;;;;;;;;;;;;;;;;;;;;;
;;;;;;;;;0.309;0.337;0.342;4;;;;;;;;;;;;;;;;;;;;;;;;;;;;;;;;;;;;;;;;;;;;;;;;;;;;;;;;;;;;;;;;;;;;
;;;;;;;;;0.304;0.35;0.34;4;;;;;;;;;;;;;;;;;;;;;;;;;;;;;;;;;;;;;;;;;;;;;;;;;;;;;;;;;;;;;;;;;;;;
;;;;;;;;mean 0;0.306666666666667;0.343;0.342;4;;;;;;;;;;;;;;;;;;;;;;;;;;;;;;;;;;;;;;;;;;;;;;;;;;;;;;;;;;;;;;;;;;;;
;;;;;;;;dilution 0;1.22666666666667;1.372;1.368;;;;;;;;;;;;;;;;;;;;;;;;;;;;;;;;;;;;;;;;;;;;;;;;;;;;;;;;;;;;;;;;;;;;;
;;;;;;;;1;0.236;0.305;0.507;4;;;;;;;;;;;;;;;;;;;;;;;;;;;;;;;;;;;;;;;;;;;;;;;;;;;;;;;;;;;;;;;;;;;;
;;;;;;;;;0.241;0.3;0.501;4;;;;;;;;;;;;;;;;;;;;;;;;;;;;;;;;;;;;;;;;;;;;;;;;;;;;;;;;;;;;;;;;;;;;
;;;;;;;;;0.24;0.302;0.51;4;;;;;;;;;;;;;;;;;;;;;;;;;;;;;;;;;;;;;;;;;;;;;;;;;;;;;;;;;;;;;;;;;;;;
;;;;;;;;mean 1 ;0.239;0.302333333333333;0.506;4;;;;;;;;;;;;;;;;;;;;;;;;;;;;;;;;;;;;;;;;;;;;;;;;;;;;;;;;;;;;;;;;;;;;
;;;;;;;;dilution 1;0.956;1.20933333333333;2.024;;;;;;;;;;;;;;;;;;;;;;;;;;;;;;;;;;;;;;;;;;;;;;;;;;;;;;;;;;;;;;;;;;;;;
;;;;;;;;2;0.44;0.435;0.395;2;;;;;;;;;;;;;;;;;;;;;;;;;;;;;;;;;;;;;;;;;;;;;;;;;;;;;;;;;;;;;;;;;;;;
;;;;;;;;;0.451;0.425;0.391;2;;;;;;;;;;;;;;;;;;;;;;;;;;;;;;;;;;;;;;;;;;;;;;;;;;;;;;;;;;;;;;;;;;;;
;;;;;;;;;0.449;0.427;0.39;2;;;;;;;;;;;;;;;;;;;;;;;;;;;;;;;;;;;;;;;;;;;;;;;;;;;;;;;;;;;;;;;;;;;;
;;;;;;;;mean 2 ;0.446666666666667;0.429;0.392;2;;;;;;;;;;;;;;;;;;;;;;;;;;;;;;;;;;;;;;;;;;;;;;;;;;;;;;;;;;;;;;;;;;;;
;;;;;;;;dilution 2;0.893333333333333;0.858;0.784;;;;;;;;;;;;;;;;;;;;;;;;;;;;;;;;;;;;;;;;;;;;;;;;;;;;;;;;;;;;;;;;;;;;;
;;;;;;;;3;0.352;0.361;0.279;2;;;;;;;;;;;;;;;;;;;;;;;;;;;;;;;;;;;;;;;;;;;;;;;;;;;;;;;;;;;;;;;;;;;;
;;;;;;;;;0.357;0.364;0.278;2;;;;;;;;;;;;;;;;;;;;;;;;;;;;;;;;;;;;;;;;;;;;;;;;;;;;;;;;;;;;;;;;;;;;
;;;;;;;;;0.356;0.36;0.276;2;;;;;;;;;;;;;;;;;;;;;;;;;;;;;;;;;;;;;;;;;;;;;;;;;;;;;;;;;;;;;;;;;;;;
;;;;;;;;mean 3;0.355;0.361666666666667;0.277666666666667;2;;;;;;;;;;;;;;;;;;;;;;;;;;;;;;;;;;;;;;;;;;;;;;;;;;;;;;;;;;;;;;;;;;;;
;;;;;;;;dilution 3;0.71;0.723333333333333;0.555333333333333;;;;;;;;;;;;;;;;;;;;;;;;;;;;;;;;;;;;;;;;;;;;;;;;;;;;;;;;;;;;;;;;;;;;;
;;;;;;;;4;0.459;0.54;0.619;1;;;;;;;;;;;;;;;;;;;;;;;;;;;;;;;;;;;;;;;;;;;;;;;;;;;;;;;;;;;;;;;;;;;;
;;;;;;;;;0.464;0.536;0.608;1;;;;;;;;;;;;;;;;;;;;;;;;;;;;;;;;;;;;;;;;;;;;;;;;;;;;;;;;;;;;;;;;;;;;
;;;;;;;;;0.471;0.537;0.622;1;;;;;;;;;;;;;;;;;;;;;;;;;;;;;;;;;;;;;;;;;;;;;;;;;;;;;;;;;;;;;;;;;;;;
;;;;;;;;mean 4;0.464666666666667;0.537666666666667;0.616333333333333;1;;;;;;;;;;;;;;;;;;;;;;;;;;;;;;;;;;;;;;;;;;;;;;;;;;;;;;;;;;;;;;;;;;;;
;;;;;;;;dilution 4;0.464666666666667;0.537666666666667;0.616333333333333;;;;;;;;;;;;;;;;;;;;;;;;;;;;;;;;;;;;;;;;;;;;;;;;;;;;;;;;;;;;;;;;;;;;;