Start;19/01/2026;9h53;End;06/02/2026;16h43;;;;A;B;C;Dilution;Day;Time (h);Time (s);OD 0A;Std 0A;OD 0B;Std 0B;OD 0C;Std 0C;OD 1A;Std 1A;OD 1B;Std 1B;OD 1C;Std 1C;OD 2A;Std 2A;OD 2B;Std 2B;OD 2C;Std 2C;OD 3A;Std 3A;OD 3B;Std 3B;OD 3C;Std 3C;OD 4A;Std 4A;OD 4B;Std 4B;OD 4C;Std 4C;mean 0;std 0;mean 1;std 1;mean 2;std 2;mean 3;std 3;mean 4;std 4;dilution 0;dilution 1;dilution 2;dilution 3;dilution 4;OD 0A NC;OD 0B NC;OD 0C NC;OD 1A NC;OD 1B NC;OD 1C NC;OD 2A NC;OD 2B NC;OD 2C NC;OD 3A NC;OD 3B NC;OD 3C NC;OD 4A NC;OD 4B NC;OD 4C NC;mean 0 NC;mean 1 NC;mean 2 NC;mean 3 NC;mean 4 NC;;condition & replicats;pH;conditions;pH moyen;ecart-type
;;;;;;20/01/2026;8h10;0;0.133;0.138;0.149;1;19/01/2026;9h53;0;;;;;;;;;;;;;;;;;;;;;;;;;;;;;;;;;;;;;;;;;;;;;;;;;;;;;;;;;;;;;;;;;;;0A;7.53;0;7.54666666666667;0.0152752523165191
;;;;;;;;;0.132;0.132;0.15;1;20/01/2026;8h10;80220;0.132;0.001;0.135;0.003;0.150333333333333;0.00152752523165195;0.209;0.00264575131106459;0.2;0.00264575131106459;0.203;0.000999999999999987;0.153333333333333;0.000577350269189626;0.19;0.00173205080756888;0.18;0.00346410161513776;0.128;0.001;0.119333333333333;0.00152752523165195;0.334666666666667;0.0030550504633039;0.258333333333333;0.00208166599946613;0.139666666666667;0.00251661147842357;0.101;0.000999999999999994;0.139111111111111;0.00983380413185576;0.204;0.00458257569495582;0.174444444444444;0.0189541356769244;0.194;0.121897953678932;0.166333333333333;0.0819864487447638;1;1;1;1;1;0.132;0.135;0.150333333333333;0.209;0.2;0.203;0.153333333333333;0.19;0.18;0.128;0.119333333333333;0.334666666666667;0.258333333333333;0.139666666666667;0.101;0.139111111111111;0.204;0.174444444444444;0.194;0.166333333333333;;0B;7.56;1;7.27;0.0100000000000002
;;;;;;;;;0.131;0.135;0.152;1;20/01/2026;10h54;90060;0.170333333333333;0.00404145188432737;0.185333333333333;0.00776745346515404;0.2;0.00173205080756888;0.242666666666667;0.0030550504633039;0.227666666666667;0.00152752523165195;0.23;0.00519615242270662;0.146;0.00173205080756888;0.199;0.00264575131106459;0.169;0.00399999999999999;0.143;0.00360555127546398;0.143;0.002;0.387333333333333;0.00321455025366432;0.293;0.00264575131106459;0.146333333333333;0.00208166599946613;0.120333333333333;0.00152752523165195;0.185222222222222;0.0148336454399125;0.233444444444444;0.008071440277184;0.171333333333333;0.0265769323537035;0.224444444444444;0.141065915771999;0.186555555555556;0.0930957293049193;1;1;1;1;1;0.170333333333333;0.185333333333333;0.2;0.242666666666667;0.227666666666667;0.23;0.146;0.199;0.169;0.143;0.143;0.387333333333333;0.293;0.146333333333333;0.120333333333333;0.185222222222222;0.233444444444444;0.171333333333333;0.224444444444444;0.186555555555556;;0C;7.55;2;7.05;0.03605551275464
;;;;;;;;mean 0;0.132;0.135;0.150333333333333;1;20/01/2026;13h20;98820;0.217;0.001;0.235333333333333;0.00776745346515402;0.224;0.00435889894354068;0.258;0.00529150262212919;0.261333333333333;0.00208166599946613;0.247666666666667;0.00351188458428425;0.219666666666667;0.00416333199893227;0.272333333333333;0.00550757054728611;0.204333333333333;0.00404145188432737;0.143;0.001;0.158;0.00264575131106459;0.511666666666667;0.00503322295684717;0.355333333333333;0.00680685928555405;0.158666666666667;0.00288675134594813;0.121;0.00264575131106459;0.225444444444444;0.00925162648362937;0.255666666666667;0.00712585277547732;0.232111111111111;0.0356671858736871;0.270888888888889;0.208654507987975;0.211666666666667;0.125836313430495;1;1;1;1;1;0.217;0.235333333333333;0.224;0.258;0.261333333333333;0.247666666666667;0.219666666666667;0.272333333333333;0.204333333333333;0.143;0.158;0.511666666666667;0.355333333333333;0.158666666666667;0.121;0.225444444444444;0.255666666666667;0.232111111111111;0.270888888888889;0.211666666666667;;1A;7.27;3;6.77333333333333;0.0450924975282289
;;;;;;;;dilution 0;0.132;0.135;0.150333333333333;;20/01/2026;16h50;111420;0.282666666666667;0.00251661147842356;0.26;0.00346410161513776;0.319333333333333;0.00288675134594813;0.268;0.00173205080756888;0.318666666666667;0.0045092497528229;0.296;0.00264575131106459;0.211;0.002;0.324;0.00871779788708136;0.234666666666667;0.00152752523165193;0.166;0.00458257569495584;0.178666666666667;0.00351188458428425;0.592;0.00529150262212919;0.423;0.003;0.189666666666667;0.00115470053837925;0.145;0.001;0.287333333333333;0.0299406820971808;0.294222222222222;0.0253800738404786;0.256555555555556;0.0595952396806371;0.312222222222222;0.242377422246411;0.252555555555556;0.149289179980531;1;1;1;1;1;0.282666666666667;0.26;0.319333333333333;0.268;0.318666666666667;0.296;0.211;0.324;0.234666666666667;0.166;0.178666666666667;0.592;0.423;0.189666666666667;0.145;0.287333333333333;0.294222222222222;0.256555555555556;0.312222222222222;0.252555555555556;;1B;7.26;4;6.66333333333333;0.142243921955679
;;;;;;;;1;0.206;0.203;0.204;1;21/01/2026;8h11;166680;0.529333333333333;0.00321455025366432;0.538;0.00346410161513776;0.574666666666667;0.00251661147842359;0.484666666666667;0.00288675134594813;0.451333333333333;0.00152752523165195;0.476;0.00264575131106459;0.377333333333333;0.00321455025366432;0.491333333333333;0.00230940107675851;0.348;0.00173205080756888;0.256;0.00346410161513776;0.29;0;1.13933333333333;0.00642910050732864;0.654666666666667;0.00346410161513776;0.282;0.00199999999999999;0.19;0.00173205080756888;0.547333333333333;0.0240647275303733;0.470666666666667;0.0172948290280971;0.405555555555556;0.0757197562164689;0.561777777777778;0.500466597101959;0.375555555555556;0.246055398760643;2;2;2;2;2;0.264666666666667;0.269;0.287333333333333;0.242333333333333;0.225666666666667;0.238;0.188666666666667;0.245666666666667;0.174;0.128;0.145;0.569666666666667;0.327333333333333;0.141;0.095;0.273666666666667;0.235333333333333;0.202777777777778;0.280888888888889;0.187777777777778;;1C;7.28;;;
;;;;;;;;;0.211;0.199;0.203;1;21/01/2026;10h57;176640;0.523333333333333;0.00251661147842359;0.542666666666667;0.00251661147842359;0.556666666666667;0.00321455025366429;0.478666666666667;0.00503322295684716;0.486;0.002;0.48;0.00173205080756888;0.41;0.00264575131106459;0.518;0.001;0.334666666666667;0.00351188458428425;0.294666666666667;0.000577350269189626;0.229333333333333;0.00152752523165194;1.19733333333333;0.00472581562625261;0.691333333333333;0.00208166599946613;0.300666666666667;0.00321455025366432;0.187333333333333;0.00251661147842359;0.540888888888889;0.0167376267179116;0.481555555555556;0.00390631018472155;0.420888888888889;0.0921504406050439;0.573777777777778;0.541002088035951;0.393111111111111;0.26441157592186;2;2;2;4;2;0.261666666666667;0.271333333333333;0.278333333333333;0.239333333333333;0.243;0.24;0.205;0.259;0.167333333333333;0.0736666666666667;0.0573333333333333;0.299333333333333;0.345666666666667;0.150333333333333;0.0936666666666667;0.270444444444444;0.240777777777778;0.210444444444444;0.143444444444444;0.196555555555556;;2A;7.09;;;
;;;;;;;;;0.21;0.198;0.202;1;21/01/2026;13h26;185580;0.542666666666667;0.00642910050732864;0.576;0.00458257569495584;0.619333333333333;0.00152752523165195;0.548;0.00435889894354068;0.48;0.00435889894354068;0.500666666666667;0.00577350269189626;0.426;0.00264575131106459;0.544;0.00346410161513776;0.364;0.00346410161513776;0.268;0.001;0.298666666666667;0.00152752523165195;1.29066666666667;0.0030550504633039;0.783333333333333;0.0066583281184794;0.308666666666667;0.00351188458428425;0.218666666666667;0.00152752523165195;0.579333333333333;0.0384418753155693;0.509555555555556;0.0348605688315504;0.444666666666667;0.0914403266252554;0.619111111111111;0.581786265959639;0.436888888888889;0.30338558768474;2;2;2;4;2;0.271333333333333;0.288;0.309666666666667;0.274;0.24;0.250333333333333;0.213;0.272;0.182;0.067;0.0746666666666667;0.322666666666667;0.391666666666667;0.154333333333333;0.109333333333333;0.289666666666667;0.254777777777778;0.222333333333333;0.154777777777778;0.218444444444444;;2B;7.04;;;
;;;;;;;;mean 1;0.209;0.2;0.203;1;21/01/2026;16h18;195900;0.61;0.00519615242270664;0.622666666666667;0.00115470053837925;0.578666666666667;0.00115470053837925;0.518;0.001;0.484;0.001;0.488;0.003;0.474666666666667;0.00321455025366432;0.568666666666667;0.00404145188432735;0.37;0.00173205080756888;0.329333333333333;0.000577350269189626;0.36;0.001;1.28;0.00700000000000001;0.801333333333333;0.00472581562625261;0.344666666666667;0.00115470053837924;0.22;0.001;0.603777777777778;0.0226503209036216;0.496666666666667;0.0185831464863552;0.471111111111111;0.0993810474516776;0.656444444444444;0.540232597368263;0.455333333333333;0.306059543952553;2;2;2;4;2;0.305;0.311333333333333;0.289333333333333;0.259;0.242;0.244;0.237333333333333;0.284333333333333;0.185;0.0823333333333333;0.09;0.32;0.400666666666667;0.172333333333333;0.11;0.301888888888889;0.248333333333333;0.235555555555556;0.164111111111111;0.227666666666667;;2C;7.02;;;
;;;;;;;;dilution 1;0.209;0.2;0.203;;22/01/2026;8h17;253440;0.691666666666667;0.00208166599946613;0.673333333333333;0.00115470053837925;0.76;0.002;0.658333333333333;0.00115470053837925;0.598333333333333;0.00305505046330389;0.621666666666667;0.00251661147842359;0.585333333333333;0.00115470053837925;0.782666666666667;0.00115470053837925;0.453333333333333;0.00230940107675851;0.396666666666667;0.00115470053837925;0.408333333333333;0.00115470053837925;1.39333333333333;0.00230940107675851;0.905333333333333;0.000577350269189626;0.421333333333333;0.00115470053837925;0.292;0.002;0.708333333333333;0.0456739653534824;0.626111111111111;0.030245905752925;0.607111111111111;0.165743219513846;0.732777777777778;0.572087632499829;0.539555555555556;0.323306069870046;5;5;4;5;4;0.138333333333333;0.134666666666667;0.152;0.131666666666667;0.119666666666667;0.124333333333333;0.146333333333333;0.195666666666667;0.113333333333333;0.0793333333333333;0.0816666666666667;0.278666666666667;0.226333333333333;0.105333333333333;0.073;0.141666666666667;0.125222222222222;0.151777777777778;0.146555555555556;0.134888888888889;;3A;6.82;;;
;;;;;;;;2;0.153;0.189;0.182;1;22/01/2026;10h59;263160;0.743333333333333;0.0030550504633039;0.685;0;0.758333333333333;0.00288675134594813;0.666666666666667;0.00115470053837925;0.596666666666667;0.000577350269189626;0.625;0.002;0.585333333333333;0.00404145188432738;0.785333333333333;0.00230940107675851;0.464;0.00360555127546398;0.306666666666667;0.00208166599946613;0.388333333333333;0.0023094010767585;1.34666666666667;0.00152752523165195;0.905333333333333;0.00288675134594813;0.418666666666667;0.00321455025366431;0.338666666666667;0.00321455025366431;0.728888888888889;0.0387417852702469;0.629444444444444;0.0352110041722018;0.611555555555556;0.162263617245153;0.680555555555556;0.578312519638275;0.554222222222222;0.306690820304846;5;5;4;5;4;0.148666666666667;0.137;0.151666666666667;0.133333333333333;0.119333333333333;0.125;0.146333333333333;0.196333333333333;0.116;0.0613333333333333;0.0776666666666667;0.269333333333333;0.226333333333333;0.104666666666667;0.0846666666666667;0.145777777777778;0.125888888888889;0.152888888888889;0.136111111111111;0.138555555555556;;3B;6.73;;;
;;;;;;;;;0.154;0.192;0.182;1;22/01/2026;16h49;284160;0.721666666666667;0.00152752523165195;0.731666666666667;0.00152752523165195;0.823333333333333;0.001;0.683333333333333;0.00152752523165195;0.633333333333333;0.00152752523165195;0.675;0.001;0.628;0.002;0.82;0.00173205080756888;0.474666666666667;0.00152752523165194;0.36;0.00360555127546399;0.393333333333333;0.00493288286231625;1.32333333333333;0.00115470053837925;0.881333333333333;0.00513160143944689;0.433333333333333;0.00251661147842359;0.34;0.000999999999999994;0.758888888888889;0.0560340504944521;0.663888888888889;0.026787918780536;0.640888888888889;0.173027079875869;0.692222222222222;0.546812311221779;0.551555555555556;0.289383508194256;5;5;4;5;4;0.144333333333333;0.146333333333333;0.164666666666667;0.136666666666667;0.126666666666667;0.135;0.157;0.205;0.118666666666667;0.072;0.0786666666666667;0.264666666666667;0.220333333333333;0.108333333333333;0.085;0.151777777777778;0.132777777777778;0.160222222222222;0.138444444444444;0.137888888888889;;3C;6.77;;;
;;;;;;;;;0.153;0.189;0.176;1;23/01/2026;8h16;339780;0.938333333333333;0.00152752523165195;0.846666666666667;0.00305505046330388;0.91;0.00264575131106459;0.768333333333333;0.00208166599946613;0.763333333333333;0.000577350269189626;0.743333333333333;0.00251661147842359;0.749333333333333;0.00152752523165195;0.952;0.00264575131106459;0.56;0.00346410161513774;0.353333333333333;0.00152752523165194;0.416666666666667;0.00321455025366431;1.40666666666667;0.00472581562625258;0.829333333333333;0.00152752523165195;0.444;0.003;0.332;0;0.898333333333333;0.0469337594677624;0.758333333333333;0.013228756555323;0.753777777777778;0.196037789252008;0.725555555555556;0.59070892750748;0.535111111111111;0.260885103133615;5;5;4;5;4;0.187666666666667;0.169333333333333;0.182;0.153666666666667;0.152666666666667;0.148666666666667;0.187333333333333;0.238;0.14;0.0706666666666667;0.0833333333333333;0.281333333333333;0.207333333333333;0.111;0.083;0.179666666666667;0.151666666666667;0.188444444444444;0.145111111111111;0.133777777777778;;4A;6.73;;;
;;;;;;;;mean 2;0.153333333333333;0.19;0.18;1;23/01/2026;11h02;349740;0.843333333333333;0.00321455025366432;0.778333333333333;0.00152752523165195;0.976666666666667;0.00550757054728611;0.77;0.00264575131106459;0.778333333333333;0.00152752523165195;0.811666666666667;0.00680685928555405;0.784;0.003;1.02266666666667;0.000577350269189626;0.556;0.00199999999999999;0.453333333333333;0.00351188458428425;0.426666666666667;0.0023094010767585;1.32;0.00556776436283003;0.836;0.001;0.426666666666667;0.00251661147842359;0.308;0.001;0.866111111111111;0.101109584848066;0.786666666666667;0.0220479275922049;0.787555555555556;0.233353649909159;0.733333333333333;0.508243161401224;0.523555555555556;0.277013704701758;5;5;4;5;4;0.168666666666667;0.155666666666667;0.195333333333333;0.154;0.155666666666667;0.162333333333333;0.196;0.255666666666667;0.139;0.0906666666666667;0.0853333333333333;0.264;0.209;0.106666666666667;0.077;0.173222222222222;0.157333333333333;0.196888888888889;0.146666666666667;0.130888888888889;;4B;6.76;;;
;;;;;;;;dilution 2;0.153333333333333;0.19;0.18;;23/01/2026;16h41;370080;0.888333333333333;0.00461880215351701;0.836666666666667;0.0030550504633039;0.975;0.00346410161513776;0.731666666666667;0.0030550504633039;0.748333333333333;0.00351188458428425;0.68;0.00360555127546399;0.68;0.00529150262212917;0.945333333333333;0.00503322295684716;0.528;0.00529150262212919;0.32;0.002;0.388333333333333;0.00251661147842359;1.32666666666667;0.00152752523165195;0.734666666666667;0.00152752523165195;0.384;0.00360555127546399;0.324;0.00173205080756888;0.9;0.0699007232517025;0.72;0.0356292638773865;0.717777777777778;0.211215880435511;0.678333333333333;0.562511728272793;0.480888888888889;0.221816073291297;5;5;4;5;4;0.177666666666667;0.167333333333333;0.195;0.146333333333333;0.149666666666667;0.136;0.17;0.236333333333333;0.132;0.064;0.0776666666666667;0.265333333333333;0.183666666666667;0.096;0.081;0.18;0.144;0.179444444444444;0.135666666666667;0.120222222222222;;4C;6.5;;;
;;;;;;;;3;0.128;0.121;0.338;1;24/01/2026;11h26;437580;0.876666666666667;0.00321455025366432;0.798333333333333;0.00503322295684717;0.94;0.00346410161513776;0.781666666666667;0.000577350269189626;0.76;0.00173205080756888;0.76;0;0.774666666666667;0.00513160143944689;1.05866666666667;0.00288675134594813;0.574666666666667;0.000577350269189626;0.326666666666667;0.000577350269189626;0.415;0.001;1.27;0.00264575131106459;0.66;0.001;0.397333333333333;0.00115470053837925;0.253333333333333;0.00115470053837925;0.871666666666667;0.0709655628534794;0.767222222222222;0.0125092558324419;0.802666666666667;0.243211841816964;0.670555555555556;0.521009525753537;0.436888888888889;0.20619875345386;5;5;4;5;4;0.175333333333333;0.159666666666667;0.188;0.156333333333333;0.152;0.152;0.193666666666667;0.264666666666667;0.143666666666667;0.0653333333333333;0.083;0.254;0.165;0.0993333333333333;0.0633333333333333;0.174333333333333;0.153444444444444;0.200666666666667;0.134111111111111;0.109222222222222;;;;;;
;;;;;;;;;0.129;0.119;0.334;1;24/01/2026;18h23;462600;1.08333333333333;0.00321455025366432;0.866666666666667;0.00115470053837925;1.165;0.00360555127546398;0.968333333333333;0.00602771377334171;0.841666666666667;0.00208166599946613;0.91;0.002;0.932;0.001;1.16;0.00346410161513776;0.641333333333333;0.00115470053837925;0.415;0.00435889894354067;0.573333333333333;0.00208166599946613;1.30833333333333;0.00378593889720019;0.673333333333333;0.00115470053837925;0.365333333333333;0.00251661147842359;0.321333333333333;0.00115470053837925;1.03833333333333;0.154173423275363;0.906666666666667;0.0633990886720341;0.911111111111111;0.259963530205752;0.765555555555556;0.476679292762071;0.453333333333333;0.19179155351579;5;5;4;5;4;0.216666666666667;0.173333333333333;0.233;0.193666666666667;0.168333333333333;0.182;0.233;0.29;0.160333333333333;0.083;0.114666666666667;0.261666666666667;0.168333333333333;0.0913333333333333;0.0803333333333333;0.207666666666667;0.181333333333333;0.227777777777778;0.153111111111111;0.113333333333333;;;;;;
;;;;;;;;;0.127;0.118;0.332;1;25/01/2026;12h00;526020;1.095;0.001;1.02666666666667;0.000577350269189626;1.135;0.00264575131106459;0.936666666666667;0.00230940107675851;0.881666666666667;0.00251661147842359;0.915;0.001;0.986666666666667;0.00378593889720019;1.17333333333333;0.00115470053837925;0.772;0.00360555127546399;0.521666666666667;0.00152752523165195;0.526666666666667;0.00208166599946613;1.26833333333333;0.000577350269189626;0.581333333333333;0.00288675134594813;0.312;0.001;0.285333333333333;0.00152752523165194;1.08555555555556;0.054780707607021;0.911111111111111;0.0277054614217594;0.977333333333333;0.200829391385933;0.772222222222222;0.429652098710022;0.392888888888889;0.163741440262565;5;5;4;5;4;0.219;0.205333333333333;0.227;0.187333333333333;0.176333333333333;0.183;0.246666666666667;0.293333333333333;0.193;0.104333333333333;0.105333333333333;0.253666666666667;0.145333333333333;0.078;0.0713333333333333;0.217111111111111;0.182222222222222;0.244333333333333;0.154444444444444;0.0982222222222222;;;;;;
;;;;;;;;mean 3;0.128;0.119333333333333;0.334666666666667;1;25/01/2026;17h27;545640;1.06666666666667;0.00230940107675851;1.02;0.00854400374531752;1.17166666666667;0.00493288286231624;1.06;0;0.951666666666667;0.00503322295684717;0.926666666666667;0.00152752523165195;0.946666666666667;0.00513160143944687;1.196;0.00264575131106459;0.721333333333333;0.00642910050732864;0.438333333333333;0.00208166599946613;0.503333333333333;0.000577350269189626;1.21833333333333;0.00503322295684717;0.537333333333333;0.000577350269189626;0.345333333333333;0.00321455025366431;0.278666666666667;0.00152752523165194;1.08611111111111;0.0776804947155929;0.979444444444444;0.0708741712342948;0.954666666666667;0.237434435394513;0.72;0.43279132770116;0.387111111111111;0.134298727276725;5;5;4;5;4;0.213333333333333;0.204;0.234333333333333;0.212;0.190333333333333;0.185333333333333;0.236666666666667;0.299;0.180333333333333;0.0876666666666667;0.100666666666667;0.243666666666667;0.134333333333333;0.0863333333333333;0.0696666666666667;0.217222222222222;0.195888888888889;0.238666666666667;0.144;0.0967777777777778;;;;;;
;;;;;;;;dilution 3;0.128;0.119333333333333;0.334666666666667;;26/01/2026;8h13;598800;1.16166666666667;0.00152752523165195;1.12166666666667;0.00472581562625261;1.35833333333333;0.00416333199893227;1.115;0.00458257569495584;0.936666666666667;0.00251661147842359;0.966666666666667;0.00115470053837925;1.03466666666667;0.000577350269189626;1.292;0.001;0.757333333333333;0.00351188458428425;0.471666666666667;0.000577350269189626;0.56;0.00173205080756888;1.12833333333333;0.00321455025366432;0.472;0.00264575131106459;0.238666666666667;0.00115470053837925;0.244;0.00346410161513775;1.21388888888889;0.126681285706091;1.00611111111111;0.0954860858585825;1.028;0.267395670205118;0.72;0.356374490919002;0.318222222222222;0.133202157695793;5;5;4;5;4;0.232333333333333;0.224333333333333;0.271666666666667;0.223;0.187333333333333;0.193333333333333;0.258666666666667;0.323;0.189333333333333;0.0943333333333333;0.112;0.225666666666667;0.118;0.0596666666666667;0.061;0.242777777777778;0.201222222222222;0.257;0.144;0.0795555555555556;;;;;;
;;;;;;;;4;0.26;0.137;0.1;1;26/01/2026;17h33;632400;1.09833333333333;0.00472581562625261;1.10166666666667;0.00208166599946613;1.18833333333333;0.00152752523165195;0.996666666666667;0.00230940107675851;0.92;0.003;0.896666666666667;0.00230940107675851;0.952;0.00346410161513776;1.23733333333333;0.00208166599946613;0.708;0.00360555127546399;0.333333333333333;0.000577350269189626;0.475;0.001;0.928333333333333;0.00251661147842359;0.42;0.001;0.190666666666667;0.000577350269189626;0.152;0.00519615242270663;1.12944444444444;0.0510265000142445;0.937777777777778;0.0523166994088603;0.965777777777778;0.26493549179907;0.578888888888889;0.310806894913749;0.254222222222222;0.144863665152727;5;5;4;5;4;0.219666666666667;0.220333333333333;0.237666666666667;0.199333333333333;0.184;0.179333333333333;0.238;0.309333333333333;0.177;0.0666666666666667;0.095;0.185666666666667;0.105;0.0476666666666667;0.038;0.225888888888889;0.187555555555556;0.241444444444444;0.115777777777778;0.0635555555555556;;;;;;
;;;;;;;;;0.256;0.142;0.101;1;27/01/2026;9h22;689340;1.28166666666667;0.0110151410945722;1.175;0.000999999999999987;1.48833333333333;0.00404145188432738;1.13;0.003;1.09166666666667;0.00550757054728611;1.05666666666667;0.00152752523165195;1.024;0.001;1.256;0.00264575131106459;0.788;3.3993498887763E-17;0.426666666666667;0.00208166599946613;0.525;0.001;0.95;0.00173205080756888;0.389333333333333;0.000577350269189626;0.18;0.002;0.2;0.000999999999999997;1.315;0.15930404193798;1.09277777777778;0.036679290756098;1.02266666666667;0.234002848985505;0.633888888888889;0.278140318970546;0.256444444444444;0.115518797572484;5;5;4;5;4;0.256333333333333;0.235;0.297666666666667;0.226;0.218333333333333;0.211333333333333;0.256;0.314;0.197;0.0853333333333333;0.105;0.19;0.0973333333333333;0.045;0.05;0.263;0.218555555555556;0.255666666666667;0.126777777777778;0.0641111111111111;;;;;;
;;;;;;;;;0.259;0.14;0.102;1;27/01/2026;16h01;713280;1.33333333333333;0.00493288286231625;1.25;0;1.47833333333333;0.00251661147842359;1.155;0.00173205080756888;1.13666666666667;0.00288675134594813;1.065;0.001;1.112;0.002;1.23066666666667;0.00416333199893227;0.897333333333333;0.00152752523165195;0.413333333333333;0.0023094010767585;0.536666666666667;0.000577350269189626;0.956666666666667;0.0030550504633039;0.368;0.00264575131106459;0.182666666666667;0.000577350269189626;0.204;0.00360555127546399;1.35388888888889;0.115546206886795;1.11888888888889;0.0475608771684989;1.08;0.168954957837222;0.635555555555556;0.284845637209063;0.251555555555556;0.101406406401466;5;5;4;5;4;0.266666666666667;0.25;0.295666666666667;0.231;0.227333333333333;0.213;0.278;0.307666666666667;0.224333333333333;0.0826666666666667;0.107333333333333;0.191333333333333;0.092;0.0456666666666667;0.051;0.270777777777778;0.223777777777778;0.27;0.127111111111111;0.0628888888888889;;;;;;
;;;;;;;;mean 4;0.258333333333333;0.139666666666667;0.101;1;28/01/2026;8h38;773100;1.48666666666667;0.000577350269189626;1.30666666666667;0.0030550504633039;1.525;0.00608276253029822;1.13;0;1.12833333333333;0.00896288643983249;1.10333333333333;0.00513160143944689;1.088;0.001;1.188;0.00866025403784439;0.842666666666667;0.00602771377334171;0.381666666666667;0.00288675134594813;0.441666666666667;0.00115470053837925;0.913333333333333;0.00230940107675851;0.302666666666667;0.000577350269189626;0.148;0.001;0.169333333333333;0.00115470053837924;1.43944444444444;0.116575361096652;1.12055555555556;0.0149381440663875;1.03955555555556;0.17769053414835;0.578888888888889;0.291186907011313;0.206666666666667;0.083819912776009;5;5;4;5;2;0.297333333333333;0.261333333333333;0.305;0.226;0.225666666666667;0.220666666666667;0.272;0.297;0.210666666666667;0.0763333333333333;0.0883333333333333;0.182666666666667;0.151333333333333;0.074;0.0846666666666667;0.287888888888889;0.224111111111111;0.259888888888889;0.115777777777778;0.103333333333333;;;;;;
;;;;;;;;dilution 4 ;0.258333333333333;0.139666666666667;0.101;;28/01/2026;17h20;804420;1.49166666666667;0.00152752523165195;1.395;0.00264575131106456;1.67333333333333;0.00750555349946514;1.22833333333333;0.00404145188432738;1.19333333333333;0.00230940107675851;1.11;0.00519615242270664;1.128;0.00360555127546396;1.22266666666667;0.00115470053837925;0.877333333333333;0.00513160143944689;0.361666666666667;0.00351188458428424;0.405;0.001;0.836666666666667;0.000577350269189626;0.279333333333333;0.00461880215351699;0.134;0.00173205080756888;0.152;0.001;1.52;0.141313284741543;1.17722222222222;0.0607895580702012;1.076;0.17844264562536;0.534444444444444;0.262627394131207;0.188444444444444;0.0792249493063429;5;5;4;5;2;0.298333333333333;0.279;0.334666666666667;0.245666666666667;0.238666666666667;0.222;0.282;0.305666666666667;0.219333333333333;0.0723333333333333;0.081;0.167333333333333;0.139666666666667;0.067;0.076;0.304;0.235444444444444;0.269;0.106888888888889;0.0942222222222222;;;;;;
;;;;;;20/01/2026;10h54;0;0.174;0.194;0.202;1;29/01/2026;9h25;862320;1.58;0.00608276253029822;1.50166666666667;0.00378593889720019;1.695;0.003;1.27;0.002;1.27166666666667;0.00288675134594813;1.10333333333333;0.0045092497528229;1.05333333333333;0.0030550504633039;1.15733333333333;0.00115470053837925;0.888;0.00360555127546399;0.691666666666667;0.0047258156262526;0.426666666666667;0.0023094010767585;0.736666666666667;0.00152752523165195;0.23;0.00173205080756888;0.138;0.001;0.141333333333333;0.00208166599946613;1.59222222222222;0.0972444419053422;1.215;0.09670976050936;1.03288888888889;0.135825596234998;0.618333333333333;0.16750621879003;0.169777777777778;0.0521805980687729;5;5;4;5;2;0.316;0.300333333333333;0.339;0.254;0.254333333333333;0.220666666666667;0.263333333333333;0.289333333333333;0.222;0.138333333333333;0.0853333333333333;0.147333333333333;0.115;0.069;0.0706666666666667;0.318444444444444;0.243;0.258222222222222;0.123666666666667;0.0848888888888889;;;;;;
;;;;;;;;;0.171;0.183;0.199;1;30/01/2026;8h41;946080;1.78666666666667;0.00351188458428425;1.44666666666667;0.00288675134594813;1.82333333333333;0.00321455025366432;1.34833333333333;0.00152752523165195;1.275;0.00264575131106459;1.15;0.001;1.05333333333333;0.00251661147842359;1.06266666666667;0.00251661147842359;0.810666666666667;0.00351188458428424;0.263333333333333;0.00152752523165195;0.361666666666667;0.00115470053837925;0.666666666666667;0.00208166599946613;0.177666666666667;0.00288675134594813;0.103333333333333;0.00305505046330389;0.113;0.00360555127546399;1.68555555555556;0.207694576330335;1.25777777777778;0.100282009759884;0.975555555555556;0.142874200039886;0.430555555555556;0.210306214134779;0.131333333333333;0.0404158934633945;5;5;4;5;1;0.357333333333333;0.289333333333333;0.364666666666667;0.269666666666667;0.255;0.23;0.263333333333333;0.265666666666667;0.202666666666667;0.0526666666666667;0.0723333333333333;0.133333333333333;0.177666666666667;0.103333333333333;0.113;0.337111111111111;0.251555555555556;0.243888888888889;0.0861111111111111;0.131333333333333;;;;;;
;;;;;;;;;0.166;0.179;0.199;1;30/01/2026;17h37;978240;1.725;0.00435889894354065;1.475;0.00854400374531754;1.90166666666667;0.00503322295684717;1.34166666666667;0.00115470053837925;1.36833333333333;0.00404145188432738;1.17166666666667;0.0047258156262526;1.02133333333333;0.00550757054728611;1.184;0.003;0.868;0.00264575131106459;0.258333333333333;0.00152752523165194;0.388333333333333;0.000577350269189626;0.628333333333333;0.00152752523165195;0.178333333333333;0.00152752523165195;0.0963333333333333;0.00208166599946613;0.1;0.001;1.70055555555556;0.21438110751477;1.29388888888889;0.106684026365157;1.02444444444444;0.158022970669645;0.425;0.187705443004015;0.124888888888889;0.0463205417994283;5;5;4;5;1;0.345;0.295;0.380333333333333;0.268333333333333;0.273666666666667;0.234333333333333;0.255333333333333;0.296;0.217;0.0516666666666667;0.0776666666666667;0.125666666666667;0.178333333333333;0.0963333333333333;0.1;0.340111111111111;0.258777777777778;0.256111111111111;0.085;0.124888888888889;;;;;;
;;;;;;;;mean 0;0.170333333333333;0.185333333333333;0.2;1;31/01/2026;12h26;1045980;1.84666666666667;0.00472581562625261;1.61333333333333;0.00208166599946613;1.91;0.00360555127546399;1.435;0.00781024967590663;1.41666666666667;0.0020816659994661;1.3;0.00264575131106459;0.973333333333333;0.0030550504633039;1.00533333333333;0.00709459888459759;0.858666666666667;0.00208166599946613;0.233333333333333;0.00230940107675851;0.325;0.001;0.558333333333333;0.00230940107675851;0.146333333333333;0.00208166599946613;0.0766666666666667;0.00152752523165195;0.0983333333333333;0.0055075705472861;1.79;0.156240555270106;1.38388888888889;0.0732259314521641;0.945777777777778;0.0771184754728675;0.372222222222222;0.167567012576174;0.107111111111111;0.0356531646302001;5;5;4;5;1;0.369333333333333;0.322666666666667;0.382;0.287;0.283333333333333;0.26;0.243333333333333;0.251333333333333;0.214666666666667;0.0466666666666667;0.065;0.111666666666667;0.146333333333333;0.0766666666666667;0.0983333333333333;0.358;0.276777777777778;0.236444444444444;0.0744444444444444;0.107111111111111;;;;;;
;;;;;;;;dilution 0;0.170333333333333;0.185333333333333;0.2;;31/01/2026;18h36;1068180;1.95833333333333;0.00513160143944689;1.62666666666667;0.00873689494805411;2.06;0.00953939201416944;1.33333333333333;0.00461880215351701;1.39833333333333;0.00251661147842356;1.24;0.00264575131106459;1.024;0.00519615242270664;0.972;0.00173205080756888;0.801333333333333;0.00550757054728609;0.210666666666667;0.00305505046330389;0.302666666666667;0.0030550504633039;0.554666666666667;0.00351188458428424;0.15;0.0104403065089106;0.0786666666666667;0.000577350269189626;0.0853333333333333;0.00152752523165194;1.88166666666667;0.226611512897685;1.32388888888889;0.0795880597782058;0.932444444444445;0.11648430191486;0.356;0.178093608344975;0.104666666666667;0.0394010716154325;5;5;4;4;1;0.391666666666667;0.325333333333333;0.412;0.266666666666667;0.279666666666667;0.248;0.256;0.243;0.200333333333333;0.0526666666666667;0.0756666666666667;0.138666666666667;0.15;0.0786666666666667;0.0853333333333333;0.376333333333333;0.264777777777778;0.233111111111111;0.089;0.104666666666667;;;;;;
;;;;;;;;1;0.242;0.229;0.236;1;01/02/2026;11h20;1128420;2.01666666666667;0.00351188458428422;1.59666666666667;0.00585946527708232;2.04666666666667;0.00416333199893225;1.42833333333333;0.00115470053837925;1.515;0.00529150262212919;1.26666666666667;0.00251661147842359;0.926666666666667;0.00450924975282288;0.936;0.00264575131106458;0.792;0.002;0.194666666666667;0.00115470053837925;0.269333333333333;0.00416333199893226;0.518666666666667;0.00404145188432738;0.130666666666667;0.0030550504633039;0.0836666666666667;0.00351188458428424;0.0743333333333333;0.00152752523165195;1.88666666666667;0.251594912508182;1.40333333333333;0.126040117070364;0.884888888888889;0.0805793834490996;0.327555555555556;0.169665466051198;0.0962222222222222;0.0301925916839312;5;5;4;4;1;0.403333333333333;0.319333333333333;0.409333333333333;0.285666666666667;0.303;0.253333333333333;0.231666666666667;0.234;0.198;0.0486666666666667;0.0673333333333333;0.129666666666667;0.130666666666667;0.0836666666666667;0.0743333333333333;0.377333333333333;0.280666666666667;0.221222222222222;0.0818888888888889;0.0962222222222222;;;;;;
;;;;;;;;;0.246;0.228;0.227;1;02/02/2026;8h14;1203660;2.02166666666667;0.00814452781524705;1.61166666666667;0.00152752523165195;2.19;0.00854400374531754;1.37666666666667;0.00404145188432738;1.525;0.00721110255092799;1.265;0.003;0.918666666666667;0.00115470053837925;0.865333333333333;0.000577350269189626;0.809333333333333;0.00321455025366431;0.16;0.00173205080756888;0.250666666666667;0.00251661147842359;0.493333333333333;0.00351188458428425;0.129;0.00854400374531754;0.085;0.00360555127546398;0.0693333333333333;0.00305505046330389;1.94111111111111;0.297463038475807;1.38888888888889;0.130430199865817;0.864444444444445;0.0546720864522019;0.301333333333333;0.172345905408603;0.0944444444444445;0.0309342193359703;5;5;4;2;1;0.404333333333333;0.322333333333333;0.438;0.275333333333333;0.305;0.253;0.229666666666667;0.216333333333333;0.202333333333333;0.08;0.125333333333333;0.246666666666667;0.129;0.085;0.0693333333333333;0.388222222222222;0.277777777777778;0.216111111111111;0.150666666666667;0.0944444444444445;;;;;;
;;;;;;;;;0.24;0.226;0.227;1;03/02/2026;15h50;1317420;2.16166666666667;0.00723417813807024;1.67666666666667;0.0030550504633039;2.2;0.00754983443527076;1.39666666666667;0.00305505046330387;1.48333333333333;0.00404145188432738;1.23166666666667;0.00152752523165195;0.86;0.00360555127546399;0.768;0.002;0.678666666666667;0.00550757054728609;0.131;0.002;0.197666666666667;0.00321455025366432;0.454333333333333;0.00404145188432738;0.116;0.001;0.067;0.001;0.0676666666666667;0.00251661147842359;2.01277777777778;0.291711107725384;1.37055555555556;0.12784901395932;0.768888888888889;0.0906699345816299;0.261;0.170717440364025;0.0835555555555555;0.0280996902579476;5;5;4;1;1;0.432333333333333;0.335333333333333;0.44;0.279333333333333;0.296666666666667;0.246333333333333;0.215;0.192;0.169666666666667;0.131;0.197666666666667;0.454333333333333;0.116;0.067;0.0676666666666667;0.402555555555556;0.274111111111111;0.192222222222222;0.261;0.0835555555555555;;;;;;
;;;;;;;;mean 1;0.242666666666667;0.227666666666667;0.23;1;04/02/2026;16h12;1405140;2.29166666666667;0.00208166599946613;1.70333333333333;0.00321455025366432;2.29166666666667;0.00321455025366432;1.47333333333333;0.00152752523165195;1.46666666666667;0.00230940107675851;1.22666666666667;0.00493288286231625;0.790666666666667;0.0030550504633039;0.674666666666667;0.00251661147842359;0.693333333333333;0.00208166599946612;0.122333333333333;0.00416333199893227;0.188333333333333;0.00550757054728611;0.445666666666667;0.00404145188432738;0.114;0.002;0.0626666666666667;0.00288675134594813;0.0623333333333333;0.00251661147842359;2.09555555555556;0.339674408373228;1.38888888888889;0.140528104477888;0.719555555555556;0.0622872675890001;0.252111111111111;0.170841490320164;0.0796666666666667;0.0297340059714649;5;5;4;1;1;0.458333333333333;0.340666666666667;0.458333333333333;0.294666666666667;0.293333333333333;0.245333333333333;0.197666666666667;0.168666666666667;0.173333333333333;0.122333333333333;0.188333333333333;0.445666666666667;0.114;0.0626666666666667;0.0623333333333333;0.419111111111111;0.277777777777778;0.179888888888889;0.252111111111111;0.0796666666666667;;;;;;
;;;;;;;;dilution 1;0.242666666666667;0.227666666666667;0.23;;05/02/2026;17h13;1495200;2.36666666666667;0.00416333199893227;1.67333333333333;0.00321455025366432;2.19833333333333;0.00404145188432738;1.31333333333333;0.00152752523165195;1.43333333333333;0.000577350269189626;1.17166666666667;0.0087368949480541;0.698666666666667;0.00208166599946613;0.646666666666667;0.00378593889720019;0.546666666666667;0.00378593889720017;0.110666666666667;0.00251661147842359;0.178333333333333;0.00251661147842359;0.434666666666667;0.00808290376865477;0.112333333333333;0.0023094010767585;0.0603333333333333;0.00115470053837925;0.0576666666666667;0.00251661147842358;2.07944444444444;0.361633383005087;1.30611111111111;0.130982752610721;0.630666666666667;0.0772528316633118;0.241222222222222;0.170910091156898;0.0767777777777778;0.0308208683512636;5;5;4;1;1;0.473333333333333;0.334666666666667;0.439666666666667;0.262666666666667;0.286666666666667;0.234333333333333;0.174666666666667;0.161666666666667;0.136666666666667;0.110666666666667;0.178333333333333;0.434666666666667;0.112333333333333;0.0603333333333333;0.0576666666666667;0.415888888888889;0.261222222222222;0.157666666666667;0.241222222222222;0.0767777777777778;;;;;;
;;;;;;;;2;0.144;0.202;0.173;1;06/02/2026;14h19;1571160;2.31166666666667;0.00709459888459756;1.63333333333333;0.00404145188432738;2.19;0.00264575131106459;1.28666666666667;0.00321455025366432;1.375;0.00458257569495584;1.12333333333333;0.00152752523165195;0.704;0.001;0.56;0.00199999999999999;0.457333333333333;0.00378593889720019;0.103;0.00173205080756887;0.170666666666667;0.00550757054728609;0.427;0.00173205080756888;0.102;0.000999999999999994;0.0543333333333333;0.00450924975282289;0.052;0.002;2.045;0.361666666666667;1.26166666666667;0.127682331501965;0.573777777777778;0.12390916625287;0.233555555555556;0.170910091156898;0.0694444444444444;0.0282180661856772;5;5;4;1;1;0.462333333333333;0.326666666666667;0.438;0.257333333333333;0.275;0.224666666666667;0.176;0.14;0.114333333333333;0.103;0.170666666666667;0.427;0.102;0.0543333333333333;0.052;0.409;0.252333333333333;0.143444444444444;0.233555555555556;0.0694444444444444;;;;;;
;;;;;;;;;0.147;0.197;0.165;1;;;;;;;;;;;;;;;;;;;;;;;;;;;;;;;;;;;;;;;;;;;;;;;;;;;;;;;;;;;;;;;;;;;;;;;;;;
;;;;;;;;;0.147;0.198;0.169;1;;;;;;;;;;;;;;;;;;;;;;;;;;;;;;;;;;;;;;;;;;;;;;;;;;;;;;;;;;;;;;;;;;;;;;;;;;
;;;;;;;;mean 2;0.146;0.199;0.169;1;;;;;;;;;;;;;;;;;;;;;;;;;;;;;;;;;;;;;;;;;;;;;;;;;;;;;;;;;;;;;;;;;;;;;;;;;;
;;;;;;;;dilution 2;0.146;0.199;0.169;;;;;;;;;;;;;;;;;;;;;;;;;;;;;;;;;;;;;;;;;;;;;;;;;;;;;;;;;;;;;;;;;;;;;;;;;;;
;;;;;;;;3;0.142;0.145;0.391;1;;;;;;;;;;;;;;;;;;;;;;;;;;;;;;;;;;;;;;;;;;;;;;;;;;;;;;;;;;;;;;;;;;;;;;;;;;
;;;;;;;;;0.14;0.141;0.385;1;;;;;;;;;;;;;;;;;;;;;;;;;;;;;;;;;;;;;;;;;;;;;;;;;;;;;;;;;;;;;;;;;;;;;;;;;;
;;;;;;;;;0.147;0.143;0.386;1;;;;;;;;;;;;;;;;;;;;;;;;;;;;;;;;;;;;;;;;;;;;;;;;;;;;;;;;;;;;;;;;;;;;;;;;;;
;;;;;;;;mean 3;0.143;0.143;0.387333333333333;1;;;;;;;;;;;;;;;;;;;;;;;;;;;;;;;;;;;;;;;;;;;;;;;;;;;;;;;;;;;;;;;;;;;;;;;;;;
;;;;;;;;dilution 3;0.143;0.143;0.387333333333333;;;;;;;;;;;;;;;;;;;;;;;;;;;;;;;;;;;;;;;;;;;;;;;;;;;;;;;;;;;;;;;;;;;;;;;;;;;
;;;;;;;;4;0.296;0.148;0.12;1;;;;;;;;;;;;;;;;;;;;;;;;;;;;;;;;;;;;;;;;;;;;;;;;;;;;;;;;;;;;;;;;;;;;;;;;;;
;;;;;;;;;0.291;0.147;0.122;1;;;;;;;;;;;;;;;;;;;;;;;;;;;;;;;;;;;;;;;;;;;;;;;;;;;;;;;;;;;;;;;;;;;;;;;;;;
;;;;;;;;;0.292;0.144;0.119;1;;;;;;;;;;;;;;;;;;;;;;;;;;;;;;;;;;;;;;;;;;;;;;;;;;;;;;;;;;;;;;;;;;;;;;;;;;
;;;;;;;;mean 4;0.293;0.146333333333333;0.120333333333333;1;;;;;;;;;;;;;;;;;;;;;;;;;;;;;;;;;;;;;;;;;;;;;;;;;;;;;;;;;;;;;;;;;;;;;;;;;;
;;;;;;;;dilution 4 ;0.293;0.146333333333333;0.120333333333333;;;;;;;;;;;;;;;;;;;;;;;;;;;;;;;;;;;;;;;;;;;;;;;;;;;;;;;;;;;;;;;;;;;;;;;;;;;
;;;;;;20/01/2026;13h20;0;0.216;0.244;0.226;1;;;;;;;;;;;;;;;;;;;;;;;;;;;;;;;;;;;;;;;;;;;;;;;;;;;;;;;;;;;;;;;;;;;;;;;;;;
;;;;;;;;;0.217;0.229;0.219;1;;;;;;;;;;;;;;;;;;;;;;;;;;;;;;;;;;;;;;;;;;;;;;;;;;;;;;;;;;;;;;;;;;;;;;;;;;
;;;;;;;;;0.218;0.233;0.227;1;;;;;;;;;;;;;;;;;;;;;;;;;;;;;;;;;;;;;;;;;;;;;;;;;;;;;;;;;;;;;;;;;;;;;;;;;;
;;;;;;;;mean 0;0.217;0.235333333333333;0.224;1;;;;;;;;;;;;;;;;;;;;;;;;;;;;;;;;;;;;;;;;;;;;;;;;;;;;;;;;;;;;;;;;;;;;;;;;;;
;;;;;;;;dilution 0;0.217;0.235333333333333;0.224;;;;;;;;;;;;;;;;;;;;;;;;;;;;;;;;;;;;;;;;;;;;;;;;;;;;;;;;;;;;;;;;;;;;;;;;;;;
;;;;;;;;1;0.254;0.262;0.244;1;;;;;;;;;;;;;;;;;;;;;;;;;;;;;;;;;;;;;;;;;;;;;;;;;;;;;;;;;;;;;;;;;;;;;;;;;;
;;;;;;;;;0.256;0.259;0.248;1;;;;;;;;;;;;;;;;;;;;;;;;;;;;;;;;;;;;;;;;;;;;;;;;;;;;;;;;;;;;;;;;;;;;;;;;;;
;;;;;;;;;0.264;0.263;0.251;1;;;;;;;;;;;;;;;;;;;;;;;;;;;;;;;;;;;;;;;;;;;;;;;;;;;;;;;;;;;;;;;;;;;;;;;;;;
;;;;;;;;mean 1;0.258;0.261333333333333;0.247666666666667;1;;;;;;;;;;;;;;;;;;;;;;;;;;;;;;;;;;;;;;;;;;;;;;;;;;;;;;;;;;;;;;;;;;;;;;;;;;
;;;;;;;;dilution 1;0.258;0.261333333333333;0.247666666666667;;;;;;;;;;;;;;;;;;;;;;;;;;;;;;;;;;;;;;;;;;;;;;;;;;;;;;;;;;;;;;;;;;;;;;;;;;;
;;;;;;;;2;0.221;0.272;0.2;1;;;;;;;;;;;;;;;;;;;;;;;;;;;;;;;;;;;;;;;;;;;;;;;;;;;;;;;;;;;;;;;;;;;;;;;;;;
;;;;;;;;;0.215;0.267;0.205;1;;;;;;;;;;;;;;;;;;;;;;;;;;;;;;;;;;;;;;;;;;;;;;;;;;;;;;;;;;;;;;;;;;;;;;;;;;
;;;;;;;;;0.223;0.278;0.208;1;;;;;;;;;;;;;;;;;;;;;;;;;;;;;;;;;;;;;;;;;;;;;;;;;;;;;;;;;;;;;;;;;;;;;;;;;;
;;;;;;;;mean 2;0.219666666666667;0.272333333333333;0.204333333333333;1;;;;;;;;;;;;;;;;;;;;;;;;;;;;;;;;;;;;;;;;;;;;;;;;;;;;;;;;;;;;;;;;;;;;;;;;;;
;;;;;;;;dilution 2;0.219666666666667;0.272333333333333;0.204333333333333;;;;;;;;;;;;;;;;;;;;;;;;;;;;;;;;;;;;;;;;;;;;;;;;;;;;;;;;;;;;;;;;;;;;;;;;;;;
;;;;;;;;3;0.143;0.161;0.517;1;;;;;;;;;;;;;;;;;;;;;;;;;;;;;;;;;;;;;;;;;;;;;;;;;;;;;;;;;;;;;;;;;;;;;;;;;;
;;;;;;;;;0.144;0.157;0.511;1;;;;;;;;;;;;;;;;;;;;;;;;;;;;;;;;;;;;;;;;;;;;;;;;;;;;;;;;;;;;;;;;;;;;;;;;;;
;;;;;;;;;0.142;0.156;0.507;1;;;;;;;;;;;;;;;;;;;;;;;;;;;;;;;;;;;;;;;;;;;;;;;;;;;;;;;;;;;;;;;;;;;;;;;;;;
;;;;;;;;mean 3;0.143;0.158;0.511666666666667;1;;;;;;;;;;;;;;;;;;;;;;;;;;;;;;;;;;;;;;;;;;;;;;;;;;;;;;;;;;;;;;;;;;;;;;;;;;
;;;;;;;;dilution 3;0.143;0.158;0.511666666666667;;;;;;;;;;;;;;;;;;;;;;;;;;;;;;;;;;;;;;;;;;;;;;;;;;;;;;;;;;;;;;;;;;;;;;;;;;;
;;;;;;;;4;0.35;0.162;0.119;1;;;;;;;;;;;;;;;;;;;;;;;;;;;;;;;;;;;;;;;;;;;;;;;;;;;;;;;;;;;;;;;;;;;;;;;;;;
;;;;;;;;;0.353;0.157;0.124;1;;;;;;;;;;;;;;;;;;;;;;;;;;;;;;;;;;;;;;;;;;;;;;;;;;;;;;;;;;;;;;;;;;;;;;;;;;
;;;;;;;;;0.363;0.157;0.12;1;;;;;;;;;;;;;;;;;;;;;;;;;;;;;;;;;;;;;;;;;;;;;;;;;;;;;;;;;;;;;;;;;;;;;;;;;;
;;;;;;;;mean 4;0.355333333333333;0.158666666666667;0.121;1;;;;;;;;;;;;;;;;;;;;;;;;;;;;;;;;;;;;;;;;;;;;;;;;;;;;;;;;;;;;;;;;;;;;;;;;;;
;;;;;;;;dilution 4 ;0.355333333333333;0.158666666666667;0.121;;;;;;;;;;;;;;;;;;;;;;;;;;;;;;;;;;;;;;;;;;;;;;;;;;;;;;;;;;;;;;;;;;;;;;;;;;;
;;;;;;20/01/2026;16h50;0;0.285;0.262;0.321;1;;;;;;;;;;;;;;;;;;;;;;;;;;;;;;;;;;;;;;;;;;;;;;;;;;;;;;;;;;;;;;;;;;;;;;;;;;
;;;;;;;;;0.28;0.256;0.316;1;;;;;;;;;;;;;;;;;;;;;;;;;;;;;;;;;;;;;;;;;;;;;;;;;;;;;;;;;;;;;;;;;;;;;;;;;;
;;;;;;;;;0.283;0.262;0.321;1;;;;;;;;;;;;;;;;;;;;;;;;;;;;;;;;;;;;;;;;;;;;;;;;;;;;;;;;;;;;;;;;;;;;;;;;;;
;;;;;;;;mean 0;0.282666666666667;0.26;0.319333333333333;1;;;;;;;;;;;;;;;;;;;;;;;;;;;;;;;;;;;;;;;;;;;;;;;;;;;;;;;;;;;;;;;;;;;;;;;;;;
;;;;;;;;dilution 0;0.282666666666667;0.26;0.319333333333333;;;;;;;;;;;;;;;;;;;;;;;;;;;;;;;;;;;;;;;;;;;;;;;;;;;;;;;;;;;;;;;;;;;;;;;;;;;
;;;;;;;;1;0.269;0.323;0.299;1;;;;;;;;;;;;;;;;;;;;;;;;;;;;;;;;;;;;;;;;;;;;;;;;;;;;;;;;;;;;;;;;;;;;;;;;;;
;;;;;;;;;0.269;0.319;0.294;1;;;;;;;;;;;;;;;;;;;;;;;;;;;;;;;;;;;;;;;;;;;;;;;;;;;;;;;;;;;;;;;;;;;;;;;;;;
;;;;;;;;;0.266;0.314;0.295;1;;;;;;;;;;;;;;;;;;;;;;;;;;;;;;;;;;;;;;;;;;;;;;;;;;;;;;;;;;;;;;;;;;;;;;;;;;
;;;;;;;;mean 1;0.268;0.318666666666667;0.296;1;;;;;;;;;;;;;;;;;;;;;;;;;;;;;;;;;;;;;;;;;;;;;;;;;;;;;;;;;;;;;;;;;;;;;;;;;;
;;;;;;;;dilution 1;0.268;0.318666666666667;0.296;;;;;;;;;;;;;;;;;;;;;;;;;;;;;;;;;;;;;;;;;;;;;;;;;;;;;;;;;;;;;;;;;;;;;;;;;;;
;;;;;;;;2;0.209;0.318;0.235;1;;;;;;;;;;;;;;;;;;;;;;;;;;;;;;;;;;;;;;;;;;;;;;;;;;;;;;;;;;;;;;;;;;;;;;;;;;
;;;;;;;;;0.211;0.334;0.236;1;;;;;;;;;;;;;;;;;;;;;;;;;;;;;;;;;;;;;;;;;;;;;;;;;;;;;;;;;;;;;;;;;;;;;;;;;;
;;;;;;;;;0.213;0.32;0.233;1;;;;;;;;;;;;;;;;;;;;;;;;;;;;;;;;;;;;;;;;;;;;;;;;;;;;;;;;;;;;;;;;;;;;;;;;;;
;;;;;;;;mean 2;0.211;0.324;0.234666666666667;1;;;;;;;;;;;;;;;;;;;;;;;;;;;;;;;;;;;;;;;;;;;;;;;;;;;;;;;;;;;;;;;;;;;;;;;;;;
;;;;;;;;dilution 2;0.211;0.324;0.234666666666667;;;;;;;;;;;;;;;;;;;;;;;;;;;;;;;;;;;;;;;;;;;;;;;;;;;;;;;;;;;;;;;;;;;;;;;;;;;
;;;;;;;;3;0.17;0.179;0.59;1;;;;;;;;;;;;;;;;;;;;;;;;;;;;;;;;;;;;;;;;;;;;;;;;;;;;;;;;;;;;;;;;;;;;;;;;;;
;;;;;;;;;0.167;0.182;0.598;1;;;;;;;;;;;;;;;;;;;;;;;;;;;;;;;;;;;;;;;;;;;;;;;;;;;;;;;;;;;;;;;;;;;;;;;;;;
;;;;;;;;;0.161;0.175;0.588;1;;;;;;;;;;;;;;;;;;;;;;;;;;;;;;;;;;;;;;;;;;;;;;;;;;;;;;;;;;;;;;;;;;;;;;;;;;
;;;;;;;;mean 3;0.166;0.178666666666667;0.592;1;;;;;;;;;;;;;;;;;;;;;;;;;;;;;;;;;;;;;;;;;;;;;;;;;;;;;;;;;;;;;;;;;;;;;;;;;;
;;;;;;;;dilution 3;0.166;0.178666666666667;0.592;;;;;;;;;;;;;;;;;;;;;;;;;;;;;;;;;;;;;;;;;;;;;;;;;;;;;;;;;;;;;;;;;;;;;;;;;;;
;;;;;;;;4;0.426;0.189;0.144;1;;;;;;;;;;;;;;;;;;;;;;;;;;;;;;;;;;;;;;;;;;;;;;;;;;;;;;;;;;;;;;;;;;;;;;;;;;
;;;;;;;;;0.423;0.189;0.146;1;;;;;;;;;;;;;;;;;;;;;;;;;;;;;;;;;;;;;;;;;;;;;;;;;;;;;;;;;;;;;;;;;;;;;;;;;;
;;;;;;;;;0.42;0.191;0.145;1;;;;;;;;;;;;;;;;;;;;;;;;;;;;;;;;;;;;;;;;;;;;;;;;;;;;;;;;;;;;;;;;;;;;;;;;;;
;;;;;;;;mean 4;0.423;0.189666666666667;0.145;1;;;;;;;;;;;;;;;;;;;;;;;;;;;;;;;;;;;;;;;;;;;;;;;;;;;;;;;;;;;;;;;;;;;;;;;;;;
;;;;;;;;dilution 4 ;0.423;0.189666666666667;0.145;;;;;;;;;;;;;;;;;;;;;;;;;;;;;;;;;;;;;;;;;;;;;;;;;;;;;;;;;;;;;;;;;;;;;;;;;;;
;;;;;;21/01/2026;8h11;0;0.267;0.271;0.287;2;;;;;;;;;;;;;;;;;;;;;;;;;;;;;;;;;;;;;;;;;;;;;;;;;;;;;;;;;;;;;;;;;;;;;;;;;;
;;;;;;;;;0.261;0.271;0.285;2;;;;;;;;;;;;;;;;;;;;;;;;;;;;;;;;;;;;;;;;;;;;;;;;;;;;;;;;;;;;;;;;;;;;;;;;;;
;;;;;;;;;0.266;0.265;0.29;2;;;;;;;;;;;;;;;;;;;;;;;;;;;;;;;;;;;;;;;;;;;;;;;;;;;;;;;;;;;;;;;;;;;;;;;;;;
;;;;;;;;mean 0;0.264666666666667;0.269;0.287333333333333;2;;;;;;;;;;;;;;;;;;;;;;;;;;;;;;;;;;;;;;;;;;;;;;;;;;;;;;;;;;;;;;;;;;;;;;;;;;
;;;;;;;;dilution 0;0.529333333333333;0.538;0.574666666666667;;;;;;;;;;;;;;;;;;;;;;;;;;;;;;;;;;;;;;;;;;;;;;;;;;;;;;;;;;;;;;;;;;;;;;;;;;;
;;;;;;;;1;0.244;0.224;0.241;2;;;;;;;;;;;;;;;;;;;;;;;;;;;;;;;;;;;;;;;;;;;;;;;;;;;;;;;;;;;;;;;;;;;;;;;;;;
;;;;;;;;;0.244;0.226;0.236;2;;;;;;;;;;;;;;;;;;;;;;;;;;;;;;;;;;;;;;;;;;;;;;;;;;;;;;;;;;;;;;;;;;;;;;;;;;
;;;;;;;;;0.239;0.227;0.237;2;;;;;;;;;;;;;;;;;;;;;;;;;;;;;;;;;;;;;;;;;;;;;;;;;;;;;;;;;;;;;;;;;;;;;;;;;;
;;;;;;;;mean 1;0.242333333333333;0.225666666666667;0.238;2;;;;;;;;;;;;;;;;;;;;;;;;;;;;;;;;;;;;;;;;;;;;;;;;;;;;;;;;;;;;;;;;;;;;;;;;;;
;;;;;;;;dilution 1;0.484666666666667;0.451333333333333;0.476;;;;;;;;;;;;;;;;;;;;;;;;;;;;;;;;;;;;;;;;;;;;;;;;;;;;;;;;;;;;;;;;;;;;;;;;;;;
;;;;;;;;2;0.185;0.247;0.172;2;;;;;;;;;;;;;;;;;;;;;;;;;;;;;;;;;;;;;;;;;;;;;;;;;;;;;;;;;;;;;;;;;;;;;;;;;;
;;;;;;;;;0.19;0.247;0.175;2;;;;;;;;;;;;;;;;;;;;;;;;;;;;;;;;;;;;;;;;;;;;;;;;;;;;;;;;;;;;;;;;;;;;;;;;;;
;;;;;;;;;0.191;0.243;0.175;2;;;;;;;;;;;;;;;;;;;;;;;;;;;;;;;;;;;;;;;;;;;;;;;;;;;;;;;;;;;;;;;;;;;;;;;;;;
;;;;;;;;mean 2;0.188666666666667;0.245666666666667;0.174;2;;;;;;;;;;;;;;;;;;;;;;;;;;;;;;;;;;;;;;;;;;;;;;;;;;;;;;;;;;;;;;;;;;;;;;;;;;
;;;;;;;;dilution 2;0.377333333333333;0.491333333333333;0.348;;;;;;;;;;;;;;;;;;;;;;;;;;;;;;;;;;;;;;;;;;;;;;;;;;;;;;;;;;;;;;;;;;;;;;;;;;;
;;;;;;;;3;0.13;0.145;0.577;2;;;;;;;;;;;;;;;;;;;;;;;;;;;;;;;;;;;;;;;;;;;;;;;;;;;;;;;;;;;;;;;;;;;;;;;;;;
;;;;;;;;;0.13;0.145;0.567;2;;;;;;;;;;;;;;;;;;;;;;;;;;;;;;;;;;;;;;;;;;;;;;;;;;;;;;;;;;;;;;;;;;;;;;;;;;
;;;;;;;;;0.124;0.145;0.565;2;;;;;;;;;;;;;;;;;;;;;;;;;;;;;;;;;;;;;;;;;;;;;;;;;;;;;;;;;;;;;;;;;;;;;;;;;;
;;;;;;;;mean 3;0.128;0.145;0.569666666666667;2;;;;;;;;;;;;;;;;;;;;;;;;;;;;;;;;;;;;;;;;;;;;;;;;;;;;;;;;;;;;;;;;;;;;;;;;;;
;;;;;;;;dilution 3;0.256;0.29;1.13933333333333;;;;;;;;;;;;;;;;;;;;;;;;;;;;;;;;;;;;;;;;;;;;;;;;;;;;;;;;;;;;;;;;;;;;;;;;;;;
;;;;;;;;4;0.337;0.143;0.093;2;;;;;;;;;;;;;;;;;;;;;;;;;;;;;;;;;;;;;;;;;;;;;;;;;;;;;;;;;;;;;;;;;;;;;;;;;;
;;;;;;;;;0.321;0.139;0.096;2;;;;;;;;;;;;;;;;;;;;;;;;;;;;;;;;;;;;;;;;;;;;;;;;;;;;;;;;;;;;;;;;;;;;;;;;;;
;;;;;;;;;0.324;0.141;0.096;2;;;;;;;;;;;;;;;;;;;;;;;;;;;;;;;;;;;;;;;;;;;;;;;;;;;;;;;;;;;;;;;;;;;;;;;;;;
;;;;;;;;mean 4;0.327333333333333;0.141;0.095;2;;;;;;;;;;;;;;;;;;;;;;;;;;;;;;;;;;;;;;;;;;;;;;;;;;;;;;;;;;;;;;;;;;;;;;;;;;
;;;;;;;;dilution 4 ;0.654666666666667;0.282;0.19;;;;;;;;;;;;;;;;;;;;;;;;;;;;;;;;;;;;;;;;;;;;;;;;;;;;;;;;;;;;;;;;;;;;;;;;;;;
;;;;;;21/01/2026;10h57;0;0.264;0.274;0.282;2;;;;;;;;;;;;;;;;;;;;;;;;;;;;;;;;;;;;;;;;;;;;;;;;;;;;;;;;;;;;;;;;;;;;;;;;;;
;;;;;;;;;0.259;0.269;0.276;2;;;;;;;;;;;;;;;;;;;;;;;;;;;;;;;;;;;;;;;;;;;;;;;;;;;;;;;;;;;;;;;;;;;;;;;;;;
;;;;;;;;;0.262;0.271;0.277;2;;;;;;;;;;;;;;;;;;;;;;;;;;;;;;;;;;;;;;;;;;;;;;;;;;;;;;;;;;;;;;;;;;;;;;;;;;
;;;;;;;;mean 0;0.261666666666667;0.271333333333333;0.278333333333333;2;;;;;;;;;;;;;;;;;;;;;;;;;;;;;;;;;;;;;;;;;;;;;;;;;;;;;;;;;;;;;;;;;;;;;;;;;;
;;;;;;;;dilution 0;0.523333333333333;0.542666666666667;0.556666666666667;;;;;;;;;;;;;;;;;;;;;;;;;;;;;;;;;;;;;;;;;;;;;;;;;;;;;;;;;;;;;;;;;;;;;;;;;;;
;;;;;;;;1;0.244;0.241;0.242;2;;;;;;;;;;;;;;;;;;;;;;;;;;;;;;;;;;;;;;;;;;;;;;;;;;;;;;;;;;;;;;;;;;;;;;;;;;
;;;;;;;;;0.24;0.243;0.239;2;;;;;;;;;;;;;;;;;;;;;;;;;;;;;;;;;;;;;;;;;;;;;;;;;;;;;;;;;;;;;;;;;;;;;;;;;;
;;;;;;;;;0.234;0.245;0.239;2;;;;;;;;;;;;;;;;;;;;;;;;;;;;;;;;;;;;;;;;;;;;;;;;;;;;;;;;;;;;;;;;;;;;;;;;;;
;;;;;;;;mean 1;0.239333333333333;0.243;0.24;2;;;;;;;;;;;;;;;;;;;;;;;;;;;;;;;;;;;;;;;;;;;;;;;;;;;;;;;;;;;;;;;;;;;;;;;;;;
;;;;;;;;dilution 1;0.478666666666667;0.486;0.48;;;;;;;;;;;;;;;;;;;;;;;;;;;;;;;;;;;;;;;;;;;;;;;;;;;;;;;;;;;;;;;;;;;;;;;;;;;
;;;;;;;;2;0.209;0.26;0.171;2;;;;;;;;;;;;;;;;;;;;;;;;;;;;;;;;;;;;;;;;;;;;;;;;;;;;;;;;;;;;;;;;;;;;;;;;;;
;;;;;;;;;0.206;0.258;0.164;2;;;;;;;;;;;;;;;;;;;;;;;;;;;;;;;;;;;;;;;;;;;;;;;;;;;;;;;;;;;;;;;;;;;;;;;;;;
;;;;;;;;;0.2;0.259;0.167;2;;;;;;;;;;;;;;;;;;;;;;;;;;;;;;;;;;;;;;;;;;;;;;;;;;;;;;;;;;;;;;;;;;;;;;;;;;
;;;;;;;;mean 2;0.205;0.259;0.167333333333333;2;;;;;;;;;;;;;;;;;;;;;;;;;;;;;;;;;;;;;;;;;;;;;;;;;;;;;;;;;;;;;;;;;;;;;;;;;;
;;;;;;;;dilution 2;0.41;0.518;0.334666666666667;;;;;;;;;;;;;;;;;;;;;;;;;;;;;;;;;;;;;;;;;;;;;;;;;;;;;;;;;;;;;;;;;;;;;;;;;;;
;;;;;;;;3;0.074;0.057;0.303;4;;;;;;;;;;;;;;;;;;;;;;;;;;;;;;;;;;;;;;;;;;;;;;;;;;;;;;;;;;;;;;;;;;;;;;;;;;
;;;;;;;;;0.073;0.056;0.301;4;;;;;;;;;;;;;;;;;;;;;;;;;;;;;;;;;;;;;;;;;;;;;;;;;;;;;;;;;;;;;;;;;;;;;;;;;;
;;;;;;;;;0.074;0.059;0.294;4;;;;;;;;;;;;;;;;;;;;;;;;;;;;;;;;;;;;;;;;;;;;;;;;;;;;;;;;;;;;;;;;;;;;;;;;;;
;;;;;;;;mean 3;0.0736666666666667;0.0573333333333333;0.299333333333333;4;;;;;;;;;;;;;;;;;;;;;;;;;;;;;;;;;;;;;;;;;;;;;;;;;;;;;;;;;;;;;;;;;;;;;;;;;;
;;;;;;;;dilution 3;0.294666666666667;0.229333333333333;1.19733333333333;;;;;;;;;;;;;;;;;;;;;;;;;;;;;;;;;;;;;;;;;;;;;;;;;;;;;;;;;;;;;;;;;;;;;;;;;;;
;;;;;;;;4;0.345;0.154;0.091;2;;;;;;;;;;;;;;;;;;;;;;;;;;;;;;;;;;;;;;;;;;;;;;;;;;;;;;;;;;;;;;;;;;;;;;;;;;
;;;;;;;;;0.348;0.149;0.094;2;;;;;;;;;;;;;;;;;;;;;;;;;;;;;;;;;;;;;;;;;;;;;;;;;;;;;;;;;;;;;;;;;;;;;;;;;;
;;;;;;;;;0.344;0.148;0.096;2;;;;;;;;;;;;;;;;;;;;;;;;;;;;;;;;;;;;;;;;;;;;;;;;;;;;;;;;;;;;;;;;;;;;;;;;;;
;;;;;;;;mean 4;0.345666666666667;0.150333333333333;0.0936666666666667;2;;;;;;;;;;;;;;;;;;;;;;;;;;;;;;;;;;;;;;;;;;;;;;;;;;;;;;;;;;;;;;;;;;;;;;;;;;
;;;;;;;;dilution 4 ;0.691333333333333;0.300666666666667;0.187333333333333;;;;;;;;;;;;;;;;;;;;;;;;;;;;;;;;;;;;;;;;;;;;;;;;;;;;;;;;;;;;;;;;;;;;;;;;;;;
;;;;;;21/01/2026;13h26;0;0.264;0.283;0.31;2;;;;;;;;;;;;;;;;;;;;;;;;;;;;;;;;;;;;;;;;;;;;;;;;;;;;;;;;;;;;;;;;;;;;;;;;;;
;;;;;;;;;0.276;0.289;0.311;2;;;;;;;;;;;;;;;;;;;;;;;;;;;;;;;;;;;;;;;;;;;;;;;;;;;;;;;;;;;;;;;;;;;;;;;;;;
;;;;;;;;;0.274;0.292;0.308;2;;;;;;;;;;;;;;;;;;;;;;;;;;;;;;;;;;;;;;;;;;;;;;;;;;;;;;;;;;;;;;;;;;;;;;;;;;
;;;;;;;;mean 0;0.271333333333333;0.288;0.309666666666667;2;;;;;;;;;;;;;;;;;;;;;;;;;;;;;;;;;;;;;;;;;;;;;;;;;;;;;;;;;;;;;;;;;;;;;;;;;;
;;;;;;;;dilution 0;0.542666666666667;0.576;0.619333333333333;;;;;;;;;;;;;;;;;;;;;;;;;;;;;;;;;;;;;;;;;;;;;;;;;;;;;;;;;;;;;;;;;;;;;;;;;;;
;;;;;;;;1;0.276;0.235;0.257;2;;;;;;;;;;;;;;;;;;;;;;;;;;;;;;;;;;;;;;;;;;;;;;;;;;;;;;;;;;;;;;;;;;;;;;;;;;
;;;;;;;;;0.269;0.242;0.247;2;;;;;;;;;;;;;;;;;;;;;;;;;;;;;;;;;;;;;;;;;;;;;;;;;;;;;;;;;;;;;;;;;;;;;;;;;;
;;;;;;;;;0.277;0.243;0.247;2;;;;;;;;;;;;;;;;;;;;;;;;;;;;;;;;;;;;;;;;;;;;;;;;;;;;;;;;;;;;;;;;;;;;;;;;;;
;;;;;;;;mean 1;0.274;0.24;0.250333333333333;2;;;;;;;;;;;;;;;;;;;;;;;;;;;;;;;;;;;;;;;;;;;;;;;;;;;;;;;;;;;;;;;;;;;;;;;;;;
;;;;;;;;dilution 1;0.548;0.48;0.500666666666667;;;;;;;;;;;;;;;;;;;;;;;;;;;;;;;;;;;;;;;;;;;;;;;;;;;;;;;;;;;;;;;;;;;;;;;;;;;
;;;;;;;;2;0.215;0.276;0.186;2;;;;;;;;;;;;;;;;;;;;;;;;;;;;;;;;;;;;;;;;;;;;;;;;;;;;;;;;;;;;;;;;;;;;;;;;;;
;;;;;;;;;0.21;0.27;0.18;2;;;;;;;;;;;;;;;;;;;;;;;;;;;;;;;;;;;;;;;;;;;;;;;;;;;;;;;;;;;;;;;;;;;;;;;;;;
;;;;;;;;;0.214;0.27;0.18;2;;;;;;;;;;;;;;;;;;;;;;;;;;;;;;;;;;;;;;;;;;;;;;;;;;;;;;;;;;;;;;;;;;;;;;;;;;
;;;;;;;;mean 2;0.213;0.272;0.182;2;;;;;;;;;;;;;;;;;;;;;;;;;;;;;;;;;;;;;;;;;;;;;;;;;;;;;;;;;;;;;;;;;;;;;;;;;;
;;;;;;;;dilution 2;0.426;0.544;0.364;;;;;;;;;;;;;;;;;;;;;;;;;;;;;;;;;;;;;;;;;;;;;;;;;;;;;;;;;;;;;;;;;;;;;;;;;;;
;;;;;;;;3;0.068;0.073;0.326;4;;;;;;;;;;;;;;;;;;;;;;;;;;;;;;;;;;;;;;;;;;;;;;;;;;;;;;;;;;;;;;;;;;;;;;;;;;
;;;;;;;;;0.066;0.076;0.322;4;;;;;;;;;;;;;;;;;;;;;;;;;;;;;;;;;;;;;;;;;;;;;;;;;;;;;;;;;;;;;;;;;;;;;;;;;;
;;;;;;;;;0.067;0.075;0.32;4;;;;;;;;;;;;;;;;;;;;;;;;;;;;;;;;;;;;;;;;;;;;;;;;;;;;;;;;;;;;;;;;;;;;;;;;;;
;;;;;;;;mean 3;0.067;0.0746666666666667;0.322666666666667;4;;;;;;;;;;;;;;;;;;;;;;;;;;;;;;;;;;;;;;;;;;;;;;;;;;;;;;;;;;;;;;;;;;;;;;;;;;
;;;;;;;;dilution 3;0.268;0.298666666666667;1.29066666666667;;;;;;;;;;;;;;;;;;;;;;;;;;;;;;;;;;;;;;;;;;;;;;;;;;;;;;;;;;;;;;;;;;;;;;;;;;;
;;;;;;;;4;0.396;0.158;0.109;2;;;;;;;;;;;;;;;;;;;;;;;;;;;;;;;;;;;;;;;;;;;;;;;;;;;;;;;;;;;;;;;;;;;;;;;;;;
;;;;;;;;;0.384;0.154;0.108;2;;;;;;;;;;;;;;;;;;;;;;;;;;;;;;;;;;;;;;;;;;;;;;;;;;;;;;;;;;;;;;;;;;;;;;;;;;
;;;;;;;;;0.395;0.151;0.111;2;;;;;;;;;;;;;;;;;;;;;;;;;;;;;;;;;;;;;;;;;;;;;;;;;;;;;;;;;;;;;;;;;;;;;;;;;;
;;;;;;;;mean 4;0.391666666666667;0.154333333333333;0.109333333333333;2;;;;;;;;;;;;;;;;;;;;;;;;;;;;;;;;;;;;;;;;;;;;;;;;;;;;;;;;;;;;;;;;;;;;;;;;;;
;;;;;;;;dilution 4 ;0.783333333333333;0.308666666666667;0.218666666666667;;;;;;;;;;;;;;;;;;;;;;;;;;;;;;;;;;;;;;;;;;;;;;;;;;;;;;;;;;;;;;;;;;;;;;;;;;;
;;;;;;21/01/2026;16h18;0;0.311;0.31;0.29;2;;;;;;;;;;;;;;;;;;;;;;;;;;;;;;;;;;;;;;;;;;;;;;;;;;;;;;;;;;;;;;;;;;;;;;;;;;
;;;;;;;;;0.302;0.312;0.29;2;;;;;;;;;;;;;;;;;;;;;;;;;;;;;;;;;;;;;;;;;;;;;;;;;;;;;;;;;;;;;;;;;;;;;;;;;;
;;;;;;;;;0.302;0.312;0.288;2;;;;;;;;;;;;;;;;;;;;;;;;;;;;;;;;;;;;;;;;;;;;;;;;;;;;;;;;;;;;;;;;;;;;;;;;;;
;;;;;;;;mean 0;0.305;0.311333333333333;0.289333333333333;2;;;;;;;;;;;;;;;;;;;;;;;;;;;;;;;;;;;;;;;;;;;;;;;;;;;;;;;;;;;;;;;;;;;;;;;;;;
;;;;;;;;dilution 0;0.61;0.622666666666667;0.578666666666667;;;;;;;;;;;;;;;;;;;;;;;;;;;;;;;;;;;;;;;;;;;;;;;;;;;;;;;;;;;;;;;;;;;;;;;;;;;
;;;;;;;;1;0.258;0.241;0.247;2;;;;;;;;;;;;;;;;;;;;;;;;;;;;;;;;;;;;;;;;;;;;;;;;;;;;;;;;;;;;;;;;;;;;;;;;;;
;;;;;;;;;0.26;0.243;0.244;2;;;;;;;;;;;;;;;;;;;;;;;;;;;;;;;;;;;;;;;;;;;;;;;;;;;;;;;;;;;;;;;;;;;;;;;;;;
;;;;;;;;;0.259;0.242;0.241;2;;;;;;;;;;;;;;;;;;;;;;;;;;;;;;;;;;;;;;;;;;;;;;;;;;;;;;;;;;;;;;;;;;;;;;;;;;
;;;;;;;;mean 1;0.259;0.242;0.244;2;;;;;;;;;;;;;;;;;;;;;;;;;;;;;;;;;;;;;;;;;;;;;;;;;;;;;;;;;;;;;;;;;;;;;;;;;;
;;;;;;;;dilution 1;0.518;0.484;0.488;;;;;;;;;;;;;;;;;;;;;;;;;;;;;;;;;;;;;;;;;;;;;;;;;;;;;;;;;;;;;;;;;;;;;;;;;;;
;;;;;;;;2;0.236;0.28;0.186;2;;;;;;;;;;;;;;;;;;;;;;;;;;;;;;;;;;;;;;;;;;;;;;;;;;;;;;;;;;;;;;;;;;;;;;;;;;
;;;;;;;;;0.235;0.285;0.183;2;;;;;;;;;;;;;;;;;;;;;;;;;;;;;;;;;;;;;;;;;;;;;;;;;;;;;;;;;;;;;;;;;;;;;;;;;;
;;;;;;;;;0.241;0.288;0.186;2;;;;;;;;;;;;;;;;;;;;;;;;;;;;;;;;;;;;;;;;;;;;;;;;;;;;;;;;;;;;;;;;;;;;;;;;;;
;;;;;;;;mean 2;0.237333333333333;0.284333333333333;0.185;2;;;;;;;;;;;;;;;;;;;;;;;;;;;;;;;;;;;;;;;;;;;;;;;;;;;;;;;;;;;;;;;;;;;;;;;;;;
;;;;;;;;dilution 2;0.474666666666667;0.568666666666667;0.37;;;;;;;;;;;;;;;;;;;;;;;;;;;;;;;;;;;;;;;;;;;;;;;;;;;;;;;;;;;;;;;;;;;;;;;;;;;
;;;;;;;;3;0.082;0.091;0.327;4;;;;;;;;;;;;;;;;;;;;;;;;;;;;;;;;;;;;;;;;;;;;;;;;;;;;;;;;;;;;;;;;;;;;;;;;;;
;;;;;;;;;0.082;0.089;0.32;4;;;;;;;;;;;;;;;;;;;;;;;;;;;;;;;;;;;;;;;;;;;;;;;;;;;;;;;;;;;;;;;;;;;;;;;;;;
;;;;;;;;;0.083;0.09;0.313;4;;;;;;;;;;;;;;;;;;;;;;;;;;;;;;;;;;;;;;;;;;;;;;;;;;;;;;;;;;;;;;;;;;;;;;;;;;
;;;;;;;;mean 3;0.0823333333333333;0.09;0.32;4;;;;;;;;;;;;;;;;;;;;;;;;;;;;;;;;;;;;;;;;;;;;;;;;;;;;;;;;;;;;;;;;;;;;;;;;;;
;;;;;;;;dilution 3;0.329333333333333;0.36;1.28;;;;;;;;;;;;;;;;;;;;;;;;;;;;;;;;;;;;;;;;;;;;;;;;;;;;;;;;;;;;;;;;;;;;;;;;;;;
;;;;;;;;4;0.399;0.171;0.109;2;;;;;;;;;;;;;;;;;;;;;;;;;;;;;;;;;;;;;;;;;;;;;;;;;;;;;;;;;;;;;;;;;;;;;;;;;;
;;;;;;;;;0.406;0.173;0.111;2;;;;;;;;;;;;;;;;;;;;;;;;;;;;;;;;;;;;;;;;;;;;;;;;;;;;;;;;;;;;;;;;;;;;;;;;;;
;;;;;;;;;0.397;0.173;0.11;2;;;;;;;;;;;;;;;;;;;;;;;;;;;;;;;;;;;;;;;;;;;;;;;;;;;;;;;;;;;;;;;;;;;;;;;;;;
;;;;;;;;mean 4;0.400666666666667;0.172333333333333;0.11;2;;;;;;;;;;;;;;;;;;;;;;;;;;;;;;;;;;;;;;;;;;;;;;;;;;;;;;;;;;;;;;;;;;;;;;;;;;
;;;;;;;;dilution 4 ;0.801333333333333;0.344666666666667;0.22;;;;;;;;;;;;;;;;;;;;;;;;;;;;;;;;;;;;;;;;;;;;;;;;;;;;;;;;;;;;;;;;;;;;;;;;;;;
;;;;;;22/01/2026;8h17;0;0.139;0.136;0.15;5;;;;;;;;;;;;;;;;;;;;;;;;;;;;;;;;;;;;;;;;;;;;;;;;;;;;;;;;;;;;;;;;;;;;;;;;;;
;;;;;;;;;0.14;0.134;0.154;5;;;;;;;;;;;;;;;;;;;;;;;;;;;;;;;;;;;;;;;;;;;;;;;;;;;;;;;;;;;;;;;;;;;;;;;;;;
;;;;;;;;;0.136;0.134;0.152;5;;;;;;;;;;;;;;;;;;;;;;;;;;;;;;;;;;;;;;;;;;;;;;;;;;;;;;;;;;;;;;;;;;;;;;;;;;
;;;;;;;;mean 0;0.138333333333333;0.134666666666667;0.152;5;;;;;;;;;;;;;;;;;;;;;;;;;;;;;;;;;;;;;;;;;;;;;;;;;;;;;;;;;;;;;;;;;;;;;;;;;;
;;;;;;;;dilution 0;0.691666666666667;0.673333333333333;0.76;;;;;;;;;;;;;;;;;;;;;;;;;;;;;;;;;;;;;;;;;;;;;;;;;;;;;;;;;;;;;;;;;;;;;;;;;;;
;;;;;;;;1;0.131;0.119;0.122;5;;;;;;;;;;;;;;;;;;;;;;;;;;;;;;;;;;;;;;;;;;;;;;;;;;;;;;;;;;;;;;;;;;;;;;;;;;
;;;;;;;;;0.131;0.117;0.127;5;;;;;;;;;;;;;;;;;;;;;;;;;;;;;;;;;;;;;;;;;;;;;;;;;;;;;;;;;;;;;;;;;;;;;;;;;;
;;;;;;;;;0.133;0.123;0.124;5;;;;;;;;;;;;;;;;;;;;;;;;;;;;;;;;;;;;;;;;;;;;;;;;;;;;;;;;;;;;;;;;;;;;;;;;;;
;;;;;;;;mean 1;0.131666666666667;0.119666666666667;0.124333333333333;5;;;;;;;;;;;;;;;;;;;;;;;;;;;;;;;;;;;;;;;;;;;;;;;;;;;;;;;;;;;;;;;;;;;;;;;;;;
;;;;;;;;dilution 1;0.658333333333333;0.598333333333333;0.621666666666667;;;;;;;;;;;;;;;;;;;;;;;;;;;;;;;;;;;;;;;;;;;;;;;;;;;;;;;;;;;;;;;;;;;;;;;;;;;
;;;;;;;;2;0.145;0.195;0.112;4;;;;;;;;;;;;;;;;;;;;;;;;;;;;;;;;;;;;;;;;;;;;;;;;;;;;;;;;;;;;;;;;;;;;;;;;;;
;;;;;;;;;0.147;0.195;0.112;4;;;;;;;;;;;;;;;;;;;;;;;;;;;;;;;;;;;;;;;;;;;;;;;;;;;;;;;;;;;;;;;;;;;;;;;;;;
;;;;;;;;;0.147;0.197;0.116;4;;;;;;;;;;;;;;;;;;;;;;;;;;;;;;;;;;;;;;;;;;;;;;;;;;;;;;;;;;;;;;;;;;;;;;;;;;
;;;;;;;;mean 2;0.146333333333333;0.195666666666667;0.113333333333333;4;;;;;;;;;;;;;;;;;;;;;;;;;;;;;;;;;;;;;;;;;;;;;;;;;;;;;;;;;;;;;;;;;;;;;;;;;;
;;;;;;;;dilution 2;0.585333333333333;0.782666666666667;0.453333333333333;;;;;;;;;;;;;;;;;;;;;;;;;;;;;;;;;;;;;;;;;;;;;;;;;;;;;;;;;;;;;;;;;;;;;;;;;;;
;;;;;;;;3;0.078;0.081;0.28;5;;;;;;;;;;;;;;;;;;;;;;;;;;;;;;;;;;;;;;;;;;;;;;;;;;;;;;;;;;;;;;;;;;;;;;;;;;
;;;;;;;;;0.08;0.081;0.28;5;;;;;;;;;;;;;;;;;;;;;;;;;;;;;;;;;;;;;;;;;;;;;;;;;;;;;;;;;;;;;;;;;;;;;;;;;;
;;;;;;;;;0.08;0.083;0.276;5;;;;;;;;;;;;;;;;;;;;;;;;;;;;;;;;;;;;;;;;;;;;;;;;;;;;;;;;;;;;;;;;;;;;;;;;;;
;;;;;;;;mean 3;0.0793333333333333;0.0816666666666667;0.278666666666667;5;;;;;;;;;;;;;;;;;;;;;;;;;;;;;;;;;;;;;;;;;;;;;;;;;;;;;;;;;;;;;;;;;;;;;;;;;;
;;;;;;;;dilution 3;0.396666666666667;0.408333333333333;1.39333333333333;;;;;;;;;;;;;;;;;;;;;;;;;;;;;;;;;;;;;;;;;;;;;;;;;;;;;;;;;;;;;;;;;;;;;;;;;;;
;;;;;;;;4;0.227;0.106;0.071;4;;;;;;;;;;;;;;;;;;;;;;;;;;;;;;;;;;;;;;;;;;;;;;;;;;;;;;;;;;;;;;;;;;;;;;;;;;
;;;;;;;;;0.226;0.104;0.073;4;;;;;;;;;;;;;;;;;;;;;;;;;;;;;;;;;;;;;;;;;;;;;;;;;;;;;;;;;;;;;;;;;;;;;;;;;;
;;;;;;;;;0.226;0.106;0.075;4;;;;;;;;;;;;;;;;;;;;;;;;;;;;;;;;;;;;;;;;;;;;;;;;;;;;;;;;;;;;;;;;;;;;;;;;;;
;;;;;;;;mean 4;0.226333333333333;0.105333333333333;0.073;4;;;;;;;;;;;;;;;;;;;;;;;;;;;;;;;;;;;;;;;;;;;;;;;;;;;;;;;;;;;;;;;;;;;;;;;;;;
;;;;;;;;dilution 4 ;0.905333333333333;0.421333333333333;0.292;;;;;;;;;;;;;;;;;;;;;;;;;;;;;;;;;;;;;;;;;;;;;;;;;;;;;;;;;;;;;;;;;;;;;;;;;;;
;;;;;;22/01/2026;10h59;0;0.146;0.137;0.15;5;;;;;;;;;;;;;;;;;;;;;;;;;;;;;;;;;;;;;;;;;;;;;;;;;;;;;;;;;;;;;;;;;;;;;;;;;;
;;;;;;;;;0.152;0.137;0.15;5;;;;;;;;;;;;;;;;;;;;;;;;;;;;;;;;;;;;;;;;;;;;;;;;;;;;;;;;;;;;;;;;;;;;;;;;;;
;;;;;;;;;0.148;0.137;0.155;5;;;;;;;;;;;;;;;;;;;;;;;;;;;;;;;;;;;;;;;;;;;;;;;;;;;;;;;;;;;;;;;;;;;;;;;;;;
;;;;;;;;mean 0;0.148666666666667;0.137;0.151666666666667;5;;;;;;;;;;;;;;;;;;;;;;;;;;;;;;;;;;;;;;;;;;;;;;;;;;;;;;;;;;;;;;;;;;;;;;;;;;
;;;;;;;;dilution 0;0.743333333333333;0.685;0.758333333333333;;;;;;;;;;;;;;;;;;;;;;;;;;;;;;;;;;;;;;;;;;;;;;;;;;;;;;;;;;;;;;;;;;;;;;;;;;;
;;;;;;;;1;0.132;0.119;0.127;5;;;;;;;;;;;;;;;;;;;;;;;;;;;;;;;;;;;;;;;;;;;;;;;;;;;;;;;;;;;;;;;;;;;;;;;;;;
;;;;;;;;;0.134;0.12;0.125;5;;;;;;;;;;;;;;;;;;;;;;;;;;;;;;;;;;;;;;;;;;;;;;;;;;;;;;;;;;;;;;;;;;;;;;;;;;
;;;;;;;;;0.134;0.119;0.123;5;;;;;;;;;;;;;;;;;;;;;;;;;;;;;;;;;;;;;;;;;;;;;;;;;;;;;;;;;;;;;;;;;;;;;;;;;;
;;;;;;;;mean 1;0.133333333333333;0.119333333333333;0.125;5;;;;;;;;;;;;;;;;;;;;;;;;;;;;;;;;;;;;;;;;;;;;;;;;;;;;;;;;;;;;;;;;;;;;;;;;;;
;;;;;;;;dilution 1;0.666666666666667;0.596666666666667;0.625;;;;;;;;;;;;;;;;;;;;;;;;;;;;;;;;;;;;;;;;;;;;;;;;;;;;;;;;;;;;;;;;;;;;;;;;;;;
;;;;;;;;2;0.151;0.199;0.115;4;;;;;;;;;;;;;;;;;;;;;;;;;;;;;;;;;;;;;;;;;;;;;;;;;;;;;;;;;;;;;;;;;;;;;;;;;;
;;;;;;;;;0.144;0.195;0.12;4;;;;;;;;;;;;;;;;;;;;;;;;;;;;;;;;;;;;;;;;;;;;;;;;;;;;;;;;;;;;;;;;;;;;;;;;;;
;;;;;;;;;0.144;0.195;0.113;4;;;;;;;;;;;;;;;;;;;;;;;;;;;;;;;;;;;;;;;;;;;;;;;;;;;;;;;;;;;;;;;;;;;;;;;;;;
;;;;;;;;mean 2;0.146333333333333;0.196333333333333;0.116;4;;;;;;;;;;;;;;;;;;;;;;;;;;;;;;;;;;;;;;;;;;;;;;;;;;;;;;;;;;;;;;;;;;;;;;;;;;
;;;;;;;;dilution 2;0.585333333333333;0.785333333333333;0.464;;;;;;;;;;;;;;;;;;;;;;;;;;;;;;;;;;;;;;;;;;;;;;;;;;;;;;;;;;;;;;;;;;;;;;;;;;;
;;;;;;;;3;0.062;0.075;0.268;5;;;;;;;;;;;;;;;;;;;;;;;;;;;;;;;;;;;;;;;;;;;;;;;;;;;;;;;;;;;;;;;;;;;;;;;;;;
;;;;;;;;;0.059;0.079;0.271;5;;;;;;;;;;;;;;;;;;;;;;;;;;;;;;;;;;;;;;;;;;;;;;;;;;;;;;;;;;;;;;;;;;;;;;;;;;
;;;;;;;;;0.063;0.079;0.269;5;;;;;;;;;;;;;;;;;;;;;;;;;;;;;;;;;;;;;;;;;;;;;;;;;;;;;;;;;;;;;;;;;;;;;;;;;;
;;;;;;;;mean 3;0.0613333333333333;0.0776666666666667;0.269333333333333;5;;;;;;;;;;;;;;;;;;;;;;;;;;;;;;;;;;;;;;;;;;;;;;;;;;;;;;;;;;;;;;;;;;;;;;;;;;
;;;;;;;;dilution 3;0.306666666666667;0.388333333333333;1.34666666666667;;;;;;;;;;;;;;;;;;;;;;;;;;;;;;;;;;;;;;;;;;;;;;;;;;;;;;;;;;;;;;;;;;;;;;;;;;;
;;;;;;;;4;0.228;0.107;0.081;4;;;;;;;;;;;;;;;;;;;;;;;;;;;;;;;;;;;;;;;;;;;;;;;;;;;;;;;;;;;;;;;;;;;;;;;;;;
;;;;;;;;;0.223;0.106;0.086;4;;;;;;;;;;;;;;;;;;;;;;;;;;;;;;;;;;;;;;;;;;;;;;;;;;;;;;;;;;;;;;;;;;;;;;;;;;
;;;;;;;;;0.228;0.101;0.087;4;;;;;;;;;;;;;;;;;;;;;;;;;;;;;;;;;;;;;;;;;;;;;;;;;;;;;;;;;;;;;;;;;;;;;;;;;;
;;;;;;;;mean 4;0.226333333333333;0.104666666666667;0.0846666666666667;4;;;;;;;;;;;;;;;;;;;;;;;;;;;;;;;;;;;;;;;;;;;;;;;;;;;;;;;;;;;;;;;;;;;;;;;;;;
;;;;;;;;dilution 4 ;0.905333333333333;0.418666666666667;0.338666666666667;;;;;;;;;;;;;;;;;;;;;;;;;;;;;;;;;;;;;;;;;;;;;;;;;;;;;;;;;;;;;;;;;;;;;;;;;;;
;;;;;;22/01/2026;16h49;0;0.14;0.146;0.168;5;;;;;;;;;;;;;;;;;;;;;;;;;;;;;;;;;;;;;;;;;;;;;;;;;;;;;;;;;;;;;;;;;;;;;;;;;;
;;;;;;;;;0.148;0.144;0.164;5;;;;;;;;;;;;;;;;;;;;;;;;;;;;;;;;;;;;;;;;;;;;;;;;;;;;;;;;;;;;;;;;;;;;;;;;;;
;;;;;;;;;0.145;0.149;0.162;5;;;;;;;;;;;;;;;;;;;;;;;;;;;;;;;;;;;;;;;;;;;;;;;;;;;;;;;;;;;;;;;;;;;;;;;;;;
;;;;;;;;mean 0;0.144333333333333;0.146333333333333;0.164666666666667;5;;;;;;;;;;;;;;;;;;;;;;;;;;;;;;;;;;;;;;;;;;;;;;;;;;;;;;;;;;;;;;;;;;;;;;;;;;
;;;;;;;;dilution 0;0.721666666666667;0.731666666666667;0.823333333333333;;;;;;;;;;;;;;;;;;;;;;;;;;;;;;;;;;;;;;;;;;;;;;;;;;;;;;;;;;;;;;;;;;;;;;;;;;;
;;;;;;;;1;0.135;0.127;0.136;5;;;;;;;;;;;;;;;;;;;;;;;;;;;;;;;;;;;;;;;;;;;;;;;;;;;;;;;;;;;;;;;;;;;;;;;;;;
;;;;;;;;;0.137;0.128;0.135;5;;;;;;;;;;;;;;;;;;;;;;;;;;;;;;;;;;;;;;;;;;;;;;;;;;;;;;;;;;;;;;;;;;;;;;;;;;
;;;;;;;;;0.138;0.125;0.134;5;;;;;;;;;;;;;;;;;;;;;;;;;;;;;;;;;;;;;;;;;;;;;;;;;;;;;;;;;;;;;;;;;;;;;;;;;;
;;;;;;;;mean 1;0.136666666666667;0.126666666666667;0.135;5;;;;;;;;;;;;;;;;;;;;;;;;;;;;;;;;;;;;;;;;;;;;;;;;;;;;;;;;;;;;;;;;;;;;;;;;;;
;;;;;;;;dilution 1;0.683333333333333;0.633333333333333;0.675;;;;;;;;;;;;;;;;;;;;;;;;;;;;;;;;;;;;;;;;;;;;;;;;;;;;;;;;;;;;;;;;;;;;;;;;;;;
;;;;;;;;2;0.159;0.204;0.117;4;;;;;;;;;;;;;;;;;;;;;;;;;;;;;;;;;;;;;;;;;;;;;;;;;;;;;;;;;;;;;;;;;;;;;;;;;;
;;;;;;;;;0.155;0.204;0.119;4;;;;;;;;;;;;;;;;;;;;;;;;;;;;;;;;;;;;;;;;;;;;;;;;;;;;;;;;;;;;;;;;;;;;;;;;;;
;;;;;;;;;0.157;0.207;0.12;4;;;;;;;;;;;;;;;;;;;;;;;;;;;;;;;;;;;;;;;;;;;;;;;;;;;;;;;;;;;;;;;;;;;;;;;;;;
;;;;;;;;mean 2;0.157;0.205;0.118666666666667;4;;;;;;;;;;;;;;;;;;;;;;;;;;;;;;;;;;;;;;;;;;;;;;;;;;;;;;;;;;;;;;;;;;;;;;;;;;
;;;;;;;;dilution 2;0.628;0.82;0.474666666666667;;;;;;;;;;;;;;;;;;;;;;;;;;;;;;;;;;;;;;;;;;;;;;;;;;;;;;;;;;;;;;;;;;;;;;;;;;;
;;;;;;;;3;0.069;0.073;0.264;5;;;;;;;;;;;;;;;;;;;;;;;;;;;;;;;;;;;;;;;;;;;;;;;;;;;;;;;;;;;;;;;;;;;;;;;;;;
;;;;;;;;;0.071;0.082;0.264;5;;;;;;;;;;;;;;;;;;;;;;;;;;;;;;;;;;;;;;;;;;;;;;;;;;;;;;;;;;;;;;;;;;;;;;;;;;
;;;;;;;;;0.076;0.081;0.266;5;;;;;;;;;;;;;;;;;;;;;;;;;;;;;;;;;;;;;;;;;;;;;;;;;;;;;;;;;;;;;;;;;;;;;;;;;;
;;;;;;;;mean 3;0.072;0.0786666666666667;0.264666666666667;5;;;;;;;;;;;;;;;;;;;;;;;;;;;;;;;;;;;;;;;;;;;;;;;;;;;;;;;;;;;;;;;;;;;;;;;;;;
;;;;;;;;dilution 3;0.36;0.393333333333333;1.32333333333333;;;;;;;;;;;;;;;;;;;;;;;;;;;;;;;;;;;;;;;;;;;;;;;;;;;;;;;;;;;;;;;;;;;;;;;;;;;
;;;;;;;;4;0.226;0.108;0.085;4;;;;;;;;;;;;;;;;;;;;;;;;;;;;;;;;;;;;;;;;;;;;;;;;;;;;;;;;;;;;;;;;;;;;;;;;;;
;;;;;;;;;0.219;0.111;0.086;4;;;;;;;;;;;;;;;;;;;;;;;;;;;;;;;;;;;;;;;;;;;;;;;;;;;;;;;;;;;;;;;;;;;;;;;;;;
;;;;;;;;;0.216;0.106;0.084;4;;;;;;;;;;;;;;;;;;;;;;;;;;;;;;;;;;;;;;;;;;;;;;;;;;;;;;;;;;;;;;;;;;;;;;;;;;
;;;;;;;;mean 4;0.220333333333333;0.108333333333333;0.085;4;;;;;;;;;;;;;;;;;;;;;;;;;;;;;;;;;;;;;;;;;;;;;;;;;;;;;;;;;;;;;;;;;;;;;;;;;;
;;;;;;;;dilution 4 ;0.881333333333333;0.433333333333333;0.34;;;;;;;;;;;;;;;;;;;;;;;;;;;;;;;;;;;;;;;;;;;;;;;;;;;;;;;;;;;;;;;;;;;;;;;;;;;
;;;;;;23/01/2026;8h16;0;0.189;0.172;0.183;5;;;;;;;;;;;;;;;;;;;;;;;;;;;;;;;;;;;;;;;;;;;;;;;;;;;;;;;;;;;;;;;;;;;;;;;;;;
;;;;;;;;;0.188;0.17;0.184;5;;;;;;;;;;;;;;;;;;;;;;;;;;;;;;;;;;;;;;;;;;;;;;;;;;;;;;;;;;;;;;;;;;;;;;;;;;
;;;;;;;;;0.186;0.166;0.179;5;;;;;;;;;;;;;;;;;;;;;;;;;;;;;;;;;;;;;;;;;;;;;;;;;;;;;;;;;;;;;;;;;;;;;;;;;;
;;;;;;;;mean 0;0.187666666666667;0.169333333333333;0.182;5;;;;;;;;;;;;;;;;;;;;;;;;;;;;;;;;;;;;;;;;;;;;;;;;;;;;;;;;;;;;;;;;;;;;;;;;;;
;;;;;;;;dilution 0;0.938333333333333;0.846666666666667;0.91;;;;;;;;;;;;;;;;;;;;;;;;;;;;;;;;;;;;;;;;;;;;;;;;;;;;;;;;;;;;;;;;;;;;;;;;;;;
;;;;;;;;1;0.152;0.152;0.146;5;;;;;;;;;;;;;;;;;;;;;;;;;;;;;;;;;;;;;;;;;;;;;;;;;;;;;;;;;;;;;;;;;;;;;;;;;;
;;;;;;;;;0.156;0.153;0.149;5;;;;;;;;;;;;;;;;;;;;;;;;;;;;;;;;;;;;;;;;;;;;;;;;;;;;;;;;;;;;;;;;;;;;;;;;;;
;;;;;;;;;0.153;0.153;0.151;5;;;;;;;;;;;;;;;;;;;;;;;;;;;;;;;;;;;;;;;;;;;;;;;;;;;;;;;;;;;;;;;;;;;;;;;;;;
;;;;;;;;mean 1;0.153666666666667;0.152666666666667;0.148666666666667;5;;;;;;;;;;;;;;;;;;;;;;;;;;;;;;;;;;;;;;;;;;;;;;;;;;;;;;;;;;;;;;;;;;;;;;;;;;
;;;;;;;;dilution 1;0.768333333333333;0.763333333333333;0.743333333333333;;;;;;;;;;;;;;;;;;;;;;;;;;;;;;;;;;;;;;;;;;;;;;;;;;;;;;;;;;;;;;;;;;;;;;;;;;;
;;;;;;;;2;0.186;0.241;0.138;4;;;;;;;;;;;;;;;;;;;;;;;;;;;;;;;;;;;;;;;;;;;;;;;;;;;;;;;;;;;;;;;;;;;;;;;;;;
;;;;;;;;;0.187;0.237;0.138;4;;;;;;;;;;;;;;;;;;;;;;;;;;;;;;;;;;;;;;;;;;;;;;;;;;;;;;;;;;;;;;;;;;;;;;;;;;
;;;;;;;;;0.189;0.236;0.144;4;;;;;;;;;;;;;;;;;;;;;;;;;;;;;;;;;;;;;;;;;;;;;;;;;;;;;;;;;;;;;;;;;;;;;;;;;;
;;;;;;;;mean 2;0.187333333333333;0.238;0.14;4;;;;;;;;;;;;;;;;;;;;;;;;;;;;;;;;;;;;;;;;;;;;;;;;;;;;;;;;;;;;;;;;;;;;;;;;;;
;;;;;;;;dilution 2;0.749333333333333;0.952;0.56;;;;;;;;;;;;;;;;;;;;;;;;;;;;;;;;;;;;;;;;;;;;;;;;;;;;;;;;;;;;;;;;;;;;;;;;;;;
;;;;;;;;3;0.071;0.082;0.283;5;;;;;;;;;;;;;;;;;;;;;;;;;;;;;;;;;;;;;;;;;;;;;;;;;;;;;;;;;;;;;;;;;;;;;;;;;;
;;;;;;;;;0.069;0.087;0.285;5;;;;;;;;;;;;;;;;;;;;;;;;;;;;;;;;;;;;;;;;;;;;;;;;;;;;;;;;;;;;;;;;;;;;;;;;;;
;;;;;;;;;0.072;0.081;0.276;5;;;;;;;;;;;;;;;;;;;;;;;;;;;;;;;;;;;;;;;;;;;;;;;;;;;;;;;;;;;;;;;;;;;;;;;;;;
;;;;;;;;mean 3;0.0706666666666667;0.0833333333333333;0.281333333333333;5;;;;;;;;;;;;;;;;;;;;;;;;;;;;;;;;;;;;;;;;;;;;;;;;;;;;;;;;;;;;;;;;;;;;;;;;;;
;;;;;;;;dilution 3;0.353333333333333;0.416666666666667;1.40666666666667;;;;;;;;;;;;;;;;;;;;;;;;;;;;;;;;;;;;;;;;;;;;;;;;;;;;;;;;;;;;;;;;;;;;;;;;;;;
;;;;;;;;4;0.207;0.114;0.083;4;;;;;;;;;;;;;;;;;;;;;;;;;;;;;;;;;;;;;;;;;;;;;;;;;;;;;;;;;;;;;;;;;;;;;;;;;;
;;;;;;;;;0.206;0.108;0.083;4;;;;;;;;;;;;;;;;;;;;;;;;;;;;;;;;;;;;;;;;;;;;;;;;;;;;;;;;;;;;;;;;;;;;;;;;;;
;;;;;;;;;0.209;0.111;0.083;4;;;;;;;;;;;;;;;;;;;;;;;;;;;;;;;;;;;;;;;;;;;;;;;;;;;;;;;;;;;;;;;;;;;;;;;;;;
;;;;;;;;mean 4;0.207333333333333;0.111;0.083;4;;;;;;;;;;;;;;;;;;;;;;;;;;;;;;;;;;;;;;;;;;;;;;;;;;;;;;;;;;;;;;;;;;;;;;;;;;
;;;;;;;;dilution 4 ;0.829333333333333;0.444;0.332;;;;;;;;;;;;;;;;;;;;;;;;;;;;;;;;;;;;;;;;;;;;;;;;;;;;;;;;;;;;;;;;;;;;;;;;;;;
;;;;;;23/01/2026;11h02;0;0.165;0.156;0.189;5;;;;;;;;;;;;;;;;;;;;;;;;;;;;;;;;;;;;;;;;;;;;;;;;;;;;;;;;;;;;;;;;;;;;;;;;;;
;;;;;;;;;0.171;0.154;0.198;5;;;;;;;;;;;;;;;;;;;;;;;;;;;;;;;;;;;;;;;;;;;;;;;;;;;;;;;;;;;;;;;;;;;;;;;;;;
;;;;;;;;;0.17;0.157;0.199;5;;;;;;;;;;;;;;;;;;;;;;;;;;;;;;;;;;;;;;;;;;;;;;;;;;;;;;;;;;;;;;;;;;;;;;;;;;
;;;;;;;;mean 0;0.168666666666667;0.155666666666667;0.195333333333333;5;;;;;;;;;;;;;;;;;;;;;;;;;;;;;;;;;;;;;;;;;;;;;;;;;;;;;;;;;;;;;;;;;;;;;;;;;;
;;;;;;;;dilution 0;0.843333333333333;0.778333333333333;0.976666666666667;;;;;;;;;;;;;;;;;;;;;;;;;;;;;;;;;;;;;;;;;;;;;;;;;;;;;;;;;;;;;;;;;;;;;;;;;;;
;;;;;;;;1;0.153;0.156;0.17;5;;;;;;;;;;;;;;;;;;;;;;;;;;;;;;;;;;;;;;;;;;;;;;;;;;;;;;;;;;;;;;;;;;;;;;;;;;
;;;;;;;;;0.152;0.154;0.16;5;;;;;;;;;;;;;;;;;;;;;;;;;;;;;;;;;;;;;;;;;;;;;;;;;;;;;;;;;;;;;;;;;;;;;;;;;;
;;;;;;;;;0.157;0.157;0.157;5;;;;;;;;;;;;;;;;;;;;;;;;;;;;;;;;;;;;;;;;;;;;;;;;;;;;;;;;;;;;;;;;;;;;;;;;;;
;;;;;;;;mean 1;0.154;0.155666666666667;0.162333333333333;5;;;;;;;;;;;;;;;;;;;;;;;;;;;;;;;;;;;;;;;;;;;;;;;;;;;;;;;;;;;;;;;;;;;;;;;;;;
;;;;;;;;dilution 1;0.77;0.778333333333333;0.811666666666667;;;;;;;;;;;;;;;;;;;;;;;;;;;;;;;;;;;;;;;;;;;;;;;;;;;;;;;;;;;;;;;;;;;;;;;;;;;
;;;;;;;;2;0.193;0.256;0.141;4;;;;;;;;;;;;;;;;;;;;;;;;;;;;;;;;;;;;;;;;;;;;;;;;;;;;;;;;;;;;;;;;;;;;;;;;;;
;;;;;;;;;0.199;0.256;0.137;4;;;;;;;;;;;;;;;;;;;;;;;;;;;;;;;;;;;;;;;;;;;;;;;;;;;;;;;;;;;;;;;;;;;;;;;;;;
;;;;;;;;;0.196;0.255;0.139;4;;;;;;;;;;;;;;;;;;;;;;;;;;;;;;;;;;;;;;;;;;;;;;;;;;;;;;;;;;;;;;;;;;;;;;;;;;
;;;;;;;;mean 2;0.196;0.255666666666667;0.139;4;;;;;;;;;;;;;;;;;;;;;;;;;;;;;;;;;;;;;;;;;;;;;;;;;;;;;;;;;;;;;;;;;;;;;;;;;;
;;;;;;;;dilution 2;0.784;1.02266666666667;0.556;;;;;;;;;;;;;;;;;;;;;;;;;;;;;;;;;;;;;;;;;;;;;;;;;;;;;;;;;;;;;;;;;;;;;;;;;;;
;;;;;;;;3;0.087;0.084;0.265;5;;;;;;;;;;;;;;;;;;;;;;;;;;;;;;;;;;;;;;;;;;;;;;;;;;;;;;;;;;;;;;;;;;;;;;;;;;
;;;;;;;;;0.094;0.084;0.269;5;;;;;;;;;;;;;;;;;;;;;;;;;;;;;;;;;;;;;;;;;;;;;;;;;;;;;;;;;;;;;;;;;;;;;;;;;;
;;;;;;;;;0.091;0.088;0.258;5;;;;;;;;;;;;;;;;;;;;;;;;;;;;;;;;;;;;;;;;;;;;;;;;;;;;;;;;;;;;;;;;;;;;;;;;;;
;;;;;;;;mean 3;0.0906666666666667;0.0853333333333333;0.264;5;;;;;;;;;;;;;;;;;;;;;;;;;;;;;;;;;;;;;;;;;;;;;;;;;;;;;;;;;;;;;;;;;;;;;;;;;;
;;;;;;;;dilution 3;0.453333333333333;0.426666666666667;1.32;;;;;;;;;;;;;;;;;;;;;;;;;;;;;;;;;;;;;;;;;;;;;;;;;;;;;;;;;;;;;;;;;;;;;;;;;;;
;;;;;;;;4;0.21;0.104;0.078;4;;;;;;;;;;;;;;;;;;;;;;;;;;;;;;;;;;;;;;;;;;;;;;;;;;;;;;;;;;;;;;;;;;;;;;;;;;
;;;;;;;;;0.209;0.109;0.076;4;;;;;;;;;;;;;;;;;;;;;;;;;;;;;;;;;;;;;;;;;;;;;;;;;;;;;;;;;;;;;;;;;;;;;;;;;;
;;;;;;;;;0.208;0.107;0.077;4;;;;;;;;;;;;;;;;;;;;;;;;;;;;;;;;;;;;;;;;;;;;;;;;;;;;;;;;;;;;;;;;;;;;;;;;;;
;;;;;;;;mean 4;0.209;0.106666666666667;0.077;4;;;;;;;;;;;;;;;;;;;;;;;;;;;;;;;;;;;;;;;;;;;;;;;;;;;;;;;;;;;;;;;;;;;;;;;;;;
;;;;;;;;dilution 4 ;0.836;0.426666666666667;0.308;;;;;;;;;;;;;;;;;;;;;;;;;;;;;;;;;;;;;;;;;;;;;;;;;;;;;;;;;;;;;;;;;;;;;;;;;;;
;;;;;;23/01/2026;16h41;0;0.175;0.164;0.193;5;;;;;;;;;;;;;;;;;;;;;;;;;;;;;;;;;;;;;;;;;;;;;;;;;;;;;;;;;;;;;;;;;;;;;;;;;;
;;;;;;;;;0.183;0.168;0.193;5;;;;;;;;;;;;;;;;;;;;;;;;;;;;;;;;;;;;;;;;;;;;;;;;;;;;;;;;;;;;;;;;;;;;;;;;;;
;;;;;;;;;0.175;0.17;0.199;5;;;;;;;;;;;;;;;;;;;;;;;;;;;;;;;;;;;;;;;;;;;;;;;;;;;;;;;;;;;;;;;;;;;;;;;;;;
;;;;;;;;mean 0;0.177666666666667;0.167333333333333;0.195;5;;;;;;;;;;;;;;;;;;;;;;;;;;;;;;;;;;;;;;;;;;;;;;;;;;;;;;;;;;;;;;;;;;;;;;;;;;
;;;;;;;;dilution 0;0.888333333333333;0.836666666666667;0.975;;;;;;;;;;;;;;;;;;;;;;;;;;;;;;;;;;;;;;;;;;;;;;;;;;;;;;;;;;;;;;;;;;;;;;;;;;;
;;;;;;;;1;0.149;0.153;0.132;5;;;;;;;;;;;;;;;;;;;;;;;;;;;;;;;;;;;;;;;;;;;;;;;;;;;;;;;;;;;;;;;;;;;;;;;;;;
;;;;;;;;;0.147;0.15;0.137;5;;;;;;;;;;;;;;;;;;;;;;;;;;;;;;;;;;;;;;;;;;;;;;;;;;;;;;;;;;;;;;;;;;;;;;;;;;
;;;;;;;;;0.143;0.146;0.139;5;;;;;;;;;;;;;;;;;;;;;;;;;;;;;;;;;;;;;;;;;;;;;;;;;;;;;;;;;;;;;;;;;;;;;;;;;;
;;;;;;;;mean 1;0.146333333333333;0.149666666666667;0.136;5;;;;;;;;;;;;;;;;;;;;;;;;;;;;;;;;;;;;;;;;;;;;;;;;;;;;;;;;;;;;;;;;;;;;;;;;;;
;;;;;;;;dilution 1;0.731666666666667;0.748333333333333;0.68;;;;;;;;;;;;;;;;;;;;;;;;;;;;;;;;;;;;;;;;;;;;;;;;;;;;;;;;;;;;;;;;;;;;;;;;;;;
;;;;;;;;2;0.166;0.241;0.126;4;;;;;;;;;;;;;;;;;;;;;;;;;;;;;;;;;;;;;;;;;;;;;;;;;;;;;;;;;;;;;;;;;;;;;;;;;;
;;;;;;;;;0.168;0.231;0.134;4;;;;;;;;;;;;;;;;;;;;;;;;;;;;;;;;;;;;;;;;;;;;;;;;;;;;;;;;;;;;;;;;;;;;;;;;;;
;;;;;;;;;0.176;0.237;0.136;4;;;;;;;;;;;;;;;;;;;;;;;;;;;;;;;;;;;;;;;;;;;;;;;;;;;;;;;;;;;;;;;;;;;;;;;;;;
;;;;;;;;mean 2;0.17;0.236333333333333;0.132;4;;;;;;;;;;;;;;;;;;;;;;;;;;;;;;;;;;;;;;;;;;;;;;;;;;;;;;;;;;;;;;;;;;;;;;;;;;
;;;;;;;;dilution 2;0.68;0.945333333333333;0.528;;;;;;;;;;;;;;;;;;;;;;;;;;;;;;;;;;;;;;;;;;;;;;;;;;;;;;;;;;;;;;;;;;;;;;;;;;;
;;;;;;;;3;0.066;0.078;0.267;5;;;;;;;;;;;;;;;;;;;;;;;;;;;;;;;;;;;;;;;;;;;;;;;;;;;;;;;;;;;;;;;;;;;;;;;;;;
;;;;;;;;;0.062;0.075;0.264;5;;;;;;;;;;;;;;;;;;;;;;;;;;;;;;;;;;;;;;;;;;;;;;;;;;;;;;;;;;;;;;;;;;;;;;;;;;
;;;;;;;;;0.064;0.08;0.265;5;;;;;;;;;;;;;;;;;;;;;;;;;;;;;;;;;;;;;;;;;;;;;;;;;;;;;;;;;;;;;;;;;;;;;;;;;;
;;;;;;;;mean 3;0.064;0.0776666666666667;0.265333333333333;5;;;;;;;;;;;;;;;;;;;;;;;;;;;;;;;;;;;;;;;;;;;;;;;;;;;;;;;;;;;;;;;;;;;;;;;;;;
;;;;;;;;dilution 3;0.32;0.388333333333333;1.32666666666667;;;;;;;;;;;;;;;;;;;;;;;;;;;;;;;;;;;;;;;;;;;;;;;;;;;;;;;;;;;;;;;;;;;;;;;;;;;
;;;;;;;;4;0.184;0.095;0.08;4;;;;;;;;;;;;;;;;;;;;;;;;;;;;;;;;;;;;;;;;;;;;;;;;;;;;;;;;;;;;;;;;;;;;;;;;;;
;;;;;;;;;0.185;0.1;0.083;4;;;;;;;;;;;;;;;;;;;;;;;;;;;;;;;;;;;;;;;;;;;;;;;;;;;;;;;;;;;;;;;;;;;;;;;;;;
;;;;;;;;;0.182;0.093;0.08;4;;;;;;;;;;;;;;;;;;;;;;;;;;;;;;;;;;;;;;;;;;;;;;;;;;;;;;;;;;;;;;;;;;;;;;;;;;
;;;;;;;;mean 4;0.183666666666667;0.096;0.081;4;;;;;;;;;;;;;;;;;;;;;;;;;;;;;;;;;;;;;;;;;;;;;;;;;;;;;;;;;;;;;;;;;;;;;;;;;;
;;;;;;;;dilution 4 ;0.734666666666667;0.384;0.324;;;;;;;;;;;;;;;;;;;;;;;;;;;;;;;;;;;;;;;;;;;;;;;;;;;;;;;;;;;;;;;;;;;;;;;;;;;
;;;;;;24/01/2026;11h26;0;0.174;0.155;0.19;5;;;;;;;;;;;;;;;;;;;;;;;;;;;;;;;;;;;;;;;;;;;;;;;;;;;;;;;;;;;;;;;;;;;;;;;;;;
;;;;;;;;;0.179;0.165;0.19;5;;;;;;;;;;;;;;;;;;;;;;;;;;;;;;;;;;;;;;;;;;;;;;;;;;;;;;;;;;;;;;;;;;;;;;;;;;
;;;;;;;;;0.173;0.159;0.184;5;;;;;;;;;;;;;;;;;;;;;;;;;;;;;;;;;;;;;;;;;;;;;;;;;;;;;;;;;;;;;;;;;;;;;;;;;;
;;;;;;;;mean 0;0.175333333333333;0.159666666666667;0.188;5;;;;;;;;;;;;;;;;;;;;;;;;;;;;;;;;;;;;;;;;;;;;;;;;;;;;;;;;;;;;;;;;;;;;;;;;;;
;;;;;;;;dilution 0;0.876666666666667;0.798333333333333;0.94;;;;;;;;;;;;;;;;;;;;;;;;;;;;;;;;;;;;;;;;;;;;;;;;;;;;;;;;;;;;;;;;;;;;;;;;;;;
;;;;;;;;1;0.157;0.15;0.152;5;;;;;;;;;;;;;;;;;;;;;;;;;;;;;;;;;;;;;;;;;;;;;;;;;;;;;;;;;;;;;;;;;;;;;;;;;;
;;;;;;;;;0.156;0.153;0.152;5;;;;;;;;;;;;;;;;;;;;;;;;;;;;;;;;;;;;;;;;;;;;;;;;;;;;;;;;;;;;;;;;;;;;;;;;;;
;;;;;;;;;0.156;0.153;0.152;5;;;;;;;;;;;;;;;;;;;;;;;;;;;;;;;;;;;;;;;;;;;;;;;;;;;;;;;;;;;;;;;;;;;;;;;;;;
;;;;;;;;mean 1 ;0.156333333333333;0.152;0.152;5;;;;;;;;;;;;;;;;;;;;;;;;;;;;;;;;;;;;;;;;;;;;;;;;;;;;;;;;;;;;;;;;;;;;;;;;;;
;;;;;;;;dilution 1;0.781666666666667;0.76;0.76;;;;;;;;;;;;;;;;;;;;;;;;;;;;;;;;;;;;;;;;;;;;;;;;;;;;;;;;;;;;;;;;;;;;;;;;;;;
;;;;;;;;2;0.195;0.263;0.143;4;;;;;;;;;;;;;;;;;;;;;;;;;;;;;;;;;;;;;;;;;;;;;;;;;;;;;;;;;;;;;;;;;;;;;;;;;;
;;;;;;;;;0.188;0.263;0.144;4;;;;;;;;;;;;;;;;;;;;;;;;;;;;;;;;;;;;;;;;;;;;;;;;;;;;;;;;;;;;;;;;;;;;;;;;;;
;;;;;;;;;0.198;0.268;0.144;4;;;;;;;;;;;;;;;;;;;;;;;;;;;;;;;;;;;;;;;;;;;;;;;;;;;;;;;;;;;;;;;;;;;;;;;;;;
;;;;;;;;mean 2 ;0.193666666666667;0.264666666666667;0.143666666666667;4;;;;;;;;;;;;;;;;;;;;;;;;;;;;;;;;;;;;;;;;;;;;;;;;;;;;;;;;;;;;;;;;;;;;;;;;;;
;;;;;;;;dilution 2;0.774666666666667;1.05866666666667;0.574666666666667;;;;;;;;;;;;;;;;;;;;;;;;;;;;;;;;;;;;;;;;;;;;;;;;;;;;;;;;;;;;;;;;;;;;;;;;;;;
;;;;;;;;3;0.065;0.083;0.255;5;;;;;;;;;;;;;;;;;;;;;;;;;;;;;;;;;;;;;;;;;;;;;;;;;;;;;;;;;;;;;;;;;;;;;;;;;;
;;;;;;;;;0.065;0.082;0.251;5;;;;;;;;;;;;;;;;;;;;;;;;;;;;;;;;;;;;;;;;;;;;;;;;;;;;;;;;;;;;;;;;;;;;;;;;;;
;;;;;;;;;0.066;0.084;0.256;5;;;;;;;;;;;;;;;;;;;;;;;;;;;;;;;;;;;;;;;;;;;;;;;;;;;;;;;;;;;;;;;;;;;;;;;;;;
;;;;;;;;mean 3;0.0653333333333333;0.083;0.254;5;;;;;;;;;;;;;;;;;;;;;;;;;;;;;;;;;;;;;;;;;;;;;;;;;;;;;;;;;;;;;;;;;;;;;;;;;;
;;;;;;;;dilution 3;0.326666666666667;0.415;1.27;;;;;;;;;;;;;;;;;;;;;;;;;;;;;;;;;;;;;;;;;;;;;;;;;;;;;;;;;;;;;;;;;;;;;;;;;;;
;;;;;;;;4;0.166;0.098;0.064;4;;;;;;;;;;;;;;;;;;;;;;;;;;;;;;;;;;;;;;;;;;;;;;;;;;;;;;;;;;;;;;;;;;;;;;;;;;
;;;;;;;;;0.165;0.1;0.064;4;;;;;;;;;;;;;;;;;;;;;;;;;;;;;;;;;;;;;;;;;;;;;;;;;;;;;;;;;;;;;;;;;;;;;;;;;;
;;;;;;;;;0.164;0.1;0.062;4;;;;;;;;;;;;;;;;;;;;;;;;;;;;;;;;;;;;;;;;;;;;;;;;;;;;;;;;;;;;;;;;;;;;;;;;;;
;;;;;;;;mean 4;0.165;0.0993333333333333;0.0633333333333333;4;;;;;;;;;;;;;;;;;;;;;;;;;;;;;;;;;;;;;;;;;;;;;;;;;;;;;;;;;;;;;;;;;;;;;;;;;;
;;;;;;;;dilution 4;0.66;0.397333333333333;0.253333333333333;;;;;;;;;;;;;;;;;;;;;;;;;;;;;;;;;;;;;;;;;;;;;;;;;;;;;;;;;;;;;;;;;;;;;;;;;;;
;;;;;;24/01/2026;18h23;0;0.213;0.174;0.236;5;;;;;;;;;;;;;;;;;;;;;;;;;;;;;;;;;;;;;;;;;;;;;;;;;;;;;;;;;;;;;;;;;;;;;;;;;;
;;;;;;;;;0.218;0.172;0.234;5;;;;;;;;;;;;;;;;;;;;;;;;;;;;;;;;;;;;;;;;;;;;;;;;;;;;;;;;;;;;;;;;;;;;;;;;;;
;;;;;;;;;0.219;0.174;0.229;5;;;;;;;;;;;;;;;;;;;;;;;;;;;;;;;;;;;;;;;;;;;;;;;;;;;;;;;;;;;;;;;;;;;;;;;;;;
;;;;;;;;mean 0;0.216666666666667;0.173333333333333;0.233;5;;;;;;;;;;;;;;;;;;;;;;;;;;;;;;;;;;;;;;;;;;;;;;;;;;;;;;;;;;;;;;;;;;;;;;;;;;
;;;;;;;;dilution 0;1.08333333333333;0.866666666666667;1.165;;;;;;;;;;;;;;;;;;;;;;;;;;;;;;;;;;;;;;;;;;;;;;;;;;;;;;;;;;;;;;;;;;;;;;;;;;;
;;;;;;;;1;0.188;0.17;0.182;5;;;;;;;;;;;;;;;;;;;;;;;;;;;;;;;;;;;;;;;;;;;;;;;;;;;;;;;;;;;;;;;;;;;;;;;;;;
;;;;;;;;;0.2;0.166;0.18;5;;;;;;;;;;;;;;;;;;;;;;;;;;;;;;;;;;;;;;;;;;;;;;;;;;;;;;;;;;;;;;;;;;;;;;;;;;
;;;;;;;;;0.193;0.169;0.184;5;;;;;;;;;;;;;;;;;;;;;;;;;;;;;;;;;;;;;;;;;;;;;;;;;;;;;;;;;;;;;;;;;;;;;;;;;;
;;;;;;;;mean 1 ;0.193666666666667;0.168333333333333;0.182;5;;;;;;;;;;;;;;;;;;;;;;;;;;;;;;;;;;;;;;;;;;;;;;;;;;;;;;;;;;;;;;;;;;;;;;;;;;
;;;;;;;;dilution 1;0.968333333333333;0.841666666666667;0.91;;;;;;;;;;;;;;;;;;;;;;;;;;;;;;;;;;;;;;;;;;;;;;;;;;;;;;;;;;;;;;;;;;;;;;;;;;;
;;;;;;;;2;0.232;0.288;0.161;4;;;;;;;;;;;;;;;;;;;;;;;;;;;;;;;;;;;;;;;;;;;;;;;;;;;;;;;;;;;;;;;;;;;;;;;;;;
;;;;;;;;;0.233;0.294;0.159;4;;;;;;;;;;;;;;;;;;;;;;;;;;;;;;;;;;;;;;;;;;;;;;;;;;;;;;;;;;;;;;;;;;;;;;;;;;
;;;;;;;;;0.234;0.288;0.161;4;;;;;;;;;;;;;;;;;;;;;;;;;;;;;;;;;;;;;;;;;;;;;;;;;;;;;;;;;;;;;;;;;;;;;;;;;;
;;;;;;;;mean 2 ;0.233;0.29;0.160333333333333;4;;;;;;;;;;;;;;;;;;;;;;;;;;;;;;;;;;;;;;;;;;;;;;;;;;;;;;;;;;;;;;;;;;;;;;;;;;
;;;;;;;;dilution 2;0.932;1.16;0.641333333333333;;;;;;;;;;;;;;;;;;;;;;;;;;;;;;;;;;;;;;;;;;;;;;;;;;;;;;;;;;;;;;;;;;;;;;;;;;;
;;;;;;;;3;0.078;0.114;0.266;5;;;;;;;;;;;;;;;;;;;;;;;;;;;;;;;;;;;;;;;;;;;;;;;;;;;;;;;;;;;;;;;;;;;;;;;;;;
;;;;;;;;;0.085;0.117;0.26;5;;;;;;;;;;;;;;;;;;;;;;;;;;;;;;;;;;;;;;;;;;;;;;;;;;;;;;;;;;;;;;;;;;;;;;;;;;
;;;;;;;;;0.086;0.113;0.259;5;;;;;;;;;;;;;;;;;;;;;;;;;;;;;;;;;;;;;;;;;;;;;;;;;;;;;;;;;;;;;;;;;;;;;;;;;;
;;;;;;;;mean 3;0.083;0.114666666666667;0.261666666666667;5;;;;;;;;;;;;;;;;;;;;;;;;;;;;;;;;;;;;;;;;;;;;;;;;;;;;;;;;;;;;;;;;;;;;;;;;;;
;;;;;;;;dilution 3;0.415;0.573333333333333;1.30833333333333;;;;;;;;;;;;;;;;;;;;;;;;;;;;;;;;;;;;;;;;;;;;;;;;;;;;;;;;;;;;;;;;;;;;;;;;;;;
;;;;;;;;4;0.169;0.094;0.081;4;;;;;;;;;;;;;;;;;;;;;;;;;;;;;;;;;;;;;;;;;;;;;;;;;;;;;;;;;;;;;;;;;;;;;;;;;;
;;;;;;;;;0.167;0.091;0.079;4;;;;;;;;;;;;;;;;;;;;;;;;;;;;;;;;;;;;;;;;;;;;;;;;;;;;;;;;;;;;;;;;;;;;;;;;;;
;;;;;;;;;0.169;0.089;0.081;4;;;;;;;;;;;;;;;;;;;;;;;;;;;;;;;;;;;;;;;;;;;;;;;;;;;;;;;;;;;;;;;;;;;;;;;;;;
;;;;;;;;mean 4;0.168333333333333;0.0913333333333333;0.0803333333333333;4;;;;;;;;;;;;;;;;;;;;;;;;;;;;;;;;;;;;;;;;;;;;;;;;;;;;;;;;;;;;;;;;;;;;;;;;;;
;;;;;;;;dilution 4;0.673333333333333;0.365333333333333;0.321333333333333;;;;;;;;;;;;;;;;;;;;;;;;;;;;;;;;;;;;;;;;;;;;;;;;;;;;;;;;;;;;;;;;;;;;;;;;;;;
;;;;;;25/01/2026;12h00;0;0.219;0.205;0.229;5;;;;;;;;;;;;;;;;;;;;;;;;;;;;;;;;;;;;;;;;;;;;;;;;;;;;;;;;;;;;;;;;;;;;;;;;;;
;;;;;;;;;0.22;0.205;0.228;5;;;;;;;;;;;;;;;;;;;;;;;;;;;;;;;;;;;;;;;;;;;;;;;;;;;;;;;;;;;;;;;;;;;;;;;;;;
;;;;;;;;;0.218;0.206;0.224;5;;;;;;;;;;;;;;;;;;;;;;;;;;;;;;;;;;;;;;;;;;;;;;;;;;;;;;;;;;;;;;;;;;;;;;;;;;
;;;;;;;;mean 0;0.219;0.205333333333333;0.227;5;;;;;;;;;;;;;;;;;;;;;;;;;;;;;;;;;;;;;;;;;;;;;;;;;;;;;;;;;;;;;;;;;;;;;;;;;;
;;;;;;;;dilution 0;1.095;1.02666666666667;1.135;;;;;;;;;;;;;;;;;;;;;;;;;;;;;;;;;;;;;;;;;;;;;;;;;;;;;;;;;;;;;;;;;;;;;;;;;;;
;;;;;;;;1;0.186;0.176;0.184;5;;;;;;;;;;;;;;;;;;;;;;;;;;;;;;;;;;;;;;;;;;;;;;;;;;;;;;;;;;;;;;;;;;;;;;;;;;
;;;;;;;;;0.186;0.174;0.183;5;;;;;;;;;;;;;;;;;;;;;;;;;;;;;;;;;;;;;;;;;;;;;;;;;;;;;;;;;;;;;;;;;;;;;;;;;;
;;;;;;;;;0.19;0.179;0.182;5;;;;;;;;;;;;;;;;;;;;;;;;;;;;;;;;;;;;;;;;;;;;;;;;;;;;;;;;;;;;;;;;;;;;;;;;;;
;;;;;;;;mean 1 ;0.187333333333333;0.176333333333333;0.183;5;;;;;;;;;;;;;;;;;;;;;;;;;;;;;;;;;;;;;;;;;;;;;;;;;;;;;;;;;;;;;;;;;;;;;;;;;;
;;;;;;;;dilution 1;0.936666666666667;0.881666666666667;0.915;;;;;;;;;;;;;;;;;;;;;;;;;;;;;;;;;;;;;;;;;;;;;;;;;;;;;;;;;;;;;;;;;;;;;;;;;;;
;;;;;;;;2;0.245;0.292;0.197;4;;;;;;;;;;;;;;;;;;;;;;;;;;;;;;;;;;;;;;;;;;;;;;;;;;;;;;;;;;;;;;;;;;;;;;;;;;
;;;;;;;;;0.251;0.294;0.192;4;;;;;;;;;;;;;;;;;;;;;;;;;;;;;;;;;;;;;;;;;;;;;;;;;;;;;;;;;;;;;;;;;;;;;;;;;;
;;;;;;;;;0.244;0.294;0.19;4;;;;;;;;;;;;;;;;;;;;;;;;;;;;;;;;;;;;;;;;;;;;;;;;;;;;;;;;;;;;;;;;;;;;;;;;;;
;;;;;;;;mean 2 ;0.246666666666667;0.293333333333333;0.193;4;;;;;;;;;;;;;;;;;;;;;;;;;;;;;;;;;;;;;;;;;;;;;;;;;;;;;;;;;;;;;;;;;;;;;;;;;;
;;;;;;;;dilution 2;0.986666666666667;1.17333333333333;0.772;;;;;;;;;;;;;;;;;;;;;;;;;;;;;;;;;;;;;;;;;;;;;;;;;;;;;;;;;;;;;;;;;;;;;;;;;;;
;;;;;;;;3;0.104;0.103;0.254;5;;;;;;;;;;;;;;;;;;;;;;;;;;;;;;;;;;;;;;;;;;;;;;;;;;;;;;;;;;;;;;;;;;;;;;;;;;
;;;;;;;;;0.106;0.107;0.253;5;;;;;;;;;;;;;;;;;;;;;;;;;;;;;;;;;;;;;;;;;;;;;;;;;;;;;;;;;;;;;;;;;;;;;;;;;;
;;;;;;;;;0.103;0.106;0.254;5;;;;;;;;;;;;;;;;;;;;;;;;;;;;;;;;;;;;;;;;;;;;;;;;;;;;;;;;;;;;;;;;;;;;;;;;;;
;;;;;;;;mean 3;0.104333333333333;0.105333333333333;0.253666666666667;5;;;;;;;;;;;;;;;;;;;;;;;;;;;;;;;;;;;;;;;;;;;;;;;;;;;;;;;;;;;;;;;;;;;;;;;;;;
;;;;;;;;dilution 3;0.521666666666667;0.526666666666667;1.26833333333333;;;;;;;;;;;;;;;;;;;;;;;;;;;;;;;;;;;;;;;;;;;;;;;;;;;;;;;;;;;;;;;;;;;;;;;;;;;
;;;;;;;;4;0.142;0.079;0.073;4;;;;;;;;;;;;;;;;;;;;;;;;;;;;;;;;;;;;;;;;;;;;;;;;;;;;;;;;;;;;;;;;;;;;;;;;;;
;;;;;;;;;0.147;0.078;0.07;4;;;;;;;;;;;;;;;;;;;;;;;;;;;;;;;;;;;;;;;;;;;;;;;;;;;;;;;;;;;;;;;;;;;;;;;;;;
;;;;;;;;;0.147;0.077;0.071;4;;;;;;;;;;;;;;;;;;;;;;;;;;;;;;;;;;;;;;;;;;;;;;;;;;;;;;;;;;;;;;;;;;;;;;;;;;
;;;;;;;;mean 4;0.145333333333333;0.078;0.0713333333333333;4;;;;;;;;;;;;;;;;;;;;;;;;;;;;;;;;;;;;;;;;;;;;;;;;;;;;;;;;;;;;;;;;;;;;;;;;;;
;;;;;;;;dilution 4;0.581333333333333;0.312;0.285333333333333;;;;;;;;;;;;;;;;;;;;;;;;;;;;;;;;;;;;;;;;;;;;;;;;;;;;;;;;;;;;;;;;;;;;;;;;;;;
;;;;;;25/01/2025;17h27;0;0.216;0.196;0.232;5;;;;;;;;;;;;;;;;;;;;;;;;;;;;;;;;;;;;;;;;;;;;;;;;;;;;;;;;;;;;;;;;;;;;;;;;;;
;;;;;;;;;0.212;0.213;0.231;5;;;;;;;;;;;;;;;;;;;;;;;;;;;;;;;;;;;;;;;;;;;;;;;;;;;;;;;;;;;;;;;;;;;;;;;;;;
;;;;;;;;;0.212;0.203;0.24;5;;;;;;;;;;;;;;;;;;;;;;;;;;;;;;;;;;;;;;;;;;;;;;;;;;;;;;;;;;;;;;;;;;;;;;;;;;
;;;;;;;;mean 0;0.213333333333333;0.204;0.234333333333333;5;;;;;;;;;;;;;;;;;;;;;;;;;;;;;;;;;;;;;;;;;;;;;;;;;;;;;;;;;;;;;;;;;;;;;;;;;;
;;;;;;;;dilution 0;1.06666666666667;1.02;1.17166666666667;;;;;;;;;;;;;;;;;;;;;;;;;;;;;;;;;;;;;;;;;;;;;;;;;;;;;;;;;;;;;;;;;;;;;;;;;;;
;;;;;;;;1;0.212;0.195;0.187;5;;;;;;;;;;;;;;;;;;;;;;;;;;;;;;;;;;;;;;;;;;;;;;;;;;;;;;;;;;;;;;;;;;;;;;;;;;
;;;;;;;;;0.212;0.191;0.185;5;;;;;;;;;;;;;;;;;;;;;;;;;;;;;;;;;;;;;;;;;;;;;;;;;;;;;;;;;;;;;;;;;;;;;;;;;;
;;;;;;;;;0.212;0.185;0.184;5;;;;;;;;;;;;;;;;;;;;;;;;;;;;;;;;;;;;;;;;;;;;;;;;;;;;;;;;;;;;;;;;;;;;;;;;;;
;;;;;;;;mean 1 ;0.212;0.190333333333333;0.185333333333333;5;;;;;;;;;;;;;;;;;;;;;;;;;;;;;;;;;;;;;;;;;;;;;;;;;;;;;;;;;;;;;;;;;;;;;;;;;;
;;;;;;;;dilution 1;1.06;0.951666666666667;0.926666666666667;;;;;;;;;;;;;;;;;;;;;;;;;;;;;;;;;;;;;;;;;;;;;;;;;;;;;;;;;;;;;;;;;;;;;;;;;;;
;;;;;;;;2;0.241;0.301;0.183;4;;;;;;;;;;;;;;;;;;;;;;;;;;;;;;;;;;;;;;;;;;;;;;;;;;;;;;;;;;;;;;;;;;;;;;;;;;
;;;;;;;;;0.238;0.3;0.185;4;;;;;;;;;;;;;;;;;;;;;;;;;;;;;;;;;;;;;;;;;;;;;;;;;;;;;;;;;;;;;;;;;;;;;;;;;;
;;;;;;;;;0.231;0.296;0.173;4;;;;;;;;;;;;;;;;;;;;;;;;;;;;;;;;;;;;;;;;;;;;;;;;;;;;;;;;;;;;;;;;;;;;;;;;;;
;;;;;;;;mean 2 ;0.236666666666667;0.299;0.180333333333333;4;;;;;;;;;;;;;;;;;;;;;;;;;;;;;;;;;;;;;;;;;;;;;;;;;;;;;;;;;;;;;;;;;;;;;;;;;;
;;;;;;;;dilution 2;0.946666666666667;1.196;0.721333333333333;;;;;;;;;;;;;;;;;;;;;;;;;;;;;;;;;;;;;;;;;;;;;;;;;;;;;;;;;;;;;;;;;;;;;;;;;;;
;;;;;;;;3;0.086;0.101;0.243;5;;;;;;;;;;;;;;;;;;;;;;;;;;;;;;;;;;;;;;;;;;;;;;;;;;;;;;;;;;;;;;;;;;;;;;;;;;
;;;;;;;;;0.09;0.101;0.239;5;;;;;;;;;;;;;;;;;;;;;;;;;;;;;;;;;;;;;;;;;;;;;;;;;;;;;;;;;;;;;;;;;;;;;;;;;;
;;;;;;;;;0.087;0.1;0.249;5;;;;;;;;;;;;;;;;;;;;;;;;;;;;;;;;;;;;;;;;;;;;;;;;;;;;;;;;;;;;;;;;;;;;;;;;;;
;;;;;;;;mean 3;0.0876666666666667;0.100666666666667;0.243666666666667;5;;;;;;;;;;;;;;;;;;;;;;;;;;;;;;;;;;;;;;;;;;;;;;;;;;;;;;;;;;;;;;;;;;;;;;;;;;
;;;;;;;;dilution 3;0.438333333333333;0.503333333333333;1.21833333333333;;;;;;;;;;;;;;;;;;;;;;;;;;;;;;;;;;;;;;;;;;;;;;;;;;;;;;;;;;;;;;;;;;;;;;;;;;;
;;;;;;;;4;0.134;0.085;0.068;4;;;;;;;;;;;;;;;;;;;;;;;;;;;;;;;;;;;;;;;;;;;;;;;;;;;;;;;;;;;;;;;;;;;;;;;;;;
;;;;;;;;;0.134;0.09;0.07;4;;;;;;;;;;;;;;;;;;;;;;;;;;;;;;;;;;;;;;;;;;;;;;;;;;;;;;;;;;;;;;;;;;;;;;;;;;
;;;;;;;;;0.135;0.084;0.071;4;;;;;;;;;;;;;;;;;;;;;;;;;;;;;;;;;;;;;;;;;;;;;;;;;;;;;;;;;;;;;;;;;;;;;;;;;;
;;;;;;;;mean 4;0.134333333333333;0.0863333333333333;0.0696666666666667;4;;;;;;;;;;;;;;;;;;;;;;;;;;;;;;;;;;;;;;;;;;;;;;;;;;;;;;;;;;;;;;;;;;;;;;;;;;
;;;;;;;;dilution 4;0.537333333333333;0.345333333333333;0.278666666666667;;;;;;;;;;;;;;;;;;;;;;;;;;;;;;;;;;;;;;;;;;;;;;;;;;;;;;;;;;;;;;;;;;;;;;;;;;;
;;;;;;26/01/2026;8h13;0;0.231;0.219;0.273;5;;;;;;;;;;;;;;;;;;;;;;;;;;;;;;;;;;;;;;;;;;;;;;;;;;;;;;;;;;;;;;;;;;;;;;;;;;
;;;;;;;;;0.232;0.226;0.275;5;;;;;;;;;;;;;;;;;;;;;;;;;;;;;;;;;;;;;;;;;;;;;;;;;;;;;;;;;;;;;;;;;;;;;;;;;;
;;;;;;;;;0.234;0.228;0.267;5;;;;;;;;;;;;;;;;;;;;;;;;;;;;;;;;;;;;;;;;;;;;;;;;;;;;;;;;;;;;;;;;;;;;;;;;;;
;;;;;;;;mean 0;0.232333333333333;0.224333333333333;0.271666666666667;5;;;;;;;;;;;;;;;;;;;;;;;;;;;;;;;;;;;;;;;;;;;;;;;;;;;;;;;;;;;;;;;;;;;;;;;;;;
;;;;;;;;dilution 0;1.16166666666667;1.12166666666667;1.35833333333333;;;;;;;;;;;;;;;;;;;;;;;;;;;;;;;;;;;;;;;;;;;;;;;;;;;;;;;;;;;;;;;;;;;;;;;;;;;
;;;;;;;;1;0.228;0.185;0.194;5;;;;;;;;;;;;;;;;;;;;;;;;;;;;;;;;;;;;;;;;;;;;;;;;;;;;;;;;;;;;;;;;;;;;;;;;;;
;;;;;;;;;0.219;0.187;0.194;5;;;;;;;;;;;;;;;;;;;;;;;;;;;;;;;;;;;;;;;;;;;;;;;;;;;;;;;;;;;;;;;;;;;;;;;;;;
;;;;;;;;;0.222;0.19;0.192;5;;;;;;;;;;;;;;;;;;;;;;;;;;;;;;;;;;;;;;;;;;;;;;;;;;;;;;;;;;;;;;;;;;;;;;;;;;
;;;;;;;;mean 1 ;0.223;0.187333333333333;0.193333333333333;5;;;;;;;;;;;;;;;;;;;;;;;;;;;;;;;;;;;;;;;;;;;;;;;;;;;;;;;;;;;;;;;;;;;;;;;;;;
;;;;;;;;dilution 1;1.115;0.936666666666667;0.966666666666667;;;;;;;;;;;;;;;;;;;;;;;;;;;;;;;;;;;;;;;;;;;;;;;;;;;;;;;;;;;;;;;;;;;;;;;;;;;
;;;;;;;;2;0.259;0.322;0.193;4;;;;;;;;;;;;;;;;;;;;;;;;;;;;;;;;;;;;;;;;;;;;;;;;;;;;;;;;;;;;;;;;;;;;;;;;;;
;;;;;;;;;0.259;0.324;0.186;4;;;;;;;;;;;;;;;;;;;;;;;;;;;;;;;;;;;;;;;;;;;;;;;;;;;;;;;;;;;;;;;;;;;;;;;;;;
;;;;;;;;;0.258;0.323;0.189;4;;;;;;;;;;;;;;;;;;;;;;;;;;;;;;;;;;;;;;;;;;;;;;;;;;;;;;;;;;;;;;;;;;;;;;;;;;
;;;;;;;;mean 2 ;0.258666666666667;0.323;0.189333333333333;4;;;;;;;;;;;;;;;;;;;;;;;;;;;;;;;;;;;;;;;;;;;;;;;;;;;;;;;;;;;;;;;;;;;;;;;;;;
;;;;;;;;dilution 2;1.03466666666667;1.292;0.757333333333333;;;;;;;;;;;;;;;;;;;;;;;;;;;;;;;;;;;;;;;;;;;;;;;;;;;;;;;;;;;;;;;;;;;;;;;;;;;
;;;;;;;;3;0.095;0.11;0.227;5;;;;;;;;;;;;;;;;;;;;;;;;;;;;;;;;;;;;;;;;;;;;;;;;;;;;;;;;;;;;;;;;;;;;;;;;;;
;;;;;;;;;0.094;0.113;0.222;5;;;;;;;;;;;;;;;;;;;;;;;;;;;;;;;;;;;;;;;;;;;;;;;;;;;;;;;;;;;;;;;;;;;;;;;;;;
;;;;;;;;;0.094;0.113;0.228;5;;;;;;;;;;;;;;;;;;;;;;;;;;;;;;;;;;;;;;;;;;;;;;;;;;;;;;;;;;;;;;;;;;;;;;;;;;
;;;;;;;;mean 3;0.0943333333333333;0.112;0.225666666666667;5;;;;;;;;;;;;;;;;;;;;;;;;;;;;;;;;;;;;;;;;;;;;;;;;;;;;;;;;;;;;;;;;;;;;;;;;;;
;;;;;;;;dilution 3;0.471666666666667;0.56;1.12833333333333;;;;;;;;;;;;;;;;;;;;;;;;;;;;;;;;;;;;;;;;;;;;;;;;;;;;;;;;;;;;;;;;;;;;;;;;;;;
;;;;;;;;4;0.115;0.061;0.063;4;;;;;;;;;;;;;;;;;;;;;;;;;;;;;;;;;;;;;;;;;;;;;;;;;;;;;;;;;;;;;;;;;;;;;;;;;;
;;;;;;;;;0.119;0.059;0.057;4;;;;;;;;;;;;;;;;;;;;;;;;;;;;;;;;;;;;;;;;;;;;;;;;;;;;;;;;;;;;;;;;;;;;;;;;;;
;;;;;;;;;0.12;0.059;0.063;4;;;;;;;;;;;;;;;;;;;;;;;;;;;;;;;;;;;;;;;;;;;;;;;;;;;;;;;;;;;;;;;;;;;;;;;;;;
;;;;;;;;mean 4;0.118;0.0596666666666667;0.061;4;;;;;;;;;;;;;;;;;;;;;;;;;;;;;;;;;;;;;;;;;;;;;;;;;;;;;;;;;;;;;;;;;;;;;;;;;;
;;;;;;;;dilution 4;0.472;0.238666666666667;0.244;;;;;;;;;;;;;;;;;;;;;;;;;;;;;;;;;;;;;;;;;;;;;;;;;;;;;;;;;;;;;;;;;;;;;;;;;;;
;;;;;;26/01/2026;17h33;0;0.218;0.222;0.239;5;;;;;;;;;;;;;;;;;;;;;;;;;;;;;;;;;;;;;;;;;;;;;;;;;;;;;;;;;;;;;;;;;;;;;;;;;;
;;;;;;;;;0.225;0.221;0.238;5;;;;;;;;;;;;;;;;;;;;;;;;;;;;;;;;;;;;;;;;;;;;;;;;;;;;;;;;;;;;;;;;;;;;;;;;;;
;;;;;;;;;0.216;0.218;0.236;5;;;;;;;;;;;;;;;;;;;;;;;;;;;;;;;;;;;;;;;;;;;;;;;;;;;;;;;;;;;;;;;;;;;;;;;;;;
;;;;;;;;mean 0;0.219666666666667;0.220333333333333;0.237666666666667;5;;;;;;;;;;;;;;;;;;;;;;;;;;;;;;;;;;;;;;;;;;;;;;;;;;;;;;;;;;;;;;;;;;;;;;;;;;
;;;;;;;;dilution 0;1.09833333333333;1.10166666666667;1.18833333333333;;;;;;;;;;;;;;;;;;;;;;;;;;;;;;;;;;;;;;;;;;;;;;;;;;;;;;;;;;;;;;;;;;;;;;;;;;;
;;;;;;;;1;0.202;0.181;0.178;5;;;;;;;;;;;;;;;;;;;;;;;;;;;;;;;;;;;;;;;;;;;;;;;;;;;;;;;;;;;;;;;;;;;;;;;;;;
;;;;;;;;;0.198;0.187;0.178;5;;;;;;;;;;;;;;;;;;;;;;;;;;;;;;;;;;;;;;;;;;;;;;;;;;;;;;;;;;;;;;;;;;;;;;;;;;
;;;;;;;;;0.198;0.184;0.182;5;;;;;;;;;;;;;;;;;;;;;;;;;;;;;;;;;;;;;;;;;;;;;;;;;;;;;;;;;;;;;;;;;;;;;;;;;;
;;;;;;;;mean 1 ;0.199333333333333;0.184;0.179333333333333;5;;;;;;;;;;;;;;;;;;;;;;;;;;;;;;;;;;;;;;;;;;;;;;;;;;;;;;;;;;;;;;;;;;;;;;;;;;
;;;;;;;;dilution 1;0.996666666666667;0.92;0.896666666666667;;;;;;;;;;;;;;;;;;;;;;;;;;;;;;;;;;;;;;;;;;;;;;;;;;;;;;;;;;;;;;;;;;;;;;;;;;;
;;;;;;;;2;0.242;0.307;0.18;4;;;;;;;;;;;;;;;;;;;;;;;;;;;;;;;;;;;;;;;;;;;;;;;;;;;;;;;;;;;;;;;;;;;;;;;;;;
;;;;;;;;;0.236;0.311;0.178;4;;;;;;;;;;;;;;;;;;;;;;;;;;;;;;;;;;;;;;;;;;;;;;;;;;;;;;;;;;;;;;;;;;;;;;;;;;
;;;;;;;;;0.236;0.31;0.173;4;;;;;;;;;;;;;;;;;;;;;;;;;;;;;;;;;;;;;;;;;;;;;;;;;;;;;;;;;;;;;;;;;;;;;;;;;;
;;;;;;;;mean 2 ;0.238;0.309333333333333;0.177;4;;;;;;;;;;;;;;;;;;;;;;;;;;;;;;;;;;;;;;;;;;;;;;;;;;;;;;;;;;;;;;;;;;;;;;;;;;
;;;;;;;;dilution 2;0.952;1.23733333333333;0.708;;;;;;;;;;;;;;;;;;;;;;;;;;;;;;;;;;;;;;;;;;;;;;;;;;;;;;;;;;;;;;;;;;;;;;;;;;;
;;;;;;;;3;0.067;0.095;0.188;5;;;;;;;;;;;;;;;;;;;;;;;;;;;;;;;;;;;;;;;;;;;;;;;;;;;;;;;;;;;;;;;;;;;;;;;;;;
;;;;;;;;;0.066;0.096;0.186;5;;;;;;;;;;;;;;;;;;;;;;;;;;;;;;;;;;;;;;;;;;;;;;;;;;;;;;;;;;;;;;;;;;;;;;;;;;
;;;;;;;;;0.067;0.094;0.183;5;;;;;;;;;;;;;;;;;;;;;;;;;;;;;;;;;;;;;;;;;;;;;;;;;;;;;;;;;;;;;;;;;;;;;;;;;;
;;;;;;;;mean 3;0.0666666666666667;0.095;0.185666666666667;5;;;;;;;;;;;;;;;;;;;;;;;;;;;;;;;;;;;;;;;;;;;;;;;;;;;;;;;;;;;;;;;;;;;;;;;;;;
;;;;;;;;dilution 3;0.333333333333333;0.475;0.928333333333333;;;;;;;;;;;;;;;;;;;;;;;;;;;;;;;;;;;;;;;;;;;;;;;;;;;;;;;;;;;;;;;;;;;;;;;;;;;
;;;;;;;;4;0.105;0.047;0.035;4;;;;;;;;;;;;;;;;;;;;;;;;;;;;;;;;;;;;;;;;;;;;;;;;;;;;;;;;;;;;;;;;;;;;;;;;;;
;;;;;;;;;0.106;0.048;0.035;4;;;;;;;;;;;;;;;;;;;;;;;;;;;;;;;;;;;;;;;;;;;;;;;;;;;;;;;;;;;;;;;;;;;;;;;;;;
;;;;;;;;;0.104;0.048;0.044;4;;;;;;;;;;;;;;;;;;;;;;;;;;;;;;;;;;;;;;;;;;;;;;;;;;;;;;;;;;;;;;;;;;;;;;;;;;
;;;;;;;;mean 4;0.105;0.0476666666666667;0.038;4;;;;;;;;;;;;;;;;;;;;;;;;;;;;;;;;;;;;;;;;;;;;;;;;;;;;;;;;;;;;;;;;;;;;;;;;;;
;;;;;;;;dilution 4;0.42;0.190666666666667;0.152;;;;;;;;;;;;;;;;;;;;;;;;;;;;;;;;;;;;;;;;;;;;;;;;;;;;;;;;;;;;;;;;;;;;;;;;;;;
;;;;;;27/01/2026;9h22;0;0.245;0.236;0.302;5;;;;;;;;;;;;;;;;;;;;;;;;;;;;;;;;;;;;;;;;;;;;;;;;;;;;;;;;;;;;;;;;;;;;;;;;;;
;;;;;;;;;0.257;0.235;0.294;5;;;;;;;;;;;;;;;;;;;;;;;;;;;;;;;;;;;;;;;;;;;;;;;;;;;;;;;;;;;;;;;;;;;;;;;;;;
;;;;;;;;;0.267;0.234;0.297;5;;;;;;;;;;;;;;;;;;;;;;;;;;;;;;;;;;;;;;;;;;;;;;;;;;;;;;;;;;;;;;;;;;;;;;;;;;
;;;;;;;;mean 0;0.256333333333333;0.235;0.297666666666667;5;;;;;;;;;;;;;;;;;;;;;;;;;;;;;;;;;;;;;;;;;;;;;;;;;;;;;;;;;;;;;;;;;;;;;;;;;;
;;;;;;;;dilution 0;1.28166666666667;1.175;1.48833333333333;;;;;;;;;;;;;;;;;;;;;;;;;;;;;;;;;;;;;;;;;;;;;;;;;;;;;;;;;;;;;;;;;;;;;;;;;;;
;;;;;;;;1;0.223;0.213;0.211;5;;;;;;;;;;;;;;;;;;;;;;;;;;;;;;;;;;;;;;;;;;;;;;;;;;;;;;;;;;;;;;;;;;;;;;;;;;
;;;;;;;;;0.229;0.224;0.21;5;;;;;;;;;;;;;;;;;;;;;;;;;;;;;;;;;;;;;;;;;;;;;;;;;;;;;;;;;;;;;;;;;;;;;;;;;;
;;;;;;;;;0.226;0.218;0.213;5;;;;;;;;;;;;;;;;;;;;;;;;;;;;;;;;;;;;;;;;;;;;;;;;;;;;;;;;;;;;;;;;;;;;;;;;;;
;;;;;;;;mean 1 ;0.226;0.218333333333333;0.211333333333333;5;;;;;;;;;;;;;;;;;;;;;;;;;;;;;;;;;;;;;;;;;;;;;;;;;;;;;;;;;;;;;;;;;;;;;;;;;;
;;;;;;;;dilution 1;1.13;1.09166666666667;1.05666666666667;;;;;;;;;;;;;;;;;;;;;;;;;;;;;;;;;;;;;;;;;;;;;;;;;;;;;;;;;;;;;;;;;;;;;;;;;;;
;;;;;;;;2;0.256;0.316;0.197;4;;;;;;;;;;;;;;;;;;;;;;;;;;;;;;;;;;;;;;;;;;;;;;;;;;;;;;;;;;;;;;;;;;;;;;;;;;
;;;;;;;;;0.257;0.311;0.197;4;;;;;;;;;;;;;;;;;;;;;;;;;;;;;;;;;;;;;;;;;;;;;;;;;;;;;;;;;;;;;;;;;;;;;;;;;;
;;;;;;;;;0.255;0.315;0.197;4;;;;;;;;;;;;;;;;;;;;;;;;;;;;;;;;;;;;;;;;;;;;;;;;;;;;;;;;;;;;;;;;;;;;;;;;;;
;;;;;;;;mean 2 ;0.256;0.314;0.197;4;;;;;;;;;;;;;;;;;;;;;;;;;;;;;;;;;;;;;;;;;;;;;;;;;;;;;;;;;;;;;;;;;;;;;;;;;;
;;;;;;;;dilution 2;1.024;1.256;0.788;;;;;;;;;;;;;;;;;;;;;;;;;;;;;;;;;;;;;;;;;;;;;;;;;;;;;;;;;;;;;;;;;;;;;;;;;;;
;;;;;;;;3;0.087;0.106;0.192;5;;;;;;;;;;;;;;;;;;;;;;;;;;;;;;;;;;;;;;;;;;;;;;;;;;;;;;;;;;;;;;;;;;;;;;;;;;
;;;;;;;;;0.083;0.105;0.189;5;;;;;;;;;;;;;;;;;;;;;;;;;;;;;;;;;;;;;;;;;;;;;;;;;;;;;;;;;;;;;;;;;;;;;;;;;;
;;;;;;;;;0.086;0.104;0.189;5;;;;;;;;;;;;;;;;;;;;;;;;;;;;;;;;;;;;;;;;;;;;;;;;;;;;;;;;;;;;;;;;;;;;;;;;;;
;;;;;;;;mean 3;0.0853333333333333;0.105;0.19;5;;;;;;;;;;;;;;;;;;;;;;;;;;;;;;;;;;;;;;;;;;;;;;;;;;;;;;;;;;;;;;;;;;;;;;;;;;
;;;;;;;;dilution 3;0.426666666666667;0.525;0.95;;;;;;;;;;;;;;;;;;;;;;;;;;;;;;;;;;;;;;;;;;;;;;;;;;;;;;;;;;;;;;;;;;;;;;;;;;;
;;;;;;;;4;0.097;0.045;0.049;4;;;;;;;;;;;;;;;;;;;;;;;;;;;;;;;;;;;;;;;;;;;;;;;;;;;;;;;;;;;;;;;;;;;;;;;;;;
;;;;;;;;;0.097;0.047;0.051;4;;;;;;;;;;;;;;;;;;;;;;;;;;;;;;;;;;;;;;;;;;;;;;;;;;;;;;;;;;;;;;;;;;;;;;;;;;
;;;;;;;;;0.098;0.043;0.05;4;;;;;;;;;;;;;;;;;;;;;;;;;;;;;;;;;;;;;;;;;;;;;;;;;;;;;;;;;;;;;;;;;;;;;;;;;;
;;;;;;;;mean 4;0.0973333333333333;0.045;0.05;4;;;;;;;;;;;;;;;;;;;;;;;;;;;;;;;;;;;;;;;;;;;;;;;;;;;;;;;;;;;;;;;;;;;;;;;;;;
;;;;;;;;dilution 4;0.389333333333333;0.18;0.2;;;;;;;;;;;;;;;;;;;;;;;;;;;;;;;;;;;;;;;;;;;;;;;;;;;;;;;;;;;;;;;;;;;;;;;;;;;
;;;;;;27/01/2026;16h01;0;0.269;0.25;0.296;5;;;;;;;;;;;;;;;;;;;;;;;;;;;;;;;;;;;;;;;;;;;;;;;;;;;;;;;;;;;;;;;;;;;;;;;;;;
;;;;;;;;;0.261;0.25;0.298;5;;;;;;;;;;;;;;;;;;;;;;;;;;;;;;;;;;;;;;;;;;;;;;;;;;;;;;;;;;;;;;;;;;;;;;;;;;
;;;;;;;;;0.27;0.25;0.293;5;;;;;;;;;;;;;;;;;;;;;;;;;;;;;;;;;;;;;;;;;;;;;;;;;;;;;;;;;;;;;;;;;;;;;;;;;;
;;;;;;;;mean 0;0.266666666666667;0.25;0.295666666666667;5;;;;;;;;;;;;;;;;;;;;;;;;;;;;;;;;;;;;;;;;;;;;;;;;;;;;;;;;;;;;;;;;;;;;;;;;;;
;;;;;;;;dilution 0;1.33333333333333;1.25;1.47833333333333;;;;;;;;;;;;;;;;;;;;;;;;;;;;;;;;;;;;;;;;;;;;;;;;;;;;;;;;;;;;;;;;;;;;;;;;;;;
;;;;;;;;1;0.233;0.224;0.213;5;;;;;;;;;;;;;;;;;;;;;;;;;;;;;;;;;;;;;;;;;;;;;;;;;;;;;;;;;;;;;;;;;;;;;;;;;;
;;;;;;;;;0.23;0.229;0.212;5;;;;;;;;;;;;;;;;;;;;;;;;;;;;;;;;;;;;;;;;;;;;;;;;;;;;;;;;;;;;;;;;;;;;;;;;;;
;;;;;;;;;0.23;0.229;0.214;5;;;;;;;;;;;;;;;;;;;;;;;;;;;;;;;;;;;;;;;;;;;;;;;;;;;;;;;;;;;;;;;;;;;;;;;;;;
;;;;;;;;mean 1 ;0.231;0.227333333333333;0.213;5;;;;;;;;;;;;;;;;;;;;;;;;;;;;;;;;;;;;;;;;;;;;;;;;;;;;;;;;;;;;;;;;;;;;;;;;;;
;;;;;;;;dilution 1;1.155;1.13666666666667;1.065;;;;;;;;;;;;;;;;;;;;;;;;;;;;;;;;;;;;;;;;;;;;;;;;;;;;;;;;;;;;;;;;;;;;;;;;;;;
;;;;;;;;2;0.276;0.311;0.223;4;;;;;;;;;;;;;;;;;;;;;;;;;;;;;;;;;;;;;;;;;;;;;;;;;;;;;;;;;;;;;;;;;;;;;;;;;;
;;;;;;;;;0.28;0.309;0.226;4;;;;;;;;;;;;;;;;;;;;;;;;;;;;;;;;;;;;;;;;;;;;;;;;;;;;;;;;;;;;;;;;;;;;;;;;;;
;;;;;;;;;0.278;0.303;0.224;4;;;;;;;;;;;;;;;;;;;;;;;;;;;;;;;;;;;;;;;;;;;;;;;;;;;;;;;;;;;;;;;;;;;;;;;;;;
;;;;;;;;mean 2 ;0.278;0.307666666666667;0.224333333333333;4;;;;;;;;;;;;;;;;;;;;;;;;;;;;;;;;;;;;;;;;;;;;;;;;;;;;;;;;;;;;;;;;;;;;;;;;;;
;;;;;;;;dilution 2;1.112;1.23066666666667;0.897333333333333;;;;;;;;;;;;;;;;;;;;;;;;;;;;;;;;;;;;;;;;;;;;;;;;;;;;;;;;;;;;;;;;;;;;;;;;;;;
;;;;;;;;3;0.08;0.107;0.192;5;;;;;;;;;;;;;;;;;;;;;;;;;;;;;;;;;;;;;;;;;;;;;;;;;;;;;;;;;;;;;;;;;;;;;;;;;;
;;;;;;;;;0.084;0.107;0.188;5;;;;;;;;;;;;;;;;;;;;;;;;;;;;;;;;;;;;;;;;;;;;;;;;;;;;;;;;;;;;;;;;;;;;;;;;;;
;;;;;;;;;0.084;0.108;0.194;5;;;;;;;;;;;;;;;;;;;;;;;;;;;;;;;;;;;;;;;;;;;;;;;;;;;;;;;;;;;;;;;;;;;;;;;;;;
;;;;;;;;mean 3;0.0826666666666667;0.107333333333333;0.191333333333333;5;;;;;;;;;;;;;;;;;;;;;;;;;;;;;;;;;;;;;;;;;;;;;;;;;;;;;;;;;;;;;;;;;;;;;;;;;;
;;;;;;;;dilution 3;0.413333333333333;0.536666666666667;0.956666666666667;;;;;;;;;;;;;;;;;;;;;;;;;;;;;;;;;;;;;;;;;;;;;;;;;;;;;;;;;;;;;;;;;;;;;;;;;;;
;;;;;;;;4;0.089;0.046;0.048;4;;;;;;;;;;;;;;;;;;;;;;;;;;;;;;;;;;;;;;;;;;;;;;;;;;;;;;;;;;;;;;;;;;;;;;;;;;
;;;;;;;;;0.094;0.045;0.05;4;;;;;;;;;;;;;;;;;;;;;;;;;;;;;;;;;;;;;;;;;;;;;;;;;;;;;;;;;;;;;;;;;;;;;;;;;;
;;;;;;;;;0.093;0.046;0.055;4;;;;;;;;;;;;;;;;;;;;;;;;;;;;;;;;;;;;;;;;;;;;;;;;;;;;;;;;;;;;;;;;;;;;;;;;;;
;;;;;;;;mean 4;0.092;0.0456666666666667;0.051;4;;;;;;;;;;;;;;;;;;;;;;;;;;;;;;;;;;;;;;;;;;;;;;;;;;;;;;;;;;;;;;;;;;;;;;;;;;
;;;;;;;;dilution 4;0.368;0.182666666666667;0.204;;;;;;;;;;;;;;;;;;;;;;;;;;;;;;;;;;;;;;;;;;;;;;;;;;;;;;;;;;;;;;;;;;;;;;;;;;;
;;;;;;28/01/2026;8h38;0;0.298;0.264;0.312;5;;;;;;;;;;;;;;;;;;;;;;;;;;;;;;;;;;;;;;;;;;;;;;;;;;;;;;;;;;;;;;;;;;;;;;;;;;
;;;;;;;;;0.297;0.258;0.301;5;;;;;;;;;;;;;;;;;;;;;;;;;;;;;;;;;;;;;;;;;;;;;;;;;;;;;;;;;;;;;;;;;;;;;;;;;;
;;;;;;;;;0.297;0.262;0.302;5;;;;;;;;;;;;;;;;;;;;;;;;;;;;;;;;;;;;;;;;;;;;;;;;;;;;;;;;;;;;;;;;;;;;;;;;;;
;;;;;;;;mean 0;0.297333333333333;0.261333333333333;0.305;5;;;;;;;;;;;;;;;;;;;;;;;;;;;;;;;;;;;;;;;;;;;;;;;;;;;;;;;;;;;;;;;;;;;;;;;;;;
;;;;;;;;dilution 0;1.48666666666667;1.30666666666667;1.525;;;;;;;;;;;;;;;;;;;;;;;;;;;;;;;;;;;;;;;;;;;;;;;;;;;;;;;;;;;;;;;;;;;;;;;;;;;
;;;;;;;;1;0.226;0.22;0.222;5;;;;;;;;;;;;;;;;;;;;;;;;;;;;;;;;;;;;;;;;;;;;;;;;;;;;;;;;;;;;;;;;;;;;;;;;;;
;;;;;;;;;0.226;0.221;0.225;5;;;;;;;;;;;;;;;;;;;;;;;;;;;;;;;;;;;;;;;;;;;;;;;;;;;;;;;;;;;;;;;;;;;;;;;;;;
;;;;;;;;;0.226;0.236;0.215;5;;;;;;;;;;;;;;;;;;;;;;;;;;;;;;;;;;;;;;;;;;;;;;;;;;;;;;;;;;;;;;;;;;;;;;;;;;
;;;;;;;;mean 1 ;0.226;0.225666666666667;0.220666666666667;5;;;;;;;;;;;;;;;;;;;;;;;;;;;;;;;;;;;;;;;;;;;;;;;;;;;;;;;;;;;;;;;;;;;;;;;;;;
;;;;;;;;dilution 1;1.13;1.12833333333333;1.10333333333333;;;;;;;;;;;;;;;;;;;;;;;;;;;;;;;;;;;;;;;;;;;;;;;;;;;;;;;;;;;;;;;;;;;;;;;;;;;
;;;;;;;;2;0.272;0.302;0.217;4;;;;;;;;;;;;;;;;;;;;;;;;;;;;;;;;;;;;;;;;;;;;;;;;;;;;;;;;;;;;;;;;;;;;;;;;;;
;;;;;;;;;0.273;0.287;0.21;4;;;;;;;;;;;;;;;;;;;;;;;;;;;;;;;;;;;;;;;;;;;;;;;;;;;;;;;;;;;;;;;;;;;;;;;;;;
;;;;;;;;;0.271;0.302;0.205;4;;;;;;;;;;;;;;;;;;;;;;;;;;;;;;;;;;;;;;;;;;;;;;;;;;;;;;;;;;;;;;;;;;;;;;;;;;
;;;;;;;;mean 2 ;0.272;0.297;0.210666666666667;4;;;;;;;;;;;;;;;;;;;;;;;;;;;;;;;;;;;;;;;;;;;;;;;;;;;;;;;;;;;;;;;;;;;;;;;;;;
;;;;;;;;dilution 2;1.088;1.188;0.842666666666667;;;;;;;;;;;;;;;;;;;;;;;;;;;;;;;;;;;;;;;;;;;;;;;;;;;;;;;;;;;;;;;;;;;;;;;;;;;
;;;;;;;;3;0.073;0.089;0.18;5;;;;;;;;;;;;;;;;;;;;;;;;;;;;;;;;;;;;;;;;;;;;;;;;;;;;;;;;;;;;;;;;;;;;;;;;;;
;;;;;;;;;0.078;0.087;0.184;5;;;;;;;;;;;;;;;;;;;;;;;;;;;;;;;;;;;;;;;;;;;;;;;;;;;;;;;;;;;;;;;;;;;;;;;;;;
;;;;;;;;;0.078;0.089;0.184;5;;;;;;;;;;;;;;;;;;;;;;;;;;;;;;;;;;;;;;;;;;;;;;;;;;;;;;;;;;;;;;;;;;;;;;;;;;
;;;;;;;;mean 3;0.0763333333333333;0.0883333333333333;0.182666666666667;5;;;;;;;;;;;;;;;;;;;;;;;;;;;;;;;;;;;;;;;;;;;;;;;;;;;;;;;;;;;;;;;;;;;;;;;;;;
;;;;;;;;dilution 3;0.381666666666667;0.441666666666667;0.913333333333333;;;;;;;;;;;;;;;;;;;;;;;;;;;;;;;;;;;;;;;;;;;;;;;;;;;;;;;;;;;;;;;;;;;;;;;;;;;
;;;;;;;;4;0.151;0.075;0.084;2;;;;;;;;;;;;;;;;;;;;;;;;;;;;;;;;;;;;;;;;;;;;;;;;;;;;;;;;;;;;;;;;;;;;;;;;;;
;;;;;;;;;0.152;0.073;0.086;2;;;;;;;;;;;;;;;;;;;;;;;;;;;;;;;;;;;;;;;;;;;;;;;;;;;;;;;;;;;;;;;;;;;;;;;;;;
;;;;;;;;;0.151;0.074;0.084;2;;;;;;;;;;;;;;;;;;;;;;;;;;;;;;;;;;;;;;;;;;;;;;;;;;;;;;;;;;;;;;;;;;;;;;;;;;
;;;;;;;;mean 4;0.151333333333333;0.074;0.0846666666666667;2;;;;;;;;;;;;;;;;;;;;;;;;;;;;;;;;;;;;;;;;;;;;;;;;;;;;;;;;;;;;;;;;;;;;;;;;;;
;;;;;;;;dilution 4;0.302666666666667;0.148;0.169333333333333;;;;;;;;;;;;;;;;;;;;;;;;;;;;;;;;;;;;;;;;;;;;;;;;;;;;;;;;;;;;;;;;;;;;;;;;;;;
;;;;;;28/01/2026;17h20;0;0.298;0.282;0.335;5;;;;;;;;;;;;;;;;;;;;;;;;;;;;;;;;;;;;;;;;;;;;;;;;;;;;;;;;;;;;;;;;;;;;;;;;;;
;;;;;;;;;0.297;0.278;0.327;5;;;;;;;;;;;;;;;;;;;;;;;;;;;;;;;;;;;;;;;;;;;;;;;;;;;;;;;;;;;;;;;;;;;;;;;;;;
;;;;;;;;;0.3;0.277;0.342;5;;;;;;;;;;;;;;;;;;;;;;;;;;;;;;;;;;;;;;;;;;;;;;;;;;;;;;;;;;;;;;;;;;;;;;;;;;
;;;;;;;;mean 0;0.298333333333333;0.279;0.334666666666667;5;;;;;;;;;;;;;;;;;;;;;;;;;;;;;;;;;;;;;;;;;;;;;;;;;;;;;;;;;;;;;;;;;;;;;;;;;;
;;;;;;;;dilution 0;1.49166666666667;1.395;1.67333333333333;;;;;;;;;;;;;;;;;;;;;;;;;;;;;;;;;;;;;;;;;;;;;;;;;;;;;;;;;;;;;;;;;;;;;;;;;;;
;;;;;;;;1;0.241;0.236;0.225;5;;;;;;;;;;;;;;;;;;;;;;;;;;;;;;;;;;;;;;;;;;;;;;;;;;;;;;;;;;;;;;;;;;;;;;;;;;
;;;;;;;;;0.248;0.24;0.216;5;;;;;;;;;;;;;;;;;;;;;;;;;;;;;;;;;;;;;;;;;;;;;;;;;;;;;;;;;;;;;;;;;;;;;;;;;;
;;;;;;;;;0.248;0.24;0.225;5;;;;;;;;;;;;;;;;;;;;;;;;;;;;;;;;;;;;;;;;;;;;;;;;;;;;;;;;;;;;;;;;;;;;;;;;;;
;;;;;;;;mean 1 ;0.245666666666667;0.238666666666667;0.222;5;;;;;;;;;;;;;;;;;;;;;;;;;;;;;;;;;;;;;;;;;;;;;;;;;;;;;;;;;;;;;;;;;;;;;;;;;;
;;;;;;;;dilution 1;1.22833333333333;1.19333333333333;1.11;;;;;;;;;;;;;;;;;;;;;;;;;;;;;;;;;;;;;;;;;;;;;;;;;;;;;;;;;;;;;;;;;;;;;;;;;;;
;;;;;;;;2;0.279;0.307;0.218;4;;;;;;;;;;;;;;;;;;;;;;;;;;;;;;;;;;;;;;;;;;;;;;;;;;;;;;;;;;;;;;;;;;;;;;;;;;
;;;;;;;;;0.286;0.305;0.215;4;;;;;;;;;;;;;;;;;;;;;;;;;;;;;;;;;;;;;;;;;;;;;;;;;;;;;;;;;;;;;;;;;;;;;;;;;;
;;;;;;;;;0.281;0.305;0.225;4;;;;;;;;;;;;;;;;;;;;;;;;;;;;;;;;;;;;;;;;;;;;;;;;;;;;;;;;;;;;;;;;;;;;;;;;;;
;;;;;;;;mean 2 ;0.282;0.305666666666667;0.219333333333333;4;;;;;;;;;;;;;;;;;;;;;;;;;;;;;;;;;;;;;;;;;;;;;;;;;;;;;;;;;;;;;;;;;;;;;;;;;;
;;;;;;;;dilution 2;1.128;1.22266666666667;0.877333333333333;;;;;;;;;;;;;;;;;;;;;;;;;;;;;;;;;;;;;;;;;;;;;;;;;;;;;;;;;;;;;;;;;;;;;;;;;;;
;;;;;;;;3;0.069;0.082;0.168;5;;;;;;;;;;;;;;;;;;;;;;;;;;;;;;;;;;;;;;;;;;;;;;;;;;;;;;;;;;;;;;;;;;;;;;;;;;
;;;;;;;;;0.072;0.081;0.167;5;;;;;;;;;;;;;;;;;;;;;;;;;;;;;;;;;;;;;;;;;;;;;;;;;;;;;;;;;;;;;;;;;;;;;;;;;;
;;;;;;;;;0.076;0.08;0.167;5;;;;;;;;;;;;;;;;;;;;;;;;;;;;;;;;;;;;;;;;;;;;;;;;;;;;;;;;;;;;;;;;;;;;;;;;;;
;;;;;;;;mean 3;0.0723333333333333;0.081;0.167333333333333;5;;;;;;;;;;;;;;;;;;;;;;;;;;;;;;;;;;;;;;;;;;;;;;;;;;;;;;;;;;;;;;;;;;;;;;;;;;
;;;;;;;;dilution 3;0.361666666666667;0.405;0.836666666666667;;;;;;;;;;;;;;;;;;;;;;;;;;;;;;;;;;;;;;;;;;;;;;;;;;;;;;;;;;;;;;;;;;;;;;;;;;;
;;;;;;;;4;0.137;0.068;0.076;2;;;;;;;;;;;;;;;;;;;;;;;;;;;;;;;;;;;;;;;;;;;;;;;;;;;;;;;;;;;;;;;;;;;;;;;;;;
;;;;;;;;;0.137;0.065;0.075;2;;;;;;;;;;;;;;;;;;;;;;;;;;;;;;;;;;;;;;;;;;;;;;;;;;;;;;;;;;;;;;;;;;;;;;;;;;
;;;;;;;;;0.145;0.068;0.077;2;;;;;;;;;;;;;;;;;;;;;;;;;;;;;;;;;;;;;;;;;;;;;;;;;;;;;;;;;;;;;;;;;;;;;;;;;;
;;;;;;;;mean 4;0.139666666666667;0.067;0.076;2;;;;;;;;;;;;;;;;;;;;;;;;;;;;;;;;;;;;;;;;;;;;;;;;;;;;;;;;;;;;;;;;;;;;;;;;;;
;;;;;;;;dilution 4;0.279333333333333;0.134;0.152;;;;;;;;;;;;;;;;;;;;;;;;;;;;;;;;;;;;;;;;;;;;;;;;;;;;;;;;;;;;;;;;;;;;;;;;;;;
;;;;;;29/01/2026;9h25;0;0.323;0.302;0.336;5;;;;;;;;;;;;;;;;;;;;;;;;;;;;;;;;;;;;;;;;;;;;;;;;;;;;;;;;;;;;;;;;;;;;;;;;;;
;;;;;;;;;0.313;0.303;0.339;5;;;;;;;;;;;;;;;;;;;;;;;;;;;;;;;;;;;;;;;;;;;;;;;;;;;;;;;;;;;;;;;;;;;;;;;;;;
;;;;;;;;;0.312;0.296;0.342;5;;;;;;;;;;;;;;;;;;;;;;;;;;;;;;;;;;;;;;;;;;;;;;;;;;;;;;;;;;;;;;;;;;;;;;;;;;
;;;;;;;;mean 0;0.316;0.300333333333333;0.339;5;;;;;;;;;;;;;;;;;;;;;;;;;;;;;;;;;;;;;;;;;;;;;;;;;;;;;;;;;;;;;;;;;;;;;;;;;;
;;;;;;;;dilution 0;1.58;1.50166666666667;1.695;;;;;;;;;;;;;;;;;;;;;;;;;;;;;;;;;;;;;;;;;;;;;;;;;;;;;;;;;;;;;;;;;;;;;;;;;;;
;;;;;;;;1;0.256;0.256;0.225;5;;;;;;;;;;;;;;;;;;;;;;;;;;;;;;;;;;;;;;;;;;;;;;;;;;;;;;;;;;;;;;;;;;;;;;;;;;
;;;;;;;;;0.254;0.251;0.221;5;;;;;;;;;;;;;;;;;;;;;;;;;;;;;;;;;;;;;;;;;;;;;;;;;;;;;;;;;;;;;;;;;;;;;;;;;;
;;;;;;;;;0.252;0.256;0.216;5;;;;;;;;;;;;;;;;;;;;;;;;;;;;;;;;;;;;;;;;;;;;;;;;;;;;;;;;;;;;;;;;;;;;;;;;;;
;;;;;;;;mean 1 ;0.254;0.254333333333333;0.220666666666667;5;;;;;;;;;;;;;;;;;;;;;;;;;;;;;;;;;;;;;;;;;;;;;;;;;;;;;;;;;;;;;;;;;;;;;;;;;;
;;;;;;;;dilution 1;1.27;1.27166666666667;1.10333333333333;;;;;;;;;;;;;;;;;;;;;;;;;;;;;;;;;;;;;;;;;;;;;;;;;;;;;;;;;;;;;;;;;;;;;;;;;;;
;;;;;;;;2;0.266;0.29;0.219;4;;;;;;;;;;;;;;;;;;;;;;;;;;;;;;;;;;;;;;;;;;;;;;;;;;;;;;;;;;;;;;;;;;;;;;;;;;
;;;;;;;;;0.264;0.288;0.226;4;;;;;;;;;;;;;;;;;;;;;;;;;;;;;;;;;;;;;;;;;;;;;;;;;;;;;;;;;;;;;;;;;;;;;;;;;;
;;;;;;;;;0.26;0.29;0.221;4;;;;;;;;;;;;;;;;;;;;;;;;;;;;;;;;;;;;;;;;;;;;;;;;;;;;;;;;;;;;;;;;;;;;;;;;;;
;;;;;;;;mean 2 ;0.263333333333333;0.289333333333333;0.222;4;;;;;;;;;;;;;;;;;;;;;;;;;;;;;;;;;;;;;;;;;;;;;;;;;;;;;;;;;;;;;;;;;;;;;;;;;;
;;;;;;;;dilution 2;1.05333333333333;1.15733333333333;0.888;;;;;;;;;;;;;;;;;;;;;;;;;;;;;;;;;;;;;;;;;;;;;;;;;;;;;;;;;;;;;;;;;;;;;;;;;;;
;;;;;;;;3;0.142;0.084;0.146;5;;;;;;;;;;;;;;;;;;;;;;;;;;;;;;;;;;;;;;;;;;;;;;;;;;;;;;;;;;;;;;;;;;;;;;;;;;
;;;;;;;;;0.14;0.084;0.147;5;;;;;;;;;;;;;;;;;;;;;;;;;;;;;;;;;;;;;;;;;;;;;;;;;;;;;;;;;;;;;;;;;;;;;;;;;;
;;;;;;;;;0.133;0.088;0.149;5;;;;;;;;;;;;;;;;;;;;;;;;;;;;;;;;;;;;;;;;;;;;;;;;;;;;;;;;;;;;;;;;;;;;;;;;;;
;;;;;;;;mean 3;0.138333333333333;0.0853333333333333;0.147333333333333;5;;;;;;;;;;;;;;;;;;;;;;;;;;;;;;;;;;;;;;;;;;;;;;;;;;;;;;;;;;;;;;;;;;;;;;;;;;
;;;;;;;;dilution 3;0.691666666666667;0.426666666666667;0.736666666666667;;;;;;;;;;;;;;;;;;;;;;;;;;;;;;;;;;;;;;;;;;;;;;;;;;;;;;;;;;;;;;;;;;;;;;;;;;;
;;;;;;;;4;0.114;0.069;0.073;2;;;;;;;;;;;;;;;;;;;;;;;;;;;;;;;;;;;;;;;;;;;;;;;;;;;;;;;;;;;;;;;;;;;;;;;;;;
;;;;;;;;;0.114;0.068;0.07;2;;;;;;;;;;;;;;;;;;;;;;;;;;;;;;;;;;;;;;;;;;;;;;;;;;;;;;;;;;;;;;;;;;;;;;;;;;
;;;;;;;;;0.117;0.07;0.069;2;;;;;;;;;;;;;;;;;;;;;;;;;;;;;;;;;;;;;;;;;;;;;;;;;;;;;;;;;;;;;;;;;;;;;;;;;;
;;;;;;;;mean 4;0.115;0.069;0.0706666666666667;2;;;;;;;;;;;;;;;;;;;;;;;;;;;;;;;;;;;;;;;;;;;;;;;;;;;;;;;;;;;;;;;;;;;;;;;;;;
;;;;;;;;dilution 4;0.23;0.138;0.141333333333333;;;;;;;;;;;;;;;;;;;;;;;;;;;;;;;;;;;;;;;;;;;;;;;;;;;;;;;;;;;;;;;;;;;;;;;;;;;
;;;;;;30/01/2026;8h41;0;0.354;0.291;0.367;5;;;;;;;;;;;;;;;;;;;;;;;;;;;;;;;;;;;;;;;;;;;;;;;;;;;;;;;;;;;;;;;;;;;;;;;;;;
;;;;;;;;;0.361;0.291;0.361;5;;;;;;;;;;;;;;;;;;;;;;;;;;;;;;;;;;;;;;;;;;;;;;;;;;;;;;;;;;;;;;;;;;;;;;;;;;
;;;;;;;;;0.357;0.286;0.366;5;;;;;;;;;;;;;;;;;;;;;;;;;;;;;;;;;;;;;;;;;;;;;;;;;;;;;;;;;;;;;;;;;;;;;;;;;;
;;;;;;;;mean 0;0.357333333333333;0.289333333333333;0.364666666666667;5;;;;;;;;;;;;;;;;;;;;;;;;;;;;;;;;;;;;;;;;;;;;;;;;;;;;;;;;;;;;;;;;;;;;;;;;;;
;;;;;;;;dilution 0;1.78666666666667;1.44666666666667;1.82333333333333;;;;;;;;;;;;;;;;;;;;;;;;;;;;;;;;;;;;;;;;;;;;;;;;;;;;;;;;;;;;;;;;;;;;;;;;;;;
;;;;;;;;1;0.271;0.254;0.231;5;;;;;;;;;;;;;;;;;;;;;;;;;;;;;;;;;;;;;;;;;;;;;;;;;;;;;;;;;;;;;;;;;;;;;;;;;;
;;;;;;;;;0.27;0.258;0.229;5;;;;;;;;;;;;;;;;;;;;;;;;;;;;;;;;;;;;;;;;;;;;;;;;;;;;;;;;;;;;;;;;;;;;;;;;;;
;;;;;;;;;0.268;0.253;0.23;5;;;;;;;;;;;;;;;;;;;;;;;;;;;;;;;;;;;;;;;;;;;;;;;;;;;;;;;;;;;;;;;;;;;;;;;;;;
;;;;;;;;mean 1 ;0.269666666666667;0.255;0.23;5;;;;;;;;;;;;;;;;;;;;;;;;;;;;;;;;;;;;;;;;;;;;;;;;;;;;;;;;;;;;;;;;;;;;;;;;;;
;;;;;;;;dilution 1;1.34833333333333;1.275;1.15;;;;;;;;;;;;;;;;;;;;;;;;;;;;;;;;;;;;;;;;;;;;;;;;;;;;;;;;;;;;;;;;;;;;;;;;;;;
;;;;;;;;2;0.261;0.268;0.199;4;;;;;;;;;;;;;;;;;;;;;;;;;;;;;;;;;;;;;;;;;;;;;;;;;;;;;;;;;;;;;;;;;;;;;;;;;;
;;;;;;;;;0.266;0.266;0.206;4;;;;;;;;;;;;;;;;;;;;;;;;;;;;;;;;;;;;;;;;;;;;;;;;;;;;;;;;;;;;;;;;;;;;;;;;;;
;;;;;;;;;0.263;0.263;0.203;4;;;;;;;;;;;;;;;;;;;;;;;;;;;;;;;;;;;;;;;;;;;;;;;;;;;;;;;;;;;;;;;;;;;;;;;;;;
;;;;;;;;mean 2 ;0.263333333333333;0.265666666666667;0.202666666666667;4;;;;;;;;;;;;;;;;;;;;;;;;;;;;;;;;;;;;;;;;;;;;;;;;;;;;;;;;;;;;;;;;;;;;;;;;;;
;;;;;;;;dilution 2;1.05333333333333;1.06266666666667;0.810666666666667;;;;;;;;;;;;;;;;;;;;;;;;;;;;;;;;;;;;;;;;;;;;;;;;;;;;;;;;;;;;;;;;;;;;;;;;;;;
;;;;;;;;3;0.053;0.073;0.134;5;;;;;;;;;;;;;;;;;;;;;;;;;;;;;;;;;;;;;;;;;;;;;;;;;;;;;;;;;;;;;;;;;;;;;;;;;;
;;;;;;;;;0.054;0.073;0.135;5;;;;;;;;;;;;;;;;;;;;;;;;;;;;;;;;;;;;;;;;;;;;;;;;;;;;;;;;;;;;;;;;;;;;;;;;;;
;;;;;;;;;0.051;0.071;0.131;5;;;;;;;;;;;;;;;;;;;;;;;;;;;;;;;;;;;;;;;;;;;;;;;;;;;;;;;;;;;;;;;;;;;;;;;;;;
;;;;;;;;mean 3;0.0526666666666667;0.0723333333333333;0.133333333333333;5;;;;;;;;;;;;;;;;;;;;;;;;;;;;;;;;;;;;;;;;;;;;;;;;;;;;;;;;;;;;;;;;;;;;;;;;;;
;;;;;;;;dilution 3;0.263333333333333;0.361666666666667;0.666666666666667;;;;;;;;;;;;;;;;;;;;;;;;;;;;;;;;;;;;;;;;;;;;;;;;;;;;;;;;;;;;;;;;;;;;;;;;;;;
;;;;;;;;4;0.176;0.1;0.114;1;;;;;;;;;;;;;;;;;;;;;;;;;;;;;;;;;;;;;;;;;;;;;;;;;;;;;;;;;;;;;;;;;;;;;;;;;;
;;;;;;;;;0.176;0.104;0.109;1;;;;;;;;;;;;;;;;;;;;;;;;;;;;;;;;;;;;;;;;;;;;;;;;;;;;;;;;;;;;;;;;;;;;;;;;;;
;;;;;;;;;0.181;0.106;0.116;1;;;;;;;;;;;;;;;;;;;;;;;;;;;;;;;;;;;;;;;;;;;;;;;;;;;;;;;;;;;;;;;;;;;;;;;;;;
;;;;;;;;mean 4;0.177666666666667;0.103333333333333;0.113;1;;;;;;;;;;;;;;;;;;;;;;;;;;;;;;;;;;;;;;;;;;;;;;;;;;;;;;;;;;;;;;;;;;;;;;;;;;
;;;;;;;;dilution 4;0.177666666666667;0.103333333333333;0.113;;;;;;;;;;;;;;;;;;;;;;;;;;;;;;;;;;;;;;;;;;;;;;;;;;;;;;;;;;;;;;;;;;;;;;;;;;;
;;;;;;30/01/2026;17h37;0;0.35;0.303;0.375;5;;;;;;;;;;;;;;;;;;;;;;;;;;;;;;;;;;;;;;;;;;;;;;;;;;;;;;;;;;;;;;;;;;;;;;;;;;
;;;;;;;;;0.343;0.286;0.385;5;;;;;;;;;;;;;;;;;;;;;;;;;;;;;;;;;;;;;;;;;;;;;;;;;;;;;;;;;;;;;;;;;;;;;;;;;;
;;;;;;;;;0.342;0.296;0.381;5;;;;;;;;;;;;;;;;;;;;;;;;;;;;;;;;;;;;;;;;;;;;;;;;;;;;;;;;;;;;;;;;;;;;;;;;;;
;;;;;;;;mean 0;0.345;0.295;0.380333333333333;5;;;;;;;;;;;;;;;;;;;;;;;;;;;;;;;;;;;;;;;;;;;;;;;;;;;;;;;;;;;;;;;;;;;;;;;;;;
;;;;;;;;dilution 0;1.725;1.475;1.90166666666667;;;;;;;;;;;;;;;;;;;;;;;;;;;;;;;;;;;;;;;;;;;;;;;;;;;;;;;;;;;;;;;;;;;;;;;;;;;
;;;;;;;;1;0.269;0.278;0.238;5;;;;;;;;;;;;;;;;;;;;;;;;;;;;;;;;;;;;;;;;;;;;;;;;;;;;;;;;;;;;;;;;;;;;;;;;;;
;;;;;;;;;0.267;0.27;0.236;5;;;;;;;;;;;;;;;;;;;;;;;;;;;;;;;;;;;;;;;;;;;;;;;;;;;;;;;;;;;;;;;;;;;;;;;;;;
;;;;;;;;;0.269;0.273;0.229;5;;;;;;;;;;;;;;;;;;;;;;;;;;;;;;;;;;;;;;;;;;;;;;;;;;;;;;;;;;;;;;;;;;;;;;;;;;
;;;;;;;;mean 1 ;0.268333333333333;0.273666666666667;0.234333333333333;5;;;;;;;;;;;;;;;;;;;;;;;;;;;;;;;;;;;;;;;;;;;;;;;;;;;;;;;;;;;;;;;;;;;;;;;;;;
;;;;;;;;dilution 1;1.34166666666667;1.36833333333333;1.17166666666667;;;;;;;;;;;;;;;;;;;;;;;;;;;;;;;;;;;;;;;;;;;;;;;;;;;;;;;;;;;;;;;;;;;;;;;;;;;
;;;;;;;;2;0.25;0.293;0.215;4;;;;;;;;;;;;;;;;;;;;;;;;;;;;;;;;;;;;;;;;;;;;;;;;;;;;;;;;;;;;;;;;;;;;;;;;;;
;;;;;;;;;0.255;0.296;0.216;4;;;;;;;;;;;;;;;;;;;;;;;;;;;;;;;;;;;;;;;;;;;;;;;;;;;;;;;;;;;;;;;;;;;;;;;;;;
;;;;;;;;;0.261;0.299;0.22;4;;;;;;;;;;;;;;;;;;;;;;;;;;;;;;;;;;;;;;;;;;;;;;;;;;;;;;;;;;;;;;;;;;;;;;;;;;
;;;;;;;;mean 2 ;0.255333333333333;0.296;0.217;4;;;;;;;;;;;;;;;;;;;;;;;;;;;;;;;;;;;;;;;;;;;;;;;;;;;;;;;;;;;;;;;;;;;;;;;;;;
;;;;;;;;dilution 2;1.02133333333333;1.184;0.868;;;;;;;;;;;;;;;;;;;;;;;;;;;;;;;;;;;;;;;;;;;;;;;;;;;;;;;;;;;;;;;;;;;;;;;;;;;
;;;;;;;;3;0.053;0.077;0.126;5;;;;;;;;;;;;;;;;;;;;;;;;;;;;;;;;;;;;;;;;;;;;;;;;;;;;;;;;;;;;;;;;;;;;;;;;;;
;;;;;;;;;0.05;0.078;0.124;5;;;;;;;;;;;;;;;;;;;;;;;;;;;;;;;;;;;;;;;;;;;;;;;;;;;;;;;;;;;;;;;;;;;;;;;;;;
;;;;;;;;;0.052;0.078;0.127;5;;;;;;;;;;;;;;;;;;;;;;;;;;;;;;;;;;;;;;;;;;;;;;;;;;;;;;;;;;;;;;;;;;;;;;;;;;
;;;;;;;;mean 3;0.0516666666666667;0.0776666666666667;0.125666666666667;5;;;;;;;;;;;;;;;;;;;;;;;;;;;;;;;;;;;;;;;;;;;;;;;;;;;;;;;;;;;;;;;;;;;;;;;;;;
;;;;;;;;dilution 3;0.258333333333333;0.388333333333333;0.628333333333333;;;;;;;;;;;;;;;;;;;;;;;;;;;;;;;;;;;;;;;;;;;;;;;;;;;;;;;;;;;;;;;;;;;;;;;;;;;
;;;;;;;;4;0.18;0.098;0.101;1;;;;;;;;;;;;;;;;;;;;;;;;;;;;;;;;;;;;;;;;;;;;;;;;;;;;;;;;;;;;;;;;;;;;;;;;;;
;;;;;;;;;0.177;0.094;0.1;1;;;;;;;;;;;;;;;;;;;;;;;;;;;;;;;;;;;;;;;;;;;;;;;;;;;;;;;;;;;;;;;;;;;;;;;;;;
;;;;;;;;;0.178;0.097;0.099;1;;;;;;;;;;;;;;;;;;;;;;;;;;;;;;;;;;;;;;;;;;;;;;;;;;;;;;;;;;;;;;;;;;;;;;;;;;
;;;;;;;;mean 4;0.178333333333333;0.0963333333333333;0.1;1;;;;;;;;;;;;;;;;;;;;;;;;;;;;;;;;;;;;;;;;;;;;;;;;;;;;;;;;;;;;;;;;;;;;;;;;;;
;;;;;;;;dilution 4;0.178333333333333;0.0963333333333333;0.1;;;;;;;;;;;;;;;;;;;;;;;;;;;;;;;;;;;;;;;;;;;;;;;;;;;;;;;;;;;;;;;;;;;;;;;;;;;
;;;;;;31/01/2026;12h26;0;0.364;0.325;0.386;5;;;;;;;;;;;;;;;;;;;;;;;;;;;;;;;;;;;;;;;;;;;;;;;;;;;;;;;;;;;;;;;;;;;;;;;;;;
;;;;;;;;;0.373;0.322;0.381;5;;;;;;;;;;;;;;;;;;;;;;;;;;;;;;;;;;;;;;;;;;;;;;;;;;;;;;;;;;;;;;;;;;;;;;;;;;
;;;;;;;;;0.371;0.321;0.379;5;;;;;;;;;;;;;;;;;;;;;;;;;;;;;;;;;;;;;;;;;;;;;;;;;;;;;;;;;;;;;;;;;;;;;;;;;;
;;;;;;;;mean 0;0.369333333333333;0.322666666666667;0.382;5;;;;;;;;;;;;;;;;;;;;;;;;;;;;;;;;;;;;;;;;;;;;;;;;;;;;;;;;;;;;;;;;;;;;;;;;;;
;;;;;;;;dilution 0;1.84666666666667;1.61333333333333;1.91;;;;;;;;;;;;;;;;;;;;;;;;;;;;;;;;;;;;;;;;;;;;;;;;;;;;;;;;;;;;;;;;;;;;;;;;;;;
;;;;;;;;1;0.278;0.281;0.262;5;;;;;;;;;;;;;;;;;;;;;;;;;;;;;;;;;;;;;;;;;;;;;;;;;;;;;;;;;;;;;;;;;;;;;;;;;;
;;;;;;;;;0.291;0.285;0.261;5;;;;;;;;;;;;;;;;;;;;;;;;;;;;;;;;;;;;;;;;;;;;;;;;;;;;;;;;;;;;;;;;;;;;;;;;;;
;;;;;;;;;0.292;0.284;0.257;5;;;;;;;;;;;;;;;;;;;;;;;;;;;;;;;;;;;;;;;;;;;;;;;;;;;;;;;;;;;;;;;;;;;;;;;;;;
;;;;;;;;mean 1 ;0.287;0.283333333333333;0.26;5;;;;;;;;;;;;;;;;;;;;;;;;;;;;;;;;;;;;;;;;;;;;;;;;;;;;;;;;;;;;;;;;;;;;;;;;;;
;;;;;;;;dilution 1;1.435;1.41666666666667;1.3;;;;;;;;;;;;;;;;;;;;;;;;;;;;;;;;;;;;;;;;;;;;;;;;;;;;;;;;;;;;;;;;;;;;;;;;;;;
;;;;;;;;2;0.246;0.259;0.214;4;;;;;;;;;;;;;;;;;;;;;;;;;;;;;;;;;;;;;;;;;;;;;;;;;;;;;;;;;;;;;;;;;;;;;;;;;;
;;;;;;;;;0.24;0.245;0.217;4;;;;;;;;;;;;;;;;;;;;;;;;;;;;;;;;;;;;;;;;;;;;;;;;;;;;;;;;;;;;;;;;;;;;;;;;;;
;;;;;;;;;0.244;0.25;0.213;4;;;;;;;;;;;;;;;;;;;;;;;;;;;;;;;;;;;;;;;;;;;;;;;;;;;;;;;;;;;;;;;;;;;;;;;;;;
;;;;;;;;mean 2 ;0.243333333333333;0.251333333333333;0.214666666666667;4;;;;;;;;;;;;;;;;;;;;;;;;;;;;;;;;;;;;;;;;;;;;;;;;;;;;;;;;;;;;;;;;;;;;;;;;;;
;;;;;;;;dilution 2;0.973333333333333;1.00533333333333;0.858666666666667;;;;;;;;;;;;;;;;;;;;;;;;;;;;;;;;;;;;;;;;;;;;;;;;;;;;;;;;;;;;;;;;;;;;;;;;;;;
;;;;;;;;3;0.048;0.066;0.113;5;;;;;;;;;;;;;;;;;;;;;;;;;;;;;;;;;;;;;;;;;;;;;;;;;;;;;;;;;;;;;;;;;;;;;;;;;;
;;;;;;;;;0.048;0.065;0.113;5;;;;;;;;;;;;;;;;;;;;;;;;;;;;;;;;;;;;;;;;;;;;;;;;;;;;;;;;;;;;;;;;;;;;;;;;;;
;;;;;;;;;0.044;0.064;0.109;5;;;;;;;;;;;;;;;;;;;;;;;;;;;;;;;;;;;;;;;;;;;;;;;;;;;;;;;;;;;;;;;;;;;;;;;;;;
;;;;;;;;mean 3;0.0466666666666667;0.065;0.111666666666667;5;;;;;;;;;;;;;;;;;;;;;;;;;;;;;;;;;;;;;;;;;;;;;;;;;;;;;;;;;;;;;;;;;;;;;;;;;;
;;;;;;;;dilution 3;0.233333333333333;0.325;0.558333333333333;;;;;;;;;;;;;;;;;;;;;;;;;;;;;;;;;;;;;;;;;;;;;;;;;;;;;;;;;;;;;;;;;;;;;;;;;;;
;;;;;;;;4;0.148;0.075;0.092;1;;;;;;;;;;;;;;;;;;;;;;;;;;;;;;;;;;;;;;;;;;;;;;;;;;;;;;;;;;;;;;;;;;;;;;;;;;
;;;;;;;;;0.147;0.077;0.102;1;;;;;;;;;;;;;;;;;;;;;;;;;;;;;;;;;;;;;;;;;;;;;;;;;;;;;;;;;;;;;;;;;;;;;;;;;;
;;;;;;;;;0.144;0.078;0.101;1;;;;;;;;;;;;;;;;;;;;;;;;;;;;;;;;;;;;;;;;;;;;;;;;;;;;;;;;;;;;;;;;;;;;;;;;;;
;;;;;;;;mean 4;0.146333333333333;0.0766666666666667;0.0983333333333333;1;;;;;;;;;;;;;;;;;;;;;;;;;;;;;;;;;;;;;;;;;;;;;;;;;;;;;;;;;;;;;;;;;;;;;;;;;;
;;;;;;;;dilution 4;0.146333333333333;0.0766666666666667;0.0983333333333333;;;;;;;;;;;;;;;;;;;;;;;;;;;;;;;;;;;;;;;;;;;;;;;;;;;;;;;;;;;;;;;;;;;;;;;;;;;
;;;;;;31/01/2026;18h36;0;0.396;0.318;0.402;5;;;;;;;;;;;;;;;;;;;;;;;;;;;;;;;;;;;;;;;;;;;;;;;;;;;;;;;;;;;;;;;;;;;;;;;;;;
;;;;;;;;;0.393;0.323;0.413;5;;;;;;;;;;;;;;;;;;;;;;;;;;;;;;;;;;;;;;;;;;;;;;;;;;;;;;;;;;;;;;;;;;;;;;;;;;
;;;;;;;;;0.386;0.335;0.421;5;;;;;;;;;;;;;;;;;;;;;;;;;;;;;;;;;;;;;;;;;;;;;;;;;;;;;;;;;;;;;;;;;;;;;;;;;;
;;;;;;;;mean 0;0.391666666666667;0.325333333333333;0.412;5;;;;;;;;;;;;;;;;;;;;;;;;;;;;;;;;;;;;;;;;;;;;;;;;;;;;;;;;;;;;;;;;;;;;;;;;;;
;;;;;;;;dilution 0;1.95833333333333;1.62666666666667;2.06;;;;;;;;;;;;;;;;;;;;;;;;;;;;;;;;;;;;;;;;;;;;;;;;;;;;;;;;;;;;;;;;;;;;;;;;;;;
;;;;;;;;1;0.272;0.28;0.249;5;;;;;;;;;;;;;;;;;;;;;;;;;;;;;;;;;;;;;;;;;;;;;;;;;;;;;;;;;;;;;;;;;;;;;;;;;;
;;;;;;;;;0.264;0.282;0.245;5;;;;;;;;;;;;;;;;;;;;;;;;;;;;;;;;;;;;;;;;;;;;;;;;;;;;;;;;;;;;;;;;;;;;;;;;;;
;;;;;;;;;0.264;0.277;0.25;5;;;;;;;;;;;;;;;;;;;;;;;;;;;;;;;;;;;;;;;;;;;;;;;;;;;;;;;;;;;;;;;;;;;;;;;;;;
;;;;;;;;mean 1 ;0.266666666666667;0.279666666666667;0.248;5;;;;;;;;;;;;;;;;;;;;;;;;;;;;;;;;;;;;;;;;;;;;;;;;;;;;;;;;;;;;;;;;;;;;;;;;;;
;;;;;;;;dilution 1;1.33333333333333;1.39833333333333;1.24;;;;;;;;;;;;;;;;;;;;;;;;;;;;;;;;;;;;;;;;;;;;;;;;;;;;;;;;;;;;;;;;;;;;;;;;;;;
;;;;;;;;2;0.262;0.245;0.206;4;;;;;;;;;;;;;;;;;;;;;;;;;;;;;;;;;;;;;;;;;;;;;;;;;;;;;;;;;;;;;;;;;;;;;;;;;;
;;;;;;;;;0.253;0.242;0.195;4;;;;;;;;;;;;;;;;;;;;;;;;;;;;;;;;;;;;;;;;;;;;;;;;;;;;;;;;;;;;;;;;;;;;;;;;;;
;;;;;;;;;0.253;0.242;0.2;4;;;;;;;;;;;;;;;;;;;;;;;;;;;;;;;;;;;;;;;;;;;;;;;;;;;;;;;;;;;;;;;;;;;;;;;;;;
;;;;;;;;mean 2 ;0.256;0.243;0.200333333333333;4;;;;;;;;;;;;;;;;;;;;;;;;;;;;;;;;;;;;;;;;;;;;;;;;;;;;;;;;;;;;;;;;;;;;;;;;;;
;;;;;;;;dilution 2;1.024;0.972;0.801333333333333;;;;;;;;;;;;;;;;;;;;;;;;;;;;;;;;;;;;;;;;;;;;;;;;;;;;;;;;;;;;;;;;;;;;;;;;;;;
;;;;;;;;3;0.052;0.075;0.135;4;;;;;;;;;;;;;;;;;;;;;;;;;;;;;;;;;;;;;;;;;;;;;;;;;;;;;;;;;;;;;;;;;;;;;;;;;;
;;;;;;;;;0.05;0.073;0.139;4;;;;;;;;;;;;;;;;;;;;;;;;;;;;;;;;;;;;;;;;;;;;;;;;;;;;;;;;;;;;;;;;;;;;;;;;;;
;;;;;;;;;0.056;0.079;0.142;4;;;;;;;;;;;;;;;;;;;;;;;;;;;;;;;;;;;;;;;;;;;;;;;;;;;;;;;;;;;;;;;;;;;;;;;;;;
;;;;;;;;mean 3;0.0526666666666667;0.0756666666666667;0.138666666666667;4;;;;;;;;;;;;;;;;;;;;;;;;;;;;;;;;;;;;;;;;;;;;;;;;;;;;;;;;;;;;;;;;;;;;;;;;;;
;;;;;;;;dilution 3;0.210666666666667;0.302666666666667;0.554666666666667;;;;;;;;;;;;;;;;;;;;;;;;;;;;;;;;;;;;;;;;;;;;;;;;;;;;;;;;;;;;;;;;;;;;;;;;;;;
;;;;;;;;4;0.145;0.079;0.087;1;;;;;;;;;;;;;;;;;;;;;;;;;;;;;;;;;;;;;;;;;;;;;;;;;;;;;;;;;;;;;;;;;;;;;;;;;;
;;;;;;;;;0.143;0.079;0.084;1;;;;;;;;;;;;;;;;;;;;;;;;;;;;;;;;;;;;;;;;;;;;;;;;;;;;;;;;;;;;;;;;;;;;;;;;;;
;;;;;;;;;0.162;0.078;0.085;1;;;;;;;;;;;;;;;;;;;;;;;;;;;;;;;;;;;;;;;;;;;;;;;;;;;;;;;;;;;;;;;;;;;;;;;;;;
;;;;;;;;mean 4;0.15;0.0786666666666667;0.0853333333333333;1;;;;;;;;;;;;;;;;;;;;;;;;;;;;;;;;;;;;;;;;;;;;;;;;;;;;;;;;;;;;;;;;;;;;;;;;;;
;;;;;;;;dilution 4;0.15;0.0786666666666667;0.0853333333333333;;;;;;;;;;;;;;;;;;;;;;;;;;;;;;;;;;;;;;;;;;;;;;;;;;;;;;;;;;;;;;;;;;;;;;;;;;;
;;;;;;01/02/2026;11h20;0;0.4;0.317;0.414;5;;;;;;;;;;;;;;;;;;;;;;;;;;;;;;;;;;;;;;;;;;;;;;;;;;;;;;;;;;;;;;;;;;;;;;;;;;
;;;;;;;;;0.403;0.326;0.406;5;;;;;;;;;;;;;;;;;;;;;;;;;;;;;;;;;;;;;;;;;;;;;;;;;;;;;;;;;;;;;;;;;;;;;;;;;;
;;;;;;;;;0.407;0.315;0.408;5;;;;;;;;;;;;;;;;;;;;;;;;;;;;;;;;;;;;;;;;;;;;;;;;;;;;;;;;;;;;;;;;;;;;;;;;;;
;;;;;;;;mean 0;0.403333333333333;0.319333333333333;0.409333333333333;5;;;;;;;;;;;;;;;;;;;;;;;;;;;;;;;;;;;;;;;;;;;;;;;;;;;;;;;;;;;;;;;;;;;;;;;;;;
;;;;;;;;dilution 0;2.01666666666667;1.59666666666667;2.04666666666667;;;;;;;;;;;;;;;;;;;;;;;;;;;;;;;;;;;;;;;;;;;;;;;;;;;;;;;;;;;;;;;;;;;;;;;;;;;
;;;;;;;;1;0.285;0.297;0.253;5;;;;;;;;;;;;;;;;;;;;;;;;;;;;;;;;;;;;;;;;;;;;;;;;;;;;;;;;;;;;;;;;;;;;;;;;;;
;;;;;;;;;0.287;0.305;0.251;5;;;;;;;;;;;;;;;;;;;;;;;;;;;;;;;;;;;;;;;;;;;;;;;;;;;;;;;;;;;;;;;;;;;;;;;;;;
;;;;;;;;;0.285;0.307;0.256;5;;;;;;;;;;;;;;;;;;;;;;;;;;;;;;;;;;;;;;;;;;;;;;;;;;;;;;;;;;;;;;;;;;;;;;;;;;
;;;;;;;;mean 1 ;0.285666666666667;0.303;0.253333333333333;5;;;;;;;;;;;;;;;;;;;;;;;;;;;;;;;;;;;;;;;;;;;;;;;;;;;;;;;;;;;;;;;;;;;;;;;;;;
;;;;;;;;dilution 1;1.42833333333333;1.515;1.26666666666667;;;;;;;;;;;;;;;;;;;;;;;;;;;;;;;;;;;;;;;;;;;;;;;;;;;;;;;;;;;;;;;;;;;;;;;;;;;
;;;;;;;;2;0.236;0.233;0.2;4;;;;;;;;;;;;;;;;;;;;;;;;;;;;;;;;;;;;;;;;;;;;;;;;;;;;;;;;;;;;;;;;;;;;;;;;;;
;;;;;;;;;0.227;0.232;0.198;4;;;;;;;;;;;;;;;;;;;;;;;;;;;;;;;;;;;;;;;;;;;;;;;;;;;;;;;;;;;;;;;;;;;;;;;;;;
;;;;;;;;;0.232;0.237;0.196;4;;;;;;;;;;;;;;;;;;;;;;;;;;;;;;;;;;;;;;;;;;;;;;;;;;;;;;;;;;;;;;;;;;;;;;;;;;
;;;;;;;;mean 2 ;0.231666666666667;0.234;0.198;4;;;;;;;;;;;;;;;;;;;;;;;;;;;;;;;;;;;;;;;;;;;;;;;;;;;;;;;;;;;;;;;;;;;;;;;;;;
;;;;;;;;dilution 2;0.926666666666667;0.936;0.792;;;;;;;;;;;;;;;;;;;;;;;;;;;;;;;;;;;;;;;;;;;;;;;;;;;;;;;;;;;;;;;;;;;;;;;;;;;
;;;;;;;;3;0.05;0.072;0.126;4;;;;;;;;;;;;;;;;;;;;;;;;;;;;;;;;;;;;;;;;;;;;;;;;;;;;;;;;;;;;;;;;;;;;;;;;;;
;;;;;;;;;0.048;0.066;0.129;4;;;;;;;;;;;;;;;;;;;;;;;;;;;;;;;;;;;;;;;;;;;;;;;;;;;;;;;;;;;;;;;;;;;;;;;;;;
;;;;;;;;;0.048;0.064;0.134;4;;;;;;;;;;;;;;;;;;;;;;;;;;;;;;;;;;;;;;;;;;;;;;;;;;;;;;;;;;;;;;;;;;;;;;;;;;
;;;;;;;;mean 3;0.0486666666666667;0.0673333333333333;0.129666666666667;4;;;;;;;;;;;;;;;;;;;;;;;;;;;;;;;;;;;;;;;;;;;;;;;;;;;;;;;;;;;;;;;;;;;;;;;;;;
;;;;;;;;dilution 3;0.194666666666667;0.269333333333333;0.518666666666667;;;;;;;;;;;;;;;;;;;;;;;;;;;;;;;;;;;;;;;;;;;;;;;;;;;;;;;;;;;;;;;;;;;;;;;;;;;
;;;;;;;;4;0.13;0.087;0.076;1;;;;;;;;;;;;;;;;;;;;;;;;;;;;;;;;;;;;;;;;;;;;;;;;;;;;;;;;;;;;;;;;;;;;;;;;;;
;;;;;;;;;0.128;0.084;0.074;1;;;;;;;;;;;;;;;;;;;;;;;;;;;;;;;;;;;;;;;;;;;;;;;;;;;;;;;;;;;;;;;;;;;;;;;;;;
;;;;;;;;;0.134;0.08;0.073;1;;;;;;;;;;;;;;;;;;;;;;;;;;;;;;;;;;;;;;;;;;;;;;;;;;;;;;;;;;;;;;;;;;;;;;;;;;
;;;;;;;;mean 4;0.130666666666667;0.0836666666666667;0.0743333333333333;1;;;;;;;;;;;;;;;;;;;;;;;;;;;;;;;;;;;;;;;;;;;;;;;;;;;;;;;;;;;;;;;;;;;;;;;;;;
;;;;;;;;dilution 4;0.130666666666667;0.0836666666666667;0.0743333333333333;;;;;;;;;;;;;;;;;;;;;;;;;;;;;;;;;;;;;;;;;;;;;;;;;;;;;;;;;;;;;;;;;;;;;;;;;;;
;;;;;;02/02/2026;8h14;0;0.395;0.321;0.437;5;;;;;;;;;;;;;;;;;;;;;;;;;;;;;;;;;;;;;;;;;;;;;;;;;;;;;;;;;;;;;;;;;;;;;;;;;;
;;;;;;;;;0.41;0.322;0.447;5;;;;;;;;;;;;;;;;;;;;;;;;;;;;;;;;;;;;;;;;;;;;;;;;;;;;;;;;;;;;;;;;;;;;;;;;;;
;;;;;;;;;0.408;0.324;0.43;5;;;;;;;;;;;;;;;;;;;;;;;;;;;;;;;;;;;;;;;;;;;;;;;;;;;;;;;;;;;;;;;;;;;;;;;;;;
;;;;;;;;mean 0;0.404333333333333;0.322333333333333;0.438;5;;;;;;;;;;;;;;;;;;;;;;;;;;;;;;;;;;;;;;;;;;;;;;;;;;;;;;;;;;;;;;;;;;;;;;;;;;
;;;;;;;;dilution 0;2.02166666666667;1.61166666666667;2.19;;;;;;;;;;;;;;;;;;;;;;;;;;;;;;;;;;;;;;;;;;;;;;;;;;;;;;;;;;;;;;;;;;;;;;;;;;;
;;;;;;;;1;0.279;0.297;0.25;5;;;;;;;;;;;;;;;;;;;;;;;;;;;;;;;;;;;;;;;;;;;;;;;;;;;;;;;;;;;;;;;;;;;;;;;;;;
;;;;;;;;;0.276;0.307;0.256;5;;;;;;;;;;;;;;;;;;;;;;;;;;;;;;;;;;;;;;;;;;;;;;;;;;;;;;;;;;;;;;;;;;;;;;;;;;
;;;;;;;;;0.271;0.311;0.253;5;;;;;;;;;;;;;;;;;;;;;;;;;;;;;;;;;;;;;;;;;;;;;;;;;;;;;;;;;;;;;;;;;;;;;;;;;;
;;;;;;;;mean 1 ;0.275333333333333;0.305;0.253;5;;;;;;;;;;;;;;;;;;;;;;;;;;;;;;;;;;;;;;;;;;;;;;;;;;;;;;;;;;;;;;;;;;;;;;;;;;
;;;;;;;;dilution 1;1.37666666666667;1.525;1.265;;;;;;;;;;;;;;;;;;;;;;;;;;;;;;;;;;;;;;;;;;;;;;;;;;;;;;;;;;;;;;;;;;;;;;;;;;;
;;;;;;;;2;0.231;0.217;0.201;4;;;;;;;;;;;;;;;;;;;;;;;;;;;;;;;;;;;;;;;;;;;;;;;;;;;;;;;;;;;;;;;;;;;;;;;;;;
;;;;;;;;;0.229;0.216;0.206;4;;;;;;;;;;;;;;;;;;;;;;;;;;;;;;;;;;;;;;;;;;;;;;;;;;;;;;;;;;;;;;;;;;;;;;;;;;
;;;;;;;;;0.229;0.216;0.2;4;;;;;;;;;;;;;;;;;;;;;;;;;;;;;;;;;;;;;;;;;;;;;;;;;;;;;;;;;;;;;;;;;;;;;;;;;;
;;;;;;;;mean 2 ;0.229666666666667;0.216333333333333;0.202333333333333;4;;;;;;;;;;;;;;;;;;;;;;;;;;;;;;;;;;;;;;;;;;;;;;;;;;;;;;;;;;;;;;;;;;;;;;;;;;
;;;;;;;;dilution 2;0.918666666666667;0.865333333333333;0.809333333333333;;;;;;;;;;;;;;;;;;;;;;;;;;;;;;;;;;;;;;;;;;;;;;;;;;;;;;;;;;;;;;;;;;;;;;;;;;;
;;;;;;;;3;0.079;0.125;0.247;2;;;;;;;;;;;;;;;;;;;;;;;;;;;;;;;;;;;;;;;;;;;;;;;;;;;;;;;;;;;;;;;;;;;;;;;;;;
;;;;;;;;;0.079;0.123;0.243;2;;;;;;;;;;;;;;;;;;;;;;;;;;;;;;;;;;;;;;;;;;;;;;;;;;;;;;;;;;;;;;;;;;;;;;;;;;
;;;;;;;;;0.082;0.128;0.25;2;;;;;;;;;;;;;;;;;;;;;;;;;;;;;;;;;;;;;;;;;;;;;;;;;;;;;;;;;;;;;;;;;;;;;;;;;;
;;;;;;;;mean 3;0.08;0.125333333333333;0.246666666666667;2;;;;;;;;;;;;;;;;;;;;;;;;;;;;;;;;;;;;;;;;;;;;;;;;;;;;;;;;;;;;;;;;;;;;;;;;;;
;;;;;;;;dilution 3;0.16;0.250666666666667;0.493333333333333;;;;;;;;;;;;;;;;;;;;;;;;;;;;;;;;;;;;;;;;;;;;;;;;;;;;;;;;;;;;;;;;;;;;;;;;;;;
;;;;;;;;4;0.121;0.081;0.072;1;;;;;;;;;;;;;;;;;;;;;;;;;;;;;;;;;;;;;;;;;;;;;;;;;;;;;;;;;;;;;;;;;;;;;;;;;;
;;;;;;;;;0.138;0.086;0.07;1;;;;;;;;;;;;;;;;;;;;;;;;;;;;;;;;;;;;;;;;;;;;;;;;;;;;;;;;;;;;;;;;;;;;;;;;;;
;;;;;;;;;0.128;0.088;0.066;1;;;;;;;;;;;;;;;;;;;;;;;;;;;;;;;;;;;;;;;;;;;;;;;;;;;;;;;;;;;;;;;;;;;;;;;;;;
;;;;;;;;mean 4;0.129;0.085;0.0693333333333333;1;;;;;;;;;;;;;;;;;;;;;;;;;;;;;;;;;;;;;;;;;;;;;;;;;;;;;;;;;;;;;;;;;;;;;;;;;;
;;;;;;;;dilution 4;0.129;0.085;0.0693333333333333;;;;;;;;;;;;;;;;;;;;;;;;;;;;;;;;;;;;;;;;;;;;;;;;;;;;;;;;;;;;;;;;;;;;;;;;;;;
;;;;;;03/02/2026;15h50;0;0.436;0.332;0.448;5;;;;;;;;;;;;;;;;;;;;;;;;;;;;;;;;;;;;;;;;;;;;;;;;;;;;;;;;;;;;;;;;;;;;;;;;;;
;;;;;;;;;0.437;0.338;0.439;5;;;;;;;;;;;;;;;;;;;;;;;;;;;;;;;;;;;;;;;;;;;;;;;;;;;;;;;;;;;;;;;;;;;;;;;;;;
;;;;;;;;;0.424;0.336;0.433;5;;;;;;;;;;;;;;;;;;;;;;;;;;;;;;;;;;;;;;;;;;;;;;;;;;;;;;;;;;;;;;;;;;;;;;;;;;
;;;;;;;;mean 0;0.432333333333333;0.335333333333333;0.44;5;;;;;;;;;;;;;;;;;;;;;;;;;;;;;;;;;;;;;;;;;;;;;;;;;;;;;;;;;;;;;;;;;;;;;;;;;;
;;;;;;;;dilution 0;2.16166666666667;1.67666666666667;2.2;;;;;;;;;;;;;;;;;;;;;;;;;;;;;;;;;;;;;;;;;;;;;;;;;;;;;;;;;;;;;;;;;;;;;;;;;;;
;;;;;;;;1;0.282;0.293;0.246;5;;;;;;;;;;;;;;;;;;;;;;;;;;;;;;;;;;;;;;;;;;;;;;;;;;;;;;;;;;;;;;;;;;;;;;;;;;
;;;;;;;;;0.28;0.301;0.245;5;;;;;;;;;;;;;;;;;;;;;;;;;;;;;;;;;;;;;;;;;;;;;;;;;;;;;;;;;;;;;;;;;;;;;;;;;;
;;;;;;;;;0.276;0.296;0.248;5;;;;;;;;;;;;;;;;;;;;;;;;;;;;;;;;;;;;;;;;;;;;;;;;;;;;;;;;;;;;;;;;;;;;;;;;;;
;;;;;;;;mean 1 ;0.279333333333333;0.296666666666667;0.246333333333333;5;;;;;;;;;;;;;;;;;;;;;;;;;;;;;;;;;;;;;;;;;;;;;;;;;;;;;;;;;;;;;;;;;;;;;;;;;;
;;;;;;;;dilution 1;1.39666666666667;1.48333333333333;1.23166666666667;;;;;;;;;;;;;;;;;;;;;;;;;;;;;;;;;;;;;;;;;;;;;;;;;;;;;;;;;;;;;;;;;;;;;;;;;;;
;;;;;;;;2;0.216;0.194;0.167;4;;;;;;;;;;;;;;;;;;;;;;;;;;;;;;;;;;;;;;;;;;;;;;;;;;;;;;;;;;;;;;;;;;;;;;;;;;
;;;;;;;;;0.211;0.192;0.166;4;;;;;;;;;;;;;;;;;;;;;;;;;;;;;;;;;;;;;;;;;;;;;;;;;;;;;;;;;;;;;;;;;;;;;;;;;;
;;;;;;;;;0.218;0.19;0.176;4;;;;;;;;;;;;;;;;;;;;;;;;;;;;;;;;;;;;;;;;;;;;;;;;;;;;;;;;;;;;;;;;;;;;;;;;;;
;;;;;;;;mean 2 ;0.215;0.192;0.169666666666667;4;;;;;;;;;;;;;;;;;;;;;;;;;;;;;;;;;;;;;;;;;;;;;;;;;;;;;;;;;;;;;;;;;;;;;;;;;;
;;;;;;;;dilution 2;0.86;0.768;0.678666666666667;;;;;;;;;;;;;;;;;;;;;;;;;;;;;;;;;;;;;;;;;;;;;;;;;;;;;;;;;;;;;;;;;;;;;;;;;;;
;;;;;;;;3;0.131;0.199;0.458;1;;;;;;;;;;;;;;;;;;;;;;;;;;;;;;;;;;;;;;;;;;;;;;;;;;;;;;;;;;;;;;;;;;;;;;;;;;
;;;;;;;;;0.129;0.2;0.45;1;;;;;;;;;;;;;;;;;;;;;;;;;;;;;;;;;;;;;;;;;;;;;;;;;;;;;;;;;;;;;;;;;;;;;;;;;;
;;;;;;;;;0.133;0.194;0.455;1;;;;;;;;;;;;;;;;;;;;;;;;;;;;;;;;;;;;;;;;;;;;;;;;;;;;;;;;;;;;;;;;;;;;;;;;;;
;;;;;;;;mean 3;0.131;0.197666666666667;0.454333333333333;1;;;;;;;;;;;;;;;;;;;;;;;;;;;;;;;;;;;;;;;;;;;;;;;;;;;;;;;;;;;;;;;;;;;;;;;;;;
;;;;;;;;dilution 3;0.131;0.197666666666667;0.454333333333333;;;;;;;;;;;;;;;;;;;;;;;;;;;;;;;;;;;;;;;;;;;;;;;;;;;;;;;;;;;;;;;;;;;;;;;;;;;
;;;;;;;;4;0.117;0.066;0.065;1;;;;;;;;;;;;;;;;;;;;;;;;;;;;;;;;;;;;;;;;;;;;;;;;;;;;;;;;;;;;;;;;;;;;;;;;;;
;;;;;;;;;0.116;0.068;0.068;1;;;;;;;;;;;;;;;;;;;;;;;;;;;;;;;;;;;;;;;;;;;;;;;;;;;;;;;;;;;;;;;;;;;;;;;;;;
;;;;;;;;;0.115;0.067;0.07;1;;;;;;;;;;;;;;;;;;;;;;;;;;;;;;;;;;;;;;;;;;;;;;;;;;;;;;;;;;;;;;;;;;;;;;;;;;
;;;;;;;;mean 4;0.116;0.067;0.0676666666666667;1;;;;;;;;;;;;;;;;;;;;;;;;;;;;;;;;;;;;;;;;;;;;;;;;;;;;;;;;;;;;;;;;;;;;;;;;;;
;;;;;;;;dilution 4;0.116;0.067;0.0676666666666667;;;;;;;;;;;;;;;;;;;;;;;;;;;;;;;;;;;;;;;;;;;;;;;;;;;;;;;;;;;;;;;;;;;;;;;;;;;
;;;;;;04/02/2026;16h12;0;0.456;0.337;0.457;5;;;;;;;;;;;;;;;;;;;;;;;;;;;;;;;;;;;;;;;;;;;;;;;;;;;;;;;;;;;;;;;;;;;;;;;;;;
;;;;;;;;;0.46;0.343;0.456;5;;;;;;;;;;;;;;;;;;;;;;;;;;;;;;;;;;;;;;;;;;;;;;;;;;;;;;;;;;;;;;;;;;;;;;;;;;
;;;;;;;;;0.459;0.342;0.462;5;;;;;;;;;;;;;;;;;;;;;;;;;;;;;;;;;;;;;;;;;;;;;;;;;;;;;;;;;;;;;;;;;;;;;;;;;;
;;;;;;;;mean 0;0.458333333333333;0.340666666666667;0.458333333333333;5;;;;;;;;;;;;;;;;;;;;;;;;;;;;;;;;;;;;;;;;;;;;;;;;;;;;;;;;;;;;;;;;;;;;;;;;;;
;;;;;;;;dilution 0;2.29166666666667;1.70333333333333;2.29166666666667;;;;;;;;;;;;;;;;;;;;;;;;;;;;;;;;;;;;;;;;;;;;;;;;;;;;;;;;;;;;;;;;;;;;;;;;;;;
;;;;;;;;1;0.293;0.296;0.251;5;;;;;;;;;;;;;;;;;;;;;;;;;;;;;;;;;;;;;;;;;;;;;;;;;;;;;;;;;;;;;;;;;;;;;;;;;;
;;;;;;;;;0.296;0.292;0.243;5;;;;;;;;;;;;;;;;;;;;;;;;;;;;;;;;;;;;;;;;;;;;;;;;;;;;;;;;;;;;;;;;;;;;;;;;;;
;;;;;;;;;0.295;0.292;0.242;5;;;;;;;;;;;;;;;;;;;;;;;;;;;;;;;;;;;;;;;;;;;;;;;;;;;;;;;;;;;;;;;;;;;;;;;;;;
;;;;;;;;mean 1 ;0.294666666666667;0.293333333333333;0.245333333333333;5;;;;;;;;;;;;;;;;;;;;;;;;;;;;;;;;;;;;;;;;;;;;;;;;;;;;;;;;;;;;;;;;;;;;;;;;;;
;;;;;;;;dilution 1;1.47333333333333;1.46666666666667;1.22666666666667;;;;;;;;;;;;;;;;;;;;;;;;;;;;;;;;;;;;;;;;;;;;;;;;;;;;;;;;;;;;;;;;;;;;;;;;;;;
;;;;;;;;2;0.201;0.166;0.174;4;;;;;;;;;;;;;;;;;;;;;;;;;;;;;;;;;;;;;;;;;;;;;;;;;;;;;;;;;;;;;;;;;;;;;;;;;;
;;;;;;;;;0.197;0.169;0.175;4;;;;;;;;;;;;;;;;;;;;;;;;;;;;;;;;;;;;;;;;;;;;;;;;;;;;;;;;;;;;;;;;;;;;;;;;;;
;;;;;;;;;0.195;0.171;0.171;4;;;;;;;;;;;;;;;;;;;;;;;;;;;;;;;;;;;;;;;;;;;;;;;;;;;;;;;;;;;;;;;;;;;;;;;;;;
;;;;;;;;mean 2 ;0.197666666666667;0.168666666666667;0.173333333333333;4;;;;;;;;;;;;;;;;;;;;;;;;;;;;;;;;;;;;;;;;;;;;;;;;;;;;;;;;;;;;;;;;;;;;;;;;;;
;;;;;;;;dilution 2;0.790666666666667;0.674666666666667;0.693333333333333;;;;;;;;;;;;;;;;;;;;;;;;;;;;;;;;;;;;;;;;;;;;;;;;;;;;;;;;;;;;;;;;;;;;;;;;;;;
;;;;;;;;3;0.119;0.194;0.445;1;;;;;;;;;;;;;;;;;;;;;;;;;;;;;;;;;;;;;;;;;;;;;;;;;;;;;;;;;;;;;;;;;;;;;;;;;;
;;;;;;;;;0.121;0.183;0.442;1;;;;;;;;;;;;;;;;;;;;;;;;;;;;;;;;;;;;;;;;;;;;;;;;;;;;;;;;;;;;;;;;;;;;;;;;;;
;;;;;;;;;0.127;0.188;0.45;1;;;;;;;;;;;;;;;;;;;;;;;;;;;;;;;;;;;;;;;;;;;;;;;;;;;;;;;;;;;;;;;;;;;;;;;;;;
;;;;;;;;mean 3;0.122333333333333;0.188333333333333;0.445666666666667;1;;;;;;;;;;;;;;;;;;;;;;;;;;;;;;;;;;;;;;;;;;;;;;;;;;;;;;;;;;;;;;;;;;;;;;;;;;
;;;;;;;;dilution 3;0.122333333333333;0.188333333333333;0.445666666666667;;;;;;;;;;;;;;;;;;;;;;;;;;;;;;;;;;;;;;;;;;;;;;;;;;;;;;;;;;;;;;;;;;;;;;;;;;;
;;;;;;;;4;0.114;0.066;0.06;1;;;;;;;;;;;;;;;;;;;;;;;;;;;;;;;;;;;;;;;;;;;;;;;;;;;;;;;;;;;;;;;;;;;;;;;;;;
;;;;;;;;;0.112;0.061;0.065;1;;;;;;;;;;;;;;;;;;;;;;;;;;;;;;;;;;;;;;;;;;;;;;;;;;;;;;;;;;;;;;;;;;;;;;;;;;
;;;;;;;;;0.116;0.061;0.062;1;;;;;;;;;;;;;;;;;;;;;;;;;;;;;;;;;;;;;;;;;;;;;;;;;;;;;;;;;;;;;;;;;;;;;;;;;;
;;;;;;;;mean 4;0.114;0.0626666666666667;0.0623333333333333;1;;;;;;;;;;;;;;;;;;;;;;;;;;;;;;;;;;;;;;;;;;;;;;;;;;;;;;;;;;;;;;;;;;;;;;;;;;
;;;;;;;;dilution 4;0.114;0.0626666666666667;0.0623333333333333;;;;;;;;;;;;;;;;;;;;;;;;;;;;;;;;;;;;;;;;;;;;;;;;;;;;;;;;;;;;;;;;;;;;;;;;;;;
;;;;;;05/02/2026;17h13;0;0.478;0.331;0.442;5;;;;;;;;;;;;;;;;;;;;;;;;;;;;;;;;;;;;;;;;;;;;;;;;;;;;;;;;;;;;;;;;;;;;;;;;;;
;;;;;;;;;0.472;0.336;0.442;5;;;;;;;;;;;;;;;;;;;;;;;;;;;;;;;;;;;;;;;;;;;;;;;;;;;;;;;;;;;;;;;;;;;;;;;;;;
;;;;;;;;;0.47;0.337;0.435;5;;;;;;;;;;;;;;;;;;;;;;;;;;;;;;;;;;;;;;;;;;;;;;;;;;;;;;;;;;;;;;;;;;;;;;;;;;
;;;;;;;;mean 0;0.473333333333333;0.334666666666667;0.439666666666667;5;;;;;;;;;;;;;;;;;;;;;;;;;;;;;;;;;;;;;;;;;;;;;;;;;;;;;;;;;;;;;;;;;;;;;;;;;;
;;;;;;;;dilution 0;2.36666666666667;1.67333333333333;2.19833333333333;;;;;;;;;;;;;;;;;;;;;;;;;;;;;;;;;;;;;;;;;;;;;;;;;;;;;;;;;;;;;;;;;;;;;;;;;;;
;;;;;;;;1;0.261;0.287;0.244;5;;;;;;;;;;;;;;;;;;;;;;;;;;;;;;;;;;;;;;;;;;;;;;;;;;;;;;;;;;;;;;;;;;;;;;;;;;
;;;;;;;;;0.263;0.287;0.232;5;;;;;;;;;;;;;;;;;;;;;;;;;;;;;;;;;;;;;;;;;;;;;;;;;;;;;;;;;;;;;;;;;;;;;;;;;;
;;;;;;;;;0.264;0.286;0.227;5;;;;;;;;;;;;;;;;;;;;;;;;;;;;;;;;;;;;;;;;;;;;;;;;;;;;;;;;;;;;;;;;;;;;;;;;;;
;;;;;;;;mean 1 ;0.262666666666667;0.286666666666667;0.234333333333333;5;;;;;;;;;;;;;;;;;;;;;;;;;;;;;;;;;;;;;;;;;;;;;;;;;;;;;;;;;;;;;;;;;;;;;;;;;;
;;;;;;;;dilution 1;1.31333333333333;1.43333333333333;1.17166666666667;;;;;;;;;;;;;;;;;;;;;;;;;;;;;;;;;;;;;;;;;;;;;;;;;;;;;;;;;;;;;;;;;;;;;;;;;;;
;;;;;;;;2;0.177;0.159;0.141;4;;;;;;;;;;;;;;;;;;;;;;;;;;;;;;;;;;;;;;;;;;;;;;;;;;;;;;;;;;;;;;;;;;;;;;;;;;
;;;;;;;;;0.174;0.166;0.134;4;;;;;;;;;;;;;;;;;;;;;;;;;;;;;;;;;;;;;;;;;;;;;;;;;;;;;;;;;;;;;;;;;;;;;;;;;;
;;;;;;;;;0.173;0.16;0.135;4;;;;;;;;;;;;;;;;;;;;;;;;;;;;;;;;;;;;;;;;;;;;;;;;;;;;;;;;;;;;;;;;;;;;;;;;;;
;;;;;;;;mean 2 ;0.174666666666667;0.161666666666667;0.136666666666667;4;;;;;;;;;;;;;;;;;;;;;;;;;;;;;;;;;;;;;;;;;;;;;;;;;;;;;;;;;;;;;;;;;;;;;;;;;;
;;;;;;;;dilution 2;0.698666666666667;0.646666666666667;0.546666666666667;;;;;;;;;;;;;;;;;;;;;;;;;;;;;;;;;;;;;;;;;;;;;;;;;;;;;;;;;;;;;;;;;;;;;;;;;;;
;;;;;;;;3;0.111;0.181;0.43;1;;;;;;;;;;;;;;;;;;;;;;;;;;;;;;;;;;;;;;;;;;;;;;;;;;;;;;;;;;;;;;;;;;;;;;;;;;
;;;;;;;;;0.113;0.176;0.43;1;;;;;;;;;;;;;;;;;;;;;;;;;;;;;;;;;;;;;;;;;;;;;;;;;;;;;;;;;;;;;;;;;;;;;;;;;;
;;;;;;;;;0.108;0.178;0.444;1;;;;;;;;;;;;;;;;;;;;;;;;;;;;;;;;;;;;;;;;;;;;;;;;;;;;;;;;;;;;;;;;;;;;;;;;;;
;;;;;;;;mean 3;0.110666666666667;0.178333333333333;0.434666666666667;1;;;;;;;;;;;;;;;;;;;;;;;;;;;;;;;;;;;;;;;;;;;;;;;;;;;;;;;;;;;;;;;;;;;;;;;;;;
;;;;;;;;dilution 3;0.110666666666667;0.178333333333333;0.434666666666667;;;;;;;;;;;;;;;;;;;;;;;;;;;;;;;;;;;;;;;;;;;;;;;;;;;;;;;;;;;;;;;;;;;;;;;;;;;
;;;;;;;;4;0.111;0.059;0.058;1;;;;;;;;;;;;;;;;;;;;;;;;;;;;;;;;;;;;;;;;;;;;;;;;;;;;;;;;;;;;;;;;;;;;;;;;;;
;;;;;;;;;0.115;0.061;0.055;1;;;;;;;;;;;;;;;;;;;;;;;;;;;;;;;;;;;;;;;;;;;;;;;;;;;;;;;;;;;;;;;;;;;;;;;;;;
;;;;;;;;;0.111;0.061;0.06;1;;;;;;;;;;;;;;;;;;;;;;;;;;;;;;;;;;;;;;;;;;;;;;;;;;;;;;;;;;;;;;;;;;;;;;;;;;
;;;;;;;;mean 4;0.112333333333333;0.0603333333333333;0.0576666666666667;1;;;;;;;;;;;;;;;;;;;;;;;;;;;;;;;;;;;;;;;;;;;;;;;;;;;;;;;;;;;;;;;;;;;;;;;;;;
;;;;;;;;dilution 4;0.112333333333333;0.0603333333333333;0.0576666666666667;;;;;;;;;;;;;;;;;;;;;;;;;;;;;;;;;;;;;;;;;;;;;;;;;;;;;;;;;;;;;;;;;;;;;;;;;;;
;;;;;;06/06/2026;14h19;0;0.47;0.322;0.439;5;;;;;;;;;;;;;;;;;;;;;;;;;;;;;;;;;;;;;;;;;;;;;;;;;;;;;;;;;;;;;;;;;;;;;;;;;;
;;;;;;;;;0.456;0.329;0.44;5;;;;;;;;;;;;;;;;;;;;;;;;;;;;;;;;;;;;;;;;;;;;;;;;;;;;;;;;;;;;;;;;;;;;;;;;;;
;;;;;;;;;0.461;0.329;0.435;5;;;;;;;;;;;;;;;;;;;;;;;;;;;;;;;;;;;;;;;;;;;;;;;;;;;;;;;;;;;;;;;;;;;;;;;;;;
;;;;;;;;mean 0;0.462333333333333;0.326666666666667;0.438;5;;;;;;;;;;;;;;;;;;;;;;;;;;;;;;;;;;;;;;;;;;;;;;;;;;;;;;;;;;;;;;;;;;;;;;;;;;
;;;;;;;;dilution 0;2.31166666666667;1.63333333333333;2.19;;;;;;;;;;;;;;;;;;;;;;;;;;;;;;;;;;;;;;;;;;;;;;;;;;;;;;;;;;;;;;;;;;;;;;;;;;;
;;;;;;;;1;0.256;0.274;0.225;5;;;;;;;;;;;;;;;;;;;;;;;;;;;;;;;;;;;;;;;;;;;;;;;;;;;;;;;;;;;;;;;;;;;;;;;;;;
;;;;;;;;;0.261;0.271;0.226;5;;;;;;;;;;;;;;;;;;;;;;;;;;;;;;;;;;;;;;;;;;;;;;;;;;;;;;;;;;;;;;;;;;;;;;;;;;
;;;;;;;;;0.255;0.28;0.223;5;;;;;;;;;;;;;;;;;;;;;;;;;;;;;;;;;;;;;;;;;;;;;;;;;;;;;;;;;;;;;;;;;;;;;;;;;;
;;;;;;;;mean 1 ;0.257333333333333;0.275;0.224666666666667;5;;;;;;;;;;;;;;;;;;;;;;;;;;;;;;;;;;;;;;;;;;;;;;;;;;;;;;;;;;;;;;;;;;;;;;;;;;
;;;;;;;;dilution 1;1.28666666666667;1.375;1.12333333333333;;;;;;;;;;;;;;;;;;;;;;;;;;;;;;;;;;;;;;;;;;;;;;;;;;;;;;;;;;;;;;;;;;;;;;;;;;;
;;;;;;;;2;0.175;0.142;0.11;4;;;;;;;;;;;;;;;;;;;;;;;;;;;;;;;;;;;;;;;;;;;;;;;;;;;;;;;;;;;;;;;;;;;;;;;;;;
;;;;;;;;;0.177;0.138;0.116;4;;;;;;;;;;;;;;;;;;;;;;;;;;;;;;;;;;;;;;;;;;;;;;;;;;;;;;;;;;;;;;;;;;;;;;;;;;
;;;;;;;;;0.176;0.14;0.117;4;;;;;;;;;;;;;;;;;;;;;;;;;;;;;;;;;;;;;;;;;;;;;;;;;;;;;;;;;;;;;;;;;;;;;;;;;;
;;;;;;;;mean 2 ;0.176;0.14;0.114333333333333;4;;;;;;;;;;;;;;;;;;;;;;;;;;;;;;;;;;;;;;;;;;;;;;;;;;;;;;;;;;;;;;;;;;;;;;;;;;
;;;;;;;;dilution 2;0.704;0.56;0.457333333333333;;;;;;;;;;;;;;;;;;;;;;;;;;;;;;;;;;;;;;;;;;;;;;;;;;;;;;;;;;;;;;;;;;;;;;;;;;;
;;;;;;;;3;0.104;0.177;0.428;1;;;;;;;;;;;;;;;;;;;;;;;;;;;;;;;;;;;;;;;;;;;;;;;;;;;;;;;;;;;;;;;;;;;;;;;;;;
;;;;;;;;;0.101;0.167;0.428;1;;;;;;;;;;;;;;;;;;;;;;;;;;;;;;;;;;;;;;;;;;;;;;;;;;;;;;;;;;;;;;;;;;;;;;;;;;
;;;;;;;;;0.104;0.168;0.425;1;;;;;;;;;;;;;;;;;;;;;;;;;;;;;;;;;;;;;;;;;;;;;;;;;;;;;;;;;;;;;;;;;;;;;;;;;;
;;;;;;;;mean 3;0.103;0.170666666666667;0.427;1;;;;;;;;;;;;;;;;;;;;;;;;;;;;;;;;;;;;;;;;;;;;;;;;;;;;;;;;;;;;;;;;;;;;;;;;;;
;;;;;;;;dilution 3;0.103;0.170666666666667;0.427;;;;;;;;;;;;;;;;;;;;;;;;;;;;;;;;;;;;;;;;;;;;;;;;;;;;;;;;;;;;;;;;;;;;;;;;;;;
;;;;;;;;4;0.101;0.05;0.05;1;;;;;;;;;;;;;;;;;;;;;;;;;;;;;;;;;;;;;;;;;;;;;;;;;;;;;;;;;;;;;;;;;;;;;;;;;;
;;;;;;;;;0.103;0.059;0.054;1;;;;;;;;;;;;;;;;;;;;;;;;;;;;;;;;;;;;;;;;;;;;;;;;;;;;;;;;;;;;;;;;;;;;;;;;;;
;;;;;;;;;0.102;0.054;0.052;1;;;;;;;;;;;;;;;;;;;;;;;;;;;;;;;;;;;;;;;;;;;;;;;;;;;;;;;;;;;;;;;;;;;;;;;;;;
;;;;;;;;mean 4;0.102;0.0543333333333333;0.052;1;;;;;;;;;;;;;;;;;;;;;;;;;;;;;;;;;;;;;;;;;;;;;;;;;;;;;;;;;;;;;;;;;;;;;;;;;;
;;;;;;;;dilution 4;0.102;0.0543333333333333;0.052;;;;;;;;;;;;;;;;;;;;;;;;;;;;;;;;;;;;;;;;;;;;;;;;;;;;;;;;;;;;;;;;;;;;;;;;;;;