Start;16/09/2024;8h51;End;Unnamed: 4;Unnamed: 5;Day;Hour;Unnamed: 8;A;B;C;Dilution;Day.1;Time (h);Time (s);OD 0A;Std 0A;OD 0B;Std 0B;OD 0C;Std 0C;OD 1A;Std 1A;OD 1B;Std 1B;OD 1C;Std 1C;OD 2A;Std 2A;OD 2B;Std 2B;OD 2C;Std 2C;OD 3A;Std 3A;OD 3B;Std 3B;OD 3C;Std 3C;OD 4A;Std 4A;OD 4B;Std 4B;OD 4C;Std 4C;mean 0;std 0;mean 1;std 1;mean 2;std 2;mean 3;std 3;mean 4;std 4;dilution 0;dilution 1;dilution 2;dilution 3;dilution 4;OD 0A NC;OD 0B NC;OD 0C NC;OD 1A NC;OD 1B NC;OD 1C NC;OD 2A NC;OD 2B NC;OD 2C NC;OD 3A NC;OD 3B NC;OD 3C NC;OD 4A NC;OD 4B NC;OD 4C NC;mean 0 NC;mean 1 NC;mean 2 NC;mean 3 NC;mean 4 NC
;;;;;;;;0.0;0.008408408408408409;0.007351837959489871;0.008937288772061585;0.8333333333333331;;;0.0;;;;;;;;;;;;;;;;;;;;;;;;;;;;;;;;;;;;;;;;;;;;;;;;;;;;;;;;;;;;;;;;;
;;;;;;;;;0.007351837959489871;0.007351837959489871;0.008408408408408409;0.8333333333333331;;;-1.4001089515676597;0.007703851925962998;0.0006034617803632674;0.006472572785205529;0.001509630526971253;0.008584657739957433;0.00030166587452959133;0.011233701103309911;0.00030166587452959133;0.008937288772061585;0.0005225830533780738;0.007527822933600081;0.001980527093522562;0.010526315789473682;0.0009053878015929969;0.01176470588235292;0.0007984160167625445;0.010879919779393349;0.0013158834467086394;0.010349580253101131;0.00030166587452959133;0.011410658307210046;0.0013158834467086394;0.00911367050575862;0.0006034617803632674;0.011587659894657635;0.0010455563853622105;0.010879919779393349;0.00030166587452959133;0.011587659894657635;0.0005225830533780738;0.007586494372655249;0.0010503893941911664;0.009231282864535536;0.0018479882138840741;0.011056788266265513;0.0006281139904040495;0.010290678249248269;0.0011338740527727254;0.011351667641895866;0.00040225005773362636;0.8333333333333331;0.8333333333333331;0.8333333333333331;0.8333333333333331;0.8333333333333331;0.007703851925962998;0.006472572785205529;0.008584657739957433;0.011233701103309911;0.008937288772061585;0.007527822933600081;0.010526315789473682;0.01176470588235292;0.010879919779393349;0.010349580253101131;0.011410658307210046;0.00911367050575862;0.011587659894657635;0.010879919779393349;0.011587659894657635;0.007586494372655249;0.009231282864535536;0.011056788266265513;0.010290678249248269;0.011351667641895866
;;;;;;;;;0.007351837959489871;0.004717334331710969;0.008408408408408409;0.8333333333333331;;;-1.400043730969685;0.01620533467539005;0.0010882827763081288;0.018525519848771266;0.0013834746886050378;0.01478129713423831;0.001811947399666608;0.020853319868719997;0.0007984160167625445;0.01959894059780552;0.0005225830533781261;0.015492957746478854;0.0007984160167625445;0.020673987126088603;0.0005225830533781261;0.02031545741324919;0.0010882827763081288;0.01888314635068702;0.0007984160167625445;0.017632241813601995;0.00030166587452959133;0.01781080740647438;0.00030166587452959133;0.01727524553009319;0.00030166587452959133;0.016561792096652386;0.00030166587452959133;0.016918429003021148;0.0005225830533781261;0.01318267419962335;0.0009053878015929969;0.016502370065858453;0.0018479882138840741;0.018644708650170132;0.0027383074021511715;0.01995710861612213;0.0009220127492364031;0.0175727299441669;0.0002660375252916802;0.01555229511632779;0.002021112091970861;0.8333333333333331;0.8333333333333331;0.8333333333333331;0.8333333333333331;0.8333333333333331;0.01620533467539005;0.018525519848771266;0.01478129713423831;0.020853319868719997;0.01959894059780552;0.015492957746478854;0.020673987126088603;0.02031545741324919;0.01888314635068702;0.017632241813601995;0.01781080740647438;0.01727524553009319;0.016561792096652386;0.016918429003021148;0.01318267419962335;0.016502370065858453;0.018644708650170132;0.01995710861612213;0.0175727299441669;0.01555229511632779
;;;;;;;;;0.007703851925962998;0.006472572785205529;0.008584657739957433;0.8333333333333331;;;-1.400031808115003;0.01584905660377358;0.0009053878015929969;0.012650602409638553;0.0005225830533781261;0.024269264836138192;0.00030166587452959133;0.023728813559322052;0.00030166587452959133;0.026615969581749045;0.0010455563853622105;0.01781080740647438;0.0007984160167625445;0.025712476250791618;0.0010882827763081288;0.02121212121212121;0.0005225830533781261;0.027882785741468963;0.001509630526971253;0.023188772284738923;0.0006034617803632674;0.023008849557522106;0.0007984160167625445;0.01798941798941799;0.0026168224299065413;0.015492957746478854;0.0012074440223833274;0.01442573510932393;0.0007984160167625445;0.01709681480548909;0.0006034617803632674;0.0175727299441669;0.005868432303708612;0.022709079418580167;0.00436447537671461;0.02493037387121276;0.003294739432110972;0.021391589847202908;0.002872412258708104;0.015670984781788466;0.0013158834467086394;0.8333333333333331;0.8333333333333331;0.8333333333333331;0.8333333333333331;0.8333333333333331;0.01584905660377358;0.012650602409638553;0.024269264836138192;0.023728813559322052;0.026615969581749045;0.01781080740647438;0.025712476250791618;0.02121212121212121;0.027882785741468963;0.023188772284738923;0.023008849557522106;0.01798941798941799;0.015492957746478854;0.01442573510932393;0.01709681480548909;0.0175727299441669;0.022709079418580167;0.02493037387121276;0.021391589847202908;0.015670984781788466
;;;;;;;;;0.007703851925962998;0.006472572785205529;0.008584657739957433;;;;-1.4000214820655668;0.054639441716205925;0.0026342428624010774;0.03828264758497315;0.0007984160167625445;0.04790326730126063;0.00030166587452959133;0.036997319034852545;0.0009053878015929969;0.06352879989598212;0.00030166587452959133;0.06543418825673758;0.0021143947248519345;0.0756161510225483;0.0012074440223833274;0.07716535433070866;0.001045556385362158;0.0871185097106619;0.0013834746886050378;0.06124886407893009;0.0016812592714729882;0.054451479519317544;0.0007984160167625445;0.053700116234017825;0.0005225830533781261;0.04030710172744722;0.0027196810705869996;0.03718079673135851;0.0007984160167625445;0.03754789272030651;0.0009053878015929969;0.04691061787642471;0.007746415315138493;0.05520361990950244;0.014962283762559297;0.07994916071350322;0.005595319706953653;0.0564589174034937;0.0038466589610945514;0.03834391106189033;0.001619807599676675;0.8333333333333331;0.8333333333333331;0.8333333333333331;0.8333333333333331;0.8333333333333331;0.054639441716205925;0.03828264758497315;0.04790326730126063;0.036997319034852545;0.06352879989598212;0.06543418825673758;0.0756161510225483;0.07716535433070866;0.0871185097106619;0.06124886407893009;0.054451479519317544;0.053700116234017825;0.04030710172744722;0.03718079673135851;0.03754789272030651;0.04691061787642471;0.05520361990950244;0.07994916071350322;0.0564589174034937;0.03834391106189033
;;;;;;;;0.8333333333333331;0.011587659894657635;0.008937288772061585;0.005243445692883894;0.8333333333333331;;;-1.400019535834406;0.04734473447344736;0.001980527093522562;0.038098888463012646;0.0009053878015929969;0.06543418825673758;0.00030166587452959133;0.04771704180064307;0.00030166587452959133;0.04753086419753086;0.002397983176253183;0.05313710302091401;0.0009053878015929969;0.07041149575440868;0.0006034617803632674;0.08378592143422073;0.0010882827763081288;0.09660949341842838;0.0005225830533781261;0.07098797699947705;0.0006034617803632674;0.06677091477716965;0.0009053878015929969;0.057842248413417764;0.0012074440223833274;0.038098888463012646;0.0006034617803632674;0.035897435897435895;0.0013834746886050378;0.03736432128719194;0.0006034617803632674;0.05020399398754563;0.013040382626954629;0.049457011632399045;0.002973321107943295;0.0835251735348388;0.01176646762631314;0.06517984987200057;0.006164518432615291;0.03711963229348426;0.001064757098331314;0.8333333333333331;0.8333333333333331;0.8333333333333331;0.8333333333333331;0.8333333333333331;0.04734473447344736;0.038098888463012646;0.06543418825673758;0.04771704180064307;0.04753086419753086;0.05313710302091401;0.07041149575440868;0.08378592143422073;0.09660949341842838;0.07098797699947705;0.06677091477716965;0.057842248413417764;0.038098888463012646;0.035897435897435895;0.03736432128719194;0.05020399398754563;0.049457011632399045;0.0835251735348388;0.06517984987200057;0.03711963229348426
;;;;;;;;;0.011056788266265513;0.009466566491359877;0.008937288772061585;0.8333333333333331;;;-1.400018157417063;0.05482745250096936;0.0005225830533780738;0.046786632390745514;0.0012074440223833274;0.0516378643280887;0.001597743221938763;0.05182509996130532;0.00030166587452959133;0.04252210688196847;0.0009053878015929969;0.042706998205588285;0.0010882827763081288;0.09283819628647233;0.0010882827763081288;0.13393295175797218;0.0029145887504997527;0.09900119856172591;0.001886034320559523;0.08692206076618249;0.0010882827763081288;0.07542272906016516;0.0005225830533781261;0.07368421052631578;0.0010455563853622105;0.03479923518164436;0.0013834746886050378;0.03718079673135851;0.001509630526971253;0.04141375336150595;0.0010455563853622105;0.051076447080056694;0.0037812012681009226;0.04567171846904702;0.004994933812143884;0.10837539643543154;0.019202609538332235;0.07865306301177938;0.006461480509184471;0.03779272758238954;0.003181594171491775;0.8333333333333331;0.8333333333333331;0.8333333333333331;0.8333333333333331;0.8333333333333331;0.05482745250096936;0.046786632390745514;0.0516378643280887;0.05182509996130532;0.04252210688196847;0.042706998205588285;0.09283819628647233;0.13393295175797218;0.09900119856172591;0.08692206076618249;0.07542272906016516;0.07368421052631578;0.03479923518164436;0.03718079673135851;0.04141375336150595;0.051076447080056694;0.04567171846904702;0.10837539643543154;0.07865306301177938;0.03779272758238954
;;;;;;;;;0.011056788266265513;0.008408408408408409;0.008408408408408409;0.8333333333333331;;;-1.4000145834852447;0.23343491510666084;0.009122147592439398;0.10220205525156789;0.003155903793822292;0.1120902740462119;0.0010882827763081288;0.0916512059369204;0.0007984160167625445;0.09026876737720091;0.0007984160167625445;0.1510541546093427;0.0010455563853622105;0.2439316488973275;0.0010882827763081288;0.3095990279465368;0.003715970806258873;0.3189981673793522;0.003678774514555728;0.20433295324971468;0.001836973752911367;0.1725062866722548;0.0010455563853622105;0.1546961325966853;0.0013158834467086394;0.06276803118908382;0.0005225830533781261;0.06049046321525885;0.0009053878015929969;0.06257796257796275;0.0013158834467086394;0.14700384826827947;0.0607404039564749;0.11046698872785829;0.030043582734948813;0.29017468341758834;0.029012312798540673;0.1769123003642479;0.020016469591660497;0.06194475712182899;0.0011603713307127266;0.8333333333333331;0.8333333333333331;0.8333333333333331;0.8333333333333331;0.8333333333333331;0.23343491510666084;0.10220205525156789;0.1120902740462119;0.0916512059369204;0.09026876737720091;0.1510541546093427;0.2439316488973275;0.3095990279465368;0.3189981673793522;0.20433295324971468;0.1725062866722548;0.1546961325966853;0.06276803118908382;0.06049046321525885;0.06257796257796275;0.14700384826827947;0.11046698872785829;0.29017468341758834;0.1769123003642479;0.06194475712182899
;;;;;;;;;0.011233701103309911;0.008937288772061585;0.007527822933600081;0.8333333333333331;;;-1.4000130523724357;0.43561643835616437;0.0013834746886050378;0.2916140667267809;0.0027196810705869996;0.276496872207328;0.0005225830533781261;0.24177362893815657;0.12479222718271216;0.3137637028014618;0.0021782588108635458;0.6600292825768671;0.003789276752365424;0.4741258741258741;0.001811947399666608;0.5943302622253723;0.0007984160167625445;0.7165851823993977;0.0010882827763081288;0.35381738859457795;0.0016812592714729882;0.35;0.0026168224299065413;0.3306273062730627;0.0009053878015929969;0.08987425545996049;0.001836973752911367;0.09046610169491542;0.00030166587452959133;0.09264023339079676;0.0007984160167625445;0.3316923076923074;0.058051151842567685;0.3878017789072423;0.14081635674520768;0.5900990099009903;0.06260778885748847;0.3447556060762636;0.008081529812958505;0.09099258212645733;0.0012847052766464715;4.117647058823528;4.117647058823528;4.117647058823528;4.117647058823528;0.8333333333333331;0.1884843353090601;0.13205389955083707;0.1258235054900366;0.11127819548872157;0.14107338444687817;0.2670616113744073;0.20273387441264415;0.24513300204618504;0.2852822278784251;0.15706183427859985;0.15555555555555556;0.14785478547854783;0.08987425545996049;0.09046610169491542;0.09264023339079676;0.1482806052269603;0.17031250000000023;0.24369158878504646;0.15348024106362437;0.09099258212645733
;;;;;;;;;0.011233701103309911;0.008937288772061585;0.007527822933600081;;;;-1.4000109191236343;1.3778874629812365;0.0021782588108635458;3.899435028248586;0.001811947399666608;1.2397748592870603;0.0045183975803871285;1.1466063348416347;0.0010882827763081288;1.6225563909774516;0.0010882827763081288;1.5496855345911946;0.004568935858689893;0.675221238938053;0.0005225830533781261;1.0880636604774534;0.001811947399666608;1.2031452358926975;0.001509630526971253;0.4422258592471355;0.0021143947248519345;0.45314455054329894;0.0016812592714729882;0.4672859986728602;0.002359548300949586;0.14339777869189632;0.001811947399666608;0.14891977432227899;0.001836973752911367;0.15921872835572815;0.0013158834467086394;1.834482758620689;0.24060222199406975;1.4234113712374556;0.06908469634915722;0.9660313901345257;0.11005087927539538;0.45416209092905735;0.0071937530563864925;0.15048441158914544;0.006567671839746372;-4.242424242424243;-4.242424242424243;-4.242424242424243;4.117647058823528;0.8333333333333331;0.19818259264517937;0.3155921353452217;0.18624577226606556;0.177575332866153;0.21700905042378993;0.21168384879725083;0.12396425670186838;0.17184750733137827;0.18289973280832533;0.19095406360424044;0.19501204477823458;0.2002274665908442;0.14339777869189632;0.14891977432227899;0.15921872835572815;0.2313043478260869;0.20189753320683126;0.1591467356173241;0.19538883114428787;0.15048441158914544
;;;;;;;;4.117647058823528;0.009996242014280345;0.011056788266265513;0.009466566491359877;0.8333333333333331;;;-1.4000100310845986;2.8000000000000145;0.001980527093522562;4.216766467065867;0.004158643176634952;5.4634146341463;0.0021143947248519345;1.2876790830945557;0.0009053878015929969;1.4626653102746616;0.0015977432219387102;1.7128318584070876;0.0038612022684086436;0.675221238938053;0.0005225830533781261;1.0880636604774534;0.001811947399666608;1.2031452358926975;0.001509630526971253;0.4422258592471355;0.0021143947248519345;0.45314455054329894;0.0016812592714729882;0.4672859986728602;0.002359548300949586;0.14339777869189632;0.001811947399666608;0.14891977432227899;0.001836973752911367;0.15921872835572815;0.0013158834467086394;3.9396584440227445;0.0983511670500837;1.477300613496932;0.05173596893497426;0.9660313901345257;0.11005087927539538;0.45416209092905735;0.0071937530563864925;0.15048441158914544;0.006567671839746372;-4.242424242424243;-4.242424242424243;-4.242424242424243;4.117647058823528;0.8333333333333331;0.2800000000000002;0.32347266881028935;0.3478260869565214;0.19050445103857566;0.20501924996435167;0.22330545139890415;0.12396425670186838;0.17184750733137827;0.18289973280832533;0.19095406360424044;0.19501204477823458;0.2002274665908442;0.14339777869189632;0.14891977432227899;0.15921872835572815;0.31663870672563643;0.20616438356164377;0.1591467356173241;0.19538883114428787;0.15048441158914544
;;;;;;;;;0.009996242014280345;0.011587659894657635;0.011056788266265513;0.8333333333333331;;;-1.4000062191557556;-6.890731707317101;0.0010882827763081288;-4.301030927835059;0.0013834746886050378;-3.6377733598409496;0.002359548300949586;5.4634146341463;0.0010882827763081288;8.740540540540538;0.0013834746886050378;37.41379310344685;0.002359548300949586;1.667029972752052;0.0012074440223833274;1.8531791907514539;0.0016812592714729882;2.128526645768036;0.0012074440223833274;0.545721694036301;0.0006034617803632674;0.6099999999999995;0.00030166587452959133;0.6372850678733027;0.0007984160167625445;0.24850615114235497;0.0009053878015929969;0.28402154398563734;0.0005225830533781261;0.2850299401197602;0.0012074440223833274;-4.481021897810214;0.3218578562880477;9.707894736842034;0.1293834729795831;1.8720930232558044;0.04319241331204246;0.5969248965109402;0.023696763474194086;0.2723454833597461;0.014837645708611048;-1.9125683060109289;-1.9125683060109289;-1.9125683060109289;-3.017241379310345;-4.242424242424243;0.2009102545868295;0.24369158878504646;0.2717659290063867;0.12108108108108084;0.13205389955083707;0.14934618031658614;0.08046823622254393;0.0845687153785283;0.08987425545996049;0.08319936750560003;0.09046610169491542;0.09343240015921471;0.05482745250096936;0.061628359953252825;0.06181818181818161;0.23826896953231141;0.13407232418680703;0.08496042216358818;0.08902019578446056;0.05941740859192663
;;;;;;;;;0.011587659894657635;0.012650602409638553;0.01211893112532932;0.8333333333333331;;;-1.400005853013363;-6.251724137931056;0.001980527093522562;-4.770059880239532;0.001836973752911367;-3.581395348837209;0.002769686370773942;11.106666666666657;0.0013834746886050378;19.44444444444443;0.0010455563853622105;-113.96000000001239;0.0013158834467086394;1.667029972752052;0.00030166587452959133;2.0317073170731805;0.00030166587452959133;1.9599999999999895;0.0010882827763081288;0.574736842105263;0.0005225830533781261;0.628108108108108;0.0015689204333208815;0.6767527675276748;0.00030166587452959133;0.27699642431466054;0.001597743221938763;0.25626839317245464;0.0010882827763081288;0.27499999999999997;0.001811947399666608;-4.520887245841042;0.30510752531302227;23.79999999999982;0.09412449037591869;1.8784466019417598;0.0371672671343575;0.6256748650269947;0.024831588702645305;0.2693691912200907;0.008119614046737937;-1.6166281755196306;-1.6166281755196306;-1.9125683060109289;-3.017241379310345;-4.242424242424243;0.09641052911459737;0.10662561906036694;0.12520325203252033;0.06505271378367825;0.0684931506849315;0.07464954801519735;0.08046823622254393;0.08810153358011653;0.08672566371681395;0.08652931854199682;0.09244232299124899;0.09760510910058559;0.060300985988583466;0.05633329020571891;0.059922178988326844;0.10931926876145347;0.06938775510204107;0.08509103703052184;0.09217852408307582;0.05884995895796425
;;;;;;;;;0.010526315789473682;0.01176470588235292;0.010879919779393349;0.8333333333333331;;;-1.40000544243485;-6.251724137931056;0.00030166587452959133;-3.2096463022508064;0.0025816309291828623;-3.301351351351355;0.0013158834467086394;14.68000000000021;0.00030166587452959133;-57.6799999999972;0.0010882827763081288;-7.084848484848487;0.0005225830533781261;1.585676392572936;0.0016812592714729882;2.0740740740740735;0.0005225830533781261;2.4027027027026895;0.0015977432219387102;0.585185185185185;0.0005225830533781261;0.6082069580731492;0.0026858300838619306;0.7157894736842108;0.0016812592714729882;0.26312056737588646;0.0005225830533781261;0.2789976133651549;0.00030166587452959133;0.27499999999999997;0.0010455563853622105;-3.7352697095435645;0.5176296434040739;-24.21621621621684;0.2860059687717193;1.9869608826479366;0.0754961832176217;0.6348297680024102;0.033185643037412345;0.2723454833597461;0.005823792217911589;-1.6166281755196306;-1.6166281755196306;-1.9125683060109289;-3.017241379310345;-4.242424242424243;0.09641052911459737;0.13623584004367428;0.1330972487060748;0.06696207480776731;0.0756161510225483;0.09303621169916433;0.07852357809010883;0.08888888888888888;0.09442379182156112;0.08770816812053923;0.09026876737720091;0.10160085378868708;0.05765345765345764;0.06067998961847892;0.059922178988326844;0.12169798566986592;0.07845884413309968;0.087249504514424;0.09316825116073388;0.05941740859192663
;;;;;;;;;0.010526315789473682;0.01176470588235292;0.010879919779393349;;;;-1.4000052303083768;61.133333333333276;0.0;-3.105454545454546;0.0029145887504997527;-2.8505154639175236;0.003199137443996899;13.810810810810597;0.0010882827763081288;-81.79999999999431;0.0013158834467086394;-17.48000000000024;0.0028830138688328132;2.128526645768036;0.0016812592714729882;2.3395348837209426;0.0013158834467086394;2.1961661341853147;0.00030166587452959133;0.5541666666666666;0.0009053878015929969;0.6299368800721373;0.00030166587452959133;0.663428047662695;0.0006034617803632674;0.25822038892162613;0.0012074440223833274;0.2690391459074733;0.0009053878015929969;0.27201426024955433;0.001886034320559523;-3.7813822284908256;1.6005584671258282;-339.0800000000417;0.13894569048763883;2.2192926045015957;0.016143242798568862;0.6147971360381864;0.02783043738756703;0.26640347414133403;0.005153007025119727;-1.6166281755196306;-1.6166281755196306;-1.9125683060109289;-3.017241379310345;-4.242424242424243;0.07194978422910944;0.14022988505747125;0.1525517241379308;0.06657980456026077;0.07503603721661622;0.08046823622254393;0.08987425545996049;0.09343240015921471;0.09105841833355428;0.08417721518987341;0.09264023339079676;0.0962116177057023;0.05671023683188798;0.05878693623639191;0.059354336833916756;0.12073857239360518;0.07400584922956069;0.09145355770504815;0.09099258212645733;0.05828295042321638
;;;;;;;;-13.125000000000004;0.009996242014280345;0.009996242014280345;0.008408408408408409;0.8333333333333331;;;-1.4000048191698975;-5.796875000000018;0.002883013868832761;-3.1263803680981623;0.00030166587452959133;-3.3541666666666674;0.0010455563853622105;15.65454545454544;0.0022807462923735635;-38.92000000000013;0.0009053878015929969;-14.488372093023116;0.00030166587452959133;1.8159999999999907;0.001836973752911367;2.2192926045015957;0.00030166587452959133;2.2664495114006633;0.0012074440223833274;0.542364106988783;0.001597743221938763;0.628108108108108;0.0009053878015929969;0.6226415094339621;0.0009053878015929969;0.24657694558221158;0.0013158834467086394;0.2572438162544169;0.0005225830533781261;0.2514084507042253;0.0005225830533780738;-3.6754716981132067;0.4954456868434755;-68.93599999999483;0.1480084544715247;2.0884297520661006;0.042625087480671245;0.5969248965109402;0.024327954975847096;0.25173155938172537;0.0038466589610945514;-1.6166281755196306;-1.6166281755196306;-1.9125683060109289;-3.017241379310345;-4.242424242424243;0.09880159786950753;0.13938730853391704;0.13142857142857142;0.06734454438795462;0.07658402203856748;0.08202764976958506;0.08378592143422073;0.09145355770504815;0.09224446506694967;0.08280858911869338;0.09244232299124899;0.09184890656063617;0.054451479519317544;0.056521739130434775;0.05539177657098525;0.12300198448493567;0.07529380925335326;0.08915152584229995;0.08902019578446056;0.05545450627128134
;;;;;;;;;0.010526315789473682;0.012650602409638553;0.009466566491359877;0.8333333333333331;;;-1.400004671911992;-4.874074074074075;0.002769686370773942;-2.86181818181818;0.0021143947248519345;-2.8140703517587955;0.0007984160167625445;28.22105263157816;0.0007984160167625445;-15.830769230769242;0.0010455563853622105;-10.938983050847538;0.0007984160167625445;2.508333333333333;0.001045556385362158;2.30263157894738;0.0021782588108635458;2.996875000000016;0.003564876347553655;0.5159148936170216;0.001509630526971253;0.5869373345101503;0.0013158834467086394;0.6446866485013623;0.0010455563853622105;0.2611570247933882;0.001980527093522562;0.291105769230769;0.0007984160167625445;0.26017699115044246;0.0013834746886050378;-3.1866666666666665;0.6895617243709697;-22.772151898733647;0.15690406460283077;2.5820754716981225;0.043892173673041705;0.5811088295687883;0.03307519891565635;0.2706906788046703;0.012378535442394992;-1.6166281755196306;-1.6166281755196306;-1.9125683060109289;-3.017241379310345;-4.242424242424243;0.10561797752808988;0.15190955466703407;0.1546961325966853;0.07002742588481146;0.081247532570075;0.08515635308088157;0.0960127591706539;0.09283819628647233;0.10240256273358268;0.07968975943210181;0.08790482485128862;0.09422540820390282;0.057276022786120984;0.06295814920717421;0.05708737864077669;0.1370749692748873;0.07878257061528368;0.09707394928178767;0.087249504514424;0.05910210430799835
;;;;;;;;;0.010526315789473682;0.011587659894657635;0.009466566491359877;0.8333333333333331;;;-1.4000043483434783;-4.597727272727282;0.0006034617803632674;-2.9252032520325204;0.001811947399666608;-2.8771653543307085;0.0005225830533781261;-11.10344827586199;0.00030166587452959133;-12.885714285714178;0.00030166587452959133;-9.439999999999944;0.0010882827763081288;2.084829721362218;0.0007984160167625445;2.415593220338996;0.0012074440223833274;2.577385159010614;0.0006034617803632674;0.5869373345101503;0.0006034617803632674;0.6691176470588239;0.0015977432219387102;0.6767527675276748;0.0021143947248519345;0.27002967359050417;0.00030166587452959133;0.291105769230769;0.0010882827763081288;0.25822038892162613;0.0012074440223833274;-3.223326133909285;0.5613122776195455;-10.938983050847538;0.03767882157186706;2.3478357380688157;0.03667892354265917;0.6434493192133132;0.024097237130006954;0.2730083234244944;0.011731625423752948;-1.6166281755196306;-1.6166281755196306;-1.9125683060109289;-3.017241379310345;-4.242424242424243;0.10844277673545988;0.14849360297152292;0.1510541546093427;0.08496042216358818;0.08319936750560003;0.0873150105708243;0.08908585791771377;0.09462222812375533;0.09700758079531871;0.08790482485128862;0.09680851063829767;0.09760510910058559;0.05897602073882029;0.06295814920717421;0.05671023683188798;0.1357467709659815;0.08515635308088157;0.09356450970852322;0.09409318171762324;0.059543568464730086
;;;;;;;;;0.010349580253101131;0.011410658307210046;0.00911367050575862;0.8333333333333331;;;-1.4000042090274845;-4.458695652173906;0.0021143947248519345;-2.650666666666667;0.0005225830533781261;-2.620824295010847;0.0028830138688328132;-12.885714285714178;0.003155903793822292;-6.9176470588235315;0.0026168224299064893;-7.7235955056180154;0.0007984160167625445;3.410256410256409;0.0013834746886050378;2.7688888888888883;0.0010455563853622105;2.847547169811336;0.0021782588108635458;0.67292817679558;0.0005225830533781261;0.6710211591536333;0.0006034617803632674;0.72177191328935;0.0021782588108635458;0.2850299401197602;0.00030166587452959133;0.29009009009009007;0.0010455563853622105;0.27201426024955433;0.0005225830533781261;-2.94191780821918;0.8957097651452981;-8.435000000000048;0.10329528831541701;2.9911573472041835;0.03480314295822605;0.6883116883116878;0.012944008055400776;0.28234356317257886;0.0065017982463017494;-1.6166281755196306;-1.6166281755196306;-1.9125683060109289;-3.017241379310345;-4.242424242424243;0.1100617118325729;0.16594323873121866;0.16834331893548857;0.08319936750560003;0.09363057324840764;0.09105841833355428;0.10682730923694776;0.09960031974420462;0.10059992001066542;0.09720670391061449;0.09700758079531871;0.10220205525156789;0.06181818181818161;0.06276803118908382;0.059354336833916756;0.1476419634263717;0.08928287906853684;0.102335720959203;0.09880159786950753;0.06131209970572936
;;;;;;;;;0.010349580253101131;0.011410658307210046;0.00911367050575862;;;;-1.4000039553137258;-3.9466063348416354;0.001597743221938763;-2.684931506849315;0.001886034320559523;-2.626143790849673;0.0010455563853622105;-19.554838709677156;0.0007984160167625445;-7.202061855670073;0.0012074440223833274;-7.45161290322581;0.001886034320559523;2.6489208633093377;0.001836973752911367;2.4948096885813276;0.0010882827763081288;2.454794520547958;0.0007984160167625445;0.5440414507772019;0.002769686370773942;0.6502732240437158;0.001045556385362158;0.72177191328935;0.001597743221938763;0.24465225014611364;0.0013158834467086394;0.2680497925311205;0.0007984160167625445;0.2341463414634146;0.0005225830533781261;-2.9101967799642243;0.6826410862937046;-9.03981900452491;0.1419368362703618;2.5310826542491442;0.012954037828442571;0.6360566777208317;0.04395843914738603;0.24882812500000037;0.012578171148398706;-1.6166281755196306;-1.6166281755196306;-1.9125683060109289;-3.017241379310345;-4.242424242424243;0.11759471484427685;0.1633333333333333;0.16790639364814036;0.07968975943210181;0.09264023339079676;0.09184890656063617;0.0980037263774286;0.09581395348837228;0.09521785334750284;0.08300395256916995;0.0948207171314741;0.10220205525156789;0.054075700813848354;0.05859790073862917;0.052012383900928785;0.14927509634795358;0.08803595822500355;0.0963442194354591;0.09330031397868456;0.05489013356311927
;;;;;;;;-4.242424242424243;0.010526315789473682;0.011056788266265513;0.01211893112532932;0.8333333333333331;;;-1.4000038531952335;-3.8684210526315788;0.002769686370773942;-2.6181818181818186;0.0013834746886050378;-2.4781609195402297;0.002769686370773942;-6.811538461538489;0.00030166587452959133;-5.391489361702128;0.0005225830533781261;-4.615999999999992;0.0007984160167625445;3.251239669421467;0.0016812592714729882;2.7688888888888883;0.0022807462923735635;3.3096234309623225;0.0013158834467086394;0.6153983885407337;0.00030166587452959133;0.69025069637883;0.001811947399666608;0.711819887429643;0.0007984160167625445;0.2660746003552397;0.0005225830533781261;0.30648878107944183;0.0013158834467086394;0.27599761762954117;0.0006034617803632674;-2.7930693069306947;0.8817274860658246;-5.420000000000014;0.1356513485850838;3.0964047936085453;0.03041910432997213;0.6716564417177915;0.023763954120383297;0.28267889176798866;0.014650898892229612;-1.6166281755196306;-1.6166281755196306;-1.9125683060109289;-3.017241379310345;-4.242424242424243;0.11902834008097164;0.16856187290969896;0.18178752107925797;0.0940270772498011;0.10140056022408961;0.10824065389253629;0.1052152982080768;0.09960031974420462;0.10581939799331082;0.09105841833355428;0.09900119856172591;0.10120032008535629;0.05821997668091721;0.0658158614402915;0.0601115579193149;0.15598562344484398;0.10120032008535629;0.10353978360568171;0.09707394928178767;0.06137534080581667
;;;;;;;;;0.011587659894657635;0.010526315789473682;0.011587659894657635;0.8333333333333331;;;-1.4000031054016011;-2.94191780821918;0.0013158834467086394;-2.3077419354838717;0.0007984160167625445;-2.362051282051282;0.0015689204333208815;-5.030967741935497;0.001836973752911367;-4.362105263157888;0.0016812592714729882;-3.9466063348416354;0.0021143947248519345;3.4939130434782384;0.0021143947248519345;2.912643678160919;1.7757797926443356e-17;3.251239669421467;0.0007984160167625445;0.6117962466487934;0.0009053878015929969;0.6863762743280819;0.0010882827763081288;0.6484076433121015;0.0013158834467086394;0.2621382161842885;0.0007984160167625445;0.2730083234244944;0.0013158834467086394;0.23986013986013982;0.0009053878015929969;-2.4754140127388533;0.7337004876530865;-4.383038869257946;0.12528673291952858;3.206821282401116;0.027758113552090586;0.6484076433121015;0.017632241813601995;0.25822038892162613;0.012189337966105116;-1.6166281755196306;-1.6166281755196306;-1.9125683060109289;-3.017241379310345;-4.242424242424243;0.1476419634263717;0.20387574807637523;0.19591663122075714;0.10420954162768963;0.11127819548872157;0.11759471484427685;0.10763461023305632;0.10140056022408961;0.1052152982080768;0.09066348827969803;0.09860205032618806;0.09462222812375533;0.057464715784021944;0.059543568464730086;0.05313710302091401;0.1820839580209892;0.11100769643816007;0.10474577781738807;0.09462222812375533;0.05671023683188798
;;;;;;;;;0.012650602409638553;0.011056788266265513;0.011056788266265513;0.8333333333333331;;;-1.4000030145327798;-3.263576158940401;0.0023595483009495335;-2.3271828665568357;0.002416972586982667;-2.276635514018692;0.002769686370773942;-4.561797752808981;0.001597743221938763;-4.118840579710146;0.002769686370773942;-3.8469565217391355;0.003789276752365424;3.0844621513944035;0.001509630526971253;3.0314960629921073;0.0007984160167625445;3.558590308370021;0.001836973752911367;0.5886925795052999;0.00030166587452959133;0.6354430379746838;0.0013158834467086394;0.6208258527827644;0.0016812592714729882;0.24947245017584965;0.0007984160167625445;0.25626839317245464;0.0025816309291828623;0.2172413793103448;8.878898963221678e-18;-2.488588007736943;1.2178697493444863;-4.14536585365853;0.09703795735235195;3.213114754098379;0.026251992580388763;0.6147971360381864;0.011690922090995755;0.24081632653061194;0.01544433723311138;-1.6166281755196306;-1.6166281755196306;-1.9125683060109289;-3.017241379310345;-4.242424242424243;0.13435114503816814;0.2009102545868295;0.2089193825042881;0.10884718498659494;0.11473556721840936;0.11943844492440624;0.10340590356618116;0.10280373831775678;0.10824065389253629;0.08810153358011653;0.09323427964977427;0.0916512059369204;0.055015511892450686;0.05633329020571891;0.048648648648648644;0.18067687122595116;0.11432799677115542;0.10481283422459912;0.09099258212645733;0.05332472562943832
;;;;;;;;;0.011587659894657635;0.010879919779393349;0.011587659894657635;0.8333333333333331;;;-1.4000028964086477;-3.198083067092649;0.0030225202602662824;-2.417721518987341;0.001980527093522562;-2.2990415335463266;0.0015977432219387102;-4.831707317073182;0.00030166587452959133;-4.067298578199047;0.0006034617803632674;-3.4028469750889716;0.0006034617803632674;2.5356643356643485;0.0006034617803632674;2.929230769230751;0.0007984160167625445;3.120481927710843;0.0010455563853622105;0.5695538057742782;0.002092675635276532;0.628108108108108;0.0009053878015929969;0.6046304541406942;0.00030166587452959133;0.2369982547993019;0.0005225830533781261;0.25919811320754743;0.0007984160167625445;0.21631246410109153;0.0006034617803632674;-2.531635388739948;0.9622933029267923;-3.9737804878048744;0.2402213279466028;2.847547169811336;0.03388535031847132;0.6004739336492886;0.014624184993894033;0.23731574864235808;0.015850375767169914;-1.6166281755196306;-1.6166281755196306;-1.9125683060109289;-3.017241379310345;-4.242424242424243;0.13665529010238883;0.18870853916725452;0.20524814603536817;0.10602087235750622;0.11555136663524955;0.12997145575642263;0.09641052911459737;0.10160085378868708;0.10380761523046092;0.08594059405940593;0.09244232299124899;0.08987425545996049;0.05257452574525745;0.056898783329019084;0.04846223137305368;0.17632340584445907;0.11711744092011867;0.10059992001066542;0.0894142554693014;0.05263701281940978
;;;;;;;;;0.011587659894657635;0.010879919779393349;0.011587659894657635;;;;-1.4000028289282826;-2.989830508474576;0.0013834746886050378;-2.3333333333333335;0.0027196810705869996;-2.2671802773497682;0.002359548300949586;-4.691228070175439;0.0009053878015929969;-3.9237668161434933;0.001597743221938763;-3.5237735849056566;0.0007984160167625445;3.120481927710843;0.0009053878015929969;3.0314960629921073;0.0013158834467086394;2.8636363636363633;0.0005225830533781261;0.5661135371179041;0.0007984160167625445;0.6317689530685916;0.001509630526971253;0.6064171122994652;0.0013834746886050378;0.24273204903677756;0.0013834746886050378;0.2670616113744073;0.0024730705792320143;0.20616438356164377;0.0009053878015929969;-2.4513075965130757;0.9133326791237171;-3.962063732928687;0.18574774123927973;3.002607561929606;0.01342689832265788;0.6010666666666666;0.016456210039255126;0.23826896953231141;0.02283199293887349;-1.6166281755196306;-1.6166281755196306;-1.9125683060109289;-3.017241379310345;-4.242424242424243;0.14530477759472818;0.19999999999999998;0.210530834167978;0.10743270389714742;0.11800404585300046;0.12665129526651273;0.10380761523046092;0.10280373831775678;0.1008;0.08554837006730875;0.09283819628647233;0.09007148530579824;0.053700116234017825;0.05840891422648335;0.04641480339244409;0.1847568988173453;0.1173219501235676;0.10246941045606242;0.08947995236204842;0.05282450630297296
;;;;;;;;0.0;0.01584905660377358;0.017453721193804304;0.01371514694800301;0.8333333333333331;;;-1.4000027140078362;-2.989830508474576;0.0013834746886050378;-2.297607655502392;0.0036285910966203407;-2.352284263959391;0.002397983176253183;-4.492307692307701;0.0021782588108635458;-4.0928229665071845;0.0013158834467086394;-3.774683544303798;0.0032699320585516086;2.753505535055365;0.0010882827763081288;2.7382352941176316;0.0021782588108635458;2.3645484949832647;0.0030225202602662824;0.5307032590051461;0.0010882827763081288;0.5661135371179041;0.00030166587452959133;0.5609756097560978;0.0007984160167625445;0.2256499133448873;0.0009053878015929969;0.23986013986013982;0.0009053878015929969;0.1952380952380952;0.0009053878015929969;-2.4740458015267186;0.8185482823020395;-4.088535031847125;0.10280981821588699;2.610451306413282;0.02821796929396896;0.5524718126626188;0.009958989894211887;0.220034542314335;0.01731526180119634;-1.6166281755196306;-1.6166281755196306;-1.9125683060109289;-3.017241379310345;-4.242424242424243;0.14530477759472818;0.20547710740265296;0.1972754363558961;0.1096566523605152;0.11514335711401284;0.12087555735711389;0.0994005594778209;0.09920085242408076;0.09382879893828779;0.08144248486443782;0.08554837006730875;0.08496042216358818;0.05032856590645534;0.05313710302091401;0.04418783679753656;0.1822322181613721;0.11521134344431494;0.09747228381374697;0.08398154251812806;0.04920818848976438
;;;;;;;;;0.017453721193804304;0.020136260408781224;0.016918429003021148;0.8333333333333331;;;-1.4000026616775438;-2.946153846153844;0.001597743221938763;-2.2180232558139528;0.002359548300949586;-2.205150214592275;0.002397983176253183;-4.214000000000007;0.0007984160167625445;-3.431768953068589;0.0006034617803632674;-3.2392156862745103;0.001045556385362158;3.4727272727272718;0.0010455563853622105;2.784386617100356;0.00030166587452959133;2.634408602150537;0.0005225830533781261;0.537349397590361;0.0007984160167625445;0.5695538057742782;0.001886034320559523;0.5816901408450706;0.0006034617803632674;0.2228373702422145;0.0005225830533781261;0.2523781561949498;0.00030166587452959133;0.18803611738148962;0.00030166587452959133;-2.3642490005711028;1.2586849834003837;-3.5563218390804603;0.22088083293452798;2.934788189987141;0.045531658007278784;0.5626852659110719;0.011812183044627406;0.22065655596083703;0.024492142484858096;-1.6166281755196306;-1.6166281755196306;-1.9125683060109289;-3.017241379310345;-4.242424242424243;0.14742919989001904;0.21956834532374073;0.22213575443147424;0.1133100295778437;0.12914006249150908;0.13518821603927986;0.10743270389714742;0.09980013324450347;0.09780439121756485;0.08222280747958934;0.08594059405940593;0.0873150105708243;0.04976816074188562;0.05557998189577117;0.042706998205588285;0.1956149884231917;0.1258235054900366;0.1016676301863296;0.08515635308088157;0.0493325893815185
;;;;;;;;;0.015314975480950583;0.01798941798941799;0.01371514694800301;0.8333333333333331;;;-1.4000025220183898;-2.7930693069306947;0.0006034617803632674;-2.216835994194485;0.001980527093522562;-2.181666666666666;0.001886034320559523;-3.5078651685393263;0.0013834746886050378;-3.5399239543726275;0.001836973752911367;-3.2760000000000007;0.001568920433320829;3.4727272727272718;0.0009053878015929969;2.6930909090908943;0.002359548300949586;2.454794520547958;0.00030166587452959133;0.5390180878552971;0.002092675635276532;0.545721694036301;0.0010882827763081288;0.5356835769561482;0.0013158834467086394;0.23795110593713595;0.0010882827763081288;0.22753036437246985;0.0007984160167625445;0.19977259806708378;0.00030166587452959133;-2.3312741312741307;1.0704230466224947;-3.4342168674698845;0.07447952813308824;2.8315789473684037;0.05704994325995313;0.5401321459350759;0.0026649329311015163;0.22159047253169403;0.014938554303778407;-1.6166281755196306;-1.6166281755196306;-1.9125683060109289;-3.017241379310345;-4.242424242424243;0.15598562344484398;0.2198014102748599;0.22705984388551603;0.12706552706552704;0.12623728813559343;0.13393295175797218;0.10743270389714742;0.09860205032618806;0.09521785334750284;0.08241801659423152;0.08319936750560003;0.08202764976958506;0.05276200309757354;0.050702410104394906;0.045114905636153564;0.20030330316098732;0.1290708205035318;0.10039989336176999;0.08254818457215599;0.04951923076923079
;;;;;;;;;0.01620533467539005;0.018525519848771266;0.01478129713423831;0.8333333333333331;;;-1.4000025041424469;-3.0080000000000022;0.00030166587452959133;-2.1971671388101974;0.0013158834467086394;-2.236255572065378;0.0021143947248519345;-3.969863013698631;0.0005225830533781261;-3.8258620689655123;0.0013158834467086394;-3.476752767527672;0.00030166587452959133;3.0666666666666664;0.0005225830533781261;2.389898989898989;0.0005225830533781261;2.2309677419354954;0.0013158834467086394;0.4713216957605985;0.0005225830533781261;0.5356835769561482;0.0006034617803632674;0.5323605150214588;0.0007984160167625445;0.20616438356164377;0.0009053878015929969;0.19795570698466777;0.0010455563853622105;0.18267716535433048;0.0013158834467086394;-2.3765182186234823;1.3414031064634568;-3.738504155124646;0.1010468040891437;2.5310826542491442;0.05508270718885397;0.5126593033135086;0.01990234675955253;0.1955395955395952;0.009257302461824527;-1.6166281755196306;-1.6166281755196306;-1.9125683060109289;-3.017241379310345;-4.242424242424243;0.14445664105378725;0.22377380265435637;0.21608040201004997;0.11718560452891222;0.11984877126654045;0.12789466539975544;0.1032051282051282;0.09422540820390282;0.0916512059369204;0.07426326129666012;0.08202764976958506;0.08163748848229582;0.04641480339244409;0.044743935309973046;0.04159836065573768;0.19395798914326165;0.1216294160057677;0.0963442194354591;0.0793008279668815;0.04424960437962447
;;;;;;;;;0.01620533467539005;0.018525519848771266;0.01478129713423831;;;;-1.4000024121833465;-2.776039119804399;0.0030225202602662824;-2.25143721633888;0.004756133015488361;-2.1424802110817946;0.0010882827763081288;-3.7352697095435645;0.0012074440223833274;-3.3077966101694884;0.0015977432219387102;-3.2513157894736815;0.0030676216456833306;2.912643678160919;0.0022807462923735635;2.3271523178807816;0.0007984160167625445;2.290491803278676;0.001509630526971253;0.49814502529510923;0.00030166587452959133;0.5323605150214588;0.001597743221938763;0.5159148936170216;0.0013158834467086394;0.220034542314335;8.878898963221678e-18;0.25432098765432093;0.0009053878015929969;0.19343148357870868;0.001597743221938763;-2.323632385120351;1.1367956131722776;-3.409999999999996;0.12965313352466776;2.490322580645178;0.04415669328234346;0.5153715258082812;0.00920537779563457;0.22221368178324355;0.02305401302150233;-1.6166281755196306;-1.6166281755196306;-1.9125683060109289;-3.017241379310345;-4.242424242424243;0.15706183427859985;0.21330084563565976;0.2360465116279072;0.12169798566986592;0.1328884652049569;0.13476956640305404;0.10140056022408961;0.09323427964977427;0.09264023339079676;0.07755316355998969;0.08163748848229582;0.07968975943210181;0.04920818848976438;0.05595653861078774;0.04381734222678294;0.20144171488191207;0.1297635226963847;0.0957476966690293;0.07962492331960376;0.049643685069116525
;;;;;;;;0.8333333333333331;0.020136260408781224;0.020136260408781224;0.01478129713423831;0.8333333333333331;;;-1.4000023703968465;-2.854263565891473;0.0009053878015929969;-2.2374999999999994;0.0005225830533781261;-2.1464190981432356;0.001509630526971253;-3.9935483870967694;0.001836973752911367;-3.5237735849056566;0.001836973752911367;-3.2038461538461545;0.002769686370773942;2.6930909090908943;0.0010882827763081288;2.314851485148514;0.0009053878015929969;2.150788643533111;0.0013158834467086394;0.5029585798816564;0.0007984160167625445;0.5273972602739722;0.0028830138688328132;0.5013513513513516;0.001207444022383275;0.2034188034188034;0.0;0.22471131639722883;0.00030166587452959133;0.19072922555115862;0.0007984160167625445;-2.3312741312741307;1.288064740220005;-3.526448362720408;0.18759208071022118;2.372960893854765;0.03825572989778088;0.5104950495049504;0.00784724814036861;0.20616438356164377;0.013134091265042346;-1.6166281755196306;-1.6166281755196306;-1.9125683060109289;-3.017241379310345;-4.242424242424243;0.15233760860570952;0.21584840654608095;0.23509587449157437;0.11677671472847304;0.12665129526651273;0.13644553644553642;0.09860205032618806;0.09303621169916433;0.09026876737720091;0.07813525935653334;0.08105263157894756;0.07794117647058803;0.04585741811175337;0.05014171605256378;0.04326195666111037;0.20030330316098732;0.1265822784810125;0.09396097863115542;0.07904165389163842;0.04641480339244409
;;;;;;;;;0.020673987126088603;0.01959894059780552;0.015314975480950583;0.8333333333333331;;;-1.4000020689305457;-2.5999999999999988;0.0021782588108635458;-2.1657142857142855;0.0010455563853622105;-2.1052631578947367;0.0022807462923735635;-3.454014598540142;0.00030166587452959133;-3.09009009009009;0.0013834746886050378;-2.989830508474576;0.0010455563853622105;2.3645484949832647;0.0033665614448331973;1.9008797653958842;0.00030166587452959133;1.9105882352941268;0.0010882827763081288;0.4125603864734299;0.0013834746886050378;0.47756463719766495;0.001980527093522562;0.47756463719766495;0.00030166587452959133;0.19704880817253143;0.0013158834467086394;0.20433295324971468;0.00030166587452959133;0.18624577226606556;0.00030166587452959133;-2.2433566433566434;1.0752199563301945;-3.1569198751300696;0.1610650243400278;2.045714285714282;0.04301263986828941;0.45538461538461555;0.021953675058468874;0.19584120982986775;0.007046746253332731;-1.6166281755196306;-1.6166281755196306;-1.9125683060109289;-3.017241379310345;-4.242424242424243;0.170093457943925;0.23059539330725767;0.24561403508771926;0.12851711026615947;0.1408624229979466;0.14530477759472818;0.09382879893828779;0.08554837006730875;0.0857444561774025;0.06677091477716965;0.07503603721661622;0.07503603721661622;0.044558521560574965;0.04604316546762587;0.042337262942081004;0.21476664116296898;0.13819523527536115;0.08836389280677004;0.07227066620160472;0.04431137724550896
;;;;;;;;;0.021750663129973473;0.01906202723146747;0.016383540958852395;0.8333333333333331;;;-1.4000020279356569;-2.6181818181818186;0.0005225830533781261;-2.159514170040486;0.0009053878015929969;-2.1454304635761594;0.0007984160167625445;-3.6511999999999953;0.0028830138688328132;-3.263576158940401;0.00030166587452959133;-3.3406896551724174;0.0016812592714729882;1.8816326530612337;0.0007984160167625445;1.6923076923077;0.0007984160167625445;1.4069825436408905;0.00030166587452959133;0.43771428571428533;0.0006034617803632674;0.4302439024390243;0.002092675635276532;0.4125603864734299;0.0010455563853622105;0.18714043993231808;0.0009053878015929969;0.16768802228412277;0.00030166587452959133;0.16856187290969896;0.0005225830533781261;-2.2623084780388156;0.9773968398985203;-3.405225653206652;0.1017107861590382;1.6476534296028906;0.0530724081934529;0.4267784690289422;0.007648305578135918;0.17441253263707576;0.008706716346463406;-1.6166281755196306;-1.6166281755196306;-1.9125683060109289;-3.017241379310345;-4.242424242424243;0.16856187290969896;0.23201391909525876;0.23533343019032416;0.12355170546832679;0.13435114503816814;0.13184540010887336;0.08515635308088157;0.08105263157894756;0.07387717690192465;0.07002742588481146;0.06906812842599842;0.06677091477716965;0.04252210688196847;0.038466453674121416;0.03865030674846625;0.2113762168352742;0.12990213845596257;0.08001402524544186;0.06862088461705723;0.03987719597475693
;;;;;;;;;0.020853319868719997;0.01959894059780552;0.015492957746478854;0.8333333333333331;;;-1.4000019741577696;-2.4699619771863106;0.001980527093522562;-2.1424802110817946;0.004202550983254022;-2.336439267886855;0.001836973752911367;-3.4844444444444442;0.002092675635276532;-3.969863013698631;0.0010455563853622105;-3.2213592233009707;0.0013834746886050378;1.8720930232558044;0.0007984160167625445;1.6015999999999995;0.0005225830533781261;1.5236363636363712;0.0010882827763081288;0.3739952718676122;0.0009053878015929969;0.46666666666666656;0.0005225830533781261;0.4697674418604647;0.0007984160167625445;0.1961429381735675;0.00030166587452959133;0.17382550335570465;0.0005225830533781261;0.16507230255839841;0.0007984160167625445;-2.295702917771883;0.5844193916061888;-3.5157894736842152;0.17705872240380796;1.6586956521739045;0.038241404875900394;0.4357162272356617;0.03293974370538575;0.17823892316320827;0.012670286450551875;-1.6166281755196306;-1.6166281755196306;-1.9125683060109289;-3.017241379310345;-4.242424242424243;0.18267716535433048;0.2360465116279072;0.19954526076453005;0.1276872964169381;0.11718560452891222;0.13581661891117477;0.08496042216358818;0.07891210090658256;0.07697152604645077;0.061628359953252825;0.07368421052631578;0.07407019381875345;0.04437315539586806;0.03975441289332309;0.03791517629024018;0.20578249084597428;0.12685838307107997;0.0802735402419777;0.06977149075081597;0.04067579674900808
;;;;;;;;;0.020853319868719997;0.01959894059780552;0.015492957746478854;;;;-1.400001889569642;-2.6051391862955042;0.003199137443996899;-2.1534136546184737;0.0022807462923735635;-2.2240117130307477;0.0013158834467086394;-4.132038834951463;0.0010882827763081288;-3.5729729729729693;0.001836973752911367;-3.2392156862745103;0.0005225830533781261;1.4861538461538457;0.001886034320559523;1.1181208053691274;0.001045556385362158;1.2360655737704977;0.00030166587452959133;0.32903225806451614;0.0005225830533780738;0.39521531100478463;0.0013834746886050378;0.3628817541111984;0.00030166587452959133;0.13854565336249294;0.0021143947248519345;0.15727725511898194;0.0021143947248519345;0.14022988505747125;0.0;-2.290036900369003;0.8045961038363532;-3.589883268482495;0.198999873902973;1.2715189873417805;0.052236117252398045;0.3619619097312813;0.021218351101266526;0.14530477759472818;0.008525098199314862;-1.6166281755196306;-1.6166281755196306;-1.9125683060109289;-3.017241379310345;-4.242424242424243;0.1696555571050065;0.23343491510666084;0.21840402588066163;0.11453175457481181;0.1254099471473097;0.13518821603927986;0.07600314712824548;0.06505271378367825;0.06887641915698832;0.05539177657098525;0.06448087431693988;0.0601115579193149;0.03224328795012086;0.03626387648334823;0.03260786559755631;0.20669933863063245;0.12499661292507809;0.06996343374542946;0.0599852998400276;0.03370271303018724
;;;;;;;;4.117647058823528;0.020673987126088603;0.020673987126088603;0.01906202723146747;0.8333333333333331;;;;;;;;;;;;;;;;;;;;;;;;;;;;;;;;;;;;;;;;;;;;;;;;;;;;;;;;;;;;;;;;;;;;
;;;;;;;;;0.020136260408781224;0.01906202723146747;0.01798941798941799;0.8333333333333331;;;;;;;;;;;;;;;;;;;;;;;;;;;;;;;;;;;;;;;;;;;;;;;;;;;;;;;;;;;;;;;;;;;;
;;;;;;;;;0.02121212121212121;0.02121212121212121;0.01959894059780552;0.8333333333333331;;;;;;;;;;;;;;;;;;;;;;;;;;;;;;;;;;;;;;;;;;;;;;;;;;;;;;;;;;;;;;;;;;;;
;;;;;;;;;0.020673987126088603;0.02031545741324919;0.01888314635068702;0.8333333333333331;;;;;;;;;;;;;;;;;;;;;;;;;;;;;;;;;;;;;;;;;;;;;;;;;;;;;;;;;;;;;;;;;;;;
;;;;;;;;;0.020673987126088603;0.02031545741324919;0.01888314635068702;;;;;;;;;;;;;;;;;;;;;;;;;;;;;;;;;;;;;;;;;;;;;;;;;;;;;;;;;;;;;;;;;;;;;
;;;;;;;;-13.125000000000004;0.017453721193804304;0.01798941798941799;0.016918429003021148;0.8333333333333331;;;;;;;;;;;;;;;;;;;;;;;;;;;;;;;;;;;;;;;;;;;;;;;;;;;;;;;;;;;;;;;;;;;;
;;;;;;;;;0.017453721193804304;0.01798941798941799;0.017453721193804304;0.8333333333333331;;;;;;;;;;;;;;;;;;;;;;;;;;;;;;;;;;;;;;;;;;;;;;;;;;;;;;;;;;;;;;;;;;;;
;;;;;;;;;0.01798941798941799;0.017453721193804304;0.017453721193804304;0.8333333333333331;;;;;;;;;;;;;;;;;;;;;;;;;;;;;;;;;;;;;;;;;;;;;;;;;;;;;;;;;;;;;;;;;;;;
;;;;;;;;;0.017632241813601995;0.01781080740647438;0.01727524553009319;0.8333333333333331;;;;;;;;;;;;;;;;;;;;;;;;;;;;;;;;;;;;;;;;;;;;;;;;;;;;;;;;;;;;;;;;;;;;
;;;;;;;;;0.017632241813601995;0.01781080740647438;0.01727524553009319;;;;;;;;;;;;;;;;;;;;;;;;;;;;;;;;;;;;;;;;;;;;;;;;;;;;;;;;;;;;;;;;;;;;;
;;;;;;;;-4.242424242424243;0.016918429003021148;0.016918429003021148;0.01371514694800301;0.8333333333333331;;;;;;;;;;;;;;;;;;;;;;;;;;;;;;;;;;;;;;;;;;;;;;;;;;;;;;;;;;;;;;;;;;;;
;;;;;;;;;0.016383540958852395;0.016383540958852395;0.01371514694800301;0.8333333333333331;;;;;;;;;;;;;;;;;;;;;;;;;;;;;;;;;;;;;;;;;;;;;;;;;;;;;;;;;;;;;;;;;;;;
;;;;;;;;;0.016383540958852395;0.017453721193804304;0.01211893112532932;0.8333333333333331;;;;;;;;;;;;;;;;;;;;;;;;;;;;;;;;;;;;;;;;;;;;;;;;;;;;;;;;;;;;;;;;;;;;
;;;;;;;;;0.016561792096652386;0.016918429003021148;0.01318267419962335;0.8333333333333331;;;;;;;;;;;;;;;;;;;;;;;;;;;;;;;;;;;;;;;;;;;;;;;;;;;;;;;;;;;;;;;;;;;;
;;;;;;;;;0.016561792096652386;0.016918429003021148;0.01318267419962335;;;;;;;;;;;;;;;;;;;;;;;;;;;;;;;;;;;;;;;;;;;;;;;;;;;;;;;;;;;;;;;;;;;;;
;;;;;;;;0.0;0.015314975480950583;0.01211893112532932;0.02444950645406226;0.8333333333333331;;;;;;;;;;;;;;;;;;;;;;;;;;;;;;;;;;;;;;;;;;;;;;;;;;;;;;;;;;;;;;;;;;;;
;;;;;;;;;0.016918429003021148;0.012650602409638553;0.02444950645406226;0.8333333333333331;;;;;;;;;;;;;;;;;;;;;;;;;;;;;;;;;;;;;;;;;;;;;;;;;;;;;;;;;;;;;;;;;;;;
;;;;;;;;;0.015314975480950583;0.01318267419962335;0.023908918406072104;0.8333333333333331;;;;;;;;;;;;;;;;;;;;;;;;;;;;;;;;;;;;;;;;;;;;;;;;;;;;;;;;;;;;;;;;;;;;
;;;;;;;;;0.01584905660377358;0.012650602409638553;0.024269264836138192;0.8333333333333331;;;;;;;;;;;;;;;;;;;;;;;;;;;;;;;;;;;;;;;;;;;;;;;;;;;;;;;;;;;;;;;;;;;;
;;;;;;;;;0.01584905660377358;0.012650602409638553;0.024269264836138192;;;;;;;;;;;;;;;;;;;;;;;;;;;;;;;;;;;;;;;;;;;;;;;;;;;;;;;;;;;;;;;;;;;;;
;;;;;;;;0.8333333333333331;0.023908918406072104;0.02553191489361702;0.016918429003021148;0.8333333333333331;;;;;;;;;;;;;;;;;;;;;;;;;;;;;;;;;;;;;;;;;;;;;;;;;;;;;;;;;;;;;;;;;;;;
;;;;;;;;;0.023908918406072104;0.026615969581749045;0.01798941798941799;0.8333333333333331;;;;;;;;;;;;;;;;;;;;;;;;;;;;;;;;;;;;;;;;;;;;;;;;;;;;;;;;;;;;;;;;;;;;
;;;;;;;;;0.02336874051593323;0.02770167427701674;0.018525519848771266;0.8333333333333331;;;;;;;;;;;;;;;;;;;;;;;;;;;;;;;;;;;;;;;;;;;;;;;;;;;;;;;;;;;;;;;;;;;;
;;;;;;;;;0.023728813559322052;0.026615969581749045;0.01781080740647438;0.8333333333333331;;;;;;;;;;;;;;;;;;;;;;;;;;;;;;;;;;;;;;;;;;;;;;;;;;;;;;;;;;;;;;;;;;;;
;;;;;;;;;0.023728813559322052;0.026615969581749045;0.01781080740647438;;;;;;;;;;;;;;;;;;;;;;;;;;;;;;;;;;;;;;;;;;;;;;;;;;;;;;;;;;;;;;;;;;;;;
;;;;;;;;4.117647058823528;0.026615969581749045;0.020673987126088603;0.028789032749428786;0.8333333333333331;;;;;;;;;;;;;;;;;;;;;;;;;;;;;;;;;;;;;;;;;;;;;;;;;;;;;;;;;;;;;;;;;;;;
;;;;;;;;;0.02444950645406226;0.021750663129973473;0.028789032749428786;0.8333333333333331;;;;;;;;;;;;;;;;;;;;;;;;;;;;;;;;;;;;;;;;;;;;;;;;;;;;;;;;;;;;;;;;;;;;
;;;;;;;;;0.02607373622196883;0.02121212121212121;0.02607373622196883;0.8333333333333331;;;;;;;;;;;;;;;;;;;;;;;;;;;;;;;;;;;;;;;;;;;;;;;;;;;;;;;;;;;;;;;;;;;;
;;;;;;;;;0.025712476250791618;0.02121212121212121;0.027882785741468963;0.8333333333333331;;;;;;;;;;;;;;;;;;;;;;;;;;;;;;;;;;;;;;;;;;;;;;;;;;;;;;;;;;;;;;;;;;;;
;;;;;;;;;0.025712476250791618;0.02121212121212121;0.027882785741468963;;;;;;;;;;;;;;;;;;;;;;;;;;;;;;;;;;;;;;;;;;;;;;;;;;;;;;;;;;;;;;;;;;;;;
;;;;;;;;-13.125000000000004;0.02282897231702692;0.02282897231702692;0.015314975480950583;0.8333333333333331;;;;;;;;;;;;;;;;;;;;;;;;;;;;;;;;;;;;;;;;;;;;;;;;;;;;;;;;;;;;;;;;;;;;
;;;;;;;;;0.02282897231702692;0.022289613343441997;0.01798941798941799;0.8333333333333331;;;;;;;;;;;;;;;;;;;;;;;;;;;;;;;;;;;;;;;;;;;;;;;;;;;;;;;;;;;;;;;;;;;;
;;;;;;;;;0.023908918406072104;0.023908918406072104;0.020673987126088603;0.8333333333333331;;;;;;;;;;;;;;;;;;;;;;;;;;;;;;;;;;;;;;;;;;;;;;;;;;;;;;;;;;;;;;;;;;;;
;;;;;;;;;0.023188772284738923;0.023008849557522106;0.01798941798941799;0.8333333333333331;;;;;;;;;;;;;;;;;;;;;;;;;;;;;;;;;;;;;;;;;;;;;;;;;;;;;;;;;;;;;;;;;;;;
;;;;;;;;;0.023188772284738923;0.023008849557522106;0.01798941798941799;;;;;;;;;;;;;;;;;;;;;;;;;;;;;;;;;;;;;;;;;;;;;;;;;;;;;;;;;;;;;;;;;;;;;
;;;;;;;;-4.242424242424243;0.01478129713423831;0.01371514694800301;0.017453721193804304;0.8333333333333331;;;;;;;;;;;;;;;;;;;;;;;;;;;;;;;;;;;;;;;;;;;;;;;;;;;;;;;;;;;;;;;;;;;;
;;;;;;;;;0.01478129713423831;0.015314975480950583;0.017453721193804304;0.8333333333333331;;;;;;;;;;;;;;;;;;;;;;;;;;;;;;;;;;;;;;;;;;;;;;;;;;;;;;;;;;;;;;;;;;;;
;;;;;;;;;0.016918429003021148;0.01424802110817942;0.016383540958852395;0.8333333333333331;;;;;;;;;;;;;;;;;;;;;;;;;;;;;;;;;;;;;;;;;;;;;;;;;;;;;;;;;;;;;;;;;;;;
;;;;;;;;;0.015492957746478854;0.01442573510932393;0.01709681480548909;0.8333333333333331;;;;;;;;;;;;;;;;;;;;;;;;;;;;;;;;;;;;;;;;;;;;;;;;;;;;;;;;;;;;;;;;;;;;
;;;;;;;;;0.015492957746478854;0.01442573510932393;0.01709681480548909;;;;;;;;;;;;;;;;;;;;;;;;;;;;;;;;;;;;;;;;;;;;;;;;;;;;;;;;;;;;;;;;;;;;;
;;;;;;;;0.0;0.052012383900928785;0.03754789272030651;0.04808954071786954;0.8333333333333331;;;;;;;;;;;;;;;;;;;;;;;;;;;;;;;;;;;;;;;;;;;;;;;;;;;;;;;;;;;;;;;;;;;;
;;;;;;;;;0.05765345765345764;0.038098888463012646;0.04808954071786954;0.8333333333333331;;;;;;;;;;;;;;;;;;;;;;;;;;;;;;;;;;;;;;;;;;;;;;;;;;;;;;;;;;;;;;;;;;;;
;;;;;;;;;0.05426356589147286;0.039202148062907546;0.04753086419753086;0.8333333333333331;;;;;;;;;;;;;;;;;;;;;;;;;;;;;;;;;;;;;;;;;;;;;;;;;;;;;;;;;;;;;;;;;;;;
;;;;;;;;;0.054639441716205925;0.03828264758497315;0.04790326730126063;0.8333333333333331;;;;;;;;;;;;;;;;;;;;;;;;;;;;;;;;;;;;;;;;;;;;;;;;;;;;;;;;;;;;;;;;;;;;
;;;;;;;;;0.054639441716205925;0.03828264758497315;0.04790326730126063;;;;;;;;;;;;;;;;;;;;;;;;;;;;;;;;;;;;;;;;;;;;;;;;;;;;;;;;;;;;;;;;;;;;;
;;;;;;;;0.8333333333333331;0.03644716692189893;0.06390948107686305;0.06333853354134165;0.8333333333333331;;;;;;;;;;;;;;;;;;;;;;;;;;;;;;;;;;;;;;;;;;;;;;;;;;;;;;;;;;;;;;;;;;;;
;;;;;;;;;0.03644716692189893;0.06333853354134165;0.06505271378367825;0.8333333333333331;;;;;;;;;;;;;;;;;;;;;;;;;;;;;;;;;;;;;;;;;;;;;;;;;;;;;;;;;;;;;;;;;;;;
;;;;;;;;;0.038098888463012646;0.06333853354134165;0.0679186228482003;0.8333333333333331;;;;;;;;;;;;;;;;;;;;;;;;;;;;;;;;;;;;;;;;;;;;;;;;;;;;;;;;;;;;;;;;;;;;
;;;;;;;;;0.036997319034852545;0.06352879989598212;0.06543418825673758;0.8333333333333331;;;;;;;;;;;;;;;;;;;;;;;;;;;;;;;;;;;;;;;;;;;;;;;;;;;;;;;;;;;;;;;;;;;;
;;;;;;;;;0.036997319034852545;0.06352879989598212;0.06543418825673758;;;;;;;;;;;;;;;;;;;;;;;;;;;;;;;;;;;;;;;;;;;;;;;;;;;;;;;;;;;;;;;;;;;;;
;;;;;;;;4.117647058823528;0.0748427672955975;0.07600314712824548;0.08829829432764774;0.8333333333333331;;;;;;;;;;;;;;;;;;;;;;;;;;;;;;;;;;;;;;;;;;;;;;;;;;;;;;;;;;;;;;;;;;;;
;;;;;;;;;0.0748427672955975;0.07832939322301023;0.08535233570863023;0.8333333333333331;;;;;;;;;;;;;;;;;;;;;;;;;;;;;;;;;;;;;;;;;;;;;;;;;;;;;;;;;;;;;;;;;;;;
;;;;;;;;;0.07716535433070866;0.07716535433070866;0.08770816812053923;0.8333333333333331;;;;;;;;;;;;;;;;;;;;;;;;;;;;;;;;;;;;;;;;;;;;;;;;;;;;;;;;;;;;;;;;;;;;
;;;;;;;;;0.0756161510225483;0.07716535433070866;0.0871185097106619;0.8333333333333331;;;;;;;;;;;;;;;;;;;;;;;;;;;;;;;;;;;;;;;;;;;;;;;;;;;;;;;;;;;;;;;;;;;;
;;;;;;;;;0.0756161510225483;0.07716535433070866;0.0871185097106619;;;;;;;;;;;;;;;;;;;;;;;;;;;;;;;;;;;;;;;;;;;;;;;;;;;;;;;;;;;;;;;;;;;;;
;;;;;;;;-13.125000000000004;0.059922178988326844;0.053700116234017825;0.05313710302091401;0.8333333333333331;;;;;;;;;;;;;;;;;;;;;;;;;;;;;;;;;;;;;;;;;;;;;;;;;;;;;;;;;;;;;;;;;;;;
;;;;;;;;;0.06049046321525885;0.05426356589147286;0.053700116234017825;0.8333333333333331;;;;;;;;;;;;;;;;;;;;;;;;;;;;;;;;;;;;;;;;;;;;;;;;;;;;;;;;;;;;;;;;;;;;
;;;;;;;;;0.06333853354134165;0.05539177657098525;0.05426356589147286;0.8333333333333331;;;;;;;;;;;;;;;;;;;;;;;;;;;;;;;;;;;;;;;;;;;;;;;;;;;;;;;;;;;;;;;;;;;;
;;;;;;;;;0.06124886407893009;0.054451479519317544;0.053700116234017825;0.8333333333333331;;;;;;;;;;;;;;;;;;;;;;;;;;;;;;;;;;;;;;;;;;;;;;;;;;;;;;;;;;;;;;;;;;;;
;;;;;;;;;0.06124886407893009;0.054451479519317544;0.053700116234017825;;;;;;;;;;;;;;;;;;;;;;;;;;;;;;;;;;;;;;;;;;;;;;;;;;;;;;;;;;;;;;;;;;;;;
;;;;;;;;-4.242424242424243;0.03865030674846625;0.036997319034852545;0.036997319034852545;0.8333333333333331;;;;;;;;;;;;;;;;;;;;;;;;;;;;;;;;;;;;;;;;;;;;;;;;;;;;;;;;;;;;;;;;;;;;
;;;;;;;;;0.04363216621777607;0.03644716692189893;0.03865030674846625;0.8333333333333331;;;;;;;;;;;;;;;;;;;;;;;;;;;;;;;;;;;;;;;;;;;;;;;;;;;;;;;;;;;;;;;;;;;;
;;;;;;;;;0.03865030674846625;0.038098888463012646;0.036997319034852545;0.8333333333333331;;;;;;;;;;;;;;;;;;;;;;;;;;;;;;;;;;;;;;;;;;;;;;;;;;;;;;;;;;;;;;;;;;;;
;;;;;;;;;0.04030710172744722;0.03718079673135851;0.03754789272030651;0.8333333333333331;;;;;;;;;;;;;;;;;;;;;;;;;;;;;;;;;;;;;;;;;;;;;;;;;;;;;;;;;;;;;;;;;;;;
;;;;;;;;;0.04030710172744722;0.03718079673135851;0.03754789272030651;;;;;;;;;;;;;;;;;;;;;;;;;;;;;;;;;;;;;;;;;;;;;;;;;;;;;;;;;;;;;;;;;;;;;
;;;;;;;;0.0;0.04585741811175337;0.03865030674846625;0.06562499999999999;0.8333333333333331;;;;;;;;;;;;;;;;;;;;;;;;;;;;;;;;;;;;;;;;;;;;;;;;;;;;;;;;;;;;;;;;;;;;
;;;;;;;;;0.04976816074188562;0.036997319034852545;0.06505271378367825;0.8333333333333331;;;;;;;;;;;;;;;;;;;;;;;;;;;;;;;;;;;;;;;;;;;;;;;;;;;;;;;;;;;;;;;;;;;;
;;;;;;;;;0.04641480339244409;0.03865030674846625;0.06562499999999999;0.8333333333333331;;;;;;;;;;;;;;;;;;;;;;;;;;;;;;;;;;;;;;;;;;;;;;;;;;;;;;;;;;;;;;;;;;;;
;;;;;;;;;0.04734473447344736;0.038098888463012646;0.06543418825673758;0.8333333333333331;;;;;;;;;;;;;;;;;;;;;;;;;;;;;;;;;;;;;;;;;;;;;;;;;;;;;;;;;;;;;;;;;;;;
;;;;;;;;;0.04734473447344736;0.038098888463012646;0.06543418825673758;;;;;;;;;;;;;;;;;;;;;;;;;;;;;;;;;;;;;;;;;;;;;;;;;;;;;;;;;;;;;;;;;;;;;
;;;;;;;;0.8333333333333331;0.04753086419753086;0.044743935309973046;0.052012383900928785;0.8333333333333331;;;;;;;;;;;;;;;;;;;;;;;;;;;;;;;;;;;;;;;;;;;;;;;;;;;;;;;;;;;;;;;;;;;;
;;;;;;;;;0.04808954071786954;0.04976816074188562;0.053700116234017825;0.8333333333333331;;;;;;;;;;;;;;;;;;;;;;;;;;;;;;;;;;;;;;;;;;;;;;;;;;;;;;;;;;;;;;;;;;;;
;;;;;;;;;0.04753086419753086;0.04808954071786954;0.053700116234017825;0.8333333333333331;;;;;;;;;;;;;;;;;;;;;;;;;;;;;;;;;;;;;;;;;;;;;;;;;;;;;;;;;;;;;;;;;;;;
;;;;;;;;;0.04771704180064307;0.04753086419753086;0.05313710302091401;0.8333333333333331;;;;;;;;;;;;;;;;;;;;;;;;;;;;;;;;;;;;;;;;;;;;;;;;;;;;;;;;;;;;;;;;;;;;
;;;;;;;;;0.04771704180064307;0.04753086419753086;0.05313710302091401;;;;;;;;;;;;;;;;;;;;;;;;;;;;;;;;;;;;;;;;;;;;;;;;;;;;;;;;;;;;;;;;;;;;;
;;;;;;;;4.117647058823528;0.06964355660007833;0.08241801659423152;0.0960127591706539;0.8333333333333331;;;;;;;;;;;;;;;;;;;;;;;;;;;;;;;;;;;;;;;;;;;;;;;;;;;;;;;;;;;;;;;;;;;;
;;;;;;;;;0.07079576636613091;0.08417721518987341;0.09660949341842838;0.8333333333333331;;;;;;;;;;;;;;;;;;;;;;;;;;;;;;;;;;;;;;;;;;;;;;;;;;;;;;;;;;;;;;;;;;;;
;;;;;;;;;0.07079576636613091;0.08476454293628807;0.09720670391061449;0.8333333333333331;;;;;;;;;;;;;;;;;;;;;;;;;;;;;;;;;;;;;;;;;;;;;;;;;;;;;;;;;;;;;;;;;;;;
;;;;;;;;;0.07041149575440868;0.08378592143422073;0.09660949341842838;0.8333333333333331;;;;;;;;;;;;;;;;;;;;;;;;;;;;;;;;;;;;;;;;;;;;;;;;;;;;;;;;;;;;;;;;;;;;
;;;;;;;;;0.07041149575440868;0.08378592143422073;0.09660949341842838;;;;;;;;;;;;;;;;;;;;;;;;;;;;;;;;;;;;;;;;;;;;;;;;;;;;;;;;;;;;;;;;;;;;;
;;;;;;;;-13.125000000000004;0.07021943573667712;0.06562499999999999;0.05708737864077669;0.8333333333333331;;;;;;;;;;;;;;;;;;;;;;;;;;;;;;;;;;;;;;;;;;;;;;;;;;;;;;;;;;;;;;;;;;;;
;;;;;;;;;0.07137254901960784;0.06734454438795462;0.05708737864077669;0.8333333333333331;;;;;;;;;;;;;;;;;;;;;;;;;;;;;;;;;;;;;;;;;;;;;;;;;;;;;;;;;;;;;;;;;;;;
;;;;;;;;;0.07137254901960784;0.06734454438795462;0.059354336833916756;0.8333333333333331;;;;;;;;;;;;;;;;;;;;;;;;;;;;;;;;;;;;;;;;;;;;;;;;;;;;;;;;;;;;;;;;;;;;
;;;;;;;;;0.07098797699947705;0.06677091477716965;0.057842248413417764;0.8333333333333331;;;;;;;;;;;;;;;;;;;;;;;;;;;;;;;;;;;;;;;;;;;;;;;;;;;;;;;;;;;;;;;;;;;;
;;;;;;;;;0.07098797699947705;0.06677091477716965;0.057842248413417764;;;;;;;;;;;;;;;;;;;;;;;;;;;;;;;;;;;;;;;;;;;;;;;;;;;;;;;;;;;;;;;;;;;;;
;;;;;;;;-4.242424242424243;0.03644716692189893;0.03534812547819433;0.036997319034852545;0.8333333333333331;;;;;;;;;;;;;;;;;;;;;;;;;;;;;;;;;;;;;;;;;;;;;;;;;;;;;;;;;;;;;;;;;;;;
;;;;;;;;;0.039202148062907546;0.03479923518164436;0.038098888463012646;0.8333333333333331;;;;;;;;;;;;;;;;;;;;;;;;;;;;;;;;;;;;;;;;;;;;;;;;;;;;;;;;;;;;;;;;;;;;
;;;;;;;;;0.03865030674846625;0.03754789272030651;0.036997319034852545;0.8333333333333331;;;;;;;;;;;;;;;;;;;;;;;;;;;;;;;;;;;;;;;;;;;;;;;;;;;;;;;;;;;;;;;;;;;;
;;;;;;;;;0.038098888463012646;0.035897435897435895;0.03736432128719194;0.8333333333333331;;;;;;;;;;;;;;;;;;;;;;;;;;;;;;;;;;;;;;;;;;;;;;;;;;;;;;;;;;;;;;;;;;;;
;;;;;;;;;0.038098888463012646;0.035897435897435895;0.03736432128719194;;;;;;;;;;;;;;;;;;;;;;;;;;;;;;;;;;;;;;;;;;;;;;;;;;;;;;;;;;;;;;;;;;;;;
;;;;;;;;0.0;0.05426356589147286;0.04753086419753086;0.05313710302091401;0.8333333333333331;;;;;;;;;;;;;;;;;;;;;;;;;;;;;;;;;;;;;;;;;;;;;;;;;;;;;;;;;;;;;;;;;;;;
;;;;;;;;;0.05539177657098525;0.04753086419753086;0.04976816074188562;0.8333333333333331;;;;;;;;;;;;;;;;;;;;;;;;;;;;;;;;;;;;;;;;;;;;;;;;;;;;;;;;;;;;;;;;;;;;
;;;;;;;;;0.05482745250096936;0.04530046224961479;0.052012383900928785;0.8333333333333331;;;;;;;;;;;;;;;;;;;;;;;;;;;;;;;;;;;;;;;;;;;;;;;;;;;;;;;;;;;;;;;;;;;;
;;;;;;;;;0.05482745250096936;0.046786632390745514;0.0516378643280887;0.8333333333333331;;;;;;;;;;;;;;;;;;;;;;;;;;;;;;;;;;;;;;;;;;;;;;;;;;;;;;;;;;;;;;;;;;;;
;;;;;;;;;0.05482745250096936;0.046786632390745514;0.0516378643280887;;;;;;;;;;;;;;;;;;;;;;;;;;;;;;;;;;;;;;;;;;;;;;;;;;;;;;;;;;;;;;;;;;;;;
;;;;;;;;0.8333333333333331;0.052012383900928785;0.04141375336150595;0.04141375336150595;0.8333333333333331;;;;;;;;;;;;;;;;;;;;;;;;;;;;;;;;;;;;;;;;;;;;;;;;;;;;;;;;;;;;;;;;;;;;
;;;;;;;;;0.052012383900928785;0.04307692307692307;0.04307692307692307;0.8333333333333331;;;;;;;;;;;;;;;;;;;;;;;;;;;;;;;;;;;;;;;;;;;;;;;;;;;;;;;;;;;;;;;;;;;;
;;;;;;;;;0.05145067698259187;0.04307692307692307;0.04363216621777607;0.8333333333333331;;;;;;;;;;;;;;;;;;;;;;;;;;;;;;;;;;;;;;;;;;;;;;;;;;;;;;;;;;;;;;;;;;;;
;;;;;;;;;0.05182509996130532;0.04252210688196847;0.042706998205588285;0.8333333333333331;;;;;;;;;;;;;;;;;;;;;;;;;;;;;;;;;;;;;;;;;;;;;;;;;;;;;;;;;;;;;;;;;;;;
;;;;;;;;;0.05182509996130532;0.04252210688196847;0.042706998205588285;;;;;;;;;;;;;;;;;;;;;;;;;;;;;;;;;;;;;;;;;;;;;;;;;;;;;;;;;;;;;;;;;;;;;
;;;;;;;;4.117647058823528;0.09125596184419714;0.13770491803278684;0.09960031974420462;0.8333333333333331;;;;;;;;;;;;;;;;;;;;;;;;;;;;;;;;;;;;;;;;;;;;;;;;;;;;;;;;;;;;;;;;;;;;
;;;;;;;;;0.09066348827969803;0.13080375356997143;0.09660949341842838;0.8333333333333331;;;;;;;;;;;;;;;;;;;;;;;;;;;;;;;;;;;;;;;;;;;;;;;;;;;;;;;;;;;;;;;;;;;;
;;;;;;;;;0.09660949341842838;0.13330608908868;0.1008;0.8333333333333331;;;;;;;;;;;;;;;;;;;;;;;;;;;;;;;;;;;;;;;;;;;;;;;;;;;;;;;;;;;;;;;;;;;;
;;;;;;;;;0.09283819628647233;0.13393295175797218;0.09900119856172591;0.8333333333333331;;;;;;;;;;;;;;;;;;;;;;;;;;;;;;;;;;;;;;;;;;;;;;;;;;;;;;;;;;;;;;;;;;;;
;;;;;;;;;0.09283819628647233;0.13393295175797218;0.09900119856172591;;;;;;;;;;;;;;;;;;;;;;;;;;;;;;;;;;;;;;;;;;;;;;;;;;;;;;;;;;;;;;;;;;;;;
;;;;;;;;-13.125000000000004;0.08594059405940593;0.07542272906016516;0.07252747252747252;0.8333333333333331;;;;;;;;;;;;;;;;;;;;;;;;;;;;;;;;;;;;;;;;;;;;;;;;;;;;;;;;;;;;;;;;;;;;
;;;;;;;;;0.08829829432764774;0.0748427672955975;0.0748427672955975;0.8333333333333331;;;;;;;;;;;;;;;;;;;;;;;;;;;;;;;;;;;;;;;;;;;;;;;;;;;;;;;;;;;;;;;;;;;;
;;;;;;;;;0.08652931854199682;0.07600314712824548;0.07368421052631578;0.8333333333333331;;;;;;;;;;;;;;;;;;;;;;;;;;;;;;;;;;;;;;;;;;;;;;;;;;;;;;;;;;;;;;;;;;;;
;;;;;;;;;0.08692206076618249;0.07542272906016516;0.07368421052631578;0.8333333333333331;;;;;;;;;;;;;;;;;;;;;;;;;;;;;;;;;;;;;;;;;;;;;;;;;;;;;;;;;;;;;;;;;;;;
;;;;;;;;;0.08692206076618249;0.07542272906016516;0.07368421052631578;;;;;;;;;;;;;;;;;;;;;;;;;;;;;;;;;;;;;;;;;;;;;;;;;;;;;;;;;;;;;;;;;;;;;
;;;;;;;;-4.242424242424243;0.03425076452599388;0.03534812547819433;0.04030710172744722;0.8333333333333331;;;;;;;;;;;;;;;;;;;;;;;;;;;;;;;;;;;;;;;;;;;;;;;;;;;;;;;;;;;;;;;;;;;;
;;;;;;;;;0.03370271303018724;0.038098888463012646;0.04252210688196847;0.8333333333333331;;;;;;;;;;;;;;;;;;;;;;;;;;;;;;;;;;;;;;;;;;;;;;;;;;;;;;;;;;;;;;;;;;;;
;;;;;;;;;0.03644716692189893;0.038098888463012646;0.04141375336150595;0.8333333333333331;;;;;;;;;;;;;;;;;;;;;;;;;;;;;;;;;;;;;;;;;;;;;;;;;;;;;;;;;;;;;;;;;;;;
;;;;;;;;;0.03479923518164436;0.03718079673135851;0.04141375336150595;0.8333333333333331;;;;;;;;;;;;;;;;;;;;;;;;;;;;;;;;;;;;;;;;;;;;;;;;;;;;;;;;;;;;;;;;;;;;
;;;;;;;;;0.03479923518164436;0.03718079673135851;0.04141375336150595;;;;;;;;;;;;;;;;;;;;;;;;;;;;;;;;;;;;;;;;;;;;;;;;;;;;;;;;;;;;;;;;;;;;;
;;;;;;;;0.0;0.23986013986013982;0.09840255591054313;0.11168412570507655;0.8333333333333331;;;;;;;;;;;;;;;;;;;;;;;;;;;;;;;;;;;;;;;;;;;;;;;;;;;;;;;;;;;;;;;;;;;;
;;;;;;;;;0.24129483814523184;0.10260312374849818;0.11107531212243253;0.8333333333333331;;;;;;;;;;;;;;;;;;;;;;;;;;;;;;;;;;;;;;;;;;;;;;;;;;;;;;;;;;;;;;;;;;;;
;;;;;;;;;0.21933534743202415;0.10561797752808988;0.1135135135135135;0.8333333333333331;;;;;;;;;;;;;;;;;;;;;;;;;;;;;;;;;;;;;;;;;;;;;;;;;;;;;;;;;;;;;;;;;;;;
;;;;;;;;;0.23343491510666084;0.10220205525156789;0.1120902740462119;0.8333333333333331;;;;;;;;;;;;;;;;;;;;;;;;;;;;;;;;;;;;;;;;;;;;;;;;;;;;;;;;;;;;;;;;;;;;
;;;;;;;;;0.23343491510666084;0.10220205525156789;0.1120902740462119;;;;;;;;;;;;;;;;;;;;;;;;;;;;;;;;;;;;;;;;;;;;;;;;;;;;;;;;;;;;;;;;;;;;;
;;;;;;;;0.8333333333333331;0.09184890656063617;0.09125596184419714;0.15233760860570952;0.8333333333333331;;;;;;;;;;;;;;;;;;;;;;;;;;;;;;;;;;;;;;;;;;;;;;;;;;;;;;;;;;;;;;;;;;;;
;;;;;;;;;0.09244232299124899;0.08947995236204842;0.1497728211482858;0.8333333333333331;;;;;;;;;;;;;;;;;;;;;;;;;;;;;;;;;;;;;;;;;;;;;;;;;;;;;;;;;;;;;;;;;;;;
;;;;;;;;;0.09066348827969803;0.09007148530579824;0.1510541546093427;0.8333333333333331;;;;;;;;;;;;;;;;;;;;;;;;;;;;;;;;;;;;;;;;;;;;;;;;;;;;;;;;;;;;;;;;;;;;
;;;;;;;;;0.0916512059369204;0.09026876737720091;0.1510541546093427;0.8333333333333331;;;;;;;;;;;;;;;;;;;;;;;;;;;;;;;;;;;;;;;;;;;;;;;;;;;;;;;;;;;;;;;;;;;;
;;;;;;;;;0.0916512059369204;0.09026876737720091;0.1510541546093427;;;;;;;;;;;;;;;;;;;;;;;;;;;;;;;;;;;;;;;;;;;;;;;;;;;;;;;;;;;;;;;;;;;;;
;;;;;;;;4.117647058823528;0.24345159877354353;0.3046796910495229;0.31952337305224554;0.8333333333333331;;;;;;;;;;;;;;;;;;;;;;;;;;;;;;;;;;;;;;;;;;;;;;;;;;;;;;;;;;;;;;;;;;;;
;;;;;;;;;0.24561403508771926;0.3085610200364298;0.31324200913242;0.8333333333333331;;;;;;;;;;;;;;;;;;;;;;;;;;;;;;;;;;;;;;;;;;;;;;;;;;;;;;;;;;;;;;;;;;;;
;;;;;;;;;0.24273204903677756;0.3155921353452217;0.3242647058823529;0.8333333333333331;;;;;;;;;;;;;;;;;;;;;;;;;;;;;;;;;;;;;;;;;;;;;;;;;;;;;;;;;;;;;;;;;;;;
;;;;;;;;;0.2439316488973275;0.3095990279465368;0.3189981673793522;0.8333333333333331;;;;;;;;;;;;;;;;;;;;;;;;;;;;;;;;;;;;;;;;;;;;;;;;;;;;;;;;;;;;;;;;;;;;
;;;;;;;;;0.2439316488973275;0.3095990279465368;0.3189981673793522;;;;;;;;;;;;;;;;;;;;;;;;;;;;;;;;;;;;;;;;;;;;;;;;;;;;;;;;;;;;;;;;;;;;;
;;;;;;;;-13.125000000000004;0.20204953031596926;0.17382550335570465;0.1529801324503311;0.8333333333333331;;;;;;;;;;;;;;;;;;;;;;;;;;;;;;;;;;;;;;;;;;;;;;;;;;;;;;;;;;;;;;;;;;;;
;;;;;;;;;0.20685224839400426;0.1725062866722548;0.1562007465781833;0.8333333333333331;;;;;;;;;;;;;;;;;;;;;;;;;;;;;;;;;;;;;;;;;;;;;;;;;;;;;;;;;;;;;;;;;;;;
;;;;;;;;;0.20410431808465157;0.17118927973199324;0.1549108992954828;0.8333333333333331;;;;;;;;;;;;;;;;;;;;;;;;;;;;;;;;;;;;;;;;;;;;;;;;;;;;;;;;;;;;;;;;;;;;
;;;;;;;;;0.20433295324971468;0.1725062866722548;0.1546961325966853;0.8333333333333331;;;;;;;;;;;;;;;;;;;;;;;;;;;;;;;;;;;;;;;;;;;;;;;;;;;;;;;;;;;;;;;;;;;;
;;;;;;;;;0.20433295324971468;0.1725062866722548;0.1546961325966853;;;;;;;;;;;;;;;;;;;;;;;;;;;;;;;;;;;;;;;;;;;;;;;;;;;;;;;;;;;;;;;;;;;;;
;;;;;;;;-4.242424242424243;0.06219797349961028;0.06105919003115264;0.06105919003115264;0.8333333333333331;;;;;;;;;;;;;;;;;;;;;;;;;;;;;;;;;;;;;;;;;;;;;;;;;;;;;;;;;;;;;;;;;;;;
;;;;;;;;;0.06276803118908382;0.06105919003115264;0.06390948107686305;0.8333333333333331;;;;;;;;;;;;;;;;;;;;;;;;;;;;;;;;;;;;;;;;;;;;;;;;;;;;;;;;;;;;;;;;;;;;
;;;;;;;;;0.06333853354134165;0.059354336833916756;0.06276803118908382;0.8333333333333331;;;;;;;;;;;;;;;;;;;;;;;;;;;;;;;;;;;;;;;;;;;;;;;;;;;;;;;;;;;;;;;;;;;;
;;;;;;;;;0.06276803118908382;0.06049046321525885;0.06257796257796275;0.8333333333333331;;;;;;;;;;;;;;;;;;;;;;;;;;;;;;;;;;;;;;;;;;;;;;;;;;;;;;;;;;;;;;;;;;;;
;;;;;;;;;0.06276803118908382;0.06049046321525885;0.06257796257796275;;;;;;;;;;;;;;;;;;;;;;;;;;;;;;;;;;;;;;;;;;;;;;;;;;;;;;;;;;;;;;;;;;;;;
;;;;;;;;0.0;0.1878121032585696;0.13017944535073409;0.1258235054900366;4.117647058823528;;;;;;;;;;;;;;;;;;;;;;;;;;;;;;;;;;;;;;;;;;;;;;;;;;;;;;;;;;;;;;;;;;;;
;;;;;;;;;0.18714043993231808;0.13017944535073409;0.1264442636289666;4.117647058823528;;;;;;;;;;;;;;;;;;;;;;;;;;;;;;;;;;;;;;;;;;;;;;;;;;;;;;;;;;;;;;;;;;;;
;;;;;;;;;0.19050445103857566;0.13581661891117477;0.12520325203252033;4.117647058823528;;;;;;;;;;;;;;;;;;;;;;;;;;;;;;;;;;;;;;;;;;;;;;;;;;;;;;;;;;;;;;;;;;;;
;;;;;;;;;0.1884843353090601;0.13205389955083707;0.1258235054900366;4.117647058823528;;;;;;;;;;;;;;;;;;;;;;;;;;;;;;;;;;;;;;;;;;;;;;;;;;;;;;;;;;;;;;;;;;;;
;;;;;;;;;0.43561643835616437;0.2916140667267809;0.276496872207328;;;;;;;;;;;;;;;;;;;;;;;;;;;;;;;;;;;;;;;;;;;;;;;;;;;;;;;;;;;;;;;;;;;;;
;;;;;;;;0.8333333333333331;0.11046698872785829;0.14022988505747125;0.2697819314641744;4.117647058823528;;;;;;;;;;;;;;;;;;;;;;;;;;;;;;;;;;;;;;;;;;;;;;;;;;;;;;;;;;;;;;;;;;;;
;;;;;;;;;0.11107531212243253;0.14403292181069957;0.26091190792386004;4.117647058823528;;;;;;;;;;;;;;;;;;;;;;;;;;;;;;;;;;;;;;;;;;;;;;;;;;;;;;;;;;;;;;;;;;;;
;;;;;;;;;0.11229343006852074;0.13896636587366692;0.2705253784505788;4.117647058823528;;;;;;;;;;;;;;;;;;;;;;;;;;;;;;;;;;;;;;;;;;;;;;;;;;;;;;;;;;;;;;;;;;;;
;;;;;;;;;0.11127819548872157;0.14107338444687817;0.2670616113744073;4.117647058823528;;;;;;;;;;;;;;;;;;;;;;;;;;;;;;;;;;;;;;;;;;;;;;;;;;;;;;;;;;;;;;;;;;;;
;;;;;;;;;0.24177362893815657;0.3137637028014618;0.6600292825768671;;;;;;;;;;;;;;;;;;;;;;;;;;;;;;;;;;;;;;;;;;;;;;;;;;;;;;;;;;;;;;;;;;;;;
;;;;;;;;4.117647058823528;0.20410431808465157;0.2463361123299693;0.2847777278850471;4.117647058823528;;;;;;;;;;;;;;;;;;;;;;;;;;;;;;;;;;;;;;;;;;;;;;;;;;;;;;;;;;;;;;;;;;;;
;;;;;;;;;0.20410431808465157;0.24489259096887328;0.2870503597122302;4.117647058823528;;;;;;;;;;;;;;;;;;;;;;;;;;;;;;;;;;;;;;;;;;;;;;;;;;;;;;;;;;;;;;;;;;;;
;;;;;;;;;0.19999999999999998;0.2441717791411043;0.28402154398563734;4.117647058823528;;;;;;;;;;;;;;;;;;;;;;;;;;;;;;;;;;;;;;;;;;;;;;;;;;;;;;;;;;;;;;;;;;;;
;;;;;;;;;0.20273387441264415;0.24513300204618504;0.2852822278784251;4.117647058823528;;;;;;;;;;;;;;;;;;;;;;;;;;;;;;;;;;;;;;;;;;;;;;;;;;;;;;;;;;;;;;;;;;;;
;;;;;;;;;0.4741258741258741;0.5943302622253723;0.7165851823993977;;;;;;;;;;;;;;;;;;;;;;;;;;;;;;;;;;;;;;;;;;;;;;;;;;;;;;;;;;;;;;;;;;;;;
;;;;;;;;-13.125000000000004;0.1594347464671654;0.15555555555555556;0.1472164948453608;4.117647058823528;;;;;;;;;;;;;;;;;;;;;;;;;;;;;;;;;;;;;;;;;;;;;;;;;;;;;;;;;;;;;;;;;;;;
;;;;;;;;;0.1562007465781833;0.15233760860570952;0.1472164948453608;4.117647058823528;;;;;;;;;;;;;;;;;;;;;;;;;;;;;;;;;;;;;;;;;;;;;;;;;;;;;;;;;;;;;;;;;;;;
;;;;;;;;;0.15555555555555556;0.15878687162442875;0.1491329479768786;4.117647058823528;;;;;;;;;;;;;;;;;;;;;;;;;;;;;;;;;;;;;;;;;;;;;;;;;;;;;;;;;;;;;;;;;;;;
;;;;;;;;;0.15706183427859985;0.15555555555555556;0.14785478547854783;4.117647058823528;;;;;;;;;;;;;;;;;;;;;;;;;;;;;;;;;;;;;;;;;;;;;;;;;;;;;;;;;;;;;;;;;;;;
;;;;;;;;;0.35381738859457795;0.35;0.3306273062730627;;;;;;;;;;;;;;;;;;;;;;;;;;;;;;;;;;;;;;;;;;;;;;;;;;;;;;;;;;;;;;;;;;;;;
;;;;;;;;-4.242424242424243;0.09007148530579824;0.09007148530579824;0.09184890656063617;0.8333333333333331;;;;;;;;;;;;;;;;;;;;;;;;;;;;;;;;;;;;;;;;;;;;;;;;;;;;;;;;;;;;;;;;;;;;
;;;;;;;;;0.09184890656063617;0.09066348827969803;0.09363057324840764;0.8333333333333331;;;;;;;;;;;;;;;;;;;;;;;;;;;;;;;;;;;;;;;;;;;;;;;;;;;;;;;;;;;;;;;;;;;;
;;;;;;;;;0.08770816812053923;0.09066348827969803;0.09244232299124899;0.8333333333333331;;;;;;;;;;;;;;;;;;;;;;;;;;;;;;;;;;;;;;;;;;;;;;;;;;;;;;;;;;;;;;;;;;;;
;;;;;;;;;0.08987425545996049;0.09046610169491542;0.09264023339079676;0.8333333333333331;;;;;;;;;;;;;;;;;;;;;;;;;;;;;;;;;;;;;;;;;;;;;;;;;;;;;;;;;;;;;;;;;;;;
;;;;;;;;;0.08987425545996049;0.09046610169491542;0.09264023339079676;;;;;;;;;;;;;;;;;;;;;;;;;;;;;;;;;;;;;;;;;;;;;;;;;;;;;;;;;;;;;;;;;;;;;
;;;;;;;;0.0;0.2013657703798549;0.317162471395881;0.1925297113752122;-4.242424242424243;;;;;;;;;;;;;;;;;;;;;;;;;;;;;;;;;;;;;;;;;;;;;;;;;;;;;;;;;;;;;;;;;;;;
;;;;;;;;;0.19591663122075714;0.31246006389776354;0.18112094395280232;-4.242424242424243;;;;;;;;;;;;;;;;;;;;;;;;;;;;;;;;;;;;;;;;;;;;;;;;;;;;;;;;;;;;;;;;;;;;
;;;;;;;;;0.1972754363558961;0.317162471395881;0.18512885509083227;-4.242424242424243;;;;;;;;;;;;;;;;;;;;;;;;;;;;;;;;;;;;;;;;;;;;;;;;;;;;;;;;;;;;;;;;;;;;
;;;;;;;;;0.19818259264517937;0.3155921353452217;0.18624577226606556;-4.242424242424243;;;;;;;;;;;;;;;;;;;;;;;;;;;;;;;;;;;;;;;;;;;;;;;;;;;;;;;;;;;;;;;;;;;;
;;;;;;;;;1.3778874629812365;3.899435028248586;1.2397748592870603;;;;;;;;;;;;;;;;;;;;;;;;;;;;;;;;;;;;;;;;;;;;;;;;;;;;;;;;;;;;;;;;;;;;;
;;;;;;;;0.8333333333333331;0.17647058823529407;0.21584840654608095;0.21863675582398615;-4.242424242424243;;;;;;;;;;;;;;;;;;;;;;;;;;;;;;;;;;;;;;;;;;;;;;;;;;;;;;;;;;;;;;;;;;;;
;;;;;;;;;0.1791245791245791;0.21654459284791033;0.20754070265638386;-4.242424242424243;;;;;;;;;;;;;;;;;;;;;;;;;;;;;;;;;;;;;;;;;;;;;;;;;;;;;;;;;;;;;;;;;;;;
;;;;;;;;;0.17713324926439677;0.21863675582398615;0.2089193825042881;-4.242424242424243;;;;;;;;;;;;;;;;;;;;;;;;;;;;;;;;;;;;;;;;;;;;;;;;;;;;;;;;;;;;;;;;;;;;
;;;;;;;;;0.177575332866153;0.21700905042378993;0.21168384879725083;-4.242424242424243;;;;;;;;;;;;;;;;;;;;;;;;;;;;;;;;;;;;;;;;;;;;;;;;;;;;;;;;;;;;;;;;;;;;
;;;;;;;;;1.1466063348416347;1.6225563909774516;1.5496855345911946;;;;;;;;;;;;;;;;;;;;;;;;;;;;;;;;;;;;;;;;;;;;;;;;;;;;;;;;;;;;;;;;;;;;;
;;;;;;;;4.117647058823528;0.12458350264120274;0.16921790046005852;0.18178752107925797;-4.242424242424243;;;;;;;;;;;;;;;;;;;;;;;;;;;;;;;;;;;;;;;;;;;;;;;;;;;;;;;;;;;;;;;;;;;;
;;;;;;;;;0.12334551360129921;0.1731656184486373;0.18512885509083227;-4.242424242424243;;;;;;;;;;;;;;;;;;;;;;;;;;;;;;;;;;;;;;;;;;;;;;;;;;;;;;;;;;;;;;;;;;;;
;;;;;;;;;0.12396425670186838;0.1731656184486373;0.18178752107925797;-4.242424242424243;;;;;;;;;;;;;;;;;;;;;;;;;;;;;;;;;;;;;;;;;;;;;;;;;;;;;;;;;;;;;;;;;;;;
;;;;;;;;;0.12396425670186838;0.17184750733137827;0.18289973280832533;-4.242424242424243;;;;;;;;;;;;;;;;;;;;;;;;;;;;;;;;;;;;;;;;;;;;;;;;;;;;;;;;;;;;;;;;;;;;
;;;;;;;;;0.675221238938053;1.0880636604774534;1.2031452358926975;;;;;;;;;;;;;;;;;;;;;;;;;;;;;;;;;;;;;;;;;;;;;;;;;;;;;;;;;;;;;;;;;;;;;
;;;;;;;;-13.125000000000004;0.1938827527612574;0.19591663122075714;0.2034188034188034;4.117647058823528;;;;;;;;;;;;;;;;;;;;;;;;;;;;;;;;;;;;;;;;;;;;;;;;;;;;;;;;;;;;;;;;;;;;
;;;;;;;;;0.1884843353090601;0.19659574468085103;0.19999999999999998;4.117647058823528;;;;;;;;;;;;;;;;;;;;;;;;;;;;;;;;;;;;;;;;;;;;;;;;;;;;;;;;;;;;;;;;;;;;
;;;;;;;;;0.19050445103857566;0.1925297113752122;0.1972754363558961;4.117647058823528;;;;;;;;;;;;;;;;;;;;;;;;;;;;;;;;;;;;;;;;;;;;;;;;;;;;;;;;;;;;;;;;;;;;
;;;;;;;;;0.19095406360424044;0.19501204477823458;0.2002274665908442;4.117647058823528;;;;;;;;;;;;;;;;;;;;;;;;;;;;;;;;;;;;;;;;;;;;;;;;;;;;;;;;;;;;;;;;;;;;
;;;;;;;;;0.4422258592471355;0.45314455054329894;0.4672859986728602;;;;;;;;;;;;;;;;;;;;;;;;;;;;;;;;;;;;;;;;;;;;;;;;;;;;;;;;;;;;;;;;;;;;;
;;;;;;;;-4.242424242424243;0.14212905877517468;0.1491329479768786;0.16073211314475874;0.8333333333333331;;;;;;;;;;;;;;;;;;;;;;;;;;;;;;;;;;;;;;;;;;;;;;;;;;;;;;;;;;;;;;;;;;;;
;;;;;;;;;0.14212905877517468;0.14657873042044517;0.1594347464671654;0.8333333333333331;;;;;;;;;;;;;;;;;;;;;;;;;;;;;;;;;;;;;;;;;;;;;;;;;;;;;;;;;;;;;;;;;;;;
;;;;;;;;;0.14594149155335803;0.1510541546093427;0.15749273557492735;0.8333333333333331;;;;;;;;;;;;;;;;;;;;;;;;;;;;;;;;;;;;;;;;;;;;;;;;;;;;;;;;;;;;;;;;;;;;
;;;;;;;;;0.14339777869189632;0.14891977432227899;0.15921872835572815;0.8333333333333331;;;;;;;;;;;;;;;;;;;;;;;;;;;;;;;;;;;;;;;;;;;;;;;;;;;;;;;;;;;;;;;;;;;;
;;;;;;;;;0.14339777869189632;0.14891977432227899;0.15921872835572815;;;;;;;;;;;;;;;;;;;;;;;;;;;;;;;;;;;;;;;;;;;;;;;;;;;;;;;;;;;;;;;;;;;;;
;;;;;;;;0.0;0.2832660385823239;0.3258509659613614;0.2682970208981769;-4.242424242424243;;;;;;;;;;;;;;;;;;;;;;;;;;;;;;;;;;;;;;;;;;;;;;;;;;;;;;;;;;;;;;;;;;;;
;;;;;;;;;0.2787472035794183;0.31637694419030193;0.2645962732919254;-4.242424242424243;;;;;;;;;;;;;;;;;;;;;;;;;;;;;;;;;;;;;;;;;;;;;;;;;;;;;;;;;;;;;;;;;;;;
;;;;;;;;;0.2779964221824686;0.3282358360202671;0.26238369517058036;-4.242424242424243;;;;;;;;;;;;;;;;;;;;;;;;;;;;;;;;;;;;;;;;;;;;;;;;;;;;;;;;;;;;;;;;;;;;
;;;;;;;;;0.2800000000000002;0.32347266881028935;0.26508875739645;-4.242424242424243;;;;;;;;;;;;;;;;;;;;;;;;;;;;;;;;;;;;;;;;;;;;;;;;;;;;;;;;;;;;;;;;;;;;
;;;;;;;;;2.8000000000000145;4.216766467065867;5.4634146341463;;;;;;;;;;;;;;;;;;;;;;;;;;;;;;;;;;;;;;;;;;;;;;;;;;;;;;;;;;;;;;;;;;;;;
;;;;;;;;0.8333333333333331;0.19185405176071274;0.20547710740265296;0.22917933130699086;-4.242424242424243;;;;;;;;;;;;;;;;;;;;;;;;;;;;;;;;;;;;;;;;;;;;;;;;;;;;;;;;;;;;;;;;;;;;
;;;;;;;;;0.18983050847457622;0.20273387441264415;0.22143474503025062;-4.242424242424243;;;;;;;;;;;;;;;;;;;;;;;;;;;;;;;;;;;;;;;;;;;;;;;;;;;;;;;;;;;;;;;;;;;;
;;;;;;;;;0.18983050847457622;0.20685224839400426;0.21933534743202415;-4.242424242424243;;;;;;;;;;;;;;;;;;;;;;;;;;;;;;;;;;;;;;;;;;;;;;;;;;;;;;;;;;;;;;;;;;;;
;;;;;;;;;0.19050445103857566;0.20501924996435167;0.22330545139890415;-4.242424242424243;;;;;;;;;;;;;;;;;;;;;;;;;;;;;;;;;;;;;;;;;;;;;;;;;;;;;;;;;;;;;;;;;;;;
;;;;;;;;;1.2876790830945557;1.4626653102746616;1.7128318584070876;;;;;;;;;;;;;;;;;;;;;;;;;;;;;;;;;;;;;;;;;;;;;;;;;;;;;;;;;;;;;;;;;;;;;
;;;;;;;;4.117647058823528;0.12458350264120274;0.16921790046005852;0.18178752107925797;-4.242424242424243;;;;;;;;;;;;;;;;;;;;;;;;;;;;;;;;;;;;;;;;;;;;;;;;;;;;;;;;;;;;;;;;;;;;
;;;;;;;;;0.12334551360129921;0.1731656184486373;0.18512885509083227;-4.242424242424243;;;;;;;;;;;;;;;;;;;;;;;;;;;;;;;;;;;;;;;;;;;;;;;;;;;;;;;;;;;;;;;;;;;;
;;;;;;;;;0.12396425670186838;0.1731656184486373;0.18178752107925797;-4.242424242424243;;;;;;;;;;;;;;;;;;;;;;;;;;;;;;;;;;;;;;;;;;;;;;;;;;;;;;;;;;;;;;;;;;;;
;;;;;;;;;0.12396425670186838;0.17184750733137827;0.18289973280832533;-4.242424242424243;;;;;;;;;;;;;;;;;;;;;;;;;;;;;;;;;;;;;;;;;;;;;;;;;;;;;;;;;;;;;;;;;;;;
;;;;;;;;;0.675221238938053;1.0880636604774534;1.2031452358926975;;;;;;;;;;;;;;;;;;;;;;;;;;;;;;;;;;;;;;;;;;;;;;;;;;;;;;;;;;;;;;;;;;;;;
;;;;;;;;-13.125000000000004;0.1938827527612574;0.19591663122075714;0.2034188034188034;4.117647058823528;;;;;;;;;;;;;;;;;;;;;;;;;;;;;;;;;;;;;;;;;;;;;;;;;;;;;;;;;;;;;;;;;;;;
;;;;;;;;;0.1884843353090601;0.19659574468085103;0.19999999999999998;4.117647058823528;;;;;;;;;;;;;;;;;;;;;;;;;;;;;;;;;;;;;;;;;;;;;;;;;;;;;;;;;;;;;;;;;;;;
;;;;;;;;;0.19050445103857566;0.1925297113752122;0.1972754363558961;4.117647058823528;;;;;;;;;;;;;;;;;;;;;;;;;;;;;;;;;;;;;;;;;;;;;;;;;;;;;;;;;;;;;;;;;;;;
;;;;;;;;;0.19095406360424044;0.19501204477823458;0.2002274665908442;4.117647058823528;;;;;;;;;;;;;;;;;;;;;;;;;;;;;;;;;;;;;;;;;;;;;;;;;;;;;;;;;;;;;;;;;;;;
;;;;;;;;;0.4422258592471355;0.45314455054329894;0.4672859986728602;;;;;;;;;;;;;;;;;;;;;;;;;;;;;;;;;;;;;;;;;;;;;;;;;;;;;;;;;;;;;;;;;;;;;
;;;;;;;;-4.242424242424243;0.14212905877517468;0.1491329479768786;0.16073211314475874;0.8333333333333331;;;;;;;;;;;;;;;;;;;;;;;;;;;;;;;;;;;;;;;;;;;;;;;;;;;;;;;;;;;;;;;;;;;;
;;;;;;;;;0.14212905877517468;0.14657873042044517;0.1594347464671654;0.8333333333333331;;;;;;;;;;;;;;;;;;;;;;;;;;;;;;;;;;;;;;;;;;;;;;;;;;;;;;;;;;;;;;;;;;;;
;;;;;;;;;0.14594149155335803;0.1510541546093427;0.15749273557492735;0.8333333333333331;;;;;;;;;;;;;;;;;;;;;;;;;;;;;;;;;;;;;;;;;;;;;;;;;;;;;;;;;;;;;;;;;;;;
;;;;;;;;;0.14339777869189632;0.14891977432227899;0.15921872835572815;0.8333333333333331;;;;;;;;;;;;;;;;;;;;;;;;;;;;;;;;;;;;;;;;;;;;;;;;;;;;;;;;;;;;;;;;;;;;
;;;;;;;;;0.14339777869189632;0.14891977432227899;0.15921872835572815;;;;;;;;;;;;;;;;;;;;;;;;;;;;;;;;;;;;;;;;;;;;;;;;;;;;;;;;;;;;;;;;;;;;;
;;;;;;;;0.0;0.1972754363558961;0.24705882352941175;0.258709106984969;-1.9125683060109289;;;;;;;;;;;;;;;;;;;;;;;;;;;;;;;;;;;;;;;;;;;;;;;;;;;;;;;;;;;;;;;;;;;;
;;;;;;;;;0.20273387441264415;0.24129483814523184;0.2616474756421612;-1.9125683060109289;;;;;;;;;;;;;;;;;;;;;;;;;;;;;;;;;;;;;;;;;;;;;;;;;;;;;;;;;;;;;;;;;;;;
;;;;;;;;;0.20273387441264415;0.24273204903677756;0.2954360596475373;-1.9125683060109289;;;;;;;;;;;;;;;;;;;;;;;;;;;;;;;;;;;;;;;;;;;;;;;;;;;;;;;;;;;;;;;;;;;;
;;;;;;;;;0.2009102545868295;0.24369158878504646;0.2717659290063867;-1.9125683060109289;;;;;;;;;;;;;;;;;;;;;;;;;;;;;;;;;;;;;;;;;;;;;;;;;;;;;;;;;;;;;;;;;;;;
;;;;;;;;;-6.890731707317101;-4.301030927835059;-3.6377733598409496;;;;;;;;;;;;;;;;;;;;;;;;;;;;;;;;;;;;;;;;;;;;;;;;;;;;;;;;;;;;;;;;;;;;;
;;;;;;;;0.8333333333333331;0.12149229521492293;0.13080375356997143;0.1491329479768786;-1.9125683060109289;;;;;;;;;;;;;;;;;;;;;;;;;;;;;;;;;;;;;;;;;;;;;;;;;;;;;;;;;;;;;;;;;;;;
;;;;;;;;;0.12210953346855982;0.13393295175797218;0.15233760860570952;-1.9125683060109289;;;;;;;;;;;;;;;;;;;;;;;;;;;;;;;;;;;;;;;;;;;;;;;;;;;;;;;;;;;;;;;;;;;;
;;;;;;;;;0.11964358039692181;0.13142857142857142;0.14657873042044517;-1.9125683060109289;;;;;;;;;;;;;;;;;;;;;;;;;;;;;;;;;;;;;;;;;;;;;;;;;;;;;;;;;;;;;;;;;;;;
;;;;;;;;;0.12108108108108084;0.13205389955083707;0.14934618031658614;-1.9125683060109289;;;;;;;;;;;;;;;;;;;;;;;;;;;;;;;;;;;;;;;;;;;;;;;;;;;;;;;;;;;;;;;;;;;;
;;;;;;;;;5.4634146341463;8.740540540540538;37.41379310344685;;;;;;;;;;;;;;;;;;;;;;;;;;;;;;;;;;;;;;;;;;;;;;;;;;;;;;;;;;;;;;;;;;;;;
;;;;;;;;4.117647058823528;0.07891210090658256;0.08535233570863023;0.09066348827969803;-1.9125683060109289;;;;;;;;;;;;;;;;;;;;;;;;;;;;;;;;;;;;;;;;;;;;;;;;;;;;;;;;;;;;;;;;;;;;
;;;;;;;;;0.081247532570075;0.08241801659423152;0.08829829432764774;-1.9125683060109289;;;;;;;;;;;;;;;;;;;;;;;;;;;;;;;;;;;;;;;;;;;;;;;;;;;;;;;;;;;;;;;;;;;;
;;;;;;;;;0.081247532570075;0.08594059405940593;0.09066348827969803;-1.9125683060109289;;;;;;;;;;;;;;;;;;;;;;;;;;;;;;;;;;;;;;;;;;;;;;;;;;;;;;;;;;;;;;;;;;;;
;;;;;;;;;0.08046823622254393;0.0845687153785283;0.08987425545996049;-1.9125683060109289;;;;;;;;;;;;;;;;;;;;;;;;;;;;;;;;;;;;;;;;;;;;;;;;;;;;;;;;;;;;;;;;;;;;
;;;;;;;;;1.667029972752052;1.8531791907514539;2.128526645768036;;;;;;;;;;;;;;;;;;;;;;;;;;;;;;;;;;;;;;;;;;;;;;;;;;;;;;;;;;;;;;;;;;;;;
;;;;;;;;-13.125000000000004;0.08359035191775403;0.09066348827969803;0.09422540820390282;-3.017241379310345;;;;;;;;;;;;;;;;;;;;;;;;;;;;;;;;;;;;;;;;;;;;;;;;;;;;;;;;;;;;;;;;;;;;
;;;;;;;;;0.08241801659423152;0.09066348827969803;0.09244232299124899;-3.017241379310345;;;;;;;;;;;;;;;;;;;;;;;;;;;;;;;;;;;;;;;;;;;;;;;;;;;;;;;;;;;;;;;;;;;;
;;;;;;;;;0.08359035191775403;0.09007148530579824;0.09363057324840764;-3.017241379310345;;;;;;;;;;;;;;;;;;;;;;;;;;;;;;;;;;;;;;;;;;;;;;;;;;;;;;;;;;;;;;;;;;;;
;;;;;;;;;0.08319936750560003;0.09046610169491542;0.09343240015921471;-3.017241379310345;;;;;;;;;;;;;;;;;;;;;;;;;;;;;;;;;;;;;;;;;;;;;;;;;;;;;;;;;;;;;;;;;;;;
;;;;;;;;;0.545721694036301;0.6099999999999995;0.6372850678733027;;;;;;;;;;;;;;;;;;;;;;;;;;;;;;;;;;;;;;;;;;;;;;;;;;;;;;;;;;;;;;;;;;;;;
;;;;;;;;-4.242424242424243;0.05595653861078774;0.061628359953252825;0.06105919003115264;-4.242424242424243;;;;;;;;;;;;;;;;;;;;;;;;;;;;;;;;;;;;;;;;;;;;;;;;;;;;;;;;;;;;;;;;;;;;
;;;;;;;;;0.05426356589147286;0.06219797349961028;0.06105919003115264;-4.242424242424243;;;;;;;;;;;;;;;;;;;;;;;;;;;;;;;;;;;;;;;;;;;;;;;;;;;;;;;;;;;;;;;;;;;;
;;;;;;;;;0.05426356589147286;0.06105919003115264;0.06333853354134165;-4.242424242424243;;;;;;;;;;;;;;;;;;;;;;;;;;;;;;;;;;;;;;;;;;;;;;;;;;;;;;;;;;;;;;;;;;;;
;;;;;;;;;0.05482745250096936;0.061628359953252825;0.06181818181818161;-4.242424242424243;;;;;;;;;;;;;;;;;;;;;;;;;;;;;;;;;;;;;;;;;;;;;;;;;;;;;;;;;;;;;;;;;;;;
;;;;;;;;;0.24850615114235497;0.28402154398563734;0.2850299401197602;;;;;;;;;;;;;;;;;;;;;;;;;;;;;;;;;;;;;;;;;;;;;;;;;;;;;;;;;;;;;;;;;;;;;
;;;;;;;;0.0;0.09900119856172591;0.10682730923694776;0.12396425670186838;-1.6166281755196306;;;;;;;;;;;;;;;;;;;;;;;;;;;;;;;;;;;;;;;;;;;;;;;;;;;;;;;;;;;;;;;;;;;;
;;;;;;;;;0.09541650059784773;0.10864495375954965;0.1289323553382233;-1.6166281755196306;;;;;;;;;;;;;;;;;;;;;;;;;;;;;;;;;;;;;;;;;;;;;;;;;;;;;;;;;;;;;;;;;;;;
;;;;;;;;;0.0948207171314741;0.1044105854049719;0.12272727272727273;-1.6166281755196306;;;;;;;;;;;;;;;;;;;;;;;;;;;;;;;;;;;;;;;;;;;;;;;;;;;;;;;;;;;;;;;;;;;;
;;;;;;;;;0.09641052911459737;0.10662561906036694;0.12520325203252033;-1.6166281755196306;;;;;;;;;;;;;;;;;;;;;;;;;;;;;;;;;;;;;;;;;;;;;;;;;;;;;;;;;;;;;;;;;;;;
;;;;;;;;;-6.251724137931056;-4.770059880239532;-3.581395348837209;;;;;;;;;;;;;;;;;;;;;;;;;;;;;;;;;;;;;;;;;;;;;;;;;;;;;;;;;;;;;;;;;;;;;
;;;;;;;;0.8333333333333331;0.06333853354134165;0.06964355660007833;0.0748427672955975;-1.6166281755196306;;;;;;;;;;;;;;;;;;;;;;;;;;;;;;;;;;;;;;;;;;;;;;;;;;;;;;;;;;;;;;;;;;;;
;;;;;;;;;0.06562499999999999;0.06734454438795462;0.07310561444837063;-1.6166281755196306;;;;;;;;;;;;;;;;;;;;;;;;;;;;;;;;;;;;;;;;;;;;;;;;;;;;;;;;;;;;;;;;;;;;
;;;;;;;;;0.06619773348964439;0.0684931506849315;0.07600314712824548;-1.6166281755196306;;;;;;;;;;;;;;;;;;;;;;;;;;;;;;;;;;;;;;;;;;;;;;;;;;;;;;;;;;;;;;;;;;;;
;;;;;;;;;0.06505271378367825;0.0684931506849315;0.07464954801519735;-1.6166281755196306;;;;;;;;;;;;;;;;;;;;;;;;;;;;;;;;;;;;;;;;;;;;;;;;;;;;;;;;;;;;;;;;;;;;
;;;;;;;;;11.106666666666657;19.44444444444443;-113.96000000001239;;;;;;;;;;;;;;;;;;;;;;;;;;;;;;;;;;;;;;;;;;;;;;;;;;;;;;;;;;;;;;;;;;;;;
;;;;;;;;4.117647058823528;0.08066298342541435;0.08770816812053923;0.0871185097106619;-1.9125683060109289;;;;;;;;;;;;;;;;;;;;;;;;;;;;;;;;;;;;;;;;;;;;;;;;;;;;;;;;;;;;;;;;;;;;
;;;;;;;;;0.08007889546351084;0.08829829432764774;0.08770816812053923;-1.9125683060109289;;;;;;;;;;;;;;;;;;;;;;;;;;;;;;;;;;;;;;;;;;;;;;;;;;;;;;;;;;;;;;;;;;;;
;;;;;;;;;0.08066298342541435;0.08829829432764774;0.08535233570863023;-1.9125683060109289;;;;;;;;;;;;;;;;;;;;;;;;;;;;;;;;;;;;;;;;;;;;;;;;;;;;;;;;;;;;;;;;;;;;
;;;;;;;;;0.08046823622254393;0.08810153358011653;0.08672566371681395;-1.9125683060109289;;;;;;;;;;;;;;;;;;;;;;;;;;;;;;;;;;;;;;;;;;;;;;;;;;;;;;;;;;;;;;;;;;;;
;;;;;;;;;1.667029972752052;2.0317073170731805;1.9599999999999895;;;;;;;;;;;;;;;;;;;;;;;;;;;;;;;;;;;;;;;;;;;;;;;;;;;;;;;;;;;;;;;;;;;;;
;;;;;;;;-13.125000000000004;0.08594059405940593;0.09066348827969803;0.09780439121756485;-3.017241379310345;;;;;;;;;;;;;;;;;;;;;;;;;;;;;;;;;;;;;;;;;;;;;;;;;;;;;;;;;;;;;;;;;;;;
;;;;;;;;;0.0871185097106619;0.09244232299124899;0.09720670391061449;-3.017241379310345;;;;;;;;;;;;;;;;;;;;;;;;;;;;;;;;;;;;;;;;;;;;;;;;;;;;;;;;;;;;;;;;;;;;
;;;;;;;;;0.08652931854199682;0.09422540820390282;0.09780439121756485;-3.017241379310345;;;;;;;;;;;;;;;;;;;;;;;;;;;;;;;;;;;;;;;;;;;;;;;;;;;;;;;;;;;;;;;;;;;;
;;;;;;;;;0.08652931854199682;0.09244232299124899;0.09760510910058559;-3.017241379310345;;;;;;;;;;;;;;;;;;;;;;;;;;;;;;;;;;;;;;;;;;;;;;;;;;;;;;;;;;;;;;;;;;;;
;;;;;;;;;0.574736842105263;0.628108108108108;0.6767527675276748;;;;;;;;;;;;;;;;;;;;;;;;;;;;;;;;;;;;;;;;;;;;;;;;;;;;;;;;;;;;;;;;;;;;;
;;;;;;;;-4.242424242424243;0.059922178988326844;0.05539177657098525;0.05878693623639191;-4.242424242424243;;;;;;;;;;;;;;;;;;;;;;;;;;;;;;;;;;;;;;;;;;;;;;;;;;;;;;;;;;;;;;;;;;;;
;;;;;;;;;0.05878693623639191;0.05595653861078774;0.05878693623639191;-4.242424242424243;;;;;;;;;;;;;;;;;;;;;;;;;;;;;;;;;;;;;;;;;;;;;;;;;;;;;;;;;;;;;;;;;;;;
;;;;;;;;;0.06219797349961028;0.05765345765345764;0.06219797349961028;-4.242424242424243;;;;;;;;;;;;;;;;;;;;;;;;;;;;;;;;;;;;;;;;;;;;;;;;;;;;;;;;;;;;;;;;;;;;
;;;;;;;;;0.060300985988583466;0.05633329020571891;0.059922178988326844;-4.242424242424243;;;;;;;;;;;;;;;;;;;;;;;;;;;;;;;;;;;;;;;;;;;;;;;;;;;;;;;;;;;;;;;;;;;;
;;;;;;;;;0.27699642431466054;0.25626839317245464;0.27499999999999997;;;;;;;;;;;;;;;;;;;;;;;;;;;;;;;;;;;;;;;;;;;;;;;;;;;;;;;;;;;;;;;;;;;;;
;;;;;;;;0.0;0.0960127591706539;0.13833538335383352;0.13330608908868;-1.6166281755196306;;;;;;;;;;;;;;;;;;;;;;;;;;;;;;;;;;;;;;;;;;;;;;;;;;;;;;;;;;;;;;;;;;;;
;;;;;;;;;0.09660949341842838;0.13770491803278684;0.13456032719836397;-1.6166281755196306;;;;;;;;;;;;;;;;;;;;;;;;;;;;;;;;;;;;;;;;;;;;;;;;;;;;;;;;;;;;;;;;;;;;
;;;;;;;;;0.09660949341842838;0.1326797385620915;0.13142857142857142;-1.6166281755196306;;;;;;;;;;;;;;;;;;;;;;;;;;;;;;;;;;;;;;;;;;;;;;;;;;;;;;;;;;;;;;;;;;;;
;;;;;;;;;0.09641052911459737;0.13623584004367428;0.1330972487060748;-1.6166281755196306;;;;;;;;;;;;;;;;;;;;;;;;;;;;;;;;;;;;;;;;;;;;;;;;;;;;;;;;;;;;;;;;;;;;
;;;;;;;;;-6.251724137931056;-3.2096463022508064;-3.301351351351355;;;;;;;;;;;;;;;;;;;;;;;;;;;;;;;;;;;;;;;;;;;;;;;;;;;;;;;;;;;;;;;;;;;;;
;;;;;;;;0.8333333333333331;0.06677091477716965;0.07600314712824548;0.09303621169916433;-1.6166281755196306;;;;;;;;;;;;;;;;;;;;;;;;;;;;;;;;;;;;;;;;;;;;;;;;;;;;;;;;;;;;;;;;;;;;
;;;;;;;;;0.06734454438795462;0.07658402203856748;0.09363057324840764;-1.6166281755196306;;;;;;;;;;;;;;;;;;;;;;;;;;;;;;;;;;;;;;;;;;;;;;;;;;;;;;;;;;;;;;;;;;;;
;;;;;;;;;0.06677091477716965;0.07426326129666012;0.09244232299124899;-1.6166281755196306;;;;;;;;;;;;;;;;;;;;;;;;;;;;;;;;;;;;;;;;;;;;;;;;;;;;;;;;;;;;;;;;;;;;
;;;;;;;;;0.06696207480776731;0.0756161510225483;0.09303621169916433;-1.6166281755196306;;;;;;;;;;;;;;;;;;;;;;;;;;;;;;;;;;;;;;;;;;;;;;;;;;;;;;;;;;;;;;;;;;;;
;;;;;;;;;14.68000000000021;-57.6799999999972;-7.084848484848487;;;;;;;;;;;;;;;;;;;;;;;;;;;;;;;;;;;;;;;;;;;;;;;;;;;;;;;;;;;;;;;;;;;;;
;;;;;;;;4.117647058823528;0.07774714454509647;0.08947995236204842;0.0960127591706539;-1.9125683060109289;;;;;;;;;;;;;;;;;;;;;;;;;;;;;;;;;;;;;;;;;;;;;;;;;;;;;;;;;;;;;;;;;;;;
;;;;;;;;;0.08066298342541435;0.08888888888888888;0.09244232299124899;-1.9125683060109289;;;;;;;;;;;;;;;;;;;;;;;;;;;;;;;;;;;;;;;;;;;;;;;;;;;;;;;;;;;;;;;;;;;;
;;;;;;;;;0.07716535433070866;0.08829829432764774;0.0948207171314741;-1.9125683060109289;;;;;;;;;;;;;;;;;;;;;;;;;;;;;;;;;;;;;;;;;;;;;;;;;;;;;;;;;;;;;;;;;;;;
;;;;;;;;;0.07852357809010883;0.08888888888888888;0.09442379182156112;-1.9125683060109289;;;;;;;;;;;;;;;;;;;;;;;;;;;;;;;;;;;;;;;;;;;;;;;;;;;;;;;;;;;;;;;;;;;;
;;;;;;;;;1.585676392572936;2.0740740740740735;2.4027027027026895;;;;;;;;;;;;;;;;;;;;;;;;;;;;;;;;;;;;;;;;;;;;;;;;;;;;;;;;;;;;;;;;;;;;;
;;;;;;;;-13.125000000000004;0.08829829432764774;0.09363057324840764;0.10019992003198719;-3.017241379310345;;;;;;;;;;;;;;;;;;;;;;;;;;;;;;;;;;;;;;;;;;;;;;;;;;;;;;;;;;;;;;;;;;;;
;;;;;;;;;0.08770816812053923;0.08770816812053923;0.1008;-3.017241379310345;;;;;;;;;;;;;;;;;;;;;;;;;;;;;;;;;;;;;;;;;;;;;;;;;;;;;;;;;;;;;;;;;;;;
;;;;;;;;;0.0871185097106619;0.08947995236204842;0.10380761523046092;-3.017241379310345;;;;;;;;;;;;;;;;;;;;;;;;;;;;;;;;;;;;;;;;;;;;;;;;;;;;;;;;;;;;;;;;;;;;
;;;;;;;;;0.08770816812053923;0.09026876737720091;0.10160085378868708;-3.017241379310345;;;;;;;;;;;;;;;;;;;;;;;;;;;;;;;;;;;;;;;;;;;;;;;;;;;;;;;;;;;;;;;;;;;;
;;;;;;;;;0.585185185185185;0.6082069580731492;0.7157894736842108;;;;;;;;;;;;;;;;;;;;;;;;;;;;;;;;;;;;;;;;;;;;;;;;;;;;;;;;;;;;;;;;;;;;;
;;;;;;;;-4.242424242424243;0.05821997668091721;0.06049046321525885;0.059922178988326844;-4.242424242424243;;;;;;;;;;;;;;;;;;;;;;;;;;;;;;;;;;;;;;;;;;;;;;;;;;;;;;;;;;;;;;;;;;;;
;;;;;;;;;0.05765345765345764;0.06105919003115264;0.05878693623639191;-4.242424242424243;;;;;;;;;;;;;;;;;;;;;;;;;;;;;;;;;;;;;;;;;;;;;;;;;;;;;;;;;;;;;;;;;;;;
;;;;;;;;;0.05708737864077669;0.06049046321525885;0.06105919003115264;-4.242424242424243;;;;;;;;;;;;;;;;;;;;;;;;;;;;;;;;;;;;;;;;;;;;;;;;;;;;;;;;;;;;;;;;;;;;
;;;;;;;;;0.05765345765345764;0.06067998961847892;0.059922178988326844;-4.242424242424243;;;;;;;;;;;;;;;;;;;;;;;;;;;;;;;;;;;;;;;;;;;;;;;;;;;;;;;;;;;;;;;;;;;;
;;;;;;;;;0.26312056737588646;0.2789976133651549;0.27499999999999997;;;;;;;;;;;;;;;;;;;;;;;;;;;;;;;;;;;;;;;;;;;;;;;;;;;;;;;;;;;;;;;;;;;;;
;;;;;;;;0.0;0.07194978422910944;0.14403292181069957;0.15169561621174524;-1.6166281755196306;;;;;;;;;;;;;;;;;;;;;;;;;;;;;;;;;;;;;;;;;;;;;;;;;;;;;;;;;;;;;;;;;;;;
;;;;;;;;;0.07194978422910944;0.1370749692748873;0.15684647302904564;-1.6166281755196306;;;;;;;;;;;;;;;;;;;;;;;;;;;;;;;;;;;;;;;;;;;;;;;;;;;;;;;;;;;;;;;;;;;;
;;;;;;;;;0.07194978422910944;0.13959786622897;0.1491329479768786;-1.6166281755196306;;;;;;;;;;;;;;;;;;;;;;;;;;;;;;;;;;;;;;;;;;;;;;;;;;;;;;;;;;;;;;;;;;;;
;;;;;;;;;0.07194978422910944;0.14022988505747125;0.1525517241379308;-1.6166281755196306;;;;;;;;;;;;;;;;;;;;;;;;;;;;;;;;;;;;;;;;;;;;;;;;;;;;;;;;;;;;;;;;;;;;
;;;;;;;;;61.133333333333276;-3.105454545454546;-2.8505154639175236;;;;;;;;;;;;;;;;;;;;;;;;;;;;;;;;;;;;;;;;;;;;;;;;;;;;;;;;;;;;;;;;;;;;;
;;;;;;;;0.8333333333333331;0.06619773348964439;0.07658402203856748;0.08417721518987341;-1.6166281755196306;;;;;;;;;;;;;;;;;;;;;;;;;;;;;;;;;;;;;;;;;;;;;;;;;;;;;;;;;;;;;;;;;;;;
;;;;;;;;;0.0679186228482003;0.0748427672955975;0.07832939322301023;-1.6166281755196306;;;;;;;;;;;;;;;;;;;;;;;;;;;;;;;;;;;;;;;;;;;;;;;;;;;;;;;;;;;;;;;;;;;;
;;;;;;;;;0.06562499999999999;0.07368421052631578;0.07891210090658256;-1.6166281755196306;;;;;;;;;;;;;;;;;;;;;;;;;;;;;;;;;;;;;;;;;;;;;;;;;;;;;;;;;;;;;;;;;;;;
;;;;;;;;;0.06657980456026077;0.07503603721661622;0.08046823622254393;-1.6166281755196306;;;;;;;;;;;;;;;;;;;;;;;;;;;;;;;;;;;;;;;;;;;;;;;;;;;;;;;;;;;;;;;;;;;;
;;;;;;;;;13.810810810810597;-81.79999999999431;-17.48000000000024;;;;;;;;;;;;;;;;;;;;;;;;;;;;;;;;;;;;;;;;;;;;;;;;;;;;;;;;;;;;;;;;;;;;;
;;;;;;;;4.117647058823528;0.09066348827969803;0.09363057324840764;0.09066348827969803;-1.9125683060109289;;;;;;;;;;;;;;;;;;;;;;;;;;;;;;;;;;;;;;;;;;;;;;;;;;;;;;;;;;;;;;;;;;;;
;;;;;;;;;0.09125596184419714;0.0948207171314741;0.09125596184419714;-1.9125683060109289;;;;;;;;;;;;;;;;;;;;;;;;;;;;;;;;;;;;;;;;;;;;;;;;;;;;;;;;;;;;;;;;;;;;
;;;;;;;;;0.08770816812053923;0.09184890656063617;0.09125596184419714;-1.9125683060109289;;;;;;;;;;;;;;;;;;;;;;;;;;;;;;;;;;;;;;;;;;;;;;;;;;;;;;;;;;;;;;;;;;;;
;;;;;;;;;0.08987425545996049;0.09343240015921471;0.09105841833355428;-1.9125683060109289;;;;;;;;;;;;;;;;;;;;;;;;;;;;;;;;;;;;;;;;;;;;;;;;;;;;;;;;;;;;;;;;;;;;
;;;;;;;;;2.128526645768036;2.3395348837209426;2.1961661341853147;;;;;;;;;;;;;;;;;;;;;;;;;;;;;;;;;;;;;;;;;;;;;;;;;;;;;;;;;;;;;;;;;;;;;
;;;;;;;;-13.125000000000004;0.08476454293628807;0.09244232299124899;0.09660949341842838;-3.017241379310345;;;;;;;;;;;;;;;;;;;;;;;;;;;;;;;;;;;;;;;;;;;;;;;;;;;;;;;;;;;;;;;;;;;;
;;;;;;;;;0.08300395256916995;0.09244232299124899;0.09660949341842838;-3.017241379310345;;;;;;;;;;;;;;;;;;;;;;;;;;;;;;;;;;;;;;;;;;;;;;;;;;;;;;;;;;;;;;;;;;;;
;;;;;;;;;0.08476454293628807;0.09303621169916433;0.09541650059784773;-3.017241379310345;;;;;;;;;;;;;;;;;;;;;;;;;;;;;;;;;;;;;;;;;;;;;;;;;;;;;;;;;;;;;;;;;;;;
;;;;;;;;;0.08417721518987341;0.09264023339079676;0.0962116177057023;-3.017241379310345;;;;;;;;;;;;;;;;;;;;;;;;;;;;;;;;;;;;;;;;;;;;;;;;;;;;;;;;;;;;;;;;;;;;
;;;;;;;;;0.5541666666666666;0.6299368800721373;0.663428047662695;;;;;;;;;;;;;;;;;;;;;;;;;;;;;;;;;;;;;;;;;;;;;;;;;;;;;;;;;;;;;;;;;;;;;
;;;;;;;;-4.242424242424243;0.05821997668091721;0.05821997668091721;0.05708737864077669;-4.242424242424243;;;;;;;;;;;;;;;;;;;;;;;;;;;;;;;;;;;;;;;;;;;;;;;;;;;;;;;;;;;;;;;;;;;;
;;;;;;;;;0.05595653861078774;0.059922178988326844;0.06105919003115264;-4.242424242424243;;;;;;;;;;;;;;;;;;;;;;;;;;;;;;;;;;;;;;;;;;;;;;;;;;;;;;;;;;;;;;;;;;;;
;;;;;;;;;0.05595653861078774;0.05821997668091721;0.059922178988326844;-4.242424242424243;;;;;;;;;;;;;;;;;;;;;;;;;;;;;;;;;;;;;;;;;;;;;;;;;;;;;;;;;;;;;;;;;;;;
;;;;;;;;;0.05671023683188798;0.05878693623639191;0.059354336833916756;-4.242424242424243;;;;;;;;;;;;;;;;;;;;;;;;;;;;;;;;;;;;;;;;;;;;;;;;;;;;;;;;;;;;;;;;;;;;
;;;;;;;;;0.25822038892162613;0.2690391459074733;0.27201426024955433;;;;;;;;;;;;;;;;;;;;;;;;;;;;;;;;;;;;;;;;;;;;;;;;;;;;;;;;;;;;;;;;;;;;;
;;;;;;;;0.0;0.1020016012810248;0.13959786622897;0.13142857142857142;-1.6166281755196306;;;;;;;;;;;;;;;;;;;;;;;;;;;;;;;;;;;;;;;;;;;;;;;;;;;;;;;;;;;;;;;;;;;;
;;;;;;;;;0.09900119856172591;0.13959786622897;0.13017944535073409;-1.6166281755196306;;;;;;;;;;;;;;;;;;;;;;;;;;;;;;;;;;;;;;;;;;;;;;;;;;;;;;;;;;;;;;;;;;;;
;;;;;;;;;0.09541650059784773;0.13896636587366692;0.1326797385620915;-1.6166281755196306;;;;;;;;;;;;;;;;;;;;;;;;;;;;;;;;;;;;;;;;;;;;;;;;;;;;;;;;;;;;;;;;;;;;
;;;;;;;;;0.09880159786950753;0.13938730853391704;0.13142857142857142;-1.6166281755196306;;;;;;;;;;;;;;;;;;;;;;;;;;;;;;;;;;;;;;;;;;;;;;;;;;;;;;;;;;;;;;;;;;;;
;;;;;;;;;-5.796875000000018;-3.1263803680981623;-3.3541666666666674;;;;;;;;;;;;;;;;;;;;;;;;;;;;;;;;;;;;;;;;;;;;;;;;;;;;;;;;;;;;;;;;;;;;;
;;;;;;;;0.8333333333333331;0.07021943573667712;0.07600314712824548;0.08183254344391784;-1.6166281755196306;;;;;;;;;;;;;;;;;;;;;;;;;;;;;;;;;;;;;;;;;;;;;;;;;;;;;;;;;;;;;;;;;;;;
;;;;;;;;;0.06562499999999999;0.07600314712824548;0.08183254344391784;-1.6166281755196306;;;;;;;;;;;;;;;;;;;;;;;;;;;;;;;;;;;;;;;;;;;;;;;;;;;;;;;;;;;;;;;;;;;;
;;;;;;;;;0.06619773348964439;0.07774714454509647;0.08241801659423152;-1.6166281755196306;;;;;;;;;;;;;;;;;;;;;;;;;;;;;;;;;;;;;;;;;;;;;;;;;;;;;;;;;;;;;;;;;;;;
;;;;;;;;;0.06734454438795462;0.07658402203856748;0.08202764976958506;-1.6166281755196306;;;;;;;;;;;;;;;;;;;;;;;;;;;;;;;;;;;;;;;;;;;;;;;;;;;;;;;;;;;;;;;;;;;;
;;;;;;;;;15.65454545454544;-38.92000000000013;-14.488372093023116;;;;;;;;;;;;;;;;;;;;;;;;;;;;;;;;;;;;;;;;;;;;;;;;;;;;;;;;;;;;;;;;;;;;;
;;;;;;;;4.117647058823528;0.08594059405940593;0.09184890656063617;0.09303621169916433;-1.9125683060109289;;;;;;;;;;;;;;;;;;;;;;;;;;;;;;;;;;;;;;;;;;;;;;;;;;;;;;;;;;;;;;;;;;;;
;;;;;;;;;0.08359035191775403;0.09125596184419714;0.09303621169916433;-1.9125683060109289;;;;;;;;;;;;;;;;;;;;;;;;;;;;;;;;;;;;;;;;;;;;;;;;;;;;;;;;;;;;;;;;;;;;
;;;;;;;;;0.08183254344391784;0.09125596184419714;0.09066348827969803;-1.9125683060109289;;;;;;;;;;;;;;;;;;;;;;;;;;;;;;;;;;;;;;;;;;;;;;;;;;;;;;;;;;;;;;;;;;;;
;;;;;;;;;0.08378592143422073;0.09145355770504815;0.09224446506694967;-1.9125683060109289;;;;;;;;;;;;;;;;;;;;;;;;;;;;;;;;;;;;;;;;;;;;;;;;;;;;;;;;;;;;;;;;;;;;
;;;;;;;;;1.8159999999999907;2.2192926045015957;2.2664495114006633;;;;;;;;;;;;;;;;;;;;;;;;;;;;;;;;;;;;;;;;;;;;;;;;;;;;;;;;;;;;;;;;;;;;;
;;;;;;;;-13.125000000000004;0.08476454293628807;0.09303621169916433;0.09244232299124899;-3.017241379310345;;;;;;;;;;;;;;;;;;;;;;;;;;;;;;;;;;;;;;;;;;;;;;;;;;;;;;;;;;;;;;;;;;;;
;;;;;;;;;0.08241801659423152;0.09303621169916433;0.09244232299124899;-3.017241379310345;;;;;;;;;;;;;;;;;;;;;;;;;;;;;;;;;;;;;;;;;;;;;;;;;;;;;;;;;;;;;;;;;;;;
;;;;;;;;;0.081247532570075;0.09125596184419714;0.09066348827969803;-3.017241379310345;;;;;;;;;;;;;;;;;;;;;;;;;;;;;;;;;;;;;;;;;;;;;;;;;;;;;;;;;;;;;;;;;;;;
;;;;;;;;;0.08280858911869338;0.09244232299124899;0.09184890656063617;-3.017241379310345;;;;;;;;;;;;;;;;;;;;;;;;;;;;;;;;;;;;;;;;;;;;;;;;;;;;;;;;;;;;;;;;;;;;
;;;;;;;;;0.542364106988783;0.628108108108108;0.6226415094339621;;;;;;;;;;;;;;;;;;;;;;;;;;;;;;;;;;;;;;;;;;;;;;;;;;;;;;;;;;;;;;;;;;;;;
;;;;;;;;-4.242424242424243;0.05313710302091401;0.056521739130434775;0.05595653861078774;-4.242424242424243;;;;;;;;;;;;;;;;;;;;;;;;;;;;;;;;;;;;;;;;;;;;;;;;;;;;;;;;;;;;;;;;;;;;
;;;;;;;;;0.05426356589147286;0.05708737864077669;0.05539177657098525;-4.242424242424243;;;;;;;;;;;;;;;;;;;;;;;;;;;;;;;;;;;;;;;;;;;;;;;;;;;;;;;;;;;;;;;;;;;;
;;;;;;;;;0.05595653861078774;0.05595653861078774;0.05482745250096936;-4.242424242424243;;;;;;;;;;;;;;;;;;;;;;;;;;;;;;;;;;;;;;;;;;;;;;;;;;;;;;;;;;;;;;;;;;;;
;;;;;;;;;0.054451479519317544;0.056521739130434775;0.05539177657098525;-4.242424242424243;;;;;;;;;;;;;;;;;;;;;;;;;;;;;;;;;;;;;;;;;;;;;;;;;;;;;;;;;;;;;;;;;;;;
;;;;;;;;;0.24657694558221158;0.2572438162544169;0.2514084507042253;;;;;;;;;;;;;;;;;;;;;;;;;;;;;;;;;;;;;;;;;;;;;;;;;;;;;;;;;;;;;;;;;;;;;
;;;;;;;;0.0;0.1032051282051282;0.15426677713338857;0.15362318840579708;-1.6166281755196306;;;;;;;;;;;;;;;;;;;;;;;;;;;;;;;;;;;;;;;;;;;;;;;;;;;;;;;;;;;;;;;;;;;;
;;;;;;;;;0.1044105854049719;0.15233760860570952;0.1549108992954828;-1.6166281755196306;;;;;;;;;;;;;;;;;;;;;;;;;;;;;;;;;;;;;;;;;;;;;;;;;;;;;;;;;;;;;;;;;;;;
;;;;;;;;;0.10925181013676588;0.1491329479768786;0.15555555555555556;-1.6166281755196306;;;;;;;;;;;;;;;;;;;;;;;;;;;;;;;;;;;;;;;;;;;;;;;;;;;;;;;;;;;;;;;;;;;;
;;;;;;;;;0.10561797752808988;0.15190955466703407;0.1546961325966853;-1.6166281755196306;;;;;;;;;;;;;;;;;;;;;;;;;;;;;;;;;;;;;;;;;;;;;;;;;;;;;;;;;;;;;;;;;;;;
;;;;;;;;;-4.874074074074075;-2.86181818181818;-2.8140703517587955;;;;;;;;;;;;;;;;;;;;;;;;;;;;;;;;;;;;;;;;;;;;;;;;;;;;;;;;;;;;;;;;;;;;;
;;;;;;;;0.8333333333333331;0.07079576636613091;0.08007889546351084;0.08535233570863023;-1.6166281755196306;;;;;;;;;;;;;;;;;;;;;;;;;;;;;;;;;;;;;;;;;;;;;;;;;;;;;;;;;;;;;;;;;;;;
;;;;;;;;;0.06906812842599842;0.08241801659423152;0.08417721518987341;-1.6166281755196306;;;;;;;;;;;;;;;;;;;;;;;;;;;;;;;;;;;;;;;;;;;;;;;;;;;;;;;;;;;;;;;;;;;;
;;;;;;;;;0.07021943573667712;0.081247532570075;0.08594059405940593;-1.6166281755196306;;;;;;;;;;;;;;;;;;;;;;;;;;;;;;;;;;;;;;;;;;;;;;;;;;;;;;;;;;;;;;;;;;;;
;;;;;;;;;0.07002742588481146;0.081247532570075;0.08515635308088157;-1.6166281755196306;;;;;;;;;;;;;;;;;;;;;;;;;;;;;;;;;;;;;;;;;;;;;;;;;;;;;;;;;;;;;;;;;;;;
;;;;;;;;;28.22105263157816;-15.830769230769242;-10.938983050847538;;;;;;;;;;;;;;;;;;;;;;;;;;;;;;;;;;;;;;;;;;;;;;;;;;;;;;;;;;;;;;;;;;;;;
;;;;;;;;4.117647058823528;0.09720670391061449;0.0948207171314741;0.09780439121756485;-1.9125683060109289;;;;;;;;;;;;;;;;;;;;;;;;;;;;;;;;;;;;;;;;;;;;;;;;;;;;;;;;;;;;;;;;;;;;
;;;;;;;;;0.0948207171314741;0.09007148530579824;0.10380761523046092;-1.9125683060109289;;;;;;;;;;;;;;;;;;;;;;;;;;;;;;;;;;;;;;;;;;;;;;;;;;;;;;;;;;;;;;;;;;;;
;;;;;;;;;0.0960127591706539;0.09363057324840764;0.10561797752808988;-1.9125683060109289;;;;;;;;;;;;;;;;;;;;;;;;;;;;;;;;;;;;;;;;;;;;;;;;;;;;;;;;;;;;;;;;;;;;
;;;;;;;;;0.0960127591706539;0.09283819628647233;0.10240256273358268;-1.9125683060109289;;;;;;;;;;;;;;;;;;;;;;;;;;;;;;;;;;;;;;;;;;;;;;;;;;;;;;;;;;;;;;;;;;;;
;;;;;;;;;2.508333333333333;2.30263157894738;2.996875000000016;;;;;;;;;;;;;;;;;;;;;;;;;;;;;;;;;;;;;;;;;;;;;;;;;;;;;;;;;;;;;;;;;;;;;
;;;;;;;;-13.125000000000004;0.08066298342541435;0.08947995236204842;0.09422540820390282;-3.017241379310345;;;;;;;;;;;;;;;;;;;;;;;;;;;;;;;;;;;;;;;;;;;;;;;;;;;;;;;;;;;;;;;;;;;;
;;;;;;;;;0.07774714454509647;0.08770816812053923;0.09303621169916433;-3.017241379310345;;;;;;;;;;;;;;;;;;;;;;;;;;;;;;;;;;;;;;;;;;;;;;;;;;;;;;;;;;;;;;;;;;;;
;;;;;;;;;0.08066298342541435;0.08652931854199682;0.09541650059784773;-3.017241379310345;;;;;;;;;;;;;;;;;;;;;;;;;;;;;;;;;;;;;;;;;;;;;;;;;;;;;;;;;;;;;;;;;;;;
;;;;;;;;;0.07968975943210181;0.08790482485128862;0.09422540820390282;-3.017241379310345;;;;;;;;;;;;;;;;;;;;;;;;;;;;;;;;;;;;;;;;;;;;;;;;;;;;;;;;;;;;;;;;;;;;
;;;;;;;;;0.5159148936170216;0.5869373345101503;0.6446866485013623;;;;;;;;;;;;;;;;;;;;;;;;;;;;;;;;;;;;;;;;;;;;;;;;;;;;;;;;;;;;;;;;;;;;;
;;;;;;;;-4.242424242424243;0.05482745250096936;0.06219797349961028;0.05765345765345764;-4.242424242424243;;;;;;;;;;;;;;;;;;;;;;;;;;;;;;;;;;;;;;;;;;;;;;;;;;;;;;;;;;;;;;;;;;;;
;;;;;;;;;0.05821997668091721;0.06276803118908382;0.05821997668091721;-4.242424242424243;;;;;;;;;;;;;;;;;;;;;;;;;;;;;;;;;;;;;;;;;;;;;;;;;;;;;;;;;;;;;;;;;;;;
;;;;;;;;;0.05878693623639191;0.06390948107686305;0.05539177657098525;-4.242424242424243;;;;;;;;;;;;;;;;;;;;;;;;;;;;;;;;;;;;;;;;;;;;;;;;;;;;;;;;;;;;;;;;;;;;
;;;;;;;;;0.057276022786120984;0.06295814920717421;0.05708737864077669;-4.242424242424243;;;;;;;;;;;;;;;;;;;;;;;;;;;;;;;;;;;;;;;;;;;;;;;;;;;;;;;;;;;;;;;;;;;;
;;;;;;;;;0.2611570247933882;0.291105769230769;0.26017699115044246;;;;;;;;;;;;;;;;;;;;;;;;;;;;;;;;;;;;;;;;;;;;;;;;;;;;;;;;;;;;;;;;;;;;;
;;;;;;;;0.0;0.10803858520900321;0.1510541546093427;0.15169561621174524;-1.6166281755196306;;;;;;;;;;;;;;;;;;;;;;;;;;;;;;;;;;;;;;;;;;;;;;;;;;;;;;;;;;;;;;;;;;;;
;;;;;;;;;0.10925181013676588;0.1472164948453608;0.15041322314049588;-1.6166281755196306;;;;;;;;;;;;;;;;;;;;;;;;;;;;;;;;;;;;;;;;;;;;;;;;;;;;;;;;;;;;;;;;;;;;
;;;;;;;;;0.10803858520900321;0.1472164948453608;0.1510541546093427;-1.6166281755196306;;;;;;;;;;;;;;;;;;;;;;;;;;;;;;;;;;;;;;;;;;;;;;;;;;;;;;;;;;;;;;;;;;;;
;;;;;;;;;0.10844277673545988;0.14849360297152292;0.1510541546093427;-1.6166281755196306;;;;;;;;;;;;;;;;;;;;;;;;;;;;;;;;;;;;;;;;;;;;;;;;;;;;;;;;;;;;;;;;;;;;
;;;;;;;;;-4.597727272727282;-2.9252032520325204;-2.8771653543307085;;;;;;;;;;;;;;;;;;;;;;;;;;;;;;;;;;;;;;;;;;;;;;;;;;;;;;;;;;;;;;;;;;;;;
;;;;;;;;0.8333333333333331;0.08476454293628807;0.08300395256916995;0.08594059405940593;-1.6166281755196306;;;;;;;;;;;;;;;;;;;;;;;;;;;;;;;;;;;;;;;;;;;;;;;;;;;;;;;;;;;;;;;;;;;;
;;;;;;;;;0.08476454293628807;0.08300395256916995;0.08770816812053923;-1.6166281755196306;;;;;;;;;;;;;;;;;;;;;;;;;;;;;;;;;;;;;;;;;;;;;;;;;;;;;;;;;;;;;;;;;;;;
;;;;;;;;;0.08535233570863023;0.08359035191775403;0.08829829432764774;-1.6166281755196306;;;;;;;;;;;;;;;;;;;;;;;;;;;;;;;;;;;;;;;;;;;;;;;;;;;;;;;;;;;;;;;;;;;;
;;;;;;;;;0.08496042216358818;0.08319936750560003;0.0873150105708243;-1.6166281755196306;;;;;;;;;;;;;;;;;;;;;;;;;;;;;;;;;;;;;;;;;;;;;;;;;;;;;;;;;;;;;;;;;;;;
;;;;;;;;;-11.10344827586199;-12.885714285714178;-9.439999999999944;;;;;;;;;;;;;;;;;;;;;;;;;;;;;;;;;;;;;;;;;;;;;;;;;;;;;;;;;;;;;;;;;;;;;
;;;;;;;;4.117647058823528;0.09007148530579824;0.09541650059784773;0.09660949341842838;-1.9125683060109289;;;;;;;;;;;;;;;;;;;;;;;;;;;;;;;;;;;;;;;;;;;;;;;;;;;;;;;;;;;;;;;;;;;;
;;;;;;;;;0.08888888888888888;0.09303621169916433;0.09660949341842838;-1.9125683060109289;;;;;;;;;;;;;;;;;;;;;;;;;;;;;;;;;;;;;;;;;;;;;;;;;;;;;;;;;;;;;;;;;;;;
;;;;;;;;;0.08829829432764774;0.09541650059784773;0.09780439121756485;-1.9125683060109289;;;;;;;;;;;;;;;;;;;;;;;;;;;;;;;;;;;;;;;;;;;;;;;;;;;;;;;;;;;;;;;;;;;;
;;;;;;;;;0.08908585791771377;0.09462222812375533;0.09700758079531871;-1.9125683060109289;;;;;;;;;;;;;;;;;;;;;;;;;;;;;;;;;;;;;;;;;;;;;;;;;;;;;;;;;;;;;;;;;;;;
;;;;;;;;;2.084829721362218;2.415593220338996;2.577385159010614;;;;;;;;;;;;;;;;;;;;;;;;;;;;;;;;;;;;;;;;;;;;;;;;;;;;;;;;;;;;;;;;;;;;;
;;;;;;;;-13.125000000000004;0.08829829432764774;0.09840255591054313;0.09541650059784773;-3.017241379310345;;;;;;;;;;;;;;;;;;;;;;;;;;;;;;;;;;;;;;;;;;;;;;;;;;;;;;;;;;;;;;;;;;;;
;;;;;;;;;0.0871185097106619;0.09720670391061449;0.10019992003198719;-3.017241379310345;;;;;;;;;;;;;;;;;;;;;;;;;;;;;;;;;;;;;;;;;;;;;;;;;;;;;;;;;;;;;;;;;;;;
;;;;;;;;;0.08829829432764774;0.0948207171314741;0.09720670391061449;-3.017241379310345;;;;;;;;;;;;;;;;;;;;;;;;;;;;;;;;;;;;;;;;;;;;;;;;;;;;;;;;;;;;;;;;;;;;
;;;;;;;;;0.08790482485128862;0.09680851063829767;0.09760510910058559;-3.017241379310345;;;;;;;;;;;;;;;;;;;;;;;;;;;;;;;;;;;;;;;;;;;;;;;;;;;;;;;;;;;;;;;;;;;;
;;;;;;;;;0.5869373345101503;0.6691176470588239;0.6767527675276748;;;;;;;;;;;;;;;;;;;;;;;;;;;;;;;;;;;;;;;;;;;;;;;;;;;;;;;;;;;;;;;;;;;;;
;;;;;;;;-4.242424242424243;0.059354336833916756;0.06390948107686305;0.05595653861078774;-4.242424242424243;;;;;;;;;;;;;;;;;;;;;;;;;;;;;;;;;;;;;;;;;;;;;;;;;;;;;;;;;;;;;;;;;;;;
;;;;;;;;;0.05878693623639191;0.061628359953252825;0.05595653861078774;-4.242424242424243;;;;;;;;;;;;;;;;;;;;;;;;;;;;;;;;;;;;;;;;;;;;;;;;;;;;;;;;;;;;;;;;;;;;
;;;;;;;;;0.05878693623639191;0.06333853354134165;0.05821997668091721;-4.242424242424243;;;;;;;;;;;;;;;;;;;;;;;;;;;;;;;;;;;;;;;;;;;;;;;;;;;;;;;;;;;;;;;;;;;;
;;;;;;;;;0.05897602073882029;0.06295814920717421;0.05671023683188798;-4.242424242424243;;;;;;;;;;;;;;;;;;;;;;;;;;;;;;;;;;;;;;;;;;;;;;;;;;;;;;;;;;;;;;;;;;;;
;;;;;;;;;0.27002967359050417;0.291105769230769;0.25822038892162613;;;;;;;;;;;;;;;;;;;;;;;;;;;;;;;;;;;;;;;;;;;;;;;;;;;;;;;;;;;;;;;;;;;;;
;;;;;;;;0.0;0.1129032258064516;0.1652899457655402;0.1725062866722548;-1.6166281755196306;;;;;;;;;;;;;;;;;;;;;;;;;;;;;;;;;;;;;;;;;;;;;;;;;;;;;;;;;;;;;;;;;;;;
;;;;;;;;;0.10864495375954965;0.16594323873121866;0.16659707724425885;-1.6166281755196306;;;;;;;;;;;;;;;;;;;;;;;;;;;;;;;;;;;;;;;;;;;;;;;;;;;;;;;;;;;;;;;;;;;;
;;;;;;;;;0.10864495375954965;0.16659707724425885;0.16594323873121866;-1.6166281755196306;;;;;;;;;;;;;;;;;;;;;;;;;;;;;;;;;;;;;;;;;;;;;;;;;;;;;;;;;;;;;;;;;;;;
;;;;;;;;;0.1100617118325729;0.16594323873121866;0.16834331893548857;-1.6166281755196306;;;;;;;;;;;;;;;;;;;;;;;;;;;;;;;;;;;;;;;;;;;;;;;;;;;;;;;;;;;;;;;;;;;;
;;;;;;;;;-4.458695652173906;-2.650666666666667;-2.620824295010847;;;;;;;;;;;;;;;;;;;;;;;;;;;;;;;;;;;;;;;;;;;;;;;;;;;;;;;;;;;;;;;;;;;;;
;;;;;;;;0.8333333333333331;0.07949526813880126;0.09660949341842838;0.09007148530579824;-1.6166281755196306;;;;;;;;;;;;;;;;;;;;;;;;;;;;;;;;;;;;;;;;;;;;;;;;;;;;;;;;;;;;;;;;;;;;
;;;;;;;;;0.08359035191775403;0.09363057324840764;0.09125596184419714;-1.6166281755196306;;;;;;;;;;;;;;;;;;;;;;;;;;;;;;;;;;;;;;;;;;;;;;;;;;;;;;;;;;;;;;;;;;;;
;;;;;;;;;0.08652931854199682;0.09066348827969803;0.09184890656063617;-1.6166281755196306;;;;;;;;;;;;;;;;;;;;;;;;;;;;;;;;;;;;;;;;;;;;;;;;;;;;;;;;;;;;;;;;;;;;
;;;;;;;;;0.08319936750560003;0.09363057324840764;0.09105841833355428;-1.6166281755196306;;;;;;;;;;;;;;;;;;;;;;;;;;;;;;;;;;;;;;;;;;;;;;;;;;;;;;;;;;;;;;;;;;;;
;;;;;;;;;-12.885714285714178;-6.9176470588235315;-7.7235955056180154;;;;;;;;;;;;;;;;;;;;;;;;;;;;;;;;;;;;;;;;;;;;;;;;;;;;;;;;;;;;;;;;;;;;;
;;;;;;;;4.117647058823528;0.10803858520900321;0.1008;0.10140056022408961;-1.9125683060109289;;;;;;;;;;;;;;;;;;;;;;;;;;;;;;;;;;;;;;;;;;;;;;;;;;;;;;;;;;;;;;;;;;;;
;;;;;;;;;0.10501403931006817;0.09840255591054313;0.09780439121756485;-1.9125683060109289;;;;;;;;;;;;;;;;;;;;;;;;;;;;;;;;;;;;;;;;;;;;;;;;;;;;;;;;;;;;;;;;;;;;
;;;;;;;;;0.10743270389714742;0.09960031974420462;0.10260312374849818;-1.9125683060109289;;;;;;;;;;;;;;;;;;;;;;;;;;;;;;;;;;;;;;;;;;;;;;;;;;;;;;;;;;;;;;;;;;;;
;;;;;;;;;0.10682730923694776;0.09960031974420462;0.10059992001066542;-1.9125683060109289;;;;;;;;;;;;;;;;;;;;;;;;;;;;;;;;;;;;;;;;;;;;;;;;;;;;;;;;;;;;;;;;;;;;
;;;;;;;;;3.410256410256409;2.7688888888888883;2.847547169811336;;;;;;;;;;;;;;;;;;;;;;;;;;;;;;;;;;;;;;;;;;;;;;;;;;;;;;;;;;;;;;;;;;;;;
;;;;;;;;-13.125000000000004;0.09660949341842838;0.09660949341842838;0.10501403931006817;-3.017241379310345;;;;;;;;;;;;;;;;;;;;;;;;;;;;;;;;;;;;;;;;;;;;;;;;;;;;;;;;;;;;;;;;;;;;
;;;;;;;;;0.09720670391061449;0.09780439121756485;0.10140056022408961;-3.017241379310345;;;;;;;;;;;;;;;;;;;;;;;;;;;;;;;;;;;;;;;;;;;;;;;;;;;;;;;;;;;;;;;;;;;;
;;;;;;;;;0.09780439121756485;0.09660949341842838;0.10019992003198719;-3.017241379310345;;;;;;;;;;;;;;;;;;;;;;;;;;;;;;;;;;;;;;;;;;;;;;;;;;;;;;;;;;;;;;;;;;;;
;;;;;;;;;0.09720670391061449;0.09700758079531871;0.10220205525156789;-3.017241379310345;;;;;;;;;;;;;;;;;;;;;;;;;;;;;;;;;;;;;;;;;;;;;;;;;;;;;;;;;;;;;;;;;;;;
;;;;;;;;;0.67292817679558;0.6710211591536333;0.72177191328935;;;;;;;;;;;;;;;;;;;;;;;;;;;;;;;;;;;;;;;;;;;;;;;;;;;;;;;;;;;;;;;;;;;;;
;;;;;;;;-4.242424242424243;0.061628359953252825;0.06390948107686305;0.059354336833916756;-4.242424242424243;;;;;;;;;;;;;;;;;;;;;;;;;;;;;;;;;;;;;;;;;;;;;;;;;;;;;;;;;;;;;;;;;;;;
;;;;;;;;;0.06219797349961028;0.06276803118908382;0.059922178988326844;-4.242424242424243;;;;;;;;;;;;;;;;;;;;;;;;;;;;;;;;;;;;;;;;;;;;;;;;;;;;;;;;;;;;;;;;;;;;
;;;;;;;;;0.061628359953252825;0.061628359953252825;0.05878693623639191;-4.242424242424243;;;;;;;;;;;;;;;;;;;;;;;;;;;;;;;;;;;;;;;;;;;;;;;;;;;;;;;;;;;;;;;;;;;;
;;;;;;;;;0.06181818181818161;0.06276803118908382;0.059354336833916756;-4.242424242424243;;;;;;;;;;;;;;;;;;;;;;;;;;;;;;;;;;;;;;;;;;;;;;;;;;;;;;;;;;;;;;;;;;;;
;;;;;;;;;0.2850299401197602;0.29009009009009007;0.27201426024955433;;;;;;;;;;;;;;;;;;;;;;;;;;;;;;;;;;;;;;;;;;;;;;;;;;;;;;;;;;;;;;;;;;;;;
;;;;;;;;0.0;0.11964358039692181;0.1652899457655402;0.16659707724425885;-1.6166281755196306;;;;;;;;;;;;;;;;;;;;;;;;;;;;;;;;;;;;;;;;;;;;;;;;;;;;;;;;;;;;;;;;;;;;
;;;;;;;;;0.11718560452891222;0.16073211314475874;0.16790639364814036;-1.6166281755196306;;;;;;;;;;;;;;;;;;;;;;;;;;;;;;;;;;;;;;;;;;;;;;;;;;;;;;;;;;;;;;;;;;;;
;;;;;;;;;0.11595959595959594;0.16398499374739475;0.16921790046005852;-1.6166281755196306;;;;;;;;;;;;;;;;;;;;;;;;;;;;;;;;;;;;;;;;;;;;;;;;;;;;;;;;;;;;;;;;;;;;
;;;;;;;;;0.11759471484427685;0.1633333333333333;0.16790639364814036;-1.6166281755196306;;;;;;;;;;;;;;;;;;;;;;;;;;;;;;;;;;;;;;;;;;;;;;;;;;;;;;;;;;;;;;;;;;;;
;;;;;;;;;-3.9466063348416354;-2.684931506849315;-2.626143790849673;;;;;;;;;;;;;;;;;;;;;;;;;;;;;;;;;;;;;;;;;;;;;;;;;;;;;;;;;;;;;;;;;;;;;
;;;;;;;;0.8333333333333331;0.07891210090658256;0.09422540820390282;0.09422540820390282;-1.6166281755196306;;;;;;;;;;;;;;;;;;;;;;;;;;;;;;;;;;;;;;;;;;;;;;;;;;;;;;;;;;;;;;;;;;;;
;;;;;;;;;0.07949526813880126;0.09184890656063617;0.09007148530579824;-1.6166281755196306;;;;;;;;;;;;;;;;;;;;;;;;;;;;;;;;;;;;;;;;;;;;;;;;;;;;;;;;;;;;;;;;;;;;
;;;;;;;;;0.08066298342541435;0.09184890656063617;0.09125596184419714;-1.6166281755196306;;;;;;;;;;;;;;;;;;;;;;;;;;;;;;;;;;;;;;;;;;;;;;;;;;;;;;;;;;;;;;;;;;;;
;;;;;;;;;0.07968975943210181;0.09264023339079676;0.09184890656063617;-1.6166281755196306;;;;;;;;;;;;;;;;;;;;;;;;;;;;;;;;;;;;;;;;;;;;;;;;;;;;;;;;;;;;;;;;;;;;
;;;;;;;;;-19.554838709677156;-7.202061855670073;-7.45161290322581;;;;;;;;;;;;;;;;;;;;;;;;;;;;;;;;;;;;;;;;;;;;;;;;;;;;;;;;;;;;;;;;;;;;;
;;;;;;;;4.117647058823528;0.10019992003198719;0.0948207171314741;0.0960127591706539;-1.9125683060109289;;;;;;;;;;;;;;;;;;;;;;;;;;;;;;;;;;;;;;;;;;;;;;;;;;;;;;;;;;;;;;;;;;;;
;;;;;;;;;0.09780439121756485;0.09541650059784773;0.09541650059784773;-1.9125683060109289;;;;;;;;;;;;;;;;;;;;;;;;;;;;;;;;;;;;;;;;;;;;;;;;;;;;;;;;;;;;;;;;;;;;
;;;;;;;;;0.0960127591706539;0.09720670391061449;0.09422540820390282;-1.9125683060109289;;;;;;;;;;;;;;;;;;;;;;;;;;;;;;;;;;;;;;;;;;;;;;;;;;;;;;;;;;;;;;;;;;;;
;;;;;;;;;0.0980037263774286;0.09581395348837228;0.09521785334750284;-1.9125683060109289;;;;;;;;;;;;;;;;;;;;;;;;;;;;;;;;;;;;;;;;;;;;;;;;;;;;;;;;;;;;;;;;;;;;
;;;;;;;;;2.6489208633093377;2.4948096885813276;2.454794520547958;;;;;;;;;;;;;;;;;;;;;;;;;;;;;;;;;;;;;;;;;;;;;;;;;;;;;;;;;;;;;;;;;;;;;
;;;;;;;;-13.125000000000004;0.08652931854199682;0.0948207171314741;0.10260312374849818;-3.017241379310345;;;;;;;;;;;;;;;;;;;;;;;;;;;;;;;;;;;;;;;;;;;;;;;;;;;;;;;;;;;;;;;;;;;;
;;;;;;;;;0.08183254344391784;0.09363057324840764;0.10019992003198719;-3.017241379310345;;;;;;;;;;;;;;;;;;;;;;;;;;;;;;;;;;;;;;;;;;;;;;;;;;;;;;;;;;;;;;;;;;;;
;;;;;;;;;0.08066298342541435;0.0960127591706539;0.10380761523046092;-3.017241379310345;;;;;;;;;;;;;;;;;;;;;;;;;;;;;;;;;;;;;;;;;;;;;;;;;;;;;;;;;;;;;;;;;;;;
;;;;;;;;;0.08300395256916995;0.0948207171314741;0.10220205525156789;-3.017241379310345;;;;;;;;;;;;;;;;;;;;;;;;;;;;;;;;;;;;;;;;;;;;;;;;;;;;;;;;;;;;;;;;;;;;
;;;;;;;;;0.5440414507772019;0.6502732240437158;0.72177191328935;;;;;;;;;;;;;;;;;;;;;;;;;;;;;;;;;;;;;;;;;;;;;;;;;;;;;;;;;;;;;;;;;;;;;
;;;;;;;;-4.242424242424243;0.05539177657098525;0.05765345765345764;0.05145067698259187;-4.242424242424243;;;;;;;;;;;;;;;;;;;;;;;;;;;;;;;;;;;;;;;;;;;;;;;;;;;;;;;;;;;;;;;;;;;;
;;;;;;;;;0.05426356589147286;0.059354336833916756;0.05257452574525745;-4.242424242424243;;;;;;;;;;;;;;;;;;;;;;;;;;;;;;;;;;;;;;;;;;;;;;;;;;;;;;;;;;;;;;;;;;;;
;;;;;;;;;0.05257452574525745;0.05878693623639191;0.052012383900928785;-4.242424242424243;;;;;;;;;;;;;;;;;;;;;;;;;;;;;;;;;;;;;;;;;;;;;;;;;;;;;;;;;;;;;;;;;;;;
;;;;;;;;;0.054075700813848354;0.05859790073862917;0.052012383900928785;-4.242424242424243;;;;;;;;;;;;;;;;;;;;;;;;;;;;;;;;;;;;;;;;;;;;;;;;;;;;;;;;;;;;;;;;;;;;
;;;;;;;;;0.24465225014611364;0.2680497925311205;0.2341463414634146;;;;;;;;;;;;;;;;;;;;;;;;;;;;;;;;;;;;;;;;;;;;;;;;;;;;;;;;;;;;;;;;;;;;;
;;;;;;;;0.0;0.12149229521492293;0.16790639364814036;0.1791245791245791;-1.6166281755196306;;;;;;;;;;;;;;;;;;;;;;;;;;;;;;;;;;;;;;;;;;;;;;;;;;;;;;;;;;;;;;;;;;;;
;;;;;;;;;0.12025931928687195;0.16725146198830404;0.18579881656804734;-1.6166281755196306;;;;;;;;;;;;;;;;;;;;;;;;;;;;;;;;;;;;;;;;;;;;;;;;;;;;;;;;;;;;;;;;;;;;
;;;;;;;;;0.11534733441033924;0.17053160318124733;0.1804549283909014;-1.6166281755196306;;;;;;;;;;;;;;;;;;;;;;;;;;;;;;;;;;;;;;;;;;;;;;;;;;;;;;;;;;;;;;;;;;;;
;;;;;;;;;0.11902834008097164;0.16856187290969896;0.18178752107925797;-1.6166281755196306;;;;;;;;;;;;;;;;;;;;;;;;;;;;;;;;;;;;;;;;;;;;;;;;;;;;;;;;;;;;;;;;;;;;
;;;;;;;;;-3.8684210526315788;-2.6181818181818186;-2.4781609195402297;;;;;;;;;;;;;;;;;;;;;;;;;;;;;;;;;;;;;;;;;;;;;;;;;;;;;;;;;;;;;;;;;;;;;
;;;;;;;;0.8333333333333331;0.09422540820390282;0.1020016012810248;0.10743270389714742;-1.6166281755196306;;;;;;;;;;;;;;;;;;;;;;;;;;;;;;;;;;;;;;;;;;;;;;;;;;;;;;;;;;;;;;;;;;;;
;;;;;;;;;0.09363057324840764;0.1008;0.10803858520900321;-1.6166281755196306;;;;;;;;;;;;;;;;;;;;;;;;;;;;;;;;;;;;;;;;;;;;;;;;;;;;;;;;;;;;;;;;;;;;
;;;;;;;;;0.09422540820390282;0.10140056022408961;0.10925181013676588;-1.6166281755196306;;;;;;;;;;;;;;;;;;;;;;;;;;;;;;;;;;;;;;;;;;;;;;;;;;;;;;;;;;;;;;;;;;;;
;;;;;;;;;0.0940270772498011;0.10140056022408961;0.10824065389253629;-1.6166281755196306;;;;;;;;;;;;;;;;;;;;;;;;;;;;;;;;;;;;;;;;;;;;;;;;;;;;;;;;;;;;;;;;;;;;
;;;;;;;;;-6.811538461538489;-5.391489361702128;-4.615999999999992;;;;;;;;;;;;;;;;;;;;;;;;;;;;;;;;;;;;;;;;;;;;;;;;;;;;;;;;;;;;;;;;;;;;;
;;;;;;;;4.117647058823528;0.1044105854049719;0.10140056022408961;0.10743270389714742;-1.9125683060109289;;;;;;;;;;;;;;;;;;;;;;;;;;;;;;;;;;;;;;;;;;;;;;;;;;;;;;;;;;;;;;;;;;;;
;;;;;;;;;0.10380761523046092;0.1008;0.10561797752808988;-1.9125683060109289;;;;;;;;;;;;;;;;;;;;;;;;;;;;;;;;;;;;;;;;;;;;;;;;;;;;;;;;;;;;;;;;;;;;
;;;;;;;;;0.10743270389714742;0.09660949341842838;0.1044105854049719;-1.9125683060109289;;;;;;;;;;;;;;;;;;;;;;;;;;;;;;;;;;;;;;;;;;;;;;;;;;;;;;;;;;;;;;;;;;;;
;;;;;;;;;0.1052152982080768;0.09960031974420462;0.10581939799331082;-1.9125683060109289;;;;;;;;;;;;;;;;;;;;;;;;;;;;;;;;;;;;;;;;;;;;;;;;;;;;;;;;;;;;;;;;;;;;
;;;;;;;;;3.251239669421467;2.7688888888888883;3.3096234309623225;;;;;;;;;;;;;;;;;;;;;;;;;;;;;;;;;;;;;;;;;;;;;;;;;;;;;;;;;;;;;;;;;;;;;
;;;;;;;;-13.125000000000004;0.09066348827969803;0.09780439121756485;0.10019992003198719;-3.017241379310345;;;;;;;;;;;;;;;;;;;;;;;;;;;;;;;;;;;;;;;;;;;;;;;;;;;;;;;;;;;;;;;;;;;;
;;;;;;;;;0.09125596184419714;0.09780439121756485;0.10140056022408961;-3.017241379310345;;;;;;;;;;;;;;;;;;;;;;;;;;;;;;;;;;;;;;;;;;;;;;;;;;;;;;;;;;;;;;;;;;;;
;;;;;;;;;0.09125596184419714;0.10140056022408961;0.1020016012810248;-3.017241379310345;;;;;;;;;;;;;;;;;;;;;;;;;;;;;;;;;;;;;;;;;;;;;;;;;;;;;;;;;;;;;;;;;;;;
;;;;;;;;;0.09105841833355428;0.09900119856172591;0.10120032008535629;-3.017241379310345;;;;;;;;;;;;;;;;;;;;;;;;;;;;;;;;;;;;;;;;;;;;;;;;;;;;;;;;;;;;;;;;;;;;
;;;;;;;;;0.6153983885407337;0.69025069637883;0.711819887429643;;;;;;;;;;;;;;;;;;;;;;;;;;;;;;;;;;;;;;;;;;;;;;;;;;;;;;;;;;;;;;;;;;;;;
;;;;;;;;-4.242424242424243;0.05765345765345764;0.06734454438795462;0.059354336833916756;-4.242424242424243;;;;;;;;;;;;;;;;;;;;;;;;;;;;;;;;;;;;;;;;;;;;;;;;;;;;;;;;;;;;;;;;;;;;
;;;;;;;;;0.05821997668091721;0.06448087431693988;0.06049046321525885;-4.242424242424243;;;;;;;;;;;;;;;;;;;;;;;;;;;;;;;;;;;;;;;;;;;;;;;;;;;;;;;;;;;;;;;;;;;;
;;;;;;;;;0.05878693623639191;0.06562499999999999;0.06049046321525885;-4.242424242424243;;;;;;;;;;;;;;;;;;;;;;;;;;;;;;;;;;;;;;;;;;;;;;;;;;;;;;;;;;;;;;;;;;;;
;;;;;;;;;0.05821997668091721;0.0658158614402915;0.0601115579193149;-4.242424242424243;;;;;;;;;;;;;;;;;;;;;;;;;;;;;;;;;;;;;;;;;;;;;;;;;;;;;;;;;;;;;;;;;;;;
;;;;;;;;;0.2660746003552397;0.30648878107944183;0.27599761762954117;;;;;;;;;;;;;;;;;;;;;;;;;;;;;;;;;;;;;;;;;;;;;;;;;;;;;;;;;;;;;;;;;;;;;
;;;;;;;;0.0;0.1491329479768786;0.20273387441264415;0.19591663122075714;-1.6166281755196306;;;;;;;;;;;;;;;;;;;;;;;;;;;;;;;;;;;;;;;;;;;;;;;;;;;;;;;;;;;;;;;;;;;;
;;;;;;;;;0.14785478547854783;0.20410431808465157;0.1938827527612574;-1.6166281755196306;;;;;;;;;;;;;;;;;;;;;;;;;;;;;;;;;;;;;;;;;;;;;;;;;;;;;;;;;;;;;;;;;;;;
;;;;;;;;;0.14594149155335803;0.20479041916167665;0.19795570698466777;-1.6166281755196306;;;;;;;;;;;;;;;;;;;;;;;;;;;;;;;;;;;;;;;;;;;;;;;;;;;;;;;;;;;;;;;;;;;;
;;;;;;;;;0.1476419634263717;0.20387574807637523;0.19591663122075714;-1.6166281755196306;;;;;;;;;;;;;;;;;;;;;;;;;;;;;;;;;;;;;;;;;;;;;;;;;;;;;;;;;;;;;;;;;;;;
;;;;;;;;;-2.94191780821918;-2.3077419354838717;-2.362051282051282;;;;;;;;;;;;;;;;;;;;;;;;;;;;;;;;;;;;;;;;;;;;;;;;;;;;;;;;;;;;;;;;;;;;;
;;;;;;;;0.8333333333333331;0.1020016012810248;0.11046698872785829;0.11473556721840936;-1.6166281755196306;;;;;;;;;;;;;;;;;;;;;;;;;;;;;;;;;;;;;;;;;;;;;;;;;;;;;;;;;;;;;;;;;;;;
;;;;;;;;;0.1044105854049719;0.1135135135135135;0.11902834008097164;-1.6166281755196306;;;;;;;;;;;;;;;;;;;;;;;;;;;;;;;;;;;;;;;;;;;;;;;;;;;;;;;;;;;;;;;;;;;;
;;;;;;;;;0.10622240064231232;0.10985915492957744;0.11902834008097164;-1.6166281755196306;;;;;;;;;;;;;;;;;;;;;;;;;;;;;;;;;;;;;;;;;;;;;;;;;;;;;;;;;;;;;;;;;;;;
;;;;;;;;;0.10420954162768963;0.11127819548872157;0.11759471484427685;-1.6166281755196306;;;;;;;;;;;;;;;;;;;;;;;;;;;;;;;;;;;;;;;;;;;;;;;;;;;;;;;;;;;;;;;;;;;;
;;;;;;;;;-5.030967741935497;-4.362105263157888;-3.9466063348416354;;;;;;;;;;;;;;;;;;;;;;;;;;;;;;;;;;;;;;;;;;;;;;;;;;;;;;;;;;;;;;;;;;;;;
;;;;;;;;4.117647058823528;0.10803858520900321;0.10140056022408961;0.10501403931006817;-1.9125683060109289;;;;;;;;;;;;;;;;;;;;;;;;;;;;;;;;;;;;;;;;;;;;;;;;;;;;;;;;;;;;;;;;;;;;
;;;;;;;;;0.10985915492957744;0.10140056022408961;0.10622240064231232;-1.9125683060109289;;;;;;;;;;;;;;;;;;;;;;;;;;;;;;;;;;;;;;;;;;;;;;;;;;;;;;;;;;;;;;;;;;;;
;;;;;;;;;0.10501403931006817;0.10140056022408961;0.1044105854049719;-1.9125683060109289;;;;;;;;;;;;;;;;;;;;;;;;;;;;;;;;;;;;;;;;;;;;;;;;;;;;;;;;;;;;;;;;;;;;
;;;;;;;;;0.10763461023305632;0.10140056022408961;0.1052152982080768;-1.9125683060109289;;;;;;;;;;;;;;;;;;;;;;;;;;;;;;;;;;;;;;;;;;;;;;;;;;;;;;;;;;;;;;;;;;;;
;;;;;;;;;3.4939130434782384;2.912643678160919;3.251239669421467;;;;;;;;;;;;;;;;;;;;;;;;;;;;;;;;;;;;;;;;;;;;;;;;;;;;;;;;;;;;;;;;;;;;;
;;;;;;;;-13.125000000000004;0.09184890656063617;0.09900119856172591;0.0960127591706539;-3.017241379310345;;;;;;;;;;;;;;;;;;;;;;;;;;;;;;;;;;;;;;;;;;;;;;;;;;;;;;;;;;;;;;;;;;;;
;;;;;;;;;0.09007148530579824;0.09960031974420462;0.0948207171314741;-3.017241379310345;;;;;;;;;;;;;;;;;;;;;;;;;;;;;;;;;;;;;;;;;;;;;;;;;;;;;;;;;;;;;;;;;;;;
;;;;;;;;;0.09007148530579824;0.09720670391061449;0.09303621169916433;-3.017241379310345;;;;;;;;;;;;;;;;;;;;;;;;;;;;;;;;;;;;;;;;;;;;;;;;;;;;;;;;;;;;;;;;;;;;
;;;;;;;;;0.09066348827969803;0.09860205032618806;0.09462222812375533;-3.017241379310345;;;;;;;;;;;;;;;;;;;;;;;;;;;;;;;;;;;;;;;;;;;;;;;;;;;;;;;;;;;;;;;;;;;;
;;;;;;;;;0.6117962466487934;0.6863762743280819;0.6484076433121015;;;;;;;;;;;;;;;;;;;;;;;;;;;;;;;;;;;;;;;;;;;;;;;;;;;;;;;;;;;;;;;;;;;;;
;;;;;;;;-4.242424242424243;0.05765345765345764;0.05821997668091721;0.05426356589147286;-4.242424242424243;;;;;;;;;;;;;;;;;;;;;;;;;;;;;;;;;;;;;;;;;;;;;;;;;;;;;;;;;;;;;;;;;;;;
;;;;;;;;;0.056521739130434775;0.059354336833916756;0.05257452574525745;-4.242424242424243;;;;;;;;;;;;;;;;;;;;;;;;;;;;;;;;;;;;;;;;;;;;;;;;;;;;;;;;;;;;;;;;;;;;
;;;;;;;;;0.05821997668091721;0.06105919003115264;0.05257452574525745;-4.242424242424243;;;;;;;;;;;;;;;;;;;;;;;;;;;;;;;;;;;;;;;;;;;;;;;;;;;;;;;;;;;;;;;;;;;;
;;;;;;;;;0.057464715784021944;0.059543568464730086;0.05313710302091401;-4.242424242424243;;;;;;;;;;;;;;;;;;;;;;;;;;;;;;;;;;;;;;;;;;;;;;;;;;;;;;;;;;;;;;;;;;;;
;;;;;;;;;0.2621382161842885;0.2730083234244944;0.23986013986013982;;;;;;;;;;;;;;;;;;;;;;;;;;;;;;;;;;;;;;;;;;;;;;;;;;;;;;;;;;;;;;;;;;;;;
;;;;;;;;0.0;0.1370749692748873;0.20273387441264415;0.20616438356164377;-1.6166281755196306;;;;;;;;;;;;;;;;;;;;;;;;;;;;;;;;;;;;;;;;;;;;;;;;;;;;;;;;;;;;;;;;;;;;
;;;;;;;;;0.13456032719836397;0.1972754363558961;0.20754070265638386;-1.6166281755196306;;;;;;;;;;;;;;;;;;;;;;;;;;;;;;;;;;;;;;;;;;;;;;;;;;;;;;;;;;;;;;;;;;;;
;;;;;;;;;0.13142857142857142;0.20273387441264415;0.21306964746345655;-1.6166281755196306;;;;;;;;;;;;;;;;;;;;;;;;;;;;;;;;;;;;;;;;;;;;;;;;;;;;;;;;;;;;;;;;;;;;
;;;;;;;;;0.13435114503816814;0.2009102545868295;0.2089193825042881;-1.6166281755196306;;;;;;;;;;;;;;;;;;;;;;;;;;;;;;;;;;;;;;;;;;;;;;;;;;;;;;;;;;;;;;;;;;;;
;;;;;;;;;-3.263576158940401;-2.3271828665568357;-2.276635514018692;;;;;;;;;;;;;;;;;;;;;;;;;;;;;;;;;;;;;;;;;;;;;;;;;;;;;;;;;;;;;;;;;;;;;
;;;;;;;;0.8333333333333331;0.10682730923694776;0.1135135135135135;0.11657235246564267;-1.6166281755196306;;;;;;;;;;;;;;;;;;;;;;;;;;;;;;;;;;;;;;;;;;;;;;;;;;;;;;;;;;;;;;;;;;;;
;;;;;;;;;0.11046698872785829;0.11841359773371103;0.12458350264120274;-1.6166281755196306;;;;;;;;;;;;;;;;;;;;;;;;;;;;;;;;;;;;;;;;;;;;;;;;;;;;;;;;;;;;;;;;;;;;
;;;;;;;;;0.10925181013676588;0.11229343006852074;0.11718560452891222;-1.6166281755196306;;;;;;;;;;;;;;;;;;;;;;;;;;;;;;;;;;;;;;;;;;;;;;;;;;;;;;;;;;;;;;;;;;;;
;;;;;;;;;0.10884718498659494;0.11473556721840936;0.11943844492440624;-1.6166281755196306;;;;;;;;;;;;;;;;;;;;;;;;;;;;;;;;;;;;;;;;;;;;;;;;;;;;;;;;;;;;;;;;;;;;
;;;;;;;;;-4.561797752808981;-4.118840579710146;-3.8469565217391355;;;;;;;;;;;;;;;;;;;;;;;;;;;;;;;;;;;;;;;;;;;;;;;;;;;;;;;;;;;;;;;;;;;;;
;;;;;;;;4.117647058823528;0.10140056022408961;0.10260312374849818;0.11046698872785829;-1.9125683060109289;;;;;;;;;;;;;;;;;;;;;;;;;;;;;;;;;;;;;;;;;;;;;;;;;;;;;;;;;;;;;;;;;;;;
;;;;;;;;;0.1044105854049719;0.1020016012810248;0.10803858520900321;-1.9125683060109289;;;;;;;;;;;;;;;;;;;;;;;;;;;;;;;;;;;;;;;;;;;;;;;;;;;;;;;;;;;;;;;;;;;;
;;;;;;;;;0.1044105854049719;0.10380761523046092;0.10622240064231232;-1.9125683060109289;;;;;;;;;;;;;;;;;;;;;;;;;;;;;;;;;;;;;;;;;;;;;;;;;;;;;;;;;;;;;;;;;;;;
;;;;;;;;;0.10340590356618116;0.10280373831775678;0.10824065389253629;-1.9125683060109289;;;;;;;;;;;;;;;;;;;;;;;;;;;;;;;;;;;;;;;;;;;;;;;;;;;;;;;;;;;;;;;;;;;;
;;;;;;;;;3.0844621513944035;3.0314960629921073;3.558590308370021;;;;;;;;;;;;;;;;;;;;;;;;;;;;;;;;;;;;;;;;;;;;;;;;;;;;;;;;;;;;;;;;;;;;;
;;;;;;;;-13.125000000000004;0.08829829432764774;0.0948207171314741;0.08947995236204842;-3.017241379310345;;;;;;;;;;;;;;;;;;;;;;;;;;;;;;;;;;;;;;;;;;;;;;;;;;;;;;;;;;;;;;;;;;;;
;;;;;;;;;0.08770816812053923;0.09303621169916433;0.09244232299124899;-3.017241379310345;;;;;;;;;;;;;;;;;;;;;;;;;;;;;;;;;;;;;;;;;;;;;;;;;;;;;;;;;;;;;;;;;;;;
;;;;;;;;;0.08829829432764774;0.09184890656063617;0.09303621169916433;-3.017241379310345;;;;;;;;;;;;;;;;;;;;;;;;;;;;;;;;;;;;;;;;;;;;;;;;;;;;;;;;;;;;;;;;;;;;
;;;;;;;;;0.08810153358011653;0.09323427964977427;0.0916512059369204;-3.017241379310345;;;;;;;;;;;;;;;;;;;;;;;;;;;;;;;;;;;;;;;;;;;;;;;;;;;;;;;;;;;;;;;;;;;;
;;;;;;;;;0.5886925795052999;0.6354430379746838;0.6208258527827644;;;;;;;;;;;;;;;;;;;;;;;;;;;;;;;;;;;;;;;;;;;;;;;;;;;;;;;;;;;;;;;;;;;;;
;;;;;;;;-4.242424242424243;0.05482745250096936;0.05313710302091401;0.048648648648648644;-4.242424242424243;;;;;;;;;;;;;;;;;;;;;;;;;;;;;;;;;;;;;;;;;;;;;;;;;;;;;;;;;;;;;;;;;;;;
;;;;;;;;;0.05595653861078774;0.05765345765345764;0.048648648648648644;-4.242424242424243;;;;;;;;;;;;;;;;;;;;;;;;;;;;;;;;;;;;;;;;;;;;;;;;;;;;;;;;;;;;;;;;;;;;
;;;;;;;;;0.05426356589147286;0.05821997668091721;0.048648648648648644;-4.242424242424243;;;;;;;;;;;;;;;;;;;;;;;;;;;;;;;;;;;;;;;;;;;;;;;;;;;;;;;;;;;;;;;;;;;;
;;;;;;;;;0.055015511892450686;0.05633329020571891;0.048648648648648644;-4.242424242424243;;;;;;;;;;;;;;;;;;;;;;;;;;;;;;;;;;;;;;;;;;;;;;;;;;;;;;;;;;;;;;;;;;;;
;;;;;;;;;0.24947245017584965;0.25626839317245464;0.2172413793103448;;;;;;;;;;;;;;;;;;;;;;;;;;;;;;;;;;;;;;;;;;;;;;;;;;;;;;;;;;;;;;;;;;;;;
;;;;;;;;0.0;0.1408624229979466;0.18983050847457622;0.20754070265638386;-1.6166281755196306;;;;;;;;;;;;;;;;;;;;;;;;;;;;;;;;;;;;;;;;;;;;;;;;;;;;;;;;;;;;;;;;;;;;
;;;;;;;;;0.13456032719836397;0.19050445103857566;0.2034188034188034;-1.6166281755196306;;;;;;;;;;;;;;;;;;;;;;;;;;;;;;;;;;;;;;;;;;;;;;;;;;;;;;;;;;;;;;;;;;;;
;;;;;;;;;0.13456032719836397;0.18579881656804734;0.20479041916167665;-1.6166281755196306;;;;;;;;;;;;;;;;;;;;;;;;;;;;;;;;;;;;;;;;;;;;;;;;;;;;;;;;;;;;;;;;;;;;
;;;;;;;;;0.13665529010238883;0.18870853916725452;0.20524814603536817;-1.6166281755196306;;;;;;;;;;;;;;;;;;;;;;;;;;;;;;;;;;;;;;;;;;;;;;;;;;;;;;;;;;;;;;;;;;;;
;;;;;;;;;-3.198083067092649;-2.417721518987341;-2.2990415335463266;;;;;;;;;;;;;;;;;;;;;;;;;;;;;;;;;;;;;;;;;;;;;;;;;;;;;;;;;;;;;;;;;;;;;
;;;;;;;;0.8333333333333331;0.10561797752808988;0.11595959595959594;0.12955564614757437;-1.6166281755196306;;;;;;;;;;;;;;;;;;;;;;;;;;;;;;;;;;;;;;;;;;;;;;;;;;;;;;;;;;;;;;;;;;;;
;;;;;;;;;0.10622240064231232;0.11595959595959594;0.13080375356997143;-1.6166281755196306;;;;;;;;;;;;;;;;;;;;;;;;;;;;;;;;;;;;;;;;;;;;;;;;;;;;;;;;;;;;;;;;;;;;
;;;;;;;;;0.10622240064231232;0.11473556721840936;0.12955564614757437;-1.6166281755196306;;;;;;;;;;;;;;;;;;;;;;;;;;;;;;;;;;;;;;;;;;;;;;;;;;;;;;;;;;;;;;;;;;;;
;;;;;;;;;0.10602087235750622;0.11555136663524955;0.12997145575642263;-1.6166281755196306;;;;;;;;;;;;;;;;;;;;;;;;;;;;;;;;;;;;;;;;;;;;;;;;;;;;;;;;;;;;;;;;;;;;
;;;;;;;;;-4.831707317073182;-4.067298578199047;-3.4028469750889716;;;;;;;;;;;;;;;;;;;;;;;;;;;;;;;;;;;;;;;;;;;;;;;;;;;;;;;;;;;;;;;;;;;;;
;;;;;;;;4.117647058823528;0.09720670391061449;0.10260312374849818;0.10260312374849818;-1.9125683060109289;;;;;;;;;;;;;;;;;;;;;;;;;;;;;;;;;;;;;;;;;;;;;;;;;;;;;;;;;;;;;;;;;;;;
;;;;;;;;;0.0960127591706539;0.1008;0.10380761523046092;-1.9125683060109289;;;;;;;;;;;;;;;;;;;;;;;;;;;;;;;;;;;;;;;;;;;;;;;;;;;;;;;;;;;;;;;;;;;;
;;;;;;;;;0.0960127591706539;0.10140056022408961;0.10501403931006817;-1.9125683060109289;;;;;;;;;;;;;;;;;;;;;;;;;;;;;;;;;;;;;;;;;;;;;;;;;;;;;;;;;;;;;;;;;;;;
;;;;;;;;;0.09641052911459737;0.10160085378868708;0.10380761523046092;-1.9125683060109289;;;;;;;;;;;;;;;;;;;;;;;;;;;;;;;;;;;;;;;;;;;;;;;;;;;;;;;;;;;;;;;;;;;;
;;;;;;;;;2.5356643356643485;2.929230769230751;3.120481927710843;;;;;;;;;;;;;;;;;;;;;;;;;;;;;;;;;;;;;;;;;;;;;;;;;;;;;;;;;;;;;;;;;;;;;
;;;;;;;;-13.125000000000004;0.08829829432764774;0.09125596184419714;0.08947995236204842;-3.017241379310345;;;;;;;;;;;;;;;;;;;;;;;;;;;;;;;;;;;;;;;;;;;;;;;;;;;;;;;;;;;;;;;;;;;;
;;;;;;;;;0.08359035191775403;0.09303621169916433;0.09007148530579824;-3.017241379310345;;;;;;;;;;;;;;;;;;;;;;;;;;;;;;;;;;;;;;;;;;;;;;;;;;;;;;;;;;;;;;;;;;;;
;;;;;;;;;0.08594059405940593;0.09303621169916433;0.09007148530579824;-3.017241379310345;;;;;;;;;;;;;;;;;;;;;;;;;;;;;;;;;;;;;;;;;;;;;;;;;;;;;;;;;;;;;;;;;;;;
;;;;;;;;;0.08594059405940593;0.09244232299124899;0.08987425545996049;-3.017241379310345;;;;;;;;;;;;;;;;;;;;;;;;;;;;;;;;;;;;;;;;;;;;;;;;;;;;;;;;;;;;;;;;;;;;
;;;;;;;;;0.5695538057742782;0.628108108108108;0.6046304541406942;;;;;;;;;;;;;;;;;;;;;;;;;;;;;;;;;;;;;;;;;;;;;;;;;;;;;;;;;;;;;;;;;;;;;
;;;;;;;;-4.242424242424243;0.05313710302091401;0.05595653861078774;0.04808954071786954;-4.242424242424243;;;;;;;;;;;;;;;;;;;;;;;;;;;;;;;;;;;;;;;;;;;;;;;;;;;;;;;;;;;;;;;;;;;;
;;;;;;;;;0.052012383900928785;0.05765345765345764;0.04920818848976438;-4.242424242424243;;;;;;;;;;;;;;;;;;;;;;;;;;;;;;;;;;;;;;;;;;;;;;;;;;;;;;;;;;;;;;;;;;;;
;;;;;;;;;0.05257452574525745;0.05708737864077669;0.04808954071786954;-4.242424242424243;;;;;;;;;;;;;;;;;;;;;;;;;;;;;;;;;;;;;;;;;;;;;;;;;;;;;;;;;;;;;;;;;;;;
;;;;;;;;;0.05257452574525745;0.056898783329019084;0.04846223137305368;-4.242424242424243;;;;;;;;;;;;;;;;;;;;;;;;;;;;;;;;;;;;;;;;;;;;;;;;;;;;;;;;;;;;;;;;;;;;
;;;;;;;;;0.2369982547993019;0.25919811320754743;0.21631246410109153;;;;;;;;;;;;;;;;;;;;;;;;;;;;;;;;;;;;;;;;;;;;;;;;;;;;;;;;;;;;;;;;;;;;;
;;;;;;;;0.0;0.14594149155335803;0.19795570698466777;0.20754070265638386;-1.6166281755196306;;;;;;;;;;;;;;;;;;;;;;;;;;;;;;;;;;;;;;;;;;;;;;;;;;;;;;;;;;;;;;;;;;;;
;;;;;;;;;0.14657873042044517;0.19795570698466777;0.213763440860215;-1.6166281755196306;;;;;;;;;;;;;;;;;;;;;;;;;;;;;;;;;;;;;;;;;;;;;;;;;;;;;;;;;;;;;;;;;;;;
;;;;;;;;;0.14339777869189632;0.20410431808465157;0.21030042918454933;-1.6166281755196306;;;;;;;;;;;;;;;;;;;;;;;;;;;;;;;;;;;;;;;;;;;;;;;;;;;;;;;;;;;;;;;;;;;;
;;;;;;;;;0.14530477759472818;0.19999999999999998;0.210530834167978;-1.6166281755196306;;;;;;;;;;;;;;;;;;;;;;;;;;;;;;;;;;;;;;;;;;;;;;;;;;;;;;;;;;;;;;;;;;;;
;;;;;;;;;-2.989830508474576;-2.3333333333333335;-2.2671802773497682;;;;;;;;;;;;;;;;;;;;;;;;;;;;;;;;;;;;;;;;;;;;;;;;;;;;;;;;;;;;;;;;;;;;;
;;;;;;;;0.8333333333333331;0.10622240064231232;0.11964358039692181;0.1276872964169381;-1.6166281755196306;;;;;;;;;;;;;;;;;;;;;;;;;;;;;;;;;;;;;;;;;;;;;;;;;;;;;;;;;;;;;;;;;;;;
;;;;;;;;;0.10803858520900321;0.11841359773371103;0.1258235054900366;-1.6166281755196306;;;;;;;;;;;;;;;;;;;;;;;;;;;;;;;;;;;;;;;;;;;;;;;;;;;;;;;;;;;;;;;;;;;;
;;;;;;;;;0.10803858520900321;0.11595959595959594;0.1264442636289666;-1.6166281755196306;;;;;;;;;;;;;;;;;;;;;;;;;;;;;;;;;;;;;;;;;;;;;;;;;;;;;;;;;;;;;;;;;;;;
;;;;;;;;;0.10743270389714742;0.11800404585300046;0.12665129526651273;-1.6166281755196306;;;;;;;;;;;;;;;;;;;;;;;;;;;;;;;;;;;;;;;;;;;;;;;;;;;;;;;;;;;;;;;;;;;;
;;;;;;;;;-4.691228070175439;-3.9237668161434933;-3.5237735849056566;;;;;;;;;;;;;;;;;;;;;;;;;;;;;;;;;;;;;;;;;;;;;;;;;;;;;;;;;;;;;;;;;;;;;
;;;;;;;;4.117647058823528;0.1032051282051282;0.1044105854049719;0.10140056022408961;-1.9125683060109289;;;;;;;;;;;;;;;;;;;;;;;;;;;;;;;;;;;;;;;;;;;;;;;;;;;;;;;;;;;;;;;;;;;;
;;;;;;;;;0.1032051282051282;0.10140056022408961;0.10019992003198719;-1.9125683060109289;;;;;;;;;;;;;;;;;;;;;;;;;;;;;;;;;;;;;;;;;;;;;;;;;;;;;;;;;;;;;;;;;;;;
;;;;;;;;;0.10501403931006817;0.10260312374849818;0.1008;-1.9125683060109289;;;;;;;;;;;;;;;;;;;;;;;;;;;;;;;;;;;;;;;;;;;;;;;;;;;;;;;;;;;;;;;;;;;;
;;;;;;;;;0.10380761523046092;0.10280373831775678;0.1008;-1.9125683060109289;;;;;;;;;;;;;;;;;;;;;;;;;;;;;;;;;;;;;;;;;;;;;;;;;;;;;;;;;;;;;;;;;;;;
;;;;;;;;;3.120481927710843;3.0314960629921073;2.8636363636363633;;;;;;;;;;;;;;;;;;;;;;;;;;;;;;;;;;;;;;;;;;;;;;;;;;;;;;;;;;;;;;;;;;;;;
;;;;;;;;-13.125000000000004;0.08652931854199682;0.09184890656063617;0.09125596184419714;-3.017241379310345;;;;;;;;;;;;;;;;;;;;;;;;;;;;;;;;;;;;;;;;;;;;;;;;;;;;;;;;;;;;;;;;;;;;
;;;;;;;;;0.08476454293628807;0.09184890656063617;0.08829829432764774;-3.017241379310345;;;;;;;;;;;;;;;;;;;;;;;;;;;;;;;;;;;;;;;;;;;;;;;;;;;;;;;;;;;;;;;;;;;;
;;;;;;;;;0.08535233570863023;0.0948207171314741;0.09066348827969803;-3.017241379310345;;;;;;;;;;;;;;;;;;;;;;;;;;;;;;;;;;;;;;;;;;;;;;;;;;;;;;;;;;;;;;;;;;;;
;;;;;;;;;0.08554837006730875;0.09283819628647233;0.09007148530579824;-3.017241379310345;;;;;;;;;;;;;;;;;;;;;;;;;;;;;;;;;;;;;;;;;;;;;;;;;;;;;;;;;;;;;;;;;;;;
;;;;;;;;;0.5661135371179041;0.6317689530685916;0.6064171122994652;;;;;;;;;;;;;;;;;;;;;;;;;;;;;;;;;;;;;;;;;;;;;;;;;;;;;;;;;;;;;;;;;;;;;
;;;;;;;;-4.242424242424243;0.05539177657098525;0.05539177657098525;0.046972618588507514;-4.242424242424243;;;;;;;;;;;;;;;;;;;;;;;;;;;;;;;;;;;;;;;;;;;;;;;;;;;;;;;;;;;;;;;;;;;;
;;;;;;;;;0.05313710302091401;0.059354336833916756;0.04530046224961479;-4.242424242424243;;;;;;;;;;;;;;;;;;;;;;;;;;;;;;;;;;;;;;;;;;;;;;;;;;;;;;;;;;;;;;;;;;;;
;;;;;;;;;0.05257452574525745;0.06049046321525885;0.046972618588507514;-4.242424242424243;;;;;;;;;;;;;;;;;;;;;;;;;;;;;;;;;;;;;;;;;;;;;;;;;;;;;;;;;;;;;;;;;;;;
;;;;;;;;;0.053700116234017825;0.05840891422648335;0.04641480339244409;-4.242424242424243;;;;;;;;;;;;;;;;;;;;;;;;;;;;;;;;;;;;;;;;;;;;;;;;;;;;;;;;;;;;;;;;;;;;
;;;;;;;;;0.24273204903677756;0.2670616113744073;0.20616438356164377;;;;;;;;;;;;;;;;;;;;;;;;;;;;;;;;;;;;;;;;;;;;;;;;;;;;;;;;;;;;;;;;;;;;;
;;;;;;;;0.0;0.14657873042044517;0.21099184199227133;0.19659574468085103;-1.6166281755196306;;;;;;;;;;;;;;;;;;;;;;;;;;;;;;;;;;;;;;;;;;;;;;;;;;;;;;;;;;;;;;;;;;;;
;;;;;;;;;0.14339777869189632;0.20273387441264415;0.20068259385665527;-1.6166281755196306;;;;;;;;;;;;;;;;;;;;;;;;;;;;;;;;;;;;;;;;;;;;;;;;;;;;;;;;;;;;;;;;;;;;
;;;;;;;;;0.14594149155335803;0.20273387441264415;0.19456013599660008;-1.6166281755196306;;;;;;;;;;;;;;;;;;;;;;;;;;;;;;;;;;;;;;;;;;;;;;;;;;;;;;;;;;;;;;;;;;;;
;;;;;;;;;0.14530477759472818;0.20547710740265296;0.1972754363558961;-1.6166281755196306;;;;;;;;;;;;;;;;;;;;;;;;;;;;;;;;;;;;;;;;;;;;;;;;;;;;;;;;;;;;;;;;;;;;
;;;;;;;;;-2.989830508474576;-2.297607655502392;-2.352284263959391;;;;;;;;;;;;;;;;;;;;;;;;;;;;;;;;;;;;;;;;;;;;;;;;;;;;;;;;;;;;;;;;;;;;;
;;;;;;;;0.8333333333333331;0.10682730923694776;0.1135135135135135;0.11657235246564267;-1.6166281755196306;;;;;;;;;;;;;;;;;;;;;;;;;;;;;;;;;;;;;;;;;;;;;;;;;;;;;;;;;;;;;;;;;;;;
;;;;;;;;;0.11168412570507655;0.11657235246564267;0.12210953346855982;-1.6166281755196306;;;;;;;;;;;;;;;;;;;;;;;;;;;;;;;;;;;;;;;;;;;;;;;;;;;;;;;;;;;;;;;;;;;;
;;;;;;;;;0.11046698872785829;0.11534733441033924;0.12396425670186838;-1.6166281755196306;;;;;;;;;;;;;;;;;;;;;;;;;;;;;;;;;;;;;;;;;;;;;;;;;;;;;;;;;;;;;;;;;;;;
;;;;;;;;;0.1096566523605152;0.11514335711401284;0.12087555735711389;-1.6166281755196306;;;;;;;;;;;;;;;;;;;;;;;;;;;;;;;;;;;;;;;;;;;;;;;;;;;;;;;;;;;;;;;;;;;;
;;;;;;;;;-4.492307692307701;-4.0928229665071845;-3.774683544303798;;;;;;;;;;;;;;;;;;;;;;;;;;;;;;;;;;;;;;;;;;;;;;;;;;;;;;;;;;;;;;;;;;;;;
;;;;;;;;4.117647058823528;0.1008;0.09840255591054313;0.09184890656063617;-1.9125683060109289;;;;;;;;;;;;;;;;;;;;;;;;;;;;;;;;;;;;;;;;;;;;;;;;;;;;;;;;;;;;;;;;;;;;
;;;;;;;;;0.09900119856172591;0.09720670391061449;0.09184890656063617;-1.9125683060109289;;;;;;;;;;;;;;;;;;;;;;;;;;;;;;;;;;;;;;;;;;;;;;;;;;;;;;;;;;;;;;;;;;;;
;;;;;;;;;0.09840255591054313;0.1020016012810248;0.09780439121756485;-1.9125683060109289;;;;;;;;;;;;;;;;;;;;;;;;;;;;;;;;;;;;;;;;;;;;;;;;;;;;;;;;;;;;;;;;;;;;
;;;;;;;;;0.0994005594778209;0.09920085242408076;0.09382879893828779;-1.9125683060109289;;;;;;;;;;;;;;;;;;;;;;;;;;;;;;;;;;;;;;;;;;;;;;;;;;;;;;;;;;;;;;;;;;;;
;;;;;;;;;2.753505535055365;2.7382352941176316;2.3645484949832647;;;;;;;;;;;;;;;;;;;;;;;;;;;;;;;;;;;;;;;;;;;;;;;;;;;;;;;;;;;;;;;;;;;;;
;;;;;;;;-13.125000000000004;0.08241801659423152;0.08535233570863023;0.08594059405940593;-3.017241379310345;;;;;;;;;;;;;;;;;;;;;;;;;;;;;;;;;;;;;;;;;;;;;;;;;;;;;;;;;;;;;;;;;;;;
;;;;;;;;;0.08007889546351084;0.08594059405940593;0.08476454293628807;-3.017241379310345;;;;;;;;;;;;;;;;;;;;;;;;;;;;;;;;;;;;;;;;;;;;;;;;;;;;;;;;;;;;;;;;;;;;
;;;;;;;;;0.08183254344391784;0.08535233570863023;0.08417721518987341;-3.017241379310345;;;;;;;;;;;;;;;;;;;;;;;;;;;;;;;;;;;;;;;;;;;;;;;;;;;;;;;;;;;;;;;;;;;;
;;;;;;;;;0.08144248486443782;0.08554837006730875;0.08496042216358818;-3.017241379310345;;;;;;;;;;;;;;;;;;;;;;;;;;;;;;;;;;;;;;;;;;;;;;;;;;;;;;;;;;;;;;;;;;;;
;;;;;;;;;0.5307032590051461;0.5661135371179041;0.5609756097560978;;;;;;;;;;;;;;;;;;;;;;;;;;;;;;;;;;;;;;;;;;;;;;;;;;;;;;;;;;;;;;;;;;;;;
;;;;;;;;-4.242424242424243;0.05088940448569218;0.052012383900928785;0.044743935309973046;-4.242424242424243;;;;;;;;;;;;;;;;;;;;;;;;;;;;;;;;;;;;;;;;;;;;;;;;;;;;;;;;;;;;;;;;;;;;
;;;;;;;;;0.05088940448569218;0.053700116234017825;0.04307692307692307;-4.242424242424243;;;;;;;;;;;;;;;;;;;;;;;;;;;;;;;;;;;;;;;;;;;;;;;;;;;;;;;;;;;;;;;;;;;;
;;;;;;;;;0.04920818848976438;0.053700116234017825;0.044743935309973046;-4.242424242424243;;;;;;;;;;;;;;;;;;;;;;;;;;;;;;;;;;;;;;;;;;;;;;;;;;;;;;;;;;;;;;;;;;;;
;;;;;;;;;0.05032856590645534;0.05313710302091401;0.04418783679753656;-4.242424242424243;;;;;;;;;;;;;;;;;;;;;;;;;;;;;;;;;;;;;;;;;;;;;;;;;;;;;;;;;;;;;;;;;;;;
;;;;;;;;;0.2256499133448873;0.23986013986013982;0.1952380952380952;;;;;;;;;;;;;;;;;;;;;;;;;;;;;;;;;;;;;;;;;;;;;;;;;;;;;;;;;;;;;;;;;;;;;
;;;;;;;;0.0;0.1491329479768786;0.2228373702422145;0.2256499133448873;-1.6166281755196306;;;;;;;;;;;;;;;;;;;;;;;;;;;;;;;;;;;;;;;;;;;;;;;;;;;;;;;;;;;;;;;;;;;;
;;;;;;;;;0.14530477759472818;0.21933534743202415;0.21933534743202415;-1.6166281755196306;;;;;;;;;;;;;;;;;;;;;;;;;;;;;;;;;;;;;;;;;;;;;;;;;;;;;;;;;;;;;;;;;;;;
;;;;;;;;;0.14785478547854783;0.21654459284791033;0.22143474503025062;-1.6166281755196306;;;;;;;;;;;;;;;;;;;;;;;;;;;;;;;;;;;;;;;;;;;;;;;;;;;;;;;;;;;;;;;;;;;;
;;;;;;;;;0.14742919989001904;0.21956834532374073;0.22213575443147424;-1.6166281755196306;;;;;;;;;;;;;;;;;;;;;;;;;;;;;;;;;;;;;;;;;;;;;;;;;;;;;;;;;;;;;;;;;;;;
;;;;;;;;;-2.946153846153844;-2.2180232558139528;-2.205150214592275;;;;;;;;;;;;;;;;;;;;;;;;;;;;;;;;;;;;;;;;;;;;;;;;;;;;;;;;;;;;;;;;;;;;;
;;;;;;;;0.8333333333333331;0.11229343006852074;0.12830957230142567;0.13518821603927986;-1.6166281755196306;;;;;;;;;;;;;;;;;;;;;;;;;;;;;;;;;;;;;;;;;;;;;;;;;;;;;;;;;;;;;;;;;;;;
;;;;;;;;;0.11412429378531072;0.12955564614757437;0.13393295175797218;-1.6166281755196306;;;;;;;;;;;;;;;;;;;;;;;;;;;;;;;;;;;;;;;;;;;;;;;;;;;;;;;;;;;;;;;;;;;;
;;;;;;;;;0.1135135135135135;0.12955564614757437;0.13644553644553642;-1.6166281755196306;;;;;;;;;;;;;;;;;;;;;;;;;;;;;;;;;;;;;;;;;;;;;;;;;;;;;;;;;;;;;;;;;;;;
;;;;;;;;;0.1133100295778437;0.12914006249150908;0.13518821603927986;-1.6166281755196306;;;;;;;;;;;;;;;;;;;;;;;;;;;;;;;;;;;;;;;;;;;;;;;;;;;;;;;;;;;;;;;;;;;;
;;;;;;;;;-4.214000000000007;-3.431768953068589;-3.2392156862745103;;;;;;;;;;;;;;;;;;;;;;;;;;;;;;;;;;;;;;;;;;;;;;;;;;;;;;;;;;;;;;;;;;;;;
;;;;;;;;4.117647058823528;0.10743270389714742;0.10019992003198719;0.09840255591054313;-1.9125683060109289;;;;;;;;;;;;;;;;;;;;;;;;;;;;;;;;;;;;;;;;;;;;;;;;;;;;;;;;;;;;;;;;;;;;
;;;;;;;;;0.10864495375954965;0.09960031974420462;0.09780439121756485;-1.9125683060109289;;;;;;;;;;;;;;;;;;;;;;;;;;;;;;;;;;;;;;;;;;;;;;;;;;;;;;;;;;;;;;;;;;;;
;;;;;;;;;0.10622240064231232;0.09960031974420462;0.09720670391061449;-1.9125683060109289;;;;;;;;;;;;;;;;;;;;;;;;;;;;;;;;;;;;;;;;;;;;;;;;;;;;;;;;;;;;;;;;;;;;
;;;;;;;;;0.10743270389714742;0.09980013324450347;0.09780439121756485;-1.9125683060109289;;;;;;;;;;;;;;;;;;;;;;;;;;;;;;;;;;;;;;;;;;;;;;;;;;;;;;;;;;;;;;;;;;;;
;;;;;;;;;3.4727272727272718;2.784386617100356;2.634408602150537;;;;;;;;;;;;;;;;;;;;;;;;;;;;;;;;;;;;;;;;;;;;;;;;;;;;;;;;;;;;;;;;;;;;;
;;;;;;;;-13.125000000000004;0.08300395256916995;0.08359035191775403;0.08770816812053923;-3.017241379310345;;;;;;;;;;;;;;;;;;;;;;;;;;;;;;;;;;;;;;;;;;;;;;;;;;;;;;;;;;;;;;;;;;;;
;;;;;;;;;0.081247532570075;0.08652931854199682;0.08652931854199682;-3.017241379310345;;;;;;;;;;;;;;;;;;;;;;;;;;;;;;;;;;;;;;;;;;;;;;;;;;;;;;;;;;;;;;;;;;;;
;;;;;;;;;0.08241801659423152;0.08770816812053923;0.08770816812053923;-3.017241379310345;;;;;;;;;;;;;;;;;;;;;;;;;;;;;;;;;;;;;;;;;;;;;;;;;;;;;;;;;;;;;;;;;;;;
;;;;;;;;;0.08222280747958934;0.08594059405940593;0.0873150105708243;-3.017241379310345;;;;;;;;;;;;;;;;;;;;;;;;;;;;;;;;;;;;;;;;;;;;;;;;;;;;;;;;;;;;;;;;;;;;
;;;;;;;;;0.537349397590361;0.5695538057742782;0.5816901408450706;;;;;;;;;;;;;;;;;;;;;;;;;;;;;;;;;;;;;;;;;;;;;;;;;;;;;;;;;;;;;;;;;;;;;
;;;;;;;;-4.242424242424243;0.04976816074188562;0.05539177657098525;0.04252210688196847;-4.242424242424243;;;;;;;;;;;;;;;;;;;;;;;;;;;;;;;;;;;;;;;;;;;;;;;;;;;;;;;;;;;;;;;;;;;;
;;;;;;;;;0.04920818848976438;0.05539177657098525;0.04252210688196847;-4.242424242424243;;;;;;;;;;;;;;;;;;;;;;;;;;;;;;;;;;;;;;;;;;;;;;;;;;;;;;;;;;;;;;;;;;;;
;;;;;;;;;0.05032856590645534;0.05595653861078774;0.04307692307692307;-4.242424242424243;;;;;;;;;;;;;;;;;;;;;;;;;;;;;;;;;;;;;;;;;;;;;;;;;;;;;;;;;;;;;;;;;;;;
;;;;;;;;;0.04976816074188562;0.05557998189577117;0.042706998205588285;-4.242424242424243;;;;;;;;;;;;;;;;;;;;;;;;;;;;;;;;;;;;;;;;;;;;;;;;;;;;;;;;;;;;;;;;;;;;
;;;;;;;;;0.2228373702422145;0.2523781561949498;0.18803611738148962;;;;;;;;;;;;;;;;;;;;;;;;;;;;;;;;;;;;;;;;;;;;;;;;;;;;;;;;;;;;;;;;;;;;;
;;;;;;;;0.0;0.15555555555555556;0.21793876670978868;0.22988705473501303;-1.6166281755196306;;;;;;;;;;;;;;;;;;;;;;;;;;;;;;;;;;;;;;;;;;;;;;;;;;;;;;;;;;;;;;;;;;;;
;;;;;;;;;0.15555555555555556;0.2228373702422145;0.22494586401039407;-1.6166281755196306;;;;;;;;;;;;;;;;;;;;;;;;;;;;;;;;;;;;;;;;;;;;;;;;;;;;;;;;;;;;;;;;;;;;
;;;;;;;;;0.15684647302904564;0.21863675582398615;0.2263545730385782;-1.6166281755196306;;;;;;;;;;;;;;;;;;;;;;;;;;;;;;;;;;;;;;;;;;;;;;;;;;;;;;;;;;;;;;;;;;;;
;;;;;;;;;0.15598562344484398;0.2198014102748599;0.22705984388551603;-1.6166281755196306;;;;;;;;;;;;;;;;;;;;;;;;;;;;;;;;;;;;;;;;;;;;;;;;;;;;;;;;;;;;;;;;;;;;
;;;;;;;;;-2.7930693069306947;-2.216835994194485;-2.181666666666666;;;;;;;;;;;;;;;;;;;;;;;;;;;;;;;;;;;;;;;;;;;;;;;;;;;;;;;;;;;;;;;;;;;;;
;;;;;;;;0.8333333333333331;0.1276872964169381;0.12396425670186838;0.13393295175797218;-1.6166281755196306;;;;;;;;;;;;;;;;;;;;;;;;;;;;;;;;;;;;;;;;;;;;;;;;;;;;;;;;;;;;;;;;;;;;
;;;;;;;;;0.12830957230142567;0.1264442636289666;0.13205389955083707;-1.6166281755196306;;;;;;;;;;;;;;;;;;;;;;;;;;;;;;;;;;;;;;;;;;;;;;;;;;;;;;;;;;;;;;;;;;;;
;;;;;;;;;0.12520325203252033;0.12830957230142567;0.13581661891117477;-1.6166281755196306;;;;;;;;;;;;;;;;;;;;;;;;;;;;;;;;;;;;;;;;;;;;;;;;;;;;;;;;;;;;;;;;;;;;
;;;;;;;;;0.12706552706552704;0.12623728813559343;0.13393295175797218;-1.6166281755196306;;;;;;;;;;;;;;;;;;;;;;;;;;;;;;;;;;;;;;;;;;;;;;;;;;;;;;;;;;;;;;;;;;;;
;;;;;;;;;-3.5078651685393263;-3.5399239543726275;-3.2760000000000007;;;;;;;;;;;;;;;;;;;;;;;;;;;;;;;;;;;;;;;;;;;;;;;;;;;;;;;;;;;;;;;;;;;;;
;;;;;;;;4.117647058823528;0.10622240064231232;0.0960127591706539;0.0948207171314741;-1.9125683060109289;;;;;;;;;;;;;;;;;;;;;;;;;;;;;;;;;;;;;;;;;;;;;;;;;;;;;;;;;;;;;;;;;;;;
;;;;;;;;;0.10803858520900321;0.10140056022408961;0.09541650059784773;-1.9125683060109289;;;;;;;;;;;;;;;;;;;;;;;;;;;;;;;;;;;;;;;;;;;;;;;;;;;;;;;;;;;;;;;;;;;;
;;;;;;;;;0.10803858520900321;0.09840255591054313;0.09541650059784773;-1.9125683060109289;;;;;;;;;;;;;;;;;;;;;;;;;;;;;;;;;;;;;;;;;;;;;;;;;;;;;;;;;;;;;;;;;;;;
;;;;;;;;;0.10743270389714742;0.09860205032618806;0.09521785334750284;-1.9125683060109289;;;;;;;;;;;;;;;;;;;;;;;;;;;;;;;;;;;;;;;;;;;;;;;;;;;;;;;;;;;;;;;;;;;;
;;;;;;;;;3.4727272727272718;2.6930909090908943;2.454794520547958;;;;;;;;;;;;;;;;;;;;;;;;;;;;;;;;;;;;;;;;;;;;;;;;;;;;;;;;;;;;;;;;;;;;;
;;;;;;;;-13.125000000000004;0.08476454293628807;0.08183254344391784;0.08359035191775403;-3.017241379310345;;;;;;;;;;;;;;;;;;;;;;;;;;;;;;;;;;;;;;;;;;;;;;;;;;;;;;;;;;;;;;;;;;;;
;;;;;;;;;0.08007889546351084;0.08359035191775403;0.08183254344391784;-3.017241379310345;;;;;;;;;;;;;;;;;;;;;;;;;;;;;;;;;;;;;;;;;;;;;;;;;;;;;;;;;;;;;;;;;;;;
;;;;;;;;;0.08241801659423152;0.08417721518987341;0.08066298342541435;-3.017241379310345;;;;;;;;;;;;;;;;;;;;;;;;;;;;;;;;;;;;;;;;;;;;;;;;;;;;;;;;;;;;;;;;;;;;
;;;;;;;;;0.08241801659423152;0.08319936750560003;0.08202764976958506;-3.017241379310345;;;;;;;;;;;;;;;;;;;;;;;;;;;;;;;;;;;;;;;;;;;;;;;;;;;;;;;;;;;;;;;;;;;;
;;;;;;;;;0.5390180878552971;0.545721694036301;0.5356835769561482;;;;;;;;;;;;;;;;;;;;;;;;;;;;;;;;;;;;;;;;;;;;;;;;;;;;;;;;;;;;;;;;;;;;;
;;;;;;;;-4.242424242424243;0.053700116234017825;0.04976816074188562;0.04530046224961479;-4.242424242424243;;;;;;;;;;;;;;;;;;;;;;;;;;;;;;;;;;;;;;;;;;;;;;;;;;;;;;;;;;;;;;;;;;;;
;;;;;;;;;0.05145067698259187;0.05145067698259187;0.04530046224961479;-4.242424242424243;;;;;;;;;;;;;;;;;;;;;;;;;;;;;;;;;;;;;;;;;;;;;;;;;;;;;;;;;;;;;;;;;;;;
;;;;;;;;;0.05313710302091401;0.05088940448569218;0.044743935309973046;-4.242424242424243;;;;;;;;;;;;;;;;;;;;;;;;;;;;;;;;;;;;;;;;;;;;;;;;;;;;;;;;;;;;;;;;;;;;
;;;;;;;;;0.05276200309757354;0.050702410104394906;0.045114905636153564;-4.242424242424243;;;;;;;;;;;;;;;;;;;;;;;;;;;;;;;;;;;;;;;;;;;;;;;;;;;;;;;;;;;;;;;;;;;;
;;;;;;;;;0.23795110593713595;0.22753036437246985;0.19977259806708378;;;;;;;;;;;;;;;;;;;;;;;;;;;;;;;;;;;;;;;;;;;;;;;;;;;;;;;;;;;;;;;;;;;;;
;;;;;;;;0.0;0.14403292181069957;0.22213575443147424;0.21654459284791033;-1.6166281755196306;;;;;;;;;;;;;;;;;;;;;;;;;;;;;;;;;;;;;;;;;;;;;;;;;;;;;;;;;;;;;;;;;;;;
;;;;;;;;;0.1446685878962536;0.2256499133448873;0.21306964746345655;-1.6166281755196306;;;;;;;;;;;;;;;;;;;;;;;;;;;;;;;;;;;;;;;;;;;;;;;;;;;;;;;;;;;;;;;;;;;;
;;;;;;;;;0.1446685878962536;0.22353959324967546;0.21863675582398615;-1.6166281755196306;;;;;;;;;;;;;;;;;;;;;;;;;;;;;;;;;;;;;;;;;;;;;;;;;;;;;;;;;;;;;;;;;;;;
;;;;;;;;;0.14445664105378725;0.22377380265435637;0.21608040201004997;-1.6166281755196306;;;;;;;;;;;;;;;;;;;;;;;;;;;;;;;;;;;;;;;;;;;;;;;;;;;;;;;;;;;;;;;;;;;;
;;;;;;;;;-3.0080000000000022;-2.1971671388101974;-2.236255572065378;;;;;;;;;;;;;;;;;;;;;;;;;;;;;;;;;;;;;;;;;;;;;;;;;;;;;;;;;;;;;;;;;;;;;
;;;;;;;;0.8333333333333331;0.11657235246564267;0.11841359773371103;0.1276872964169381;-1.6166281755196306;;;;;;;;;;;;;;;;;;;;;;;;;;;;;;;;;;;;;;;;;;;;;;;;;;;;;;;;;;;;;;;;;;;;
;;;;;;;;;0.11718560452891222;0.12149229521492293;0.1276872964169381;-1.6166281755196306;;;;;;;;;;;;;;;;;;;;;;;;;;;;;;;;;;;;;;;;;;;;;;;;;;;;;;;;;;;;;;;;;;;;
;;;;;;;;;0.11779935275080905;0.11964358039692181;0.12830957230142567;-1.6166281755196306;;;;;;;;;;;;;;;;;;;;;;;;;;;;;;;;;;;;;;;;;;;;;;;;;;;;;;;;;;;;;;;;;;;;
;;;;;;;;;0.11718560452891222;0.11984877126654045;0.12789466539975544;-1.6166281755196306;;;;;;;;;;;;;;;;;;;;;;;;;;;;;;;;;;;;;;;;;;;;;;;;;;;;;;;;;;;;;;;;;;;;
;;;;;;;;;-3.969863013698631;-3.8258620689655123;-3.476752767527672;;;;;;;;;;;;;;;;;;;;;;;;;;;;;;;;;;;;;;;;;;;;;;;;;;;;;;;;;;;;;;;;;;;;;
;;;;;;;;4.117647058823528;0.1032051282051282;0.09363057324840764;0.09007148530579824;-1.9125683060109289;;;;;;;;;;;;;;;;;;;;;;;;;;;;;;;;;;;;;;;;;;;;;;;;;;;;;;;;;;;;;;;;;;;;
;;;;;;;;;0.10380761523046092;0.09422540820390282;0.09184890656063617;-1.9125683060109289;;;;;;;;;;;;;;;;;;;;;;;;;;;;;;;;;;;;;;;;;;;;;;;;;;;;;;;;;;;;;;;;;;;;
;;;;;;;;;0.10260312374849818;0.0948207171314741;0.09303621169916433;-1.9125683060109289;;;;;;;;;;;;;;;;;;;;;;;;;;;;;;;;;;;;;;;;;;;;;;;;;;;;;;;;;;;;;;;;;;;;
;;;;;;;;;0.1032051282051282;0.09422540820390282;0.0916512059369204;-1.9125683060109289;;;;;;;;;;;;;;;;;;;;;;;;;;;;;;;;;;;;;;;;;;;;;;;;;;;;;;;;;;;;;;;;;;;;
;;;;;;;;;3.0666666666666664;2.389898989898989;2.2309677419354954;;;;;;;;;;;;;;;;;;;;;;;;;;;;;;;;;;;;;;;;;;;;;;;;;;;;;;;;;;;;;;;;;;;;;
;;;;;;;;-13.125000000000004;0.07368421052631578;0.08241801659423152;0.08066298342541435;-3.017241379310345;;;;;;;;;;;;;;;;;;;;;;;;;;;;;;;;;;;;;;;;;;;;;;;;;;;;;;;;;;;;;;;;;;;;
;;;;;;;;;0.0748427672955975;0.081247532570075;0.08183254344391784;-3.017241379310345;;;;;;;;;;;;;;;;;;;;;;;;;;;;;;;;;;;;;;;;;;;;;;;;;;;;;;;;;;;;;;;;;;;;
;;;;;;;;;0.07426326129666012;0.08241801659423152;0.08241801659423152;-3.017241379310345;;;;;;;;;;;;;;;;;;;;;;;;;;;;;;;;;;;;;;;;;;;;;;;;;;;;;;;;;;;;;;;;;;;;
;;;;;;;;;0.07426326129666012;0.08202764976958506;0.08163748848229582;-3.017241379310345;;;;;;;;;;;;;;;;;;;;;;;;;;;;;;;;;;;;;;;;;;;;;;;;;;;;;;;;;;;;;;;;;;;;
;;;;;;;;;0.4713216957605985;0.5356835769561482;0.5323605150214588;;;;;;;;;;;;;;;;;;;;;;;;;;;;;;;;;;;;;;;;;;;;;;;;;;;;;;;;;;;;;;;;;;;;;
;;;;;;;;-4.242424242424243;0.046972618588507514;0.04363216621777607;0.04307692307692307;-4.242424242424243;;;;;;;;;;;;;;;;;;;;;;;;;;;;;;;;;;;;;;;;;;;;;;;;;;;;;;;;;;;;;;;;;;;;
;;;;;;;;;0.046972618588507514;0.044743935309973046;0.04030710172744722;-4.242424242424243;;;;;;;;;;;;;;;;;;;;;;;;;;;;;;;;;;;;;;;;;;;;;;;;;;;;;;;;;;;;;;;;;;;;
;;;;;;;;;0.04530046224961479;0.04585741811175337;0.04141375336150595;-4.242424242424243;;;;;;;;;;;;;;;;;;;;;;;;;;;;;;;;;;;;;;;;;;;;;;;;;;;;;;;;;;;;;;;;;;;;
;;;;;;;;;0.04641480339244409;0.044743935309973046;0.04159836065573768;-4.242424242424243;;;;;;;;;;;;;;;;;;;;;;;;;;;;;;;;;;;;;;;;;;;;;;;;;;;;;;;;;;;;;;;;;;;;
;;;;;;;;;0.20616438356164377;0.19795570698466777;0.18267716535433048;;;;;;;;;;;;;;;;;;;;;;;;;;;;;;;;;;;;;;;;;;;;;;;;;;;;;;;;;;;;;;;;;;;;;
;;;;;;;;0.0;0.16138160632542656;0.20754070265638386;0.23557105492589364;-1.6166281755196306;;;;;;;;;;;;;;;;;;;;;;;;;;;;;;;;;;;;;;;;;;;;;;;;;;;;;;;;;;;;;;;;;;;;
;;;;;;;;;0.1549108992954828;0.21237645036527714;0.23485838779956425;-1.6166281755196306;;;;;;;;;;;;;;;;;;;;;;;;;;;;;;;;;;;;;;;;;;;;;;;;;;;;;;;;;;;;;;;;;;;;
;;;;;;;;;0.1549108992954828;0.220034542314335;0.2377127891750327;-1.6166281755196306;;;;;;;;;;;;;;;;;;;;;;;;;;;;;;;;;;;;;;;;;;;;;;;;;;;;;;;;;;;;;;;;;;;;
;;;;;;;;;0.15706183427859985;0.21330084563565976;0.2360465116279072;-1.6166281755196306;;;;;;;;;;;;;;;;;;;;;;;;;;;;;;;;;;;;;;;;;;;;;;;;;;;;;;;;;;;;;;;;;;;;
;;;;;;;;;-2.776039119804399;-2.25143721633888;-2.1424802110817946;;;;;;;;;;;;;;;;;;;;;;;;;;;;;;;;;;;;;;;;;;;;;;;;;;;;;;;;;;;;;;;;;;;;;
;;;;;;;;0.8333333333333331;0.12087555735711389;0.13456032719836397;0.13205389955083707;-1.6166281755196306;;;;;;;;;;;;;;;;;;;;;;;;;;;;;;;;;;;;;;;;;;;;;;;;;;;;;;;;;;;;;;;;;;;;
;;;;;;;;;0.12087555735711389;0.13080375356997143;0.13330608908868;-1.6166281755196306;;;;;;;;;;;;;;;;;;;;;;;;;;;;;;;;;;;;;;;;;;;;;;;;;;;;;;;;;;;;;;;;;;;;
;;;;;;;;;0.12334551360129921;0.13330608908868;0.13896636587366692;-1.6166281755196306;;;;;;;;;;;;;;;;;;;;;;;;;;;;;;;;;;;;;;;;;;;;;;;;;;;;;;;;;;;;;;;;;;;;
;;;;;;;;;0.12169798566986592;0.1328884652049569;0.13476956640305404;-1.6166281755196306;;;;;;;;;;;;;;;;;;;;;;;;;;;;;;;;;;;;;;;;;;;;;;;;;;;;;;;;;;;;;;;;;;;;
;;;;;;;;;-3.7352697095435645;-3.3077966101694884;-3.2513157894736815;;;;;;;;;;;;;;;;;;;;;;;;;;;;;;;;;;;;;;;;;;;;;;;;;;;;;;;;;;;;;;;;;;;;;
;;;;;;;;4.117647058823528;0.09960031974420462;0.09422540820390282;0.09066348827969803;-1.9125683060109289;;;;;;;;;;;;;;;;;;;;;;;;;;;;;;;;;;;;;;;;;;;;;;;;;;;;;;;;;;;;;;;;;;;;
;;;;;;;;;0.10019992003198719;0.09244232299124899;0.09363057324840764;-1.9125683060109289;;;;;;;;;;;;;;;;;;;;;;;;;;;;;;;;;;;;;;;;;;;;;;;;;;;;;;;;;;;;;;;;;;;;
;;;;;;;;;0.1044105854049719;0.09303621169916433;0.09363057324840764;-1.9125683060109289;;;;;;;;;;;;;;;;;;;;;;;;;;;;;;;;;;;;;;;;;;;;;;;;;;;;;;;;;;;;;;;;;;;;
;;;;;;;;;0.10140056022408961;0.09323427964977427;0.09264023339079676;-1.9125683060109289;;;;;;;;;;;;;;;;;;;;;;;;;;;;;;;;;;;;;;;;;;;;;;;;;;;;;;;;;;;;;;;;;;;;
;;;;;;;;;2.912643678160919;2.3271523178807816;2.290491803278676;;;;;;;;;;;;;;;;;;;;;;;;;;;;;;;;;;;;;;;;;;;;;;;;;;;;;;;;;;;;;;;;;;;;;
;;;;;;;;-13.125000000000004;0.07774714454509647;0.08007889546351084;0.07949526813880126;-3.017241379310345;;;;;;;;;;;;;;;;;;;;;;;;;;;;;;;;;;;;;;;;;;;;;;;;;;;;;;;;;;;;;;;;;;;;
;;;;;;;;;0.07774714454509647;0.081247532570075;0.081247532570075;-3.017241379310345;;;;;;;;;;;;;;;;;;;;;;;;;;;;;;;;;;;;;;;;;;;;;;;;;;;;;;;;;;;;;;;;;;;;
;;;;;;;;;0.07716535433070866;0.08359035191775403;0.07832939322301023;-3.017241379310345;;;;;;;;;;;;;;;;;;;;;;;;;;;;;;;;;;;;;;;;;;;;;;;;;;;;;;;;;;;;;;;;;;;;
;;;;;;;;;0.07755316355998969;0.08163748848229582;0.07968975943210181;-3.017241379310345;;;;;;;;;;;;;;;;;;;;;;;;;;;;;;;;;;;;;;;;;;;;;;;;;;;;;;;;;;;;;;;;;;;;
;;;;;;;;;0.49814502529510923;0.5323605150214588;0.5159148936170216;;;;;;;;;;;;;;;;;;;;;;;;;;;;;;;;;;;;;;;;;;;;;;;;;;;;;;;;;;;;;;;;;;;;;
;;;;;;;;-4.242424242424243;0.04920818848976438;0.05708737864077669;0.04530046224961479;-4.242424242424243;;;;;;;;;;;;;;;;;;;;;;;;;;;;;;;;;;;;;;;;;;;;;;;;;;;;;;;;;;;;;;;;;;;;
;;;;;;;;;0.04920818848976438;0.05539177657098525;0.04196771714066102;-4.242424242424243;;;;;;;;;;;;;;;;;;;;;;;;;;;;;;;;;;;;;;;;;;;;;;;;;;;;;;;;;;;;;;;;;;;;
;;;;;;;;;0.04920818848976438;0.05539177657098525;0.04418783679753656;-4.242424242424243;;;;;;;;;;;;;;;;;;;;;;;;;;;;;;;;;;;;;;;;;;;;;;;;;;;;;;;;;;;;;;;;;;;;
;;;;;;;;;0.04920818848976438;0.05595653861078774;0.04381734222678294;-4.242424242424243;;;;;;;;;;;;;;;;;;;;;;;;;;;;;;;;;;;;;;;;;;;;;;;;;;;;;;;;;;;;;;;;;;;;
;;;;;;;;;0.220034542314335;0.25432098765432093;0.19343148357870868;;;;;;;;;;;;;;;;;;;;;;;;;;;;;;;;;;;;;;;;;;;;;;;;;;;;;;;;;;;;;;;;;;;;;
;;;;;;;;0.0;0.15169561621174524;0.21515281962978902;0.23272410791993034;-1.6166281755196306;;;;;;;;;;;;;;;;;;;;;;;;;;;;;;;;;;;;;;;;;;;;;;;;;;;;;;;;;;;;;;;;;;;;
;;;;;;;;;0.15169561621174524;0.21654459284791033;0.2362843436546009;-1.6166281755196306;;;;;;;;;;;;;;;;;;;;;;;;;;;;;;;;;;;;;;;;;;;;;;;;;;;;;;;;;;;;;;;;;;;;
;;;;;;;;;0.15362318840579708;0.21584840654608095;0.2362843436546009;-1.6166281755196306;;;;;;;;;;;;;;;;;;;;;;;;;;;;;;;;;;;;;;;;;;;;;;;;;;;;;;;;;;;;;;;;;;;;
;;;;;;;;;0.15233760860570952;0.21584840654608095;0.23509587449157437;-1.6166281755196306;;;;;;;;;;;;;;;;;;;;;;;;;;;;;;;;;;;;;;;;;;;;;;;;;;;;;;;;;;;;;;;;;;;;
;;;;;;;;;-2.854263565891473;-2.2374999999999994;-2.1464190981432356;;;;;;;;;;;;;;;;;;;;;;;;;;;;;;;;;;;;;;;;;;;;;;;;;;;;;;;;;;;;;;;;;;;;;
;;;;;;;;0.8333333333333331;0.11902834008097164;0.1289323553382233;0.1326797385620915;-1.6166281755196306;;;;;;;;;;;;;;;;;;;;;;;;;;;;;;;;;;;;;;;;;;;;;;;;;;;;;;;;;;;;;;;;;;;;
;;;;;;;;;0.11473556721840936;0.1264442636289666;0.13896636587366692;-1.6166281755196306;;;;;;;;;;;;;;;;;;;;;;;;;;;;;;;;;;;;;;;;;;;;;;;;;;;;;;;;;;;;;;;;;;;;
;;;;;;;;;0.11657235246564267;0.12458350264120274;0.13770491803278684;-1.6166281755196306;;;;;;;;;;;;;;;;;;;;;;;;;;;;;;;;;;;;;;;;;;;;;;;;;;;;;;;;;;;;;;;;;;;;
;;;;;;;;;0.11677671472847304;0.12665129526651273;0.13644553644553642;-1.6166281755196306;;;;;;;;;;;;;;;;;;;;;;;;;;;;;;;;;;;;;;;;;;;;;;;;;;;;;;;;;;;;;;;;;;;;
;;;;;;;;;-3.9935483870967694;-3.5237735849056566;-3.2038461538461545;;;;;;;;;;;;;;;;;;;;;;;;;;;;;;;;;;;;;;;;;;;;;;;;;;;;;;;;;;;;;;;;;;;;;
;;;;;;;;4.117647058823528;0.09960031974420462;0.09363057324840764;0.08888888888888888;-1.9125683060109289;;;;;;;;;;;;;;;;;;;;;;;;;;;;;;;;;;;;;;;;;;;;;;;;;;;;;;;;;;;;;;;;;;;;
;;;;;;;;;0.09900119856172591;0.09184890656063617;0.09007148530579824;-1.9125683060109289;;;;;;;;;;;;;;;;;;;;;;;;;;;;;;;;;;;;;;;;;;;;;;;;;;;;;;;;;;;;;;;;;;;;
;;;;;;;;;0.09720670391061449;0.09363057324840764;0.09184890656063617;-1.9125683060109289;;;;;;;;;;;;;;;;;;;;;;;;;;;;;;;;;;;;;;;;;;;;;;;;;;;;;;;;;;;;;;;;;;;;
;;;;;;;;;0.09860205032618806;0.09303621169916433;0.09026876737720091;-1.9125683060109289;;;;;;;;;;;;;;;;;;;;;;;;;;;;;;;;;;;;;;;;;;;;;;;;;;;;;;;;;;;;;;;;;;;;
;;;;;;;;;2.6930909090908943;2.314851485148514;2.150788643533111;;;;;;;;;;;;;;;;;;;;;;;;;;;;;;;;;;;;;;;;;;;;;;;;;;;;;;;;;;;;;;;;;;;;;
;;;;;;;;-13.125000000000004;0.07832939322301023;0.07891210090658256;0.07716535433070866;-3.017241379310345;;;;;;;;;;;;;;;;;;;;;;;;;;;;;;;;;;;;;;;;;;;;;;;;;;;;;;;;;;;;;;;;;;;;
;;;;;;;;;0.07891210090658256;0.07949526813880126;0.07949526813880126;-3.017241379310345;;;;;;;;;;;;;;;;;;;;;;;;;;;;;;;;;;;;;;;;;;;;;;;;;;;;;;;;;;;;;;;;;;;;
;;;;;;;;;0.07716535433070866;0.08476454293628807;0.07716535433070866;-3.017241379310345;;;;;;;;;;;;;;;;;;;;;;;;;;;;;;;;;;;;;;;;;;;;;;;;;;;;;;;;;;;;;;;;;;;;
;;;;;;;;;0.07813525935653334;0.08105263157894756;0.07794117647058803;-3.017241379310345;;;;;;;;;;;;;;;;;;;;;;;;;;;;;;;;;;;;;;;;;;;;;;;;;;;;;;;;;;;;;;;;;;;;
;;;;;;;;;0.5029585798816564;0.5273972602739722;0.5013513513513516;;;;;;;;;;;;;;;;;;;;;;;;;;;;;;;;;;;;;;;;;;;;;;;;;;;;;;;;;;;;;;;;;;;;;
;;;;;;;;-4.242424242424243;0.04585741811175337;0.04976816074188562;0.04418783679753656;-4.242424242424243;;;;;;;;;;;;;;;;;;;;;;;;;;;;;;;;;;;;;;;;;;;;;;;;;;;;;;;;;;;;;;;;;;;;
;;;;;;;;;0.04585741811175337;0.05032856590645534;0.04307692307692307;-4.242424242424243;;;;;;;;;;;;;;;;;;;;;;;;;;;;;;;;;;;;;;;;;;;;;;;;;;;;;;;;;;;;;;;;;;;;
;;;;;;;;;0.04585741811175337;0.05032856590645534;0.04252210688196847;-4.242424242424243;;;;;;;;;;;;;;;;;;;;;;;;;;;;;;;;;;;;;;;;;;;;;;;;;;;;;;;;;;;;;;;;;;;;
;;;;;;;;;0.04585741811175337;0.05014171605256378;0.04326195666111037;-4.242424242424243;;;;;;;;;;;;;;;;;;;;;;;;;;;;;;;;;;;;;;;;;;;;;;;;;;;;;;;;;;;;;;;;;;;;
;;;;;;;;;0.2034188034188034;0.22471131639722883;0.19072922555115862;;;;;;;;;;;;;;;;;;;;;;;;;;;;;;;;;;;;;;;;;;;;;;;;;;;;;;;;;;;;;;;;;;;;;
;;;;;;;;0.0;0.16790639364814036;0.23201391909525876;0.24923076923076917;-1.6166281755196306;;;;;;;;;;;;;;;;;;;;;;;;;;;;;;;;;;;;;;;;;;;;;;;;;;;;;;;;;;;;;;;;;;;;
;;;;;;;;;0.1731656184486373;0.22917933130699086;0.2441717791411043;-1.6166281755196306;;;;;;;;;;;;;;;;;;;;;;;;;;;;;;;;;;;;;;;;;;;;;;;;;;;;;;;;;;;;;;;;;;;;
;;;;;;;;;0.16921790046005852;0.23059539330725767;0.24345159877354353;-1.6166281755196306;;;;;;;;;;;;;;;;;;;;;;;;;;;;;;;;;;;;;;;;;;;;;;;;;;;;;;;;;;;;;;;;;;;;
;;;;;;;;;0.170093457943925;0.23059539330725767;0.24561403508771926;-1.6166281755196306;;;;;;;;;;;;;;;;;;;;;;;;;;;;;;;;;;;;;;;;;;;;;;;;;;;;;;;;;;;;;;;;;;;;
;;;;;;;;;-2.5999999999999988;-2.1657142857142855;-2.1052631578947367;;;;;;;;;;;;;;;;;;;;;;;;;;;;;;;;;;;;;;;;;;;;;;;;;;;;;;;;;;;;;;;;;;;;;
;;;;;;;;0.8333333333333331;0.12830957230142567;0.14149548069022183;0.14403292181069957;-1.6166281755196306;;;;;;;;;;;;;;;;;;;;;;;;;;;;;;;;;;;;;;;;;;;;;;;;;;;;;;;;;;;;;;;;;;;;
;;;;;;;;;0.1289323553382233;0.13896636587366692;0.14657873042044517;-1.6166281755196306;;;;;;;;;;;;;;;;;;;;;;;;;;;;;;;;;;;;;;;;;;;;;;;;;;;;;;;;;;;;;;;;;;;;
;;;;;;;;;0.12830957230142567;0.14212905877517468;0.14530477759472818;-1.6166281755196306;;;;;;;;;;;;;;;;;;;;;;;;;;;;;;;;;;;;;;;;;;;;;;;;;;;;;;;;;;;;;;;;;;;;
;;;;;;;;;0.12851711026615947;0.1408624229979466;0.14530477759472818;-1.6166281755196306;;;;;;;;;;;;;;;;;;;;;;;;;;;;;;;;;;;;;;;;;;;;;;;;;;;;;;;;;;;;;;;;;;;;
;;;;;;;;;-3.454014598540142;-3.09009009009009;-2.989830508474576;;;;;;;;;;;;;;;;;;;;;;;;;;;;;;;;;;;;;;;;;;;;;;;;;;;;;;;;;;;;;;;;;;;;;
;;;;;;;;4.117647058823528;0.09541650059784773;0.08535233570863023;0.0871185097106619;-1.9125683060109289;;;;;;;;;;;;;;;;;;;;;;;;;;;;;;;;;;;;;;;;;;;;;;;;;;;;;;;;;;;;;;;;;;;;
;;;;;;;;;0.09660949341842838;0.08535233570863023;0.08476454293628807;-1.9125683060109289;;;;;;;;;;;;;;;;;;;;;;;;;;;;;;;;;;;;;;;;;;;;;;;;;;;;;;;;;;;;;;;;;;;;
;;;;;;;;;0.08947995236204842;0.08594059405940593;0.08535233570863023;-1.9125683060109289;;;;;;;;;;;;;;;;;;;;;;;;;;;;;;;;;;;;;;;;;;;;;;;;;;;;;;;;;;;;;;;;;;;;
;;;;;;;;;0.09382879893828779;0.08554837006730875;0.0857444561774025;-1.9125683060109289;;;;;;;;;;;;;;;;;;;;;;;;;;;;;;;;;;;;;;;;;;;;;;;;;;;;;;;;;;;;;;;;;;;;
;;;;;;;;;2.3645484949832647;1.9008797653958842;1.9105882352941268;;;;;;;;;;;;;;;;;;;;;;;;;;;;;;;;;;;;;;;;;;;;;;;;;;;;;;;;;;;;;;;;;;;;;
;;;;;;;;-13.125000000000004;0.06562499999999999;0.07600314712824548;0.0748427672955975;-3.017241379310345;;;;;;;;;;;;;;;;;;;;;;;;;;;;;;;;;;;;;;;;;;;;;;;;;;;;;;;;;;;;;;;;;;;;
;;;;;;;;;0.06619773348964439;0.07658402203856748;0.07542272906016516;-3.017241379310345;;;;;;;;;;;;;;;;;;;;;;;;;;;;;;;;;;;;;;;;;;;;;;;;;;;;;;;;;;;;;;;;;;;;
;;;;;;;;;0.0684931506849315;0.07252747252747252;0.0748427672955975;-3.017241379310345;;;;;;;;;;;;;;;;;;;;;;;;;;;;;;;;;;;;;;;;;;;;;;;;;;;;;;;;;;;;;;;;;;;;
;;;;;;;;;0.06677091477716965;0.07503603721661622;0.07503603721661622;-3.017241379310345;;;;;;;;;;;;;;;;;;;;;;;;;;;;;;;;;;;;;;;;;;;;;;;;;;;;;;;;;;;;;;;;;;;;
;;;;;;;;;0.4125603864734299;0.47756463719766495;0.47756463719766495;;;;;;;;;;;;;;;;;;;;;;;;;;;;;;;;;;;;;;;;;;;;;;;;;;;;;;;;;;;;;;;;;;;;;
;;;;;;;;-4.242424242424243;0.04585741811175337;0.04641480339244409;0.04252210688196847;-4.242424242424243;;;;;;;;;;;;;;;;;;;;;;;;;;;;;;;;;;;;;;;;;;;;;;;;;;;;;;;;;;;;;;;;;;;;
;;;;;;;;;0.044743935309973046;0.04585741811175337;0.04196771714066102;-4.242424242424243;;;;;;;;;;;;;;;;;;;;;;;;;;;;;;;;;;;;;;;;;;;;;;;;;;;;;;;;;;;;;;;;;;;;
;;;;;;;;;0.04307692307692307;0.04585741811175337;0.04252210688196847;-4.242424242424243;;;;;;;;;;;;;;;;;;;;;;;;;;;;;;;;;;;;;;;;;;;;;;;;;;;;;;;;;;;;;;;;;;;;
;;;;;;;;;0.044558521560574965;0.04604316546762587;0.042337262942081004;-4.242424242424243;;;;;;;;;;;;;;;;;;;;;;;;;;;;;;;;;;;;;;;;;;;;;;;;;;;;;;;;;;;;;;;;;;;;
;;;;;;;;;0.19704880817253143;0.20433295324971468;0.18624577226606556;;;;;;;;;;;;;;;;;;;;;;;;;;;;;;;;;;;;;;;;;;;;;;;;;;;;;;;;;;;;;;;;;;;;;
;;;;;;;;0.0;0.16856187290969896;0.2313043478260869;0.2362843436546009;-1.6166281755196306;;;;;;;;;;;;;;;;;;;;;;;;;;;;;;;;;;;;;;;;;;;;;;;;;;;;;;;;;;;;;;;;;;;;
;;;;;;;;;0.16921790046005852;0.2313043478260869;0.23557105492589364;-1.6166281755196306;;;;;;;;;;;;;;;;;;;;;;;;;;;;;;;;;;;;;;;;;;;;;;;;;;;;;;;;;;;;;;;;;;;;
;;;;;;;;;0.16790639364814036;0.23343491510666084;0.2341463414634146;-1.6166281755196306;;;;;;;;;;;;;;;;;;;;;;;;;;;;;;;;;;;;;;;;;;;;;;;;;;;;;;;;;;;;;;;;;;;;
;;;;;;;;;0.16856187290969896;0.23201391909525876;0.23533343019032416;-1.6166281755196306;;;;;;;;;;;;;;;;;;;;;;;;;;;;;;;;;;;;;;;;;;;;;;;;;;;;;;;;;;;;;;;;;;;;
;;;;;;;;;-2.6181818181818186;-2.159514170040486;-2.1454304635761594;;;;;;;;;;;;;;;;;;;;;;;;;;;;;;;;;;;;;;;;;;;;;;;;;;;;;;;;;;;;;;;;;;;;;
;;;;;;;;0.8333333333333331;0.12706552706552704;0.13456032719836397;0.12955564614757437;-1.6166281755196306;;;;;;;;;;;;;;;;;;;;;;;;;;;;;;;;;;;;;;;;;;;;;;;;;;;;;;;;;;;;;;;;;;;;
;;;;;;;;;0.12025931928687195;0.13393295175797218;0.13330608908868;-1.6166281755196306;;;;;;;;;;;;;;;;;;;;;;;;;;;;;;;;;;;;;;;;;;;;;;;;;;;;;;;;;;;;;;;;;;;;
;;;;;;;;;0.12334551360129921;0.13456032719836397;0.1326797385620915;-1.6166281755196306;;;;;;;;;;;;;;;;;;;;;;;;;;;;;;;;;;;;;;;;;;;;;;;;;;;;;;;;;;;;;;;;;;;;
;;;;;;;;;0.12355170546832679;0.13435114503816814;0.13184540010887336;-1.6166281755196306;;;;;;;;;;;;;;;;;;;;;;;;;;;;;;;;;;;;;;;;;;;;;;;;;;;;;;;;;;;;;;;;;;;;
;;;;;;;;;-3.6511999999999953;-3.263576158940401;-3.3406896551724174;;;;;;;;;;;;;;;;;;;;;;;;;;;;;;;;;;;;;;;;;;;;;;;;;;;;;;;;;;;;;;;;;;;;;
;;;;;;;;4.117647058823528;0.08535233570863023;0.08183254344391784;0.07368421052631578;-1.9125683060109289;;;;;;;;;;;;;;;;;;;;;;;;;;;;;;;;;;;;;;;;;;;;;;;;;;;;;;;;;;;;;;;;;;;;
;;;;;;;;;0.08594059405940593;0.081247532570075;0.07368421052631578;-1.9125683060109289;;;;;;;;;;;;;;;;;;;;;;;;;;;;;;;;;;;;;;;;;;;;;;;;;;;;;;;;;;;;;;;;;;;;
;;;;;;;;;0.08417721518987341;0.08007889546351084;0.07426326129666012;-1.9125683060109289;;;;;;;;;;;;;;;;;;;;;;;;;;;;;;;;;;;;;;;;;;;;;;;;;;;;;;;;;;;;;;;;;;;;
;;;;;;;;;0.08515635308088157;0.08105263157894756;0.07387717690192465;-1.9125683060109289;;;;;;;;;;;;;;;;;;;;;;;;;;;;;;;;;;;;;;;;;;;;;;;;;;;;;;;;;;;;;;;;;;;;
;;;;;;;;;1.8816326530612337;1.6923076923077;1.4069825436408905;;;;;;;;;;;;;;;;;;;;;;;;;;;;;;;;;;;;;;;;;;;;;;;;;;;;;;;;;;;;;;;;;;;;;
;;;;;;;;-13.125000000000004;0.06964355660007833;0.06677091477716965;0.06562499999999999;-3.017241379310345;;;;;;;;;;;;;;;;;;;;;;;;;;;;;;;;;;;;;;;;;;;;;;;;;;;;;;;;;;;;;;;;;;;;
;;;;;;;;;0.06964355660007833;0.06906812842599842;0.06677091477716965;-3.017241379310345;;;;;;;;;;;;;;;;;;;;;;;;;;;;;;;;;;;;;;;;;;;;;;;;;;;;;;;;;;;;;;;;;;;;
;;;;;;;;;0.07079576636613091;0.07137254901960784;0.0679186228482003;-3.017241379310345;;;;;;;;;;;;;;;;;;;;;;;;;;;;;;;;;;;;;;;;;;;;;;;;;;;;;;;;;;;;;;;;;;;;
;;;;;;;;;0.07002742588481146;0.06906812842599842;0.06677091477716965;-3.017241379310345;;;;;;;;;;;;;;;;;;;;;;;;;;;;;;;;;;;;;;;;;;;;;;;;;;;;;;;;;;;;;;;;;;;;
;;;;;;;;;0.43771428571428533;0.4302439024390243;0.4125603864734299;;;;;;;;;;;;;;;;;;;;;;;;;;;;;;;;;;;;;;;;;;;;;;;;;;;;;;;;;;;;;;;;;;;;;
;;;;;;;;-4.242424242424243;0.04363216621777607;0.03865030674846625;0.039202148062907546;-4.242424242424243;;;;;;;;;;;;;;;;;;;;;;;;;;;;;;;;;;;;;;;;;;;;;;;;;;;;;;;;;;;;;;;;;;;;
;;;;;;;;;0.04196771714066102;0.038098888463012646;0.03865030674846625;-4.242424242424243;;;;;;;;;;;;;;;;;;;;;;;;;;;;;;;;;;;;;;;;;;;;;;;;;;;;;;;;;;;;;;;;;;;;
;;;;;;;;;0.04196771714066102;0.03865030674846625;0.038098888463012646;-4.242424242424243;;;;;;;;;;;;;;;;;;;;;;;;;;;;;;;;;;;;;;;;;;;;;;;;;;;;;;;;;;;;;;;;;;;;
;;;;;;;;;0.04252210688196847;0.038466453674121416;0.03865030674846625;-4.242424242424243;;;;;;;;;;;;;;;;;;;;;;;;;;;;;;;;;;;;;;;;;;;;;;;;;;;;;;;;;;;;;;;;;;;;
;;;;;;;;;0.18714043993231808;0.16768802228412277;0.16856187290969896;;;;;;;;;;;;;;;;;;;;;;;;;;;;;;;;;;;;;;;;;;;;;;;;;;;;;;;;;;;;;;;;;;;;;
;;;;;;;;0.0;0.17978947368421053;0.2420131291028446;0.20204953031596926;-1.6166281755196306;;;;;;;;;;;;;;;;;;;;;;;;;;;;;;;;;;;;;;;;;;;;;;;;;;;;;;;;;;;;;;;;;;;;
;;;;;;;;;0.18379062895736595;0.23557105492589364;0.19931798806479115;-1.6166281755196306;;;;;;;;;;;;;;;;;;;;;;;;;;;;;;;;;;;;;;;;;;;;;;;;;;;;;;;;;;;;;;;;;;;;
;;;;;;;;;0.1844594594594594;0.23059539330725767;0.1972754363558961;-1.6166281755196306;;;;;;;;;;;;;;;;;;;;;;;;;;;;;;;;;;;;;;;;;;;;;;;;;;;;;;;;;;;;;;;;;;;;
;;;;;;;;;0.18267716535433048;0.2360465116279072;0.19954526076453005;-1.6166281755196306;;;;;;;;;;;;;;;;;;;;;;;;;;;;;;;;;;;;;;;;;;;;;;;;;;;;;;;;;;;;;;;;;;;;
;;;;;;;;;-2.4699619771863106;-2.1424802110817946;-2.336439267886855;;;;;;;;;;;;;;;;;;;;;;;;;;;;;;;;;;;;;;;;;;;;;;;;;;;;;;;;;;;;;;;;;;;;;
;;;;;;;;0.8333333333333331;0.12520325203252033;0.11595959595959594;0.13644553644553642;-1.6166281755196306;;;;;;;;;;;;;;;;;;;;;;;;;;;;;;;;;;;;;;;;;;;;;;;;;;;;;;;;;;;;;;;;;;;;
;;;;;;;;;0.13017944535073409;0.11718560452891222;0.1370749692748873;-1.6166281755196306;;;;;;;;;;;;;;;;;;;;;;;;;;;;;;;;;;;;;;;;;;;;;;;;;;;;;;;;;;;;;;;;;;;;
;;;;;;;;;0.1276872964169381;0.11841359773371103;0.13393295175797218;-1.6166281755196306;;;;;;;;;;;;;;;;;;;;;;;;;;;;;;;;;;;;;;;;;;;;;;;;;;;;;;;;;;;;;;;;;;;;
;;;;;;;;;0.1276872964169381;0.11718560452891222;0.13581661891117477;-1.6166281755196306;;;;;;;;;;;;;;;;;;;;;;;;;;;;;;;;;;;;;;;;;;;;;;;;;;;;;;;;;;;;;;;;;;;;
;;;;;;;;;-3.4844444444444442;-3.969863013698631;-3.2213592233009707;;;;;;;;;;;;;;;;;;;;;;;;;;;;;;;;;;;;;;;;;;;;;;;;;;;;;;;;;;;;;;;;;;;;;
;;;;;;;;4.117647058823528;0.08417721518987341;0.07949526813880126;0.07600314712824548;-1.9125683060109289;;;;;;;;;;;;;;;;;;;;;;;;;;;;;;;;;;;;;;;;;;;;;;;;;;;;;;;;;;;;;;;;;;;;
;;;;;;;;;0.08476454293628807;0.07832939322301023;0.07832939322301023;-1.9125683060109289;;;;;;;;;;;;;;;;;;;;;;;;;;;;;;;;;;;;;;;;;;;;;;;;;;;;;;;;;;;;;;;;;;;;
;;;;;;;;;0.08594059405940593;0.07891210090658256;0.07658402203856748;-1.9125683060109289;;;;;;;;;;;;;;;;;;;;;;;;;;;;;;;;;;;;;;;;;;;;;;;;;;;;;;;;;;;;;;;;;;;;
;;;;;;;;;0.08496042216358818;0.07891210090658256;0.07697152604645077;-1.9125683060109289;;;;;;;;;;;;;;;;;;;;;;;;;;;;;;;;;;;;;;;;;;;;;;;;;;;;;;;;;;;;;;;;;;;;
;;;;;;;;;1.8720930232558044;1.6015999999999995;1.5236363636363712;;;;;;;;;;;;;;;;;;;;;;;;;;;;;;;;;;;;;;;;;;;;;;;;;;;;;;;;;;;;;;;;;;;;;
;;;;;;;;-13.125000000000004;0.06219797349961028;0.07426326129666012;0.07310561444837063;-3.017241379310345;;;;;;;;;;;;;;;;;;;;;;;;;;;;;;;;;;;;;;;;;;;;;;;;;;;;;;;;;;;;;;;;;;;;
;;;;;;;;;0.06219797349961028;0.07310561444837063;0.0748427672955975;-3.017241379310345;;;;;;;;;;;;;;;;;;;;;;;;;;;;;;;;;;;;;;;;;;;;;;;;;;;;;;;;;;;;;;;;;;;;
;;;;;;;;;0.06049046321525885;0.07368421052631578;0.07426326129666012;-3.017241379310345;;;;;;;;;;;;;;;;;;;;;;;;;;;;;;;;;;;;;;;;;;;;;;;;;;;;;;;;;;;;;;;;;;;;
;;;;;;;;;0.061628359953252825;0.07368421052631578;0.07407019381875345;-3.017241379310345;;;;;;;;;;;;;;;;;;;;;;;;;;;;;;;;;;;;;;;;;;;;;;;;;;;;;;;;;;;;;;;;;;;;
;;;;;;;;;0.3739952718676122;0.46666666666666656;0.4697674418604647;;;;;;;;;;;;;;;;;;;;;;;;;;;;;;;;;;;;;;;;;;;;;;;;;;;;;;;;;;;;;;;;;;;;;
;;;;;;;;-4.242424242424243;0.04418783679753656;0.039202148062907546;0.036997319034852545;-4.242424242424243;;;;;;;;;;;;;;;;;;;;;;;;;;;;;;;;;;;;;;;;;;;;;;;;;;;;;;;;;;;;;;;;;;;;
;;;;;;;;;0.044743935309973046;0.03975441289332309;0.03865030674846625;-4.242424242424243;;;;;;;;;;;;;;;;;;;;;;;;;;;;;;;;;;;;;;;;;;;;;;;;;;;;;;;;;;;;;;;;;;;;
;;;;;;;;;0.04418783679753656;0.04030710172744722;0.038098888463012646;-4.242424242424243;;;;;;;;;;;;;;;;;;;;;;;;;;;;;;;;;;;;;;;;;;;;;;;;;;;;;;;;;;;;;;;;;;;;
;;;;;;;;;0.04437315539586806;0.03975441289332309;0.03791517629024018;-4.242424242424243;;;;;;;;;;;;;;;;;;;;;;;;;;;;;;;;;;;;;;;;;;;;;;;;;;;;;;;;;;;;;;;;;;;;
;;;;;;;;;0.1961429381735675;0.17382550335570465;0.16507230255839841;;;;;;;;;;;;;;;;;;;;;;;;;;;;;;;;;;;;;;;;;;;;;;;;;;;;;;;;;;;;;;;;;;;;;
;;;;;;;;0.0;0.1652899457655402;0.2369982547993019;0.220034542314335;-1.6166281755196306;;;;;;;;;;;;;;;;;;;;;;;;;;;;;;;;;;;;;;;;;;;;;;;;;;;;;;;;;;;;;;;;;;;;
;;;;;;;;;0.17053160318124733;0.23201391909525876;0.21863675582398615;-1.6166281755196306;;;;;;;;;;;;;;;;;;;;;;;;;;;;;;;;;;;;;;;;;;;;;;;;;;;;;;;;;;;;;;;;;;;;
;;;;;;;;;0.1731656184486373;0.2313043478260869;0.21654459284791033;-1.6166281755196306;;;;;;;;;;;;;;;;;;;;;;;;;;;;;;;;;;;;;;;;;;;;;;;;;;;;;;;;;;;;;;;;;;;;
;;;;;;;;;0.1696555571050065;0.23343491510666084;0.21840402588066163;-1.6166281755196306;;;;;;;;;;;;;;;;;;;;;;;;;;;;;;;;;;;;;;;;;;;;;;;;;;;;;;;;;;;;;;;;;;;;
;;;;;;;;;-2.6051391862955042;-2.1534136546184737;-2.2240117130307477;;;;;;;;;;;;;;;;;;;;;;;;;;;;;;;;;;;;;;;;;;;;;;;;;;;;;;;;;;;;;;;;;;;;;
;;;;;;;;0.8333333333333331;0.11412429378531072;0.12334551360129921;0.13456032719836397;-1.6166281755196306;;;;;;;;;;;;;;;;;;;;;;;;;;;;;;;;;;;;;;;;;;;;;;;;;;;;;;;;;;;;;;;;;;;;
;;;;;;;;;0.1135135135135135;0.12520325203252033;0.13518821603927986;-1.6166281755196306;;;;;;;;;;;;;;;;;;;;;;;;;;;;;;;;;;;;;;;;;;;;;;;;;;;;;;;;;;;;;;;;;;;;
;;;;;;;;;0.11595959595959594;0.1276872964169381;0.13581661891117477;-1.6166281755196306;;;;;;;;;;;;;;;;;;;;;;;;;;;;;;;;;;;;;;;;;;;;;;;;;;;;;;;;;;;;;;;;;;;;
;;;;;;;;;0.11453175457481181;0.1254099471473097;0.13518821603927986;-1.6166281755196306;;;;;;;;;;;;;;;;;;;;;;;;;;;;;;;;;;;;;;;;;;;;;;;;;;;;;;;;;;;;;;;;;;;;
;;;;;;;;;-4.132038834951463;-3.5729729729729693;-3.2392156862745103;;;;;;;;;;;;;;;;;;;;;;;;;;;;;;;;;;;;;;;;;;;;;;;;;;;;;;;;;;;;;;;;;;;;;
;;;;;;;;4.117647058823528;0.07542272906016516;0.06619773348964439;0.06906812842599842;-1.9125683060109289;;;;;;;;;;;;;;;;;;;;;;;;;;;;;;;;;;;;;;;;;;;;;;;;;;;;;;;;;;;;;;;;;;;;
;;;;;;;;;0.07426326129666012;0.06505271378367825;0.0684931506849315;-1.9125683060109289;;;;;;;;;;;;;;;;;;;;;;;;;;;;;;;;;;;;;;;;;;;;;;;;;;;;;;;;;;;;;;;;;;;;
;;;;;;;;;0.07832939322301023;0.06390948107686305;0.06906812842599842;-1.9125683060109289;;;;;;;;;;;;;;;;;;;;;;;;;;;;;;;;;;;;;;;;;;;;;;;;;;;;;;;;;;;;;;;;;;;;
;;;;;;;;;0.07600314712824548;0.06505271378367825;0.06887641915698832;-1.9125683060109289;;;;;;;;;;;;;;;;;;;;;;;;;;;;;;;;;;;;;;;;;;;;;;;;;;;;;;;;;;;;;;;;;;;;
;;;;;;;;;1.4861538461538457;1.1181208053691274;1.2360655737704977;;;;;;;;;;;;;;;;;;;;;;;;;;;;;;;;;;;;;;;;;;;;;;;;;;;;;;;;;;;;;;;;;;;;;
;;;;;;;;-13.125000000000004;0.05539177657098525;0.06276803118908382;0.059922178988326844;-3.017241379310345;;;;;;;;;;;;;;;;;;;;;;;;;;;;;;;;;;;;;;;;;;;;;;;;;;;;;;;;;;;;;;;;;;;;
;;;;;;;;;0.05595653861078774;0.06505271378367825;0.059922178988326844;-3.017241379310345;;;;;;;;;;;;;;;;;;;;;;;;;;;;;;;;;;;;;;;;;;;;;;;;;;;;;;;;;;;;;;;;;;;;
;;;;;;;;;0.05482745250096936;0.06562499999999999;0.06049046321525885;-3.017241379310345;;;;;;;;;;;;;;;;;;;;;;;;;;;;;;;;;;;;;;;;;;;;;;;;;;;;;;;;;;;;;;;;;;;;
;;;;;;;;;0.05539177657098525;0.06448087431693988;0.0601115579193149;-3.017241379310345;;;;;;;;;;;;;;;;;;;;;;;;;;;;;;;;;;;;;;;;;;;;;;;;;;;;;;;;;;;;;;;;;;;;
;;;;;;;;;0.32903225806451614;0.39521531100478463;0.3628817541111984;;;;;;;;;;;;;;;;;;;;;;;;;;;;;;;;;;;;;;;;;;;;;;;;;;;;;;;;;;;;;;;;;;;;;
;;;;;;;;-4.242424242424243;0.030968726163234168;0.03754789272030651;0.03260786559755631;-4.242424242424243;;;;;;;;;;;;;;;;;;;;;;;;;;;;;;;;;;;;;;;;;;;;;;;;;;;;;;;;;;;;;;;;;;;;
;;;;;;;;;0.030968726163234168;0.03370271303018724;0.03260786559755631;-4.242424242424243;;;;;;;;;;;;;;;;;;;;;;;;;;;;;;;;;;;;;;;;;;;;;;;;;;;;;;;;;;;;;;;;;;;;
;;;;;;;;;0.03479923518164436;0.03754789272030651;0.03260786559755631;-4.242424242424243;;;;;;;;;;;;;;;;;;;;;;;;;;;;;;;;;;;;;;;;;;;;;;;;;;;;;;;;;;;;;;;;;;;;
;;;;;;;;;0.03224328795012086;0.03626387648334823;0.03260786559755631;-4.242424242424243;;;;;;;;;;;;;;;;;;;;;;;;;;;;;;;;;;;;;;;;;;;;;;;;;;;;;;;;;;;;;;;;;;;;
;;;;;;;;;0.13854565336249294;0.15727725511898194;0.14022988505747125;;;;;;;;;;;;;;;;;;;;;;;;;;;;;;;;;;;;;;;;;;;;;;;;;;;;;;;;;;;;;;;;;;;;;
