Start;21/10/2024;10h29;End;Unnamed: 4;Unnamed: 5;Day;Hour;Unnamed: 8;A;B;C;Dilution;Day.1;Time (h);Time (s);OD 0A;Std 0A;OD 0B;Std 0B;OD 0C;Std 0C;OD 1A;Std 1A;OD 1B;Std 1B;OD 1C;Std 1C;OD 2A;Std 2A;OD 2B;Std 2B;OD 2C;Std 2C;OD 3A;Std 3A;OD 3B;Std 3B;OD 3C;Std 3C;OD 4A;Std 4A;OD 4B;Std 4B;OD 4C;Std 4C;mean 0;std 0;mean 1;std 1;mean 2;std 2;mean 3;std 3;mean 4;std 4;dilution 0;dilution 1;dilution 2;dilution 3;dilution 4;OD 0A NC;OD 0B NC;OD 0C NC;OD 1A NC;OD 1B NC;OD 1C NC;OD 2A NC;OD 2B NC;OD 2C NC;OD 3A NC;OD 3B NC;OD 3C NC;OD 4A NC;OD 4B NC;OD 4C NC;mean 0 NC;mean 1 NC;mean 2 NC;mean 3 NC;mean 4 NC
;;;;;;;;0.0;0.011587659894657635;0.009466566491359877;0.01211893112532932;0.8333333333333331;;;;;;;;;;;;;;;;;;;;;;;;;;;;;;;;;;;;;;;;;;;;;;;;;;;;;;;;;;;;;;;;;;;;
;;;;;;;;;0.012650602409638553;0.009996242014280345;0.01424802110817942;0.8333333333333331;;;-1.400169948163998;0.01211893112532932;0.0005225830533781261;0.010349580253101131;0.0010882827763081288;0.01371514694800301;0.0013834746886050378;0.010349580253101131;0.00030166587452959133;0.011941796287004532;0.0006034617803632674;0.01211893112532932;0.0013834746886050378;0.01478129713423831;0.0005225830533781261;0.011941796287004532;0.0013158834467086394;0.010526315789473682;0.0009053878015929969;0.015314975480950583;0.0005225830533780738;0.01620533467539005;0.0013158834467086394;0.01424802110817942;0.0005225830533781261;0.011587659894657635;2.2197247408054168e-18;0.01584905660377358;0.0010455563853622105;0.01709681480548909;0.00030166587452959133;0.012059881241113997;0.0016569511487134947;0.011469653904029436;0.0009596871033115756;0.012414254642797412;0.0021311350117564445;0.015255658005029342;0.0009596871033115756;0.014840574852306524;0.0028367891958994353;0.8333333333333331;0.8333333333333331;0.8333333333333331;0.8333333333333331;0.8333333333333331;0.01211893112532932;0.010349580253101131;0.01371514694800301;0.010349580253101131;0.011941796287004532;0.01211893112532932;0.01478129713423831;0.011941796287004532;0.010526315789473682;0.015314975480950583;0.01620533467539005;0.01424802110817942;0.011587659894657635;0.01584905660377358;0.01709681480548909;0.012059881241113997;0.011469653904029436;0.012414254642797412;0.015255658005029342;0.014840574852306524
;;;;;;;;;0.01211893112532932;0.011587659894657635;0.01478129713423831;0.8333333333333331;;;-1.4000474832606318;0.046972618588507514;0.001045556385362158;0.05332472562943832;0.001509630526971253;0.04530046224961479;0.0005225830533781261;0.035714285714285726;0.0013158834467086394;0.05520361990950244;0.0015977432219387102;0.052012383900928785;0.0005225830533781261;0.04790326730126063;0.001509630526971253;0.04660069399820072;0.0013158834467086394;0.046786632390745514;0.0015977432219387102;0.0658158614402915;0.00030166587452959133;0.06448087431693988;0.0;0.06219797349961028;0.0010455563853622105;0.039386189258312;0.0010882827763081288;0.03498215196328402;0.0006034617803632674;0.04030710172744722;0.0013834746886050378;0.04852436513383666;0.003960236248102318;0.047592918077763946;0.009883029012148147;0.04709663595457465;0.0006595536674084866;0.06416337857173803;0.0016752151907840458;0.03822138932663229;0.0027046881904923157;0.8333333333333331;0.8333333333333331;0.8333333333333331;0.8333333333333331;0.8333333333333331;0.046972618588507514;0.05332472562943832;0.04530046224961479;0.035714285714285726;0.05520361990950244;0.052012383900928785;0.04790326730126063;0.04660069399820072;0.046786632390745514;0.0658158614402915;0.06448087431693988;0.06219797349961028;0.039386189258312;0.03498215196328402;0.04030710172744722;0.04852436513383666;0.047592918077763946;0.04709663595457465;0.06416337857173803;0.03822138932663229
;;;;;;;;;0.01211893112532932;0.010349580253101131;0.01371514694800301;0.8333333333333331;;;-1.400039108868165;0.06257796257796275;0.0010882827763081288;0.05595653861078774;0.0026168224299065413;0.05708737864077669;0.0009053878015929969;0.06467143786597247;0.0007984160167625445;0.05520361990950244;0.0006034617803632674;0.06105919003115264;0.001811947399666608;0.06945169712793753;0.0026342428624010774;0.06945169712793753;0.0016812592714729882;0.06600677259703067;0.0006034617803632674;0.1032051282051282;0.0005225830533781261;0.08790482485128862;0.0007984160167625445;0.09820311460135783;0.0013158834467086394;0.0512635379061372;0.001597743221938763;0.0388342068260258;0.0015977432219387102;0.0516378643280887;0.0010882827763081288;0.05853489979267474;0.0032668179844484906;0.060300985988583466;0.004408665695409847;0.06830159144273434;0.001811947399666608;0.09641052911459737;0.006873564041158715;0.04722067458106541;0.006872071699394831;0.8333333333333331;0.8333333333333331;0.8333333333333331;0.8333333333333331;0.8333333333333331;0.06257796257796275;0.05595653861078774;0.05708737864077669;0.06467143786597247;0.05520361990950244;0.06105919003115264;0.06945169712793753;0.06945169712793753;0.06600677259703067;0.1032051282051282;0.08790482485128862;0.09820311460135783;0.0512635379061372;0.0388342068260258;0.0516378643280887;0.05853489979267474;0.060300985988583466;0.06830159144273434;0.09641052911459737;0.04722067458106541
;;;;;;;;;0.01211893112532932;0.010349580253101131;0.01371514694800301;;;;-1.4000352706761177;0.07329842931937151;0.0007984160167625445;0.06906812842599842;0.0009053878015929969;0.08300395256916995;0.0009053878015929969;0.05614489003880964;0.0016812592714729882;0.07310561444837063;0.0005225830533781261;0.06925988774311427;0.0026342428624010774;0.07368421052631578;0.0009053878015929969;0.08515635308088157;0.00030166587452959133;0.08046823622254393;0.0010882827763081288;0.13581661891117477;0.0027196810705869996;0.13497886267557635;0.0006034617803632674;0.12623728813559343;0.0016812592714729882;0.059543568464730086;0.00030166587452959133;0.044743935309973046;0.002092675635276532;0.055015511892450686;0.0010882827763081288;0.07510047178053442;0.006454339832877124;0.06613407433136512;0.008178300161572592;0.07975460122699359;0.0051856263828404725;0.1323319871125831;0.004451275524605091;0.05307457291621842;0.00708812395813989;0.8333333333333331;0.8333333333333331;0.8333333333333331;0.8333333333333331;0.8333333333333331;0.07329842931937151;0.06906812842599842;0.08300395256916995;0.05614489003880964;0.07310561444837063;0.06925988774311427;0.07368421052631578;0.08515635308088157;0.08046823622254393;0.13581661891117477;0.13497886267557635;0.12623728813559343;0.059543568464730086;0.044743935309973046;0.055015511892450686;0.07510047178053442;0.06613407433136512;0.07975460122699359;0.1323319871125831;0.05307457291621842
;;;;;;;;0.8333333333333331;0.010526315789473682;0.011587659894657635;0.010526315789473682;0.8333333333333331;;;-1.400022600051609;0.220034542314335;0.0009053878015929969;0.4586525759577275;0.0010882827763081288;0.2034188034188034;0.0009053878015929969;0.28755622188905566;0.0016812592714729882;0.29824984912492475;0.0021143947248519345;0.3516339869281045;0.0010455563853622105;0.4949494949494948;0.001886034320559523;0.561659114674102;0.001836973752911367;0.3883698760724498;0.0034339297452328113;0.6630498533724335;0.0007984160167625445;0.7221719457013573;0.0013834746886050378;0.7293984108967082;0.0013834746886050378;0.21538461538461515;0.0007984160167625445;0.14276315789473681;0.0009053878015929969;0.16507230255839841;0.0021143947248519345;0.28637634838194154;0.10019774802877272;0.31202595822348367;0.023089899379166407;0.47892276875139084;0.05078496730040826;0.7044497070921099;0.01645271118783513;0.17382550335570465;0.029808776927907375;4.117647058823528;4.117647058823528;4.117647058823528;4.117647058823528;4.117647058823528;0.1020016012810248;0.19704880817253143;0.0948207171314741;0.1303874915023791;0.13476956640305404;0.1562007465781833;0.21030042918454933;0.2339091304978954;0.17053160318124733;0.2680497925311205;0.2870503597122302;0.2893291310220621;0.10000000000000017;0.0679186228482003;0.07794117647058803;0.12990213845596257;0.14037040416020422;0.20448541290506536;0.2814220982920881;0.08183254344391784
;;;;;;;;;0.009996242014280345;0.012650602409638553;0.01318267419962335;0.8333333333333331;;;-1.4000204427088723;0.28755622188905566;0.0013158834467086394;0.9314001657000875;0.001980527093522562;0.276496872207328;0.0009053878015929969;0.6317689530685916;0.001597743221938763;0.9627204030226699;0.0013834746886050378;0.9686868686868686;0.002769686370773942;0.8915309446254116;0.001207444022383275;1.0792951541850273;0.003678774514555728;0.9008994276369534;0.0021782588108635458;0.9827265029635849;0.0013158834467086394;0.9969335604770068;0.001980527093522562;0.9908241291418911;0.00030166587452959133;0.2972255729794931;0.0026858300838619306;0.19298046985564693;0.001836973752911367;0.25334900117508835;0.0016812592714729882;0.45416209092905735;0.2164066417311398;0.8428267800212523;0.08330252376365475;0.9541550474065776;0.03740835473841792;0.9901472253680599;0.002450370067095621;0.24673754023212743;0.03907100556358189;4.117647058823528;-4.242424242424243;-4.242424242424243;-4.242424242424243;4.117647058823528;0.1303874915023791;0.3494560149207333;0.1258235054900366;0.11800404585300046;0.15878687162442875;0.1594347464671654;0.15084045191512832;0.17096999302163315;0.15190955466703407;0.16094855082512802;0.16246529705719065;0.16181490217843783;0.13435114503816814;0.09026876737720091;0.11616379310344806;0.19538883114428787;0.14516335682254977;0.157852002214431;0.16174266950328398;0.11337785147671774
;;;;;;;;;0.010526315789473682;0.011587659894657635;0.012650602409638553;0.8333333333333331;;;-1.4000186836474064;1.120940649496086;0.0021143947248519345;1.3090252707581223;0.001886034320559523;1.688065843621399;0.002769686370773942;1.0711306256860644;0.0010882827763081288;1.7931914893617016;0.001886034320559523;2.2965517241379305;0.002092675635276532;1.5504587155963225;0.001207444022383275;1.4460176991150508;0.030724746800470493;1.6176943699731983;0.001597743221938763;1.1523809523809523;0.002092675635276532;1.2672985781990458;0.0006034617803632674;1.3826946847960513;0.002416972586982667;0.3923566878980894;0.001509630526971253;0.3003021148036251;0.0012074440223833274;0.3445753254804709;0.0006034617803632674;1.3532001630656292;0.07601187354266405;1.6353258426966317;0.14860303497352;1.5363478260869512;0.020067254107061346;1.2641420118343256;0.03252606787323743;0.34493592393551065;0.03024213579771267;-3.017241379310345;-3.017241379310345;-3.017241379310345;-3.017241379310345;-4.242424242424243;0.13665529010238883;0.1497728211482858;0.17184750733137827;0.1328884652049569;0.17713324926439677;0.19863655730720067;0.16441973592772782;0.15835525404956366;0.1681248258567844;0.13896636587366692;0.14700384826827947;0.15448142521751113;0.08105263157894756;0.06467143786597247;0.07272013607222275;0.15262310910846444;0.16907206914176864;0.16362289312835682;0.14679126013467064;0.07278436845778062
;;;;;;;;;0.010349580253101131;0.011941796287004532;0.01211893112532932;0.8333333333333331;;;-1.4000149210211896;40.52178770949714;0.00209267563527648;-22.45893358278727;0.0007984160167625445;-5.635559736594561;0.003715970806258873;4.27195767195767;0.0013834746886050378;11.819025249559743;0.0026858300838619306;36.62702702702574;0.001207444022383275;5.163265306122407;0.002359548300949586;5.966492146596906;0.0012074440223833274;6.631394933999228;0.003325490240694887;1.9450222882615051;0.0012074440223833274;2.0348489472078217;0.0006034617803632674;2.3290044724200634;0.0006034617803632674;0.545721694036301;0.002976740091409879;0.49814502529510923;0.0007984160167625445;0.5869373345101503;0.001509630526971253;-12.95053873781439;0.3242144803543911;9.381609195402289;0.1678086198674592;5.8705350414468045;0.028013205797359473;2.0954712489001563;0.03208033728300585;0.5429228998849253;0.02349409643901655;-2.730496453900709;-2.730496453900709;-2.730496453900709;-2.730496453900709;-3.017241379310345;0.29850611136260746;0.33676901712698687;0.44675963904839994;0.22213575443147424;0.2717659290063867;0.2972255729794931;0.23367198838896924;0.24177362893815657;0.24729986828625758;0.16550764951321253;0.16899916364650144;0.1793461484495578;0.08319936750560003;0.07755316355998969;0.08790482485128862;0.35847523824402405;0.26312056737588646;0.2408960590893626;0.17126238890698423;0.08287370454944681
;;;;;;;;;0.010349580253101131;0.011941796287004532;0.01211893112532932;;;;-1.4000139959620606;-4.152078239608809;0.0013158834467086394;-3.291764705882356;0.0031559037938222395;-2.9377049180327868;0.0005225830533781261;-21.499999999999677;0.0013158834467086394;-7.484324324324293;0.0006034617803632674;-6.944827586206871;0.001597743221938763;11.688372093023096;0.0021143947248519345;52.19999999999978;0.0005225830533781261;54.8799999999972;0.0026342428624010774;2.4416382252559594;0.002883013868832761;2.278431372549019;0.0010455563853622105;3.0844621513944035;0.00030166587452959133;0.5869373345101503;0.0006034617803632674;0.5524718126626188;0.0012074440223833274;0.6484076433121015;0.0012074440223833274;-3.34516129032258;0.3535940760812609;-9.005405405405462;0.15508500080687587;25.18897637795295;0.06910599295130919;2.5727058823529587;0.051911271197631836;0.5951550960118163;0.024179876184639588;-1.9125683060109289;-1.9125683060109289;-1.9125683060109289;-1.9125683060109289;-3.017241379310345;0.24874761974512938;0.29492546303267553;0.3306273062730627;0.16768802228412277;0.19636930931782742;0.2004549978671977;0.13728489483747588;0.1510541546093427;0.15126791620727648;0.09501925886571902;0.09244232299124899;0.10340590356618116;0.08790482485128862;0.08398154251812806;0.09462222812375533;0.2907670739034649;0.18803611738148962;0.14650790016029316;0.09694121819310247;0.08882324412503863
;;;;;;;;4.117647058823528;0.01424802110817942;0.01318267419962335;0.011056788266265513;0.8333333333333331;;;-1.4000134279435505;-3.115853658536583;0.003407141113894147;-2.972067039106143;0.0013158834467086394;-2.7896296296296295;0.0022807462923735635;-12.435294117647063;0.0;-6.709433962264129;0.0016812592714729882;-6.01311475409838;0.004578977227717851;11.106666666666657;0.0005225830533781261;14.913043478260871;0.0029145887504997527;20.67058823529407;0.0010455563853622105;2.2192926045015957;0.0007984160167625445;2.389898989898989;0.0013834746886050378;2.6056939501779217;0.0006034617803632674;0.6099999999999995;0.0010882827763081288;0.5626852659110719;0.0006034617803632674;0.6354430379746838;0.001980527093522562;-2.9475710357470235;0.14960858064679236;-7.45161290322581;0.14294269796836667;14.68000000000021;0.03483439053722102;2.398425196850385;0.026636052782144617;0.6022531870738214;0.018383114341797478;-1.6166281755196306;-1.6166281755196306;-1.9125683060109289;-1.9125683060109289;-3.017241379310345;0.13980848153214753;0.1461538461538459;0.1562007465781833;0.08359035191775403;0.09442379182156112;0.09760510910058559;0.13644553644553642;0.1408624229979466;0.1446685878962536;0.09145355770504815;0.09422540820390282;0.09740588000532105;0.09046610169491542;0.08515635308088157;0.09323427964977427;0.14735829171058043;0.09184890656063617;0.14065151929920633;0.0943576580962073;0.08961136353610644
;;;;;;;;;0.01478129713423831;0.010526315789473682;0.009466566491359877;0.8333333333333331;;;-1.4000110855927121;-3.075;0.0005225830533780738;-2.7930693069306947;0.0010882827763081288;-2.5725;0.0006034617803632674;-6.33684210526316;0.0005225830533780738;-5.729230769230754;0.0010882827763081288;-5.335664335664349;0.0006034617803632674;26.740000000000663;0.00030166587452959133;41.89230769230603;0.001836973752911367;23.613333333333273;0.002397983176253183;2.117499999999988;0.0007984160167625445;2.207692307692307;0.001811947399666608;2.3395348837209426;0.001836973752911367;0.6372850678733027;0.0010882827763081288;0.72177191328935;0.0012074440223833274;0.6465454545454549;0.0006034617803632674;-2.7839344262295085;0.3056459267628896;-5.7627906976744185;0.05248395045185797;29.02162162162245;0.017362439200614182;2.2192926045015957;0.016810334817853434;0.6678505817513781;0.021292973957570755;-1.6166281755196306;-1.6166281755196306;-1.9125683060109289;-1.9125683060109289;-3.017241379310345;0.14149548069022183;0.15598562344484398;0.1725062866722548;0.0960127591706539;0.09920085242408076;0.10180120080053388;0.14700384826827947;0.14998622968879075;0.14594149155335803;0.08967707781895161;0.09125596184419714;0.09343240015921471;0.09343240015921471;0.10220205525156789;0.09442379182156112;0.15655941735041976;0.09900119856172591;0.1476419634263717;0.09145355770504815;0.09667582661111596
;;;;;;;;;0.015314975480950583;0.01211893112532932;0.011056788266265513;0.8333333333333331;;;-1.4000107612827402;-2.541582150101419;0.001980527093522562;-2.438376383763839;0.0010882827763081288;-2.3092084006462024;0.0007984160167625445;-4.653179190751455;0.0026858300838619306;-4.3936170212766035;0.001597743221938763;-3.8469565217391355;0.001980527093522562;-126.46666666666748;0.0022807462923735635;-20.4779661016946;0.001980527093522562;-10.780000000000001;0.0022807462923735635;2.815730337078651;0.0013834746886050378;2.6056939501779217;0.0006034617803632674;3.2320987654320983;0.0013834746886050378;0.7563218390804596;0.0009053878015929969;0.744;0.0005225830533781261;0.711819887429643;0.001980527093522562;-2.42079806529625;0.2627098135931425;-4.25685279187818;0.11106141013589496;-19.361702127659477;0.10398999610897547;2.86902654867256;0.03428374697340281;0.7372151898734183;0.009971940094480313;-1.6166281755196306;-1.6166281755196306;-1.9125683060109289;-1.9125683060109289;-3.017241379310345;0.17536738978306485;0.18624577226606556;0.20364724319703637;0.10783657066309464;0.11087248322147668;0.11943844492440624;0.15749273557492735;0.16834331893548857;0.18178752107925797;0.10019992003198719;0.09740588000532105;0.10501403931006817;0.10561797752808988;0.1044105854049719;0.10120032008535629;0.18833490122295404;0.11269990592662293;0.16914498141263945;0.10086670518689714;0.10374064837905243
;;;;;;;;;0.01478129713423831;0.011941796287004532;0.010526315789473682;0.8333333333333331;;;-1.4000102716478535;-2.676190476190476;0.0013834746886050378;-2.325657894736843;0.001597743221938763;-2.2350148367952527;0.0024730705792320143;-4.7301775147928895;0.0034868941235298573;-4.132038834951463;0.002416972586982614;-4.286153846153847;0.0009053878015929969;-28.85365853658473;0.0026858300838619306;-12.018867924528402;0.0028830138688328132;-13.374468085106512;0.001597743221938763;2.6930909090908943;0.003407141113894147;2.678260869565217;0.0005225830533781261;3.1942857142856944;0.00030166587452959133;0.711819887429643;0.0012074440223833274;0.7318181818181817;0.0013834746886050378;0.7563218390804596;0.0013834746886050378;-2.3799187463726055;0.5964032072127693;-4.362105263157888;0.06945169712793753;-15.411618257261312;0.06293543109184145;2.8422110552764024;0.0313622877384789;0.7331648768161716;0.009656445674112946;-1.6166281755196306;-1.6166281755196306;-1.9125683060109289;-1.9125683060109289;-3.017241379310345;0.16398499374739475;0.2011379800853487;0.21631246410109153;0.10702905342080578;0.11453175457481181;0.11229343006852074;0.16441973592772782;0.17868162692847103;0.17602912349481914;0.09860205032618806;0.09840255591054313;0.10461168293008934;0.10120032008535629;0.1032051282051282;0.10561797752808988;0.19350667736303112;0.11127819548872157;0.17301905249918495;0.10053323853537173;0.10333897248686658
;;;;;;;;;0.01478129713423831;0.011941796287004532;0.010526315789473682;;;;-1.4000062835223068;-1.8327566320645905;0.0015689204333208815;-2.021535063500828;0.0007984160167625445;-1.9332070108953097;0.0016812592714729882;-3.1866666666666665;0.0005225830533781261;-3.1866666666666665;0.0013834746886050378;-3.2038461538461545;0.0005225830533781261;-20.806896551724492;0.0006034617803632674;-12.435294117647063;0.001811947399666608;-10.62622950819665;0.0016812592714729882;2.678260869565217;0.0005225830533781261;2.929230769230751;0.0016812592714729882;3.120481927710843;0.0010455563853622105;0.6921933085501862;0.0007984160167625445;0.6999999999999995;0.0013158834467086394;0.6863762743280819;0.0016812592714729882;-1.917675915989575;1.3778177847653041;-3.1923566878980925;0.006058119655817388;-13.374468085106512;0.059432693757250035;2.901656050955424;0.02404752432263026;0.6928416485900213;0.0030643034191151263;-1.4792899408284024;-1.6166281755196306;-1.9125683060109289;-1.9125683060109289;-3.017241379310345;0.12955564614757437;0.09740588000532105;0.10945420410352666;0.1370749692748873;0.1370749692748873;0.13644553644553642;0.1681248258567844;0.17779646761984857;0.1822322181613721;0.09840255591054313;0.10160085378868708;0.10380761523046092;0.09920085242408076;0.10000000000000017;0.09860205032618806;0.11202256750100774;0.1368651010376845;0.17602912349481914;0.10126706086337985;0.09926741553079045
;;;;;;;;-13.125000000000004;0.01584905660377358;0.01478129713423831;0.01371514694800301;0.8333333333333331;;;-1.4000060647467973;-1.8639736191261316;0.001597743221938763;-2.003215434083601;0.0015689204333208815;-1.982910409114448;0.001836973752911367;-3.68780487804878;0.0015689204333208815;-4.158823529411765;0.002397983176253183;-3.8684210526315788;0.0005225830533781261;15.152941176470335;0.001836973752911367;5.548148148148147;0.0005225830533781261;-113.96000000001239;0.0026342428624010774;1.843804034582123;0.0013158834467086394;1.843804034582123;0.0007984160167625445;1.8252148997134758;0.0006034617803632674;0.6226415094339621;0.0015689204333208815;0.6502732240437158;0.0;0.67292817679558;0.0013834746886050378;-1.9426321709786278;0.8615191352757599;-3.8902654867256583;0.0774418705895449;13.949090909091186;0.16795868448372817;1.8375838926174461;0.00201356444985729;0.6484076433121015;0.011877816596085885;-1.4792899408284024;-1.6166281755196306;-1.9125683060109289;-1.9125683060109289;-3.017241379310345;0.12231539085745177;0.09960031974420462;0.10220205525156789;0.12272727272727273;0.11412429378531072;0.11902834008097164;0.14107338444687817;0.12149229521492293;0.15770827567118714;0.08437293946986658;0.08437293946986658;0.08398154251812806;0.09184890656063617;0.0948207171314741;0.09720670391061449;0.10797124101281655;0.11861845655693448;0.1399489237504563;0.08424245088127988;0.09462222812375533
;;;;;;;;;0.015314975480950583;0.017453721193804304;0.01424802110817942;0.8333333333333331;;;-1.400006004186416;-1.8717518860016782;0.0010882827763081288;-2.055944055944056;0.0005225830533781261;-2.0636792452830193;0.0006034617803632674;-4.105769230769225;0.0016812592714729882;-4.362105263157888;0.0006034617803632674;-3.7352697095435645;0.0010882827763081288;32.70909090909081;0.002092675635276532;22.548936170212215;0.0013158834467086394;-376.600000000008;0.0005225830533781261;1.7707042253521212;0.0013158834467086394;1.46412213740458;0.0009053878015929969;2.2427184466019408;0.003184790996177559;0.6354430379746838;0.001509630526971253;0.6540145985401455;0.001207444022383275;0.6135957066189627;0.0006034617803632674;-1.9824077268023457;1.3368583566637091;-4.042253521126762;0.09627142207238056;42.45454545454315;0.046403755861799234;1.7947019867549787;0.07728835340733813;0.63421686746988;0.009656445674112892;-1.4792899408284024;-1.6166281755196306;-1.9125683060109289;-1.9125683060109289;-3.017241379310345;0.1206700891650907;0.09363057324840764;0.09283819628647233;0.11493943472409131;0.11127819548872157;0.12169798566986592;0.14849360297152292;0.14551695729781663;0.1562007465781833;0.08280858911869338;0.07542272906016516;0.09184890656063617;0.09323427964977427;0.09521785334750284;0.09086092715231768;0.10226888513212891;0.11595959595959594;0.15005737893045643;0.08332967274324647;0.09310222851078874
;;;;;;;;;0.01478129713423831;0.016383540958852395;0.01478129713423831;0.8333333333333331;;;-1.4000054897356282;-1.812156719150496;0.00030166587452959133;-2.16260162601626;0.0;-1.9905561385099688;0.0010882827763081288;-3.71604938271605;0.0010455563853622105;-4.316062176165796;0.0007984160167625445;-3.8154506437768294;0.0007984160167625445;6.309589041095832;0.0007984160167625445;15.400000000000245;0.0024730705792320143;38.80000000000137;0.0010882827763081288;1.8816326530612337;0.001509630526971253;1.667029972752052;0.0007984160167625445;1.5777777777777773;0.0027196810705869996;0.5816901408450706;0.0016812592714729882;0.6046304541406942;0.0006034617803632674;0.549090909090909;0.0013834746886050378;-1.9523965319810241;5.371588752957551;-3.9237668161434933;0.09863203138934691;12.61161825726129;0.11314591038944598;1.7036764705882317;0.031874994806747006;0.5782073813708255;0.01415338613719984;-1.4792899408284024;-1.6166281755196306;-1.9125683060109289;-1.9125683060109289;-3.017241379310345;0.13497886267557635;0.08417721518987341;0.10120032008535629;0.12210953346855982;0.11188717259905955;0.12005401755570579;0.1247900298022214;0.14128440366972497;0.14955947136563896;0.08515635308088157;0.08046823622254393;0.07832939322301023;0.0873150105708243;0.08987425545996049;0.08359035191775403;0.10649118893598009;0.11800404585300046;0.13847555697298267;0.08131251096683623;0.08692206076618249
;;;;;;;;;0.015314975480950583;0.01620533467539005;0.01424802110817942;0.8333333333333331;;;-1.4000053383619413;-1.8069414316702819;0.0010455563853622105;-2.1008717310087177;0.001509630526971253;-2.094386181369525;0.00030166587452959133;-3.6693548387096815;0.0021143947248519345;-5.3633802816901275;0.0010882827763081288;-3.431768953068589;0.0010882827763081288;40.28888888888875;0.001886034320559523;22.04999999999998;0.0013834746886050378;61.133333333333276;0.0009053878015929969;2.1065420560747663;0.0005225830533781261;1.5699208443271846;0.0007984160167625445;1.4424242424242424;0.0005225830533781261;0.5904509283819628;0.0005225830533781261;0.6099999999999995;0.0016812592714729882;0.5782073813708255;0.0007984160167625445;-1.9634573669280824;6.723465823232061;-3.931334332833587;0.3006396599428634;34.90967741935603;0.027330185197482832;1.6810218978102132;0.07199491440502072;0.5928002360578339;0.00794488212876482;-1.4792899408284024;-1.6166281755196306;-1.9125683060109289;-1.9125683060109289;-3.017241379310345;0.13644553644553642;0.08928287906853684;0.08987425545996049;0.12313937753721266;0.10160085378868708;0.12914006249150908;0.1497728211482858;0.14530477759472818;0.15169561621174524;0.08947995236204842;0.07813525935653334;0.0748427672955975;0.08829829432764774;0.09046610169491542;0.08692206076618249;0.10487989660858338;0.11786757765091914;0.14891977432227899;0.08079284336081374;0.08856072294467682
;;;;;;;;;0.015314975480950583;0.01620533467539005;0.01424802110817942;;;;-1.4000052584567952;-1.7701414008549803;0.0025816309291828623;-1.9160935350756532;0.0022807462923735635;-1.9421965317919074;0.0005225830533781261;-3.5318181818181813;0.0015689204333208815;-3.6245059288537513;0.001509630526971253;-3.5078651685393263;0.0005225830533781261;10.574468085106497;0.0021143947248519345;54.8799999999972;0.0010882827763081288;100.92727272726293;0.0013158834467086394;1.8068376068376064;0.0010455563853622105;1.9008797653958842;0.001836973752911367;2.0633846153846256;0.0012074440223833274;0.5541666666666666;0.0005225830533781261;0.5799472295514512;0.0005225830533781261;0.5816901408450706;0.0007984160167625445;-1.8627021101671681;2.699673190282468;-3.5535714285714315;0.02615003893804109;25.61439999999975;0.084069294724587;1.9203539823008846;0.023215543364284427;0.5718540145985399;0.007847248140368664;-1.4792899408284024;-1.6166281755196306;-1.9125683060109289;-1.9125683060109289;-3.017241379310345;0.14806766607069158;0.11229343006852074;0.10803858520900321;0.1264442636289666;0.12417061611374383;0.12706552706552704;0.13560709413369731;0.15126791620727648;0.15319442527942573;0.08359035191775403;0.08554837006730875;0.08869197196138096;0.08417721518987341;0.0871185097106619;0.0873150105708243;0.12258995400847698;0.12589245368278348;0.14664956716896432;0.08594059405940593;0.08620219180493789
;;;;;;;;-4.242424242424243;0.011587659894657635;0.01584905660377358;0.016918429003021148;0.8333333333333331;;;-1.400004873250546;-1.7606536366549195;0.0013158834467086394;-1.8717518860016782;0.0006034617803632674;-1.9555774925962488;0.0007984160167625445;-3.2392156862745103;0.0005225830533781261;-3.5399239543726275;0.001597743221938763;-3.4615384615384617;0.0015689204333208815;29.02162162162245;0.001836973752911367;12.326829268292833;0.0012074440223833274;47.53913043478035;0.00030166587452959133;1.8720930232558044;0.0006034617803632674;1.6096256684491896;0.0012074440223833274;2.02127659574467;0.0013158834467086394;0.5094147582697199;0.0009053878015929969;0.585185185185185;0.0005225830533781261;0.5390180878552971;0.0005225830533781261;-1.8482676224611707;3.1774603433518953;-3.405225653206652;0.08301118894336913;22.380281690140475;0.055819970836480604;1.8252148997134758;0.041068440357911;0.5440414507772019;0.020001447436549972;-1.4792899408284024;-1.6166281755196306;-1.9125683060109289;-1.9125683060109289;-3.017241379310345;0.1514817367332876;0.1206700891650907;0.10602087235750622;0.13518821603927986;0.12623728813559343;0.12830957230142567;0.1476419634263717;0.13812517081169737;0.15062680810028906;0.08496042216358818;0.07910643889618903;0.08790482485128862;0.07891210090658256;0.08770816812053923;0.08241801659423152;0.1258235054900366;0.12990213845596257;0.14544622425629278;0.08398154251812806;0.08300395256916995
;;;;;;;;;0.011587659894657635;0.016918429003021148;0.016918429003021148;0.8333333333333331;;;-1.4000047402626643;-1.8327566320645905;0.002092675635276532;-1.8881179531656527;0.0013158834467086394;-2.067615658362989;0.0005225830533781261;-3.5399239543726275;0.0026858300838619306;-4.831707317073182;0.0006034617803632674;-4.0055555555555555;0.0010455563853622105;11.537931034482758;0.0009053878015929969;12.326829268292833;0.0010882827763081288;54.8799999999972;0.0025816309291828623;1.4714285714285638;0.0021143947248519345;1.735376044568236;0.001509630526971253;1.7093922651933615;0.0013158834467086394;0.5159148936170216;0.001597743221938763;0.5290488431876605;0.0009053878015929969;0.4997468354430379;0.0013834746886050378;-1.9121795844077016;1.9402645111992947;-4.025816485225504;0.19669104471374133;16.46666666666667;0.06815396251575709;1.6339622641509348;0.032513581865350104;0.5148284661185146;0.007896213498405415;-1.4792899408284024;-1.6166281755196306;-1.9125683060109289;-1.9125683060109289;-3.017241379310345;0.12955564614757437;0.11739013211108094;0.09244232299124899;0.12623728813559343;0.10602087235750622;0.11657235246564267;0.1370749692748873;0.13812517081169737;0.15126791620727648;0.0756161510225483;0.08202764976958506;0.08144248486443782;0.07968975943210181;0.081247532570075;0.07774714454509647;0.11297101124602349;0.11623187104306021;0.14212905877517468;0.07968975943210181;0.0795600928887525
;;;;;;;;;0.011587659894657635;0.01478129713423831;0.017453721193804304;0.8333333333333331;;;-1.4000046940056299;-1.7757009345794377;0.00030166587452959133;-1.9984051036682613;0.0013834746886050378;-2.0880195599022007;0.001509630526971253;-3.469117647058828;0.0010882827763081288;-3.805128205128205;0.0005225830533781261;-3.3208191126279893;0.0021782588108635458;18.699999999999633;0.00030166587452959133;11.688372093023096;0.0012074440223833274;21.57142857142904;0.002359548300949586;1.5699208443271846;0.0010882827763081288;1.6838356164383474;0.0010882827763081288;2.0317073170731805;0.0026858300838619306;0.49335576114381796;0.0006034617803632674;0.5323605150214588;0.0007984160167625445;0.49335576114381796;0.00030166587452959133;-1.9184707508060796;12.829466850051872;-3.513141426783474;0.11251861681175307;16.27958115183262;0.03508344204022409;1.7500000000000029;0.04743817596998193;0.5061812023708724;0.012168896907022112;-1.4792899408284024;-1.6166281755196306;-1.9125683060109289;-1.9125683060109289;-3.017241379310345;0.1461538461538459;0.10019992003198719;0.09046610169491542;0.12810209068694017;0.12025931928687195;0.13247106875425477;0.14360943499725703;0.13728489483747588;0.1450926561427593;0.07813525935653334;0.08085778187080628;0.08810153358011653;0.07697152604645077;0.08163748848229582;0.07697152604645077;0.11188717259905955;0.12692742482477967;0.14198821864012068;0.08235294117647064;0.07852357809010883
;;;;;;;;;0.011587659894657635;0.01584905660377358;0.01709681480548909;0.8333333333333331;;;-1.4000043806325047;-1.8136714443219404;0.0009053878015929969;-1.956952003958436;0.0007984160167625445;-1.9395973154362418;0.0012074440223833274;-3.115853658536583;0.00030166587452959133;-4.5441340782123;0.0013158834467086394;-3.3747368421052633;0.0010455563853622105;23.0695652173918;0.001509630526971253;29.86666666666664;0.0013834746886050378;12.326829268292833;0.0006034617803632674;1.4861538461538457;0.0010455563853622105;1.4069825436408905;0.0010882827763081288;1.5777777777777773;0.0013834746886050378;0.3895071542130363;0.00030166587452959133;0.4713216957605985;0.0009053878015929969;0.4651201325600659;0.0016812592714729882;-1.8945518453427042;1.2976585697380005;-3.5318181818181813;0.3300297665474537;19.19024390243927;0.04343530785977754;1.4886227544910153;0.020321949884684963;0.44122137404580125;0.027217295679446953;-1.4792899408284024;-1.6166281755196306;-1.9125683060109289;-1.9125683060109289;-3.017241379310345;0.13456032719836397;0.10581939799331082;0.10844277673545988;0.13980848153214753;0.10904947043839676;0.13080375356997143;0.14572919527602324;0.14785478547854783;0.13812517081169737;0.07600314712824548;0.07387717690192465;0.07832939322301023;0.06371911573472061;0.07426326129666012;0.07349129467207767;0.11616379310344806;0.1264442636289666;0.1438917337234822;0.07606766621497565;0.07047552691168758
;;;;;;;;;0.011587659894657635;0.01584905660377358;0.01709681480548909;;;;-1.4000042606475196;-1.7441149495567114;0.0010882827763081288;-2.0337837837837838;0.001045556385362158;-1.9555774925962488;0.0010882827763081288;-3.8469565217391355;0.0013158834467086394;-4.331250000000001;0.0013834746886050378;-4.331250000000001;0.0005225830533781261;4.493193717277453;0.0013158834467086394;5.144186046511665;0.001980527093522562;5.635000000000043;0.0007984160167625445;1.1816513761467946;0.0006034617803632674;1.0738461538461481;0.0007984160167625445;1.1408577878103778;0.0010882827763081288;0.4497945768282664;0.0016812592714729882;0.42283400809716626;0.0007984160167625445;0.44524590163934447;0.0007984160167625445;-1.877421179131909;348.82565813994904;-4.149837133550478;0.08081613054854829;5.056596558317412;0.027758113552090315;1.131334332833587;0.01693452386833816;0.43921568627450974;0.008446871732838594;-1.4792899408284024;-1.6166281755196306;-1.9125683060109289;-1.9125683060109289;-3.017241379310345;0.15792387543252615;0.0960127591706539;0.10602087235750622;0.11943844492440624;0.11168412570507655;0.11168412570507655;0.11555136663524955;0.11943844492440624;0.1219037317468904;0.06715328467153303;0.06352879989598212;0.0658158614402915;0.07156491044580972;0.06811008217034023;0.07098797699947705;0.11950681726139598;0.11426008968609849;0.11896001079573573;0.06549778665046449;0.07021943573667712
;;;;;;;;0.0;0.04808954071786954;0.05145067698259187;0.044743935309973046;0.8333333333333331;;;-1.400004228380702;-1.7538509902546378;0.001980527093522562;-2.0064655172413786;0.0024730705792320143;-2.0;0.0010882827763081288;-3.3678321678321645;0.0021143947248519345;-4.08;0.0009053878015929969;-3.725619834710748;0.0006034617803632674;19.44444444444443;0.001811947399666608;13.030769230769218;0.0009053878015929969;28.22105263157816;0.0013158834467086394;1.3792592592592592;0.0010455563853622105;1.299280575539568;0.0005225830533781261;1.546596858638751;0.00030166587452959133;0.4257907542579075;0.001886034320559523;0.476;0.002397983176253183;0.4574257425742574;0.001811947399666608;-1.8884709966729354;23.770767294531087;-3.68780487804878;0.14682343396294864;18.46352941176459;0.03595768755248946;1.4046511627906928;0.03167084203498341;0.4528395061728394;0.01469531748687674;-1.4792899408284024;-1.6166281755196306;-1.9125683060109289;-1.9125683060109289;-3.017241379310345;0.15405218831975723;0.09920085242408076;0.10000000000000017;0.13101196953209987;0.11534733441033924;0.1219037317468904;0.14403292181069957;0.13896636587366692;0.14742919989001904;0.07310561444837063;0.07079576636613091;0.07755316355998969;0.0684931506849315;0.0748427672955975;0.07252747252747252;0.1173219501235676;0.12272727272727273;0.14346832434408988;0.07381284916201103;0.07194978422910944
;;;;;;;;;0.046972618588507514;0.05426356589147286;0.04585741811175337;0.8333333333333331;;;;;;;;;;;;;;;;;;;;;;;;;;;;;;;;;;;;;;;;;;;;;;;;;;;;;;;;;;;;;;;;;;;;
;;;;;;;;;0.04585741811175337;0.05426356589147286;0.04530046224961479;0.8333333333333331;;;;;;;;;;;;;;;;;;;;;;;;;;;;;;;;;;;;;;;;;;;;;;;;;;;;;;;;;;;;;;;;;;;;
;;;;;;;;;0.046972618588507514;0.05332472562943832;0.04530046224961479;0.8333333333333331;;;;;;;;;;;;;;;;;;;;;;;;;;;;;;;;;;;;;;;;;;;;;;;;;;;;;;;;;;;;;;;;;;;;
;;;;;;;;;0.046972618588507514;0.05332472562943832;0.04530046224961479;;;;;;;;;;;;;;;;;;;;;;;;;;;;;;;;;;;;;;;;;;;;;;;;;;;;;;;;;;;;;;;;;;;;;
;;;;;;;;0.8333333333333331;0.035897435897435895;0.053700116234017825;0.05257452574525745;0.8333333333333331;;;;;;;;;;;;;;;;;;;;;;;;;;;;;;;;;;;;;;;;;;;;;;;;;;;;;;;;;;;;;;;;;;;;
;;;;;;;;;0.03425076452599388;0.05482745250096936;0.05145067698259187;0.8333333333333331;;;;;;;;;;;;;;;;;;;;;;;;;;;;;;;;;;;;;;;;;;;;;;;;;;;;;;;;;;;;;;;;;;;;
;;;;;;;;;0.036997319034852545;0.05708737864077669;0.052012383900928785;0.8333333333333331;;;;;;;;;;;;;;;;;;;;;;;;;;;;;;;;;;;;;;;;;;;;;;;;;;;;;;;;;;;;;;;;;;;;
;;;;;;;;;0.035714285714285726;0.05520361990950244;0.052012383900928785;0.8333333333333331;;;;;;;;;;;;;;;;;;;;;;;;;;;;;;;;;;;;;;;;;;;;;;;;;;;;;;;;;;;;;;;;;;;;
;;;;;;;;;0.035714285714285726;0.05520361990950244;0.052012383900928785;;;;;;;;;;;;;;;;;;;;;;;;;;;;;;;;;;;;;;;;;;;;;;;;;;;;;;;;;;;;;;;;;;;;;
;;;;;;;;4.117647058823528;0.04976816074188562;0.04530046224961479;0.048648648648648644;0.8333333333333331;;;;;;;;;;;;;;;;;;;;;;;;;;;;;;;;;;;;;;;;;;;;;;;;;;;;;;;;;;;;;;;;;;;;
;;;;;;;;;0.046972618588507514;0.04641480339244409;0.04641480339244409;0.8333333333333331;;;;;;;;;;;;;;;;;;;;;;;;;;;;;;;;;;;;;;;;;;;;;;;;;;;;;;;;;;;;;;;;;;;;
;;;;;;;;;0.046972618588507514;0.04808954071786954;0.04530046224961479;0.8333333333333331;;;;;;;;;;;;;;;;;;;;;;;;;;;;;;;;;;;;;;;;;;;;;;;;;;;;;;;;;;;;;;;;;;;;
;;;;;;;;;0.04790326730126063;0.04660069399820072;0.046786632390745514;0.8333333333333331;;;;;;;;;;;;;;;;;;;;;;;;;;;;;;;;;;;;;;;;;;;;;;;;;;;;;;;;;;;;;;;;;;;;
;;;;;;;;;0.04790326730126063;0.04660069399820072;0.046786632390745514;;;;;;;;;;;;;;;;;;;;;;;;;;;;;;;;;;;;;;;;;;;;;;;;;;;;;;;;;;;;;;;;;;;;;
;;;;;;;;-13.125000000000004;0.06562499999999999;0.06448087431693988;0.06333853354134165;0.8333333333333331;;;;;;;;;;;;;;;;;;;;;;;;;;;;;;;;;;;;;;;;;;;;;;;;;;;;;;;;;;;;;;;;;;;;
;;;;;;;;;0.06562499999999999;0.06448087431693988;0.06219797349961028;0.8333333333333331;;;;;;;;;;;;;;;;;;;;;;;;;;;;;;;;;;;;;;;;;;;;;;;;;;;;;;;;;;;;;;;;;;;;
;;;;;;;;;0.06619773348964439;0.06448087431693988;0.06105919003115264;0.8333333333333331;;;;;;;;;;;;;;;;;;;;;;;;;;;;;;;;;;;;;;;;;;;;;;;;;;;;;;;;;;;;;;;;;;;;
;;;;;;;;;0.0658158614402915;0.06448087431693988;0.06219797349961028;0.8333333333333331;;;;;;;;;;;;;;;;;;;;;;;;;;;;;;;;;;;;;;;;;;;;;;;;;;;;;;;;;;;;;;;;;;;;
;;;;;;;;;0.0658158614402915;0.06448087431693988;0.06219797349961028;;;;;;;;;;;;;;;;;;;;;;;;;;;;;;;;;;;;;;;;;;;;;;;;;;;;;;;;;;;;;;;;;;;;;
;;;;;;;;-4.242424242424243;0.03975441289332309;0.03534812547819433;0.03865030674846625;0.8333333333333331;;;;;;;;;;;;;;;;;;;;;;;;;;;;;;;;;;;;;;;;;;;;;;;;;;;;;;;;;;;;;;;;;;;;
;;;;;;;;;0.04030710172744722;0.03534812547819433;0.040860215053763436;0.8333333333333331;;;;;;;;;;;;;;;;;;;;;;;;;;;;;;;;;;;;;;;;;;;;;;;;;;;;;;;;;;;;;;;;;;;;
;;;;;;;;;0.038098888463012646;0.03425076452599388;0.04141375336150595;0.8333333333333331;;;;;;;;;;;;;;;;;;;;;;;;;;;;;;;;;;;;;;;;;;;;;;;;;;;;;;;;;;;;;;;;;;;;
;;;;;;;;;0.039386189258312;0.03498215196328402;0.04030710172744722;0.8333333333333331;;;;;;;;;;;;;;;;;;;;;;;;;;;;;;;;;;;;;;;;;;;;;;;;;;;;;;;;;;;;;;;;;;;;
;;;;;;;;;0.039386189258312;0.03498215196328402;0.04030710172744722;;;;;;;;;;;;;;;;;;;;;;;;;;;;;;;;;;;;;;;;;;;;;;;;;;;;;;;;;;;;;;;;;;;;;
;;;;;;;;0.0;0.061628359953252825;0.05313710302091401;0.05595653861078774;0.8333333333333331;;;;;;;;;;;;;;;;;;;;;;;;;;;;;;;;;;;;;;;;;;;;;;;;;;;;;;;;;;;;;;;;;;;;
;;;;;;;;;0.06219797349961028;0.05878693623639191;0.05765345765345764;0.8333333333333331;;;;;;;;;;;;;;;;;;;;;;;;;;;;;;;;;;;;;;;;;;;;;;;;;;;;;;;;;;;;;;;;;;;;
;;;;;;;;;0.06390948107686305;0.05595653861078774;0.05765345765345764;0.8333333333333331;;;;;;;;;;;;;;;;;;;;;;;;;;;;;;;;;;;;;;;;;;;;;;;;;;;;;;;;;;;;;;;;;;;;
;;;;;;;;;0.06257796257796275;0.05595653861078774;0.05708737864077669;0.8333333333333331;;;;;;;;;;;;;;;;;;;;;;;;;;;;;;;;;;;;;;;;;;;;;;;;;;;;;;;;;;;;;;;;;;;;
;;;;;;;;;0.06257796257796275;0.05595653861078774;0.05708737864077669;;;;;;;;;;;;;;;;;;;;;;;;;;;;;;;;;;;;;;;;;;;;;;;;;;;;;;;;;;;;;;;;;;;;;
;;;;;;;;0.8333333333333331;0.06390948107686305;0.05482745250096936;0.06333853354134165;0.8333333333333331;;;;;;;;;;;;;;;;;;;;;;;;;;;;;;;;;;;;;;;;;;;;;;;;;;;;;;;;;;;;;;;;;;;;
;;;;;;;;;0.06562499999999999;0.05482745250096936;0.059922178988326844;0.8333333333333331;;;;;;;;;;;;;;;;;;;;;;;;;;;;;;;;;;;;;;;;;;;;;;;;;;;;;;;;;;;;;;;;;;;;
;;;;;;;;;0.06448087431693988;0.05595653861078774;0.059922178988326844;0.8333333333333331;;;;;;;;;;;;;;;;;;;;;;;;;;;;;;;;;;;;;;;;;;;;;;;;;;;;;;;;;;;;;;;;;;;;
;;;;;;;;;0.06467143786597247;0.05520361990950244;0.06105919003115264;0.8333333333333331;;;;;;;;;;;;;;;;;;;;;;;;;;;;;;;;;;;;;;;;;;;;;;;;;;;;;;;;;;;;;;;;;;;;
;;;;;;;;;0.06467143786597247;0.05520361990950244;0.06105919003115264;;;;;;;;;;;;;;;;;;;;;;;;;;;;;;;;;;;;;;;;;;;;;;;;;;;;;;;;;;;;;;;;;;;;;
;;;;;;;;4.117647058823528;0.07252747252747252;0.07079576636613091;0.06562499999999999;0.8333333333333331;;;;;;;;;;;;;;;;;;;;;;;;;;;;;;;;;;;;;;;;;;;;;;;;;;;;;;;;;;;;;;;;;;;;
;;;;;;;;;0.06906812842599842;0.06734454438795462;0.06677091477716965;0.8333333333333331;;;;;;;;;;;;;;;;;;;;;;;;;;;;;;;;;;;;;;;;;;;;;;;;;;;;;;;;;;;;;;;;;;;;
;;;;;;;;;0.06677091477716965;0.07021943573667712;0.06562499999999999;0.8333333333333331;;;;;;;;;;;;;;;;;;;;;;;;;;;;;;;;;;;;;;;;;;;;;;;;;;;;;;;;;;;;;;;;;;;;
;;;;;;;;;0.06945169712793753;0.06945169712793753;0.06600677259703067;0.8333333333333331;;;;;;;;;;;;;;;;;;;;;;;;;;;;;;;;;;;;;;;;;;;;;;;;;;;;;;;;;;;;;;;;;;;;
;;;;;;;;;0.06945169712793753;0.06945169712793753;0.06600677259703067;;;;;;;;;;;;;;;;;;;;;;;;;;;;;;;;;;;;;;;;;;;;;;;;;;;;;;;;;;;;;;;;;;;;;
;;;;;;;;-13.125000000000004;0.10260312374849818;0.08888888888888888;0.09660949341842838;0.8333333333333331;;;;;;;;;;;;;;;;;;;;;;;;;;;;;;;;;;;;;;;;;;;;;;;;;;;;;;;;;;;;;;;;;;;;
;;;;;;;;;0.1032051282051282;0.08770816812053923;0.09840255591054313;0.8333333333333331;;;;;;;;;;;;;;;;;;;;;;;;;;;;;;;;;;;;;;;;;;;;;;;;;;;;;;;;;;;;;;;;;;;;
;;;;;;;;;0.10380761523046092;0.0871185097106619;0.09960031974420462;0.8333333333333331;;;;;;;;;;;;;;;;;;;;;;;;;;;;;;;;;;;;;;;;;;;;;;;;;;;;;;;;;;;;;;;;;;;;
;;;;;;;;;0.1032051282051282;0.08790482485128862;0.09820311460135783;0.8333333333333331;;;;;;;;;;;;;;;;;;;;;;;;;;;;;;;;;;;;;;;;;;;;;;;;;;;;;;;;;;;;;;;;;;;;
;;;;;;;;;0.1032051282051282;0.08790482485128862;0.09820311460135783;;;;;;;;;;;;;;;;;;;;;;;;;;;;;;;;;;;;;;;;;;;;;;;;;;;;;;;;;;;;;;;;;;;;;
;;;;;;;;-4.242424242424243;0.04976816074188562;0.04030710172744722;0.05257452574525745;0.8333333333333331;;;;;;;;;;;;;;;;;;;;;;;;;;;;;;;;;;;;;;;;;;;;;;;;;;;;;;;;;;;;;;;;;;;;
;;;;;;;;;0.05088940448569218;0.039202148062907546;0.05032856590645534;0.8333333333333331;;;;;;;;;;;;;;;;;;;;;;;;;;;;;;;;;;;;;;;;;;;;;;;;;;;;;;;;;;;;;;;;;;;;
;;;;;;;;;0.05313710302091401;0.036997319034852545;0.052012383900928785;0.8333333333333331;;;;;;;;;;;;;;;;;;;;;;;;;;;;;;;;;;;;;;;;;;;;;;;;;;;;;;;;;;;;;;;;;;;;
;;;;;;;;;0.0512635379061372;0.0388342068260258;0.0516378643280887;0.8333333333333331;;;;;;;;;;;;;;;;;;;;;;;;;;;;;;;;;;;;;;;;;;;;;;;;;;;;;;;;;;;;;;;;;;;;
;;;;;;;;;0.0512635379061372;0.0388342068260258;0.0516378643280887;;;;;;;;;;;;;;;;;;;;;;;;;;;;;;;;;;;;;;;;;;;;;;;;;;;;;;;;;;;;;;;;;;;;;
;;;;;;;;0.0;0.07252747252747252;0.06964355660007833;0.08183254344391784;0.8333333333333331;;;;;;;;;;;;;;;;;;;;;;;;;;;;;;;;;;;;;;;;;;;;;;;;;;;;;;;;;;;;;;;;;;;;
;;;;;;;;;0.07426326129666012;0.06964355660007833;0.08359035191775403;0.8333333333333331;;;;;;;;;;;;;;;;;;;;;;;;;;;;;;;;;;;;;;;;;;;;;;;;;;;;;;;;;;;;;;;;;;;;
;;;;;;;;;0.07310561444837063;0.0679186228482003;0.08359035191775403;0.8333333333333331;;;;;;;;;;;;;;;;;;;;;;;;;;;;;;;;;;;;;;;;;;;;;;;;;;;;;;;;;;;;;;;;;;;;
;;;;;;;;;0.07329842931937151;0.06906812842599842;0.08300395256916995;0.8333333333333331;;;;;;;;;;;;;;;;;;;;;;;;;;;;;;;;;;;;;;;;;;;;;;;;;;;;;;;;;;;;;;;;;;;;
;;;;;;;;;0.07329842931937151;0.06906812842599842;0.08300395256916995;;;;;;;;;;;;;;;;;;;;;;;;;;;;;;;;;;;;;;;;;;;;;;;;;;;;;;;;;;;;;;;;;;;;;
;;;;;;;;0.8333333333333331;0.05539177657098525;0.07310561444837063;0.07194978422910944;0.8333333333333331;;;;;;;;;;;;;;;;;;;;;;;;;;;;;;;;;;;;;;;;;;;;;;;;;;;;;;;;;;;;;;;;;;;;
;;;;;;;;;0.05821997668091721;0.07368421052631578;0.06964355660007833;0.8333333333333331;;;;;;;;;;;;;;;;;;;;;;;;;;;;;;;;;;;;;;;;;;;;;;;;;;;;;;;;;;;;;;;;;;;;
;;;;;;;;;0.05482745250096936;0.07252747252747252;0.06619773348964439;0.8333333333333331;;;;;;;;;;;;;;;;;;;;;;;;;;;;;;;;;;;;;;;;;;;;;;;;;;;;;;;;;;;;;;;;;;;;
;;;;;;;;;0.05614489003880964;0.07310561444837063;0.06925988774311427;0.8333333333333331;;;;;;;;;;;;;;;;;;;;;;;;;;;;;;;;;;;;;;;;;;;;;;;;;;;;;;;;;;;;;;;;;;;;
;;;;;;;;;0.05614489003880964;0.07310561444837063;0.06925988774311427;;;;;;;;;;;;;;;;;;;;;;;;;;;;;;;;;;;;;;;;;;;;;;;;;;;;;;;;;;;;;;;;;;;;;
;;;;;;;;4.117647058823528;0.07310561444837063;0.08535233570863023;0.08007889546351084;0.8333333333333331;;;;;;;;;;;;;;;;;;;;;;;;;;;;;;;;;;;;;;;;;;;;;;;;;;;;;;;;;;;;;;;;;;;;
;;;;;;;;;0.07310561444837063;0.08476454293628807;0.08183254344391784;0.8333333333333331;;;;;;;;;;;;;;;;;;;;;;;;;;;;;;;;;;;;;;;;;;;;;;;;;;;;;;;;;;;;;;;;;;;;
;;;;;;;;;0.0748427672955975;0.08535233570863023;0.07949526813880126;0.8333333333333331;;;;;;;;;;;;;;;;;;;;;;;;;;;;;;;;;;;;;;;;;;;;;;;;;;;;;;;;;;;;;;;;;;;;
;;;;;;;;;0.07368421052631578;0.08515635308088157;0.08046823622254393;0.8333333333333331;;;;;;;;;;;;;;;;;;;;;;;;;;;;;;;;;;;;;;;;;;;;;;;;;;;;;;;;;;;;;;;;;;;;
;;;;;;;;;0.07368421052631578;0.08515635308088157;0.08046823622254393;;;;;;;;;;;;;;;;;;;;;;;;;;;;;;;;;;;;;;;;;;;;;;;;;;;;;;;;;;;;;;;;;;;;;
;;;;;;;;-13.125000000000004;0.13205389955083707;0.13456032719836397;0.12396425670186838;0.8333333333333331;;;;;;;;;;;;;;;;;;;;;;;;;;;;;;;;;;;;;;;;;;;;;;;;;;;;;;;;;;;;;;;;;;;;
;;;;;;;;;0.13770491803278684;0.13581661891117477;0.12706552706552704;0.8333333333333331;;;;;;;;;;;;;;;;;;;;;;;;;;;;;;;;;;;;;;;;;;;;;;;;;;;;;;;;;;;;;;;;;;;;
;;;;;;;;;0.13770491803278684;0.13456032719836397;0.1276872964169381;0.8333333333333331;;;;;;;;;;;;;;;;;;;;;;;;;;;;;;;;;;;;;;;;;;;;;;;;;;;;;;;;;;;;;;;;;;;;
;;;;;;;;;0.13581661891117477;0.13497886267557635;0.12623728813559343;0.8333333333333331;;;;;;;;;;;;;;;;;;;;;;;;;;;;;;;;;;;;;;;;;;;;;;;;;;;;;;;;;;;;;;;;;;;;
;;;;;;;;;0.13581661891117477;0.13497886267557635;0.12623728813559343;;;;;;;;;;;;;;;;;;;;;;;;;;;;;;;;;;;;;;;;;;;;;;;;;;;;;;;;;;;;;;;;;;;;;
;;;;;;;;-4.242424242424243;0.059354336833916756;0.04252210688196847;0.05539177657098525;0.8333333333333331;;;;;;;;;;;;;;;;;;;;;;;;;;;;;;;;;;;;;;;;;;;;;;;;;;;;;;;;;;;;;;;;;;;;
;;;;;;;;;0.059354336833916756;0.044743935309973046;0.05595653861078774;0.8333333333333331;;;;;;;;;;;;;;;;;;;;;;;;;;;;;;;;;;;;;;;;;;;;;;;;;;;;;;;;;;;;;;;;;;;;
;;;;;;;;;0.059922178988326844;0.046972618588507514;0.053700116234017825;0.8333333333333331;;;;;;;;;;;;;;;;;;;;;;;;;;;;;;;;;;;;;;;;;;;;;;;;;;;;;;;;;;;;;;;;;;;;
;;;;;;;;;0.059543568464730086;0.044743935309973046;0.055015511892450686;0.8333333333333331;;;;;;;;;;;;;;;;;;;;;;;;;;;;;;;;;;;;;;;;;;;;;;;;;;;;;;;;;;;;;;;;;;;;
;;;;;;;;;0.059543568464730086;0.044743935309973046;0.055015511892450686;;;;;;;;;;;;;;;;;;;;;;;;;;;;;;;;;;;;;;;;;;;;;;;;;;;;;;;;;;;;;;;;;;;;;
;;;;;;;;0.0;0.10260312374849818;0.19591663122075714;0.09541650059784773;4.117647058823528;;;;;;;;;;;;;;;;;;;;;;;;;;;;;;;;;;;;;;;;;;;;;;;;;;;;;;;;;;;;;;;;;;;;
;;;;;;;;;0.10260312374849818;0.19659574468085103;0.09541650059784773;4.117647058823528;;;;;;;;;;;;;;;;;;;;;;;;;;;;;;;;;;;;;;;;;;;;;;;;;;;;;;;;;;;;;;;;;;;;
;;;;;;;;;0.1008;0.19863655730720067;0.09363057324840764;4.117647058823528;;;;;;;;;;;;;;;;;;;;;;;;;;;;;;;;;;;;;;;;;;;;;;;;;;;;;;;;;;;;;;;;;;;;
;;;;;;;;;0.1020016012810248;0.19704880817253143;0.0948207171314741;4.117647058823528;;;;;;;;;;;;;;;;;;;;;;;;;;;;;;;;;;;;;;;;;;;;;;;;;;;;;;;;;;;;;;;;;;;;
;;;;;;;;;0.220034542314335;0.4586525759577275;0.2034188034188034;;;;;;;;;;;;;;;;;;;;;;;;;;;;;;;;;;;;;;;;;;;;;;;;;;;;;;;;;;;;;;;;;;;;;
;;;;;;;;0.8333333333333331;0.1326797385620915;0.13330608908868;0.1562007465781833;4.117647058823528;;;;;;;;;;;;;;;;;;;;;;;;;;;;;;;;;;;;;;;;;;;;;;;;;;;;;;;;;;;;;;;;;;;;
;;;;;;;;;0.12955564614757437;0.13330608908868;0.1549108992954828;4.117647058823528;;;;;;;;;;;;;;;;;;;;;;;;;;;;;;;;;;;;;;;;;;;;;;;;;;;;;;;;;;;;;;;;;;;;
;;;;;;;;;0.1289323553382233;0.13770491803278684;0.15749273557492735;4.117647058823528;;;;;;;;;;;;;;;;;;;;;;;;;;;;;;;;;;;;;;;;;;;;;;;;;;;;;;;;;;;;;;;;;;;;
;;;;;;;;;0.1303874915023791;0.13476956640305404;0.1562007465781833;4.117647058823528;;;;;;;;;;;;;;;;;;;;;;;;;;;;;;;;;;;;;;;;;;;;;;;;;;;;;;;;;;;;;;;;;;;;
;;;;;;;;;0.28755622188905566;0.29824984912492475;0.3516339869281045;;;;;;;;;;;;;;;;;;;;;;;;;;;;;;;;;;;;;;;;;;;;;;;;;;;;;;;;;;;;;;;;;;;;;
;;;;;;;;4.117647058823528;0.21099184199227133;0.2341463414634146;0.17514693534844666;4.117647058823528;;;;;;;;;;;;;;;;;;;;;;;;;;;;;;;;;;;;;;;;;;;;;;;;;;;;;;;;;;;;;;;;;;;;
;;;;;;;;;0.20754070265638386;0.2313043478260869;0.16987447698744768;4.117647058823528;;;;;;;;;;;;;;;;;;;;;;;;;;;;;;;;;;;;;;;;;;;;;;;;;;;;;;;;;;;;;;;;;;;;
;;;;;;;;;0.21237645036527714;0.2362843436546009;0.16659707724425885;4.117647058823528;;;;;;;;;;;;;;;;;;;;;;;;;;;;;;;;;;;;;;;;;;;;;;;;;;;;;;;;;;;;;;;;;;;;
;;;;;;;;;0.21030042918454933;0.2339091304978954;0.17053160318124733;4.117647058823528;;;;;;;;;;;;;;;;;;;;;;;;;;;;;;;;;;;;;;;;;;;;;;;;;;;;;;;;;;;;;;;;;;;;
;;;;;;;;;0.4949494949494948;0.561659114674102;0.3883698760724498;;;;;;;;;;;;;;;;;;;;;;;;;;;;;;;;;;;;;;;;;;;;;;;;;;;;;;;;;;;;;;;;;;;;;
;;;;;;;;-13.125000000000004;0.26681474900044416;0.2893291310220621;0.28780926675663515;4.117647058823528;;;;;;;;;;;;;;;;;;;;;;;;;;;;;;;;;;;;;;;;;;;;;;;;;;;;;;;;;;;;;;;;;;;;
;;;;;;;;;0.2682970208981769;0.28629213483146065;0.28856885688568856;4.117647058823528;;;;;;;;;;;;;;;;;;;;;;;;;;;;;;;;;;;;;;;;;;;;;;;;;;;;;;;;;;;;;;;;;;;;
;;;;;;;;;0.2690391459074733;0.28553459119496855;0.2916140667267809;4.117647058823528;;;;;;;;;;;;;;;;;;;;;;;;;;;;;;;;;;;;;;;;;;;;;;;;;;;;;;;;;;;;;;;;;;;;
;;;;;;;;;0.2680497925311205;0.2870503597122302;0.2893291310220621;4.117647058823528;;;;;;;;;;;;;;;;;;;;;;;;;;;;;;;;;;;;;;;;;;;;;;;;;;;;;;;;;;;;;;;;;;;;
;;;;;;;;;0.6630498533724335;0.7221719457013573;0.7293984108967082;;;;;;;;;;;;;;;;;;;;;;;;;;;;;;;;;;;;;;;;;;;;;;;;;;;;;;;;;;;;;;;;;;;;;
;;;;;;;;-4.242424242424243;0.1008;0.06677091477716965;0.08066298342541435;4.117647058823528;;;;;;;;;;;;;;;;;;;;;;;;;;;;;;;;;;;;;;;;;;;;;;;;;;;;;;;;;;;;;;;;;;;;
;;;;;;;;;0.1008;0.0684931506849315;0.07658402203856748;4.117647058823528;;;;;;;;;;;;;;;;;;;;;;;;;;;;;;;;;;;;;;;;;;;;;;;;;;;;;;;;;;;;;;;;;;;;
;;;;;;;;;0.09840255591054313;0.0684931506849315;0.07658402203856748;4.117647058823528;;;;;;;;;;;;;;;;;;;;;;;;;;;;;;;;;;;;;;;;;;;;;;;;;;;;;;;;;;;;;;;;;;;;
;;;;;;;;;0.10000000000000017;0.0679186228482003;0.07794117647058803;4.117647058823528;;;;;;;;;;;;;;;;;;;;;;;;;;;;;;;;;;;;;;;;;;;;;;;;;;;;;;;;;;;;;;;;;;;;
;;;;;;;;;0.21538461538461515;0.14276315789473681;0.16507230255839841;;;;;;;;;;;;;;;;;;;;;;;;;;;;;;;;;;;;;;;;;;;;;;;;;;;;;;;;;;;;;;;;;;;;;
;;;;;;;;0.0;0.13205389955083707;0.3508166122258516;0.1264442636289666;4.117647058823528;;;;;;;;;;;;;;;;;;;;;;;;;;;;;;;;;;;;;;;;;;;;;;;;;;;;;;;;;;;;;;;;;;;;
;;;;;;;;;0.13017944535073409;0.34592833876221496;0.12458350264120274;4.117647058823528;;;;;;;;;;;;;;;;;;;;;;;;;;;;;;;;;;;;;;;;;;;;;;;;;;;;;;;;;;;;;;;;;;;;
;;;;;;;;;0.1289323553382233;0.3516339869281045;0.1264442636289666;4.117647058823528;;;;;;;;;;;;;;;;;;;;;;;;;;;;;;;;;;;;;;;;;;;;;;;;;;;;;;;;;;;;;;;;;;;;
;;;;;;;;;0.1303874915023791;0.3494560149207333;0.1258235054900366;4.117647058823528;;;;;;;;;;;;;;;;;;;;;;;;;;;;;;;;;;;;;;;;;;;;;;;;;;;;;;;;;;;;;;;;;;;;
;;;;;;;;;0.28755622188905566;0.9314001657000875;0.276496872207328;;;;;;;;;;;;;;;;;;;;;;;;;;;;;;;;;;;;;;;;;;;;;;;;;;;;;;;;;;;;;;;;;;;;;
;;;;;;;;0.8333333333333331;0.11964358039692181;0.1594347464671654;0.15555555555555556;-4.242424242424243;;;;;;;;;;;;;;;;;;;;;;;;;;;;;;;;;;;;;;;;;;;;;;;;;;;;;;;;;;;;;;;;;;;;
;;;;;;;;;0.11841359773371103;0.16008316008316006;0.1620316402997502;-4.242424242424243;;;;;;;;;;;;;;;;;;;;;;;;;;;;;;;;;;;;;;;;;;;;;;;;;;;;;;;;;;;;;;;;;;;;
;;;;;;;;;0.11595959595959594;0.15684647302904564;0.16073211314475874;-4.242424242424243;;;;;;;;;;;;;;;;;;;;;;;;;;;;;;;;;;;;;;;;;;;;;;;;;;;;;;;;;;;;;;;;;;;;
;;;;;;;;;0.11800404585300046;0.15878687162442875;0.1594347464671654;-4.242424242424243;;;;;;;;;;;;;;;;;;;;;;;;;;;;;;;;;;;;;;;;;;;;;;;;;;;;;;;;;;;;;;;;;;;;
;;;;;;;;;0.6317689530685916;0.9627204030226699;0.9686868686868686;;;;;;;;;;;;;;;;;;;;;;;;;;;;;;;;;;;;;;;;;;;;;;;;;;;;;;;;;;;;;;;;;;;;;
;;;;;;;;4.117647058823528;0.1510541546093427;0.17580848383032335;0.1549108992954828;-4.242424242424243;;;;;;;;;;;;;;;;;;;;;;;;;;;;;;;;;;;;;;;;;;;;;;;;;;;;;;;;;;;;;;;;;;;;
;;;;;;;;;0.15233760860570952;0.16659707724425885;0.1497728211482858;-4.242424242424243;;;;;;;;;;;;;;;;;;;;;;;;;;;;;;;;;;;;;;;;;;;;;;;;;;;;;;;;;;;;;;;;;;;;
;;;;;;;;;0.1491329479768786;0.17053160318124733;0.1510541546093427;-4.242424242424243;;;;;;;;;;;;;;;;;;;;;;;;;;;;;;;;;;;;;;;;;;;;;;;;;;;;;;;;;;;;;;;;;;;;
;;;;;;;;;0.15084045191512832;0.17096999302163315;0.15190955466703407;-4.242424242424243;;;;;;;;;;;;;;;;;;;;;;;;;;;;;;;;;;;;;;;;;;;;;;;;;;;;;;;;;;;;;;;;;;;;
;;;;;;;;;0.8915309446254116;1.0792951541850273;0.9008994276369534;;;;;;;;;;;;;;;;;;;;;;;;;;;;;;;;;;;;;;;;;;;;;;;;;;;;;;;;;;;;;;;;;;;;;
;;;;;;;;-13.125000000000004;0.16073211314475874;0.1652899457655402;0.16138160632542656;-4.242424242424243;;;;;;;;;;;;;;;;;;;;;;;;;;;;;;;;;;;;;;;;;;;;;;;;;;;;;;;;;;;;;;;;;;;;
;;;;;;;;;0.1594347464671654;0.16138160632542656;0.1620316402997502;-4.242424242424243;;;;;;;;;;;;;;;;;;;;;;;;;;;;;;;;;;;;;;;;;;;;;;;;;;;;;;;;;;;;;;;;;;;;
;;;;;;;;;0.16268221574344022;0.16073211314475874;0.1620316402997502;-4.242424242424243;;;;;;;;;;;;;;;;;;;;;;;;;;;;;;;;;;;;;;;;;;;;;;;;;;;;;;;;;;;;;;;;;;;;
;;;;;;;;;0.16094855082512802;0.16246529705719065;0.16181490217843783;-4.242424242424243;;;;;;;;;;;;;;;;;;;;;;;;;;;;;;;;;;;;;;;;;;;;;;;;;;;;;;;;;;;;;;;;;;;;
;;;;;;;;;0.9827265029635849;0.9969335604770068;0.9908241291418911;;;;;;;;;;;;;;;;;;;;;;;;;;;;;;;;;;;;;;;;;;;;;;;;;;;;;;;;;;;;;;;;;;;;;
;;;;;;;;-4.242424242424243;0.1370749692748873;0.09244232299124899;0.11473556721840936;4.117647058823528;;;;;;;;;;;;;;;;;;;;;;;;;;;;;;;;;;;;;;;;;;;;;;;;;;;;;;;;;;;;;;;;;;;;
;;;;;;;;;0.13518821603927986;0.09007148530579824;0.11841359773371103;4.117647058823528;;;;;;;;;;;;;;;;;;;;;;;;;;;;;;;;;;;;;;;;;;;;;;;;;;;;;;;;;;;;;;;;;;;;
;;;;;;;;;0.13080375356997143;0.08829829432764774;0.11534733441033924;4.117647058823528;;;;;;;;;;;;;;;;;;;;;;;;;;;;;;;;;;;;;;;;;;;;;;;;;;;;;;;;;;;;;;;;;;;;
;;;;;;;;;0.13435114503816814;0.09026876737720091;0.11616379310344806;4.117647058823528;;;;;;;;;;;;;;;;;;;;;;;;;;;;;;;;;;;;;;;;;;;;;;;;;;;;;;;;;;;;;;;;;;;;
;;;;;;;;;0.2972255729794931;0.19298046985564693;0.25334900117508835;;;;;;;;;;;;;;;;;;;;;;;;;;;;;;;;;;;;;;;;;;;;;;;;;;;;;;;;;;;;;;;;;;;;;
;;;;;;;;0.0;0.13393295175797218;0.14785478547854783;0.17580848383032335;-3.017241379310345;;;;;;;;;;;;;;;;;;;;;;;;;;;;;;;;;;;;;;;;;;;;;;;;;;;;;;;;;;;;;;;;;;;;
;;;;;;;;;0.13896636587366692;0.1491329479768786;0.17053160318124733;-3.017241379310345;;;;;;;;;;;;;;;;;;;;;;;;;;;;;;;;;;;;;;;;;;;;;;;;;;;;;;;;;;;;;;;;;;;;
;;;;;;;;;0.1370749692748873;0.15233760860570952;0.16921790046005852;-3.017241379310345;;;;;;;;;;;;;;;;;;;;;;;;;;;;;;;;;;;;;;;;;;;;;;;;;;;;;;;;;;;;;;;;;;;;
;;;;;;;;;0.13665529010238883;0.1497728211482858;0.17184750733137827;-3.017241379310345;;;;;;;;;;;;;;;;;;;;;;;;;;;;;;;;;;;;;;;;;;;;;;;;;;;;;;;;;;;;;;;;;;;;
;;;;;;;;;1.120940649496086;1.3090252707581223;1.688065843621399;;;;;;;;;;;;;;;;;;;;;;;;;;;;;;;;;;;;;;;;;;;;;;;;;;;;;;;;;;;;;;;;;;;;;
;;;;;;;;0.8333333333333331;0.13393295175797218;0.17978947368421053;0.19591663122075714;-3.017241379310345;;;;;;;;;;;;;;;;;;;;;;;;;;;;;;;;;;;;;;;;;;;;;;;;;;;;;;;;;;;;;;;;;;;;
;;;;;;;;;0.13142857142857142;0.17514693534844666;0.2013657703798549;-3.017241379310345;;;;;;;;;;;;;;;;;;;;;;;;;;;;;;;;;;;;;;;;;;;;;;;;;;;;;;;;;;;;;;;;;;;;
;;;;;;;;;0.13330608908868;0.17647058823529407;0.19863655730720067;-3.017241379310345;;;;;;;;;;;;;;;;;;;;;;;;;;;;;;;;;;;;;;;;;;;;;;;;;;;;;;;;;;;;;;;;;;;;
;;;;;;;;;0.1328884652049569;0.17713324926439677;0.19863655730720067;-3.017241379310345;;;;;;;;;;;;;;;;;;;;;;;;;;;;;;;;;;;;;;;;;;;;;;;;;;;;;;;;;;;;;;;;;;;;
;;;;;;;;;1.0711306256860644;1.7931914893617016;2.2965517241379305;;;;;;;;;;;;;;;;;;;;;;;;;;;;;;;;;;;;;;;;;;;;;;;;;;;;;;;;;;;;;;;;;;;;;
;;;;;;;;4.117647058823528;0.1652899457655402;0.17779646761984857;0.16856187290969896;-3.017241379310345;;;;;;;;;;;;;;;;;;;;;;;;;;;;;;;;;;;;;;;;;;;;;;;;;;;;;;;;;;;;;;;;;;;;
;;;;;;;;;0.16268221574344022;0.11657235246564267;0.16987447698744768;-3.017241379310345;;;;;;;;;;;;;;;;;;;;;;;;;;;;;;;;;;;;;;;;;;;;;;;;;;;;;;;;;;;;;;;;;;;;
;;;;;;;;;0.1652899457655402;0.18245466048080977;0.16594323873121866;-3.017241379310345;;;;;;;;;;;;;;;;;;;;;;;;;;;;;;;;;;;;;;;;;;;;;;;;;;;;;;;;;;;;;;;;;;;;
;;;;;;;;;0.16441973592772782;0.15835525404956366;0.1681248258567844;-3.017241379310345;;;;;;;;;;;;;;;;;;;;;;;;;;;;;;;;;;;;;;;;;;;;;;;;;;;;;;;;;;;;;;;;;;;;
;;;;;;;;;1.5504587155963225;1.4460176991150508;1.6176943699731983;;;;;;;;;;;;;;;;;;;;;;;;;;;;;;;;;;;;;;;;;;;;;;;;;;;;;;;;;;;;;;;;;;;;;
;;;;;;;;-13.125000000000004;0.13644553644553642;0.14785478547854783;0.1510541546093427;-3.017241379310345;;;;;;;;;;;;;;;;;;;;;;;;;;;;;;;;;;;;;;;;;;;;;;;;;;;;;;;;;;;;;;;;;;;;
;;;;;;;;;0.14149548069022183;0.14657873042044517;0.1562007465781833;-3.017241379310345;;;;;;;;;;;;;;;;;;;;;;;;;;;;;;;;;;;;;;;;;;;;;;;;;;;;;;;;;;;;;;;;;;;;
;;;;;;;;;0.13896636587366692;0.14657873042044517;0.1562007465781833;-3.017241379310345;;;;;;;;;;;;;;;;;;;;;;;;;;;;;;;;;;;;;;;;;;;;;;;;;;;;;;;;;;;;;;;;;;;;
;;;;;;;;;0.13896636587366692;0.14700384826827947;0.15448142521751113;-3.017241379310345;;;;;;;;;;;;;;;;;;;;;;;;;;;;;;;;;;;;;;;;;;;;;;;;;;;;;;;;;;;;;;;;;;;;
;;;;;;;;;1.1523809523809523;1.2672985781990458;1.3826946847960513;;;;;;;;;;;;;;;;;;;;;;;;;;;;;;;;;;;;;;;;;;;;;;;;;;;;;;;;;;;;;;;;;;;;;
;;;;;;;;-4.242424242424243;0.08300395256916995;0.06390948107686305;0.07194978422910944;-4.242424242424243;;;;;;;;;;;;;;;;;;;;;;;;;;;;;;;;;;;;;;;;;;;;;;;;;;;;;;;;;;;;;;;;;;;;
;;;;;;;;;0.08007889546351084;0.06619773348964439;0.07310561444837063;-4.242424242424243;;;;;;;;;;;;;;;;;;;;;;;;;;;;;;;;;;;;;;;;;;;;;;;;;;;;;;;;;;;;;;;;;;;;
;;;;;;;;;0.08007889546351084;0.06390948107686305;0.07310561444837063;-4.242424242424243;;;;;;;;;;;;;;;;;;;;;;;;;;;;;;;;;;;;;;;;;;;;;;;;;;;;;;;;;;;;;;;;;;;;
;;;;;;;;;0.08105263157894756;0.06467143786597247;0.07272013607222275;-4.242424242424243;;;;;;;;;;;;;;;;;;;;;;;;;;;;;;;;;;;;;;;;;;;;;;;;;;;;;;;;;;;;;;;;;;;;
;;;;;;;;;0.3923566878980894;0.3003021148036251;0.3445753254804709;;;;;;;;;;;;;;;;;;;;;;;;;;;;;;;;;;;;;;;;;;;;;;;;;;;;;;;;;;;;;;;;;;;;;
;;;;;;;;0.0;0.29850611136260746;0.33543015726179465;0.45375494071146244;-2.730496453900709;;;;;;;;;;;;;;;;;;;;;;;;;;;;;;;;;;;;;;;;;;;;;;;;;;;;;;;;;;;;;;;;;;;;
;;;;;;;;;0.30158730158730157;0.33784159333024544;0.4455484505656664;-2.730496453900709;;;;;;;;;;;;;;;;;;;;;;;;;;;;;;;;;;;;;;;;;;;;;;;;;;;;;;;;;;;;;;;;;;;;
;;;;;;;;;0.2954360596475373;0.337037037037037;0.44102060843964663;-2.730496453900709;;;;;;;;;;;;;;;;;;;;;;;;;;;;;;;;;;;;;;;;;;;;;;;;;;;;;;;;;;;;;;;;;;;;
;;;;;;;;;0.29850611136260746;0.33676901712698687;0.44675963904839994;-2.730496453900709;;;;;;;;;;;;;;;;;;;;;;;;;;;;;;;;;;;;;;;;;;;;;;;;;;;;;;;;;;;;;;;;;;;;
;;;;;;;;;40.52178770949714;-22.45893358278727;-5.635559736594561;;;;;;;;;;;;;;;;;;;;;;;;;;;;;;;;;;;;;;;;;;;;;;;;;;;;;;;;;;;;;;;;;;;;;
;;;;;;;;0.8333333333333331;0.220034542314335;0.26755555555555555;0.2962025316455696;-2.730496453900709;;;;;;;;;;;;;;;;;;;;;;;;;;;;;;;;;;;;;;;;;;;;;;;;;;;;;;;;;;;;;;;;;;;;
;;;;;;;;;0.2228373702422145;0.2727596968345965;0.29927536231884055;-2.730496453900709;;;;;;;;;;;;;;;;;;;;;;;;;;;;;;;;;;;;;;;;;;;;;;;;;;;;;;;;;;;;;;;;;;;;
;;;;;;;;;0.22353959324967546;0.27499999999999997;0.2962025316455696;-2.730496453900709;;;;;;;;;;;;;;;;;;;;;;;;;;;;;;;;;;;;;;;;;;;;;;;;;;;;;;;;;;;;;;;;;;;;
;;;;;;;;;0.22213575443147424;0.2717659290063867;0.2972255729794931;-2.730496453900709;;;;;;;;;;;;;;;;;;;;;;;;;;;;;;;;;;;;;;;;;;;;;;;;;;;;;;;;;;;;;;;;;;;;
;;;;;;;;;4.27195767195767;11.819025249559743;36.62702702702574;;;;;;;;;;;;;;;;;;;;;;;;;;;;;;;;;;;;;;;;;;;;;;;;;;;;;;;;;;;;;;;;;;;;;
;;;;;;;;4.117647058823528;0.23343491510666084;0.24273204903677756;0.24995602462620933;-2.730496453900709;;;;;;;;;;;;;;;;;;;;;;;;;;;;;;;;;;;;;;;;;;;;;;;;;;;;;;;;;;;;;;;;;;;;
;;;;;;;;;0.2369982547993019;0.23986013986013982;0.24995602462620933;-2.730496453900709;;;;;;;;;;;;;;;;;;;;;;;;;;;;;;;;;;;;;;;;;;;;;;;;;;;;;;;;;;;;;;;;;;;;
;;;;;;;;;0.23059539330725767;0.24273204903677756;0.2420131291028446;-2.730496453900709;;;;;;;;;;;;;;;;;;;;;;;;;;;;;;;;;;;;;;;;;;;;;;;;;;;;;;;;;;;;;;;;;;;;
;;;;;;;;;0.23367198838896924;0.24177362893815657;0.24729986828625758;-2.730496453900709;;;;;;;;;;;;;;;;;;;;;;;;;;;;;;;;;;;;;;;;;;;;;;;;;;;;;;;;;;;;;;;;;;;;
;;;;;;;;;5.163265306122407;5.966492146596906;6.631394933999228;;;;;;;;;;;;;;;;;;;;;;;;;;;;;;;;;;;;;;;;;;;;;;;;;;;;;;;;;;;;;;;;;;;;;
;;;;;;;;-13.125000000000004;0.16463719766472057;0.16856187290969896;0.17978947368421053;-2.730496453900709;;;;;;;;;;;;;;;;;;;;;;;;;;;;;;;;;;;;;;;;;;;;;;;;;;;;;;;;;;;;;;;;;;;;
;;;;;;;;;0.16725146198830404;0.16856187290969896;0.17978947368421053;-2.730496453900709;;;;;;;;;;;;;;;;;;;;;;;;;;;;;;;;;;;;;;;;;;;;;;;;;;;;;;;;;;;;;;;;;;;;
;;;;;;;;;0.16463719766472057;0.16987447698744768;0.17846024400504834;-2.730496453900709;;;;;;;;;;;;;;;;;;;;;;;;;;;;;;;;;;;;;;;;;;;;;;;;;;;;;;;;;;;;;;;;;;;;
;;;;;;;;;0.16550764951321253;0.16899916364650144;0.1793461484495578;-2.730496453900709;;;;;;;;;;;;;;;;;;;;;;;;;;;;;;;;;;;;;;;;;;;;;;;;;;;;;;;;;;;;;;;;;;;;
;;;;;;;;;1.9450222882615051;2.0348489472078217;2.3290044724200634;;;;;;;;;;;;;;;;;;;;;;;;;;;;;;;;;;;;;;;;;;;;;;;;;;;;;;;;;;;;;;;;;;;;;
;;;;;;;;-4.242424242424243;0.07949526813880126;0.07774714454509647;0.08888888888888888;-3.017241379310345;;;;;;;;;;;;;;;;;;;;;;;;;;;;;;;;;;;;;;;;;;;;;;;;;;;;;;;;;;;;;;;;;;;;
;;;;;;;;;0.08594059405940593;0.07832939322301023;0.08888888888888888;-3.017241379310345;;;;;;;;;;;;;;;;;;;;;;;;;;;;;;;;;;;;;;;;;;;;;;;;;;;;;;;;;;;;;;;;;;;;
;;;;;;;;;0.08417721518987341;0.07658402203856748;0.08594059405940593;-3.017241379310345;;;;;;;;;;;;;;;;;;;;;;;;;;;;;;;;;;;;;;;;;;;;;;;;;;;;;;;;;;;;;;;;;;;;
;;;;;;;;;0.08319936750560003;0.07755316355998969;0.08790482485128862;-3.017241379310345;;;;;;;;;;;;;;;;;;;;;;;;;;;;;;;;;;;;;;;;;;;;;;;;;;;;;;;;;;;;;;;;;;;;
;;;;;;;;;0.545721694036301;0.49814502529510923;0.5869373345101503;;;;;;;;;;;;;;;;;;;;;;;;;;;;;;;;;;;;;;;;;;;;;;;;;;;;;;;;;;;;;;;;;;;;;
;;;;;;;;0.0;0.2506819181698196;0.29009009009009007;0.3306273062730627;-1.9125683060109289;;;;;;;;;;;;;;;;;;;;;;;;;;;;;;;;;;;;;;;;;;;;;;;;;;;;;;;;;;;;;;;;;;;;
;;;;;;;;;0.24850615114235497;0.2954360596475373;0.33142593447161967;-1.9125683060109289;;;;;;;;;;;;;;;;;;;;;;;;;;;;;;;;;;;;;;;;;;;;;;;;;;;;;;;;;;;;;;;;;;;;
;;;;;;;;;0.24705882352941175;0.29927536231884055;0.3298294144767173;-1.9125683060109289;;;;;;;;;;;;;;;;;;;;;;;;;;;;;;;;;;;;;;;;;;;;;;;;;;;;;;;;;;;;;;;;;;;;
;;;;;;;;;0.24874761974512938;0.29492546303267553;0.3306273062730627;-1.9125683060109289;;;;;;;;;;;;;;;;;;;;;;;;;;;;;;;;;;;;;;;;;;;;;;;;;;;;;;;;;;;;;;;;;;;;
;;;;;;;;;-4.152078239608809;-3.291764705882356;-2.9377049180327868;;;;;;;;;;;;;;;;;;;;;;;;;;;;;;;;;;;;;;;;;;;;;;;;;;;;;;;;;;;;;;;;;;;;;
;;;;;;;;0.8333333333333331;0.16790639364814036;0.19591663122075714;0.20273387441264415;-1.9125683060109289;;;;;;;;;;;;;;;;;;;;;;;;;;;;;;;;;;;;;;;;;;;;;;;;;;;;;;;;;;;;;;;;;;;;
;;;;;;;;;0.16921790046005852;0.1972754363558961;0.19999999999999998;-1.9125683060109289;;;;;;;;;;;;;;;;;;;;;;;;;;;;;;;;;;;;;;;;;;;;;;;;;;;;;;;;;;;;;;;;;;;;
;;;;;;;;;0.16594323873121866;0.19591663122075714;0.19863655730720067;-1.9125683060109289;;;;;;;;;;;;;;;;;;;;;;;;;;;;;;;;;;;;;;;;;;;;;;;;;;;;;;;;;;;;;;;;;;;;
;;;;;;;;;0.16768802228412277;0.19636930931782742;0.2004549978671977;-1.9125683060109289;;;;;;;;;;;;;;;;;;;;;;;;;;;;;;;;;;;;;;;;;;;;;;;;;;;;;;;;;;;;;;;;;;;;
;;;;;;;;;-21.499999999999677;-7.484324324324293;-6.944827586206871;;;;;;;;;;;;;;;;;;;;;;;;;;;;;;;;;;;;;;;;;;;;;;;;;;;;;;;;;;;;;;;;;;;;;
;;;;;;;;4.117647058823528;0.13456032719836397;0.15169561621174524;0.15426677713338857;-1.9125683060109289;;;;;;;;;;;;;;;;;;;;;;;;;;;;;;;;;;;;;;;;;;;;;;;;;;;;;;;;;;;;;;;;;;;;
;;;;;;;;;0.13959786622897;0.1510541546093427;0.15169561621174524;-1.9125683060109289;;;;;;;;;;;;;;;;;;;;;;;;;;;;;;;;;;;;;;;;;;;;;;;;;;;;;;;;;;;;;;;;;;;;
;;;;;;;;;0.13770491803278684;0.15041322314049588;0.14785478547854783;-1.9125683060109289;;;;;;;;;;;;;;;;;;;;;;;;;;;;;;;;;;;;;;;;;;;;;;;;;;;;;;;;;;;;;;;;;;;;
;;;;;;;;;0.13728489483747588;0.1510541546093427;0.15126791620727648;-1.9125683060109289;;;;;;;;;;;;;;;;;;;;;;;;;;;;;;;;;;;;;;;;;;;;;;;;;;;;;;;;;;;;;;;;;;;;
;;;;;;;;;11.688372093023096;52.19999999999978;54.8799999999972;;;;;;;;;;;;;;;;;;;;;;;;;;;;;;;;;;;;;;;;;;;;;;;;;;;;;;;;;;;;;;;;;;;;;
;;;;;;;;-13.125000000000004;0.09184890656063617;0.09244232299124899;0.1032051282051282;-1.9125683060109289;;;;;;;;;;;;;;;;;;;;;;;;;;;;;;;;;;;;;;;;;;;;;;;;;;;;;;;;;;;;;;;;;;;;
;;;;;;;;;0.0948207171314741;0.09125596184419714;0.1032051282051282;-1.9125683060109289;;;;;;;;;;;;;;;;;;;;;;;;;;;;;;;;;;;;;;;;;;;;;;;;;;;;;;;;;;;;;;;;;;;;
;;;;;;;;;0.09840255591054313;0.09363057324840764;0.10380761523046092;-1.9125683060109289;;;;;;;;;;;;;;;;;;;;;;;;;;;;;;;;;;;;;;;;;;;;;;;;;;;;;;;;;;;;;;;;;;;;
;;;;;;;;;0.09501925886571902;0.09244232299124899;0.10340590356618116;-1.9125683060109289;;;;;;;;;;;;;;;;;;;;;;;;;;;;;;;;;;;;;;;;;;;;;;;;;;;;;;;;;;;;;;;;;;;;
;;;;;;;;;2.4416382252559594;2.278431372549019;3.0844621513944035;;;;;;;;;;;;;;;;;;;;;;;;;;;;;;;;;;;;;;;;;;;;;;;;;;;;;;;;;;;;;;;;;;;;;
;;;;;;;;-4.242424242424243;0.0871185097106619;0.08476454293628807;0.09541650059784773;-3.017241379310345;;;;;;;;;;;;;;;;;;;;;;;;;;;;;;;;;;;;;;;;;;;;;;;;;;;;;;;;;;;;;;;;;;;;
;;;;;;;;;0.08829829432764774;0.08476454293628807;0.09303621169916433;-3.017241379310345;;;;;;;;;;;;;;;;;;;;;;;;;;;;;;;;;;;;;;;;;;;;;;;;;;;;;;;;;;;;;;;;;;;;
;;;;;;;;;0.08829829432764774;0.08241801659423152;0.09541650059784773;-3.017241379310345;;;;;;;;;;;;;;;;;;;;;;;;;;;;;;;;;;;;;;;;;;;;;;;;;;;;;;;;;;;;;;;;;;;;
;;;;;;;;;0.08790482485128862;0.08398154251812806;0.09462222812375533;-3.017241379310345;;;;;;;;;;;;;;;;;;;;;;;;;;;;;;;;;;;;;;;;;;;;;;;;;;;;;;;;;;;;;;;;;;;;
;;;;;;;;;0.5869373345101503;0.5524718126626188;0.6484076433121015;;;;;;;;;;;;;;;;;;;;;;;;;;;;;;;;;;;;;;;;;;;;;;;;;;;;;;;;;;;;;;;;;;;;;
;;;;;;;;0.0;0.13581661891117477;0.14594149155335803;0.15749273557492735;-1.6166281755196306;;;;;;;;;;;;;;;;;;;;;;;;;;;;;;;;;;;;;;;;;;;;;;;;;;;;;;;;;;;;;;;;;;;;
;;;;;;;;;0.13959786622897;0.1446685878962536;0.15813953488372093;-1.6166281755196306;;;;;;;;;;;;;;;;;;;;;;;;;;;;;;;;;;;;;;;;;;;;;;;;;;;;;;;;;;;;;;;;;;;;
;;;;;;;;;0.14403292181069957;0.14785478547854783;0.1529801324503311;-1.6166281755196306;;;;;;;;;;;;;;;;;;;;;;;;;;;;;;;;;;;;;;;;;;;;;;;;;;;;;;;;;;;;;;;;;;;;
;;;;;;;;;0.13980848153214753;0.1461538461538459;0.1562007465781833;-1.6166281755196306;;;;;;;;;;;;;;;;;;;;;;;;;;;;;;;;;;;;;;;;;;;;;;;;;;;;;;;;;;;;;;;;;;;;
;;;;;;;;;-3.115853658536583;-2.972067039106143;-2.7896296296296295;;;;;;;;;;;;;;;;;;;;;;;;;;;;;;;;;;;;;;;;;;;;;;;;;;;;;;;;;;;;;;;;;;;;;
;;;;;;;;0.8333333333333331;0.08359035191775403;0.09303621169916433;0.09184890656063617;-1.6166281755196306;;;;;;;;;;;;;;;;;;;;;;;;;;;;;;;;;;;;;;;;;;;;;;;;;;;;;;;;;;;;;;;;;;;;
;;;;;;;;;0.08359035191775403;0.09363057324840764;0.09900119856172591;-1.6166281755196306;;;;;;;;;;;;;;;;;;;;;;;;;;;;;;;;;;;;;;;;;;;;;;;;;;;;;;;;;;;;;;;;;;;;
;;;;;;;;;0.08359035191775403;0.09660949341842838;0.1020016012810248;-1.6166281755196306;;;;;;;;;;;;;;;;;;;;;;;;;;;;;;;;;;;;;;;;;;;;;;;;;;;;;;;;;;;;;;;;;;;;
;;;;;;;;;0.08359035191775403;0.09442379182156112;0.09760510910058559;-1.6166281755196306;;;;;;;;;;;;;;;;;;;;;;;;;;;;;;;;;;;;;;;;;;;;;;;;;;;;;;;;;;;;;;;;;;;;
;;;;;;;;;-12.435294117647063;-6.709433962264129;-6.01311475409838;;;;;;;;;;;;;;;;;;;;;;;;;;;;;;;;;;;;;;;;;;;;;;;;;;;;;;;;;;;;;;;;;;;;;
;;;;;;;;4.117647058823528;0.1370749692748873;0.13770491803278684;0.1446685878962536;-1.9125683060109289;;;;;;;;;;;;;;;;;;;;;;;;;;;;;;;;;;;;;;;;;;;;;;;;;;;;;;;;;;;;;;;;;;;;
;;;;;;;;;0.13581661891117477;0.1446685878962536;0.14339777869189632;-1.9125683060109289;;;;;;;;;;;;;;;;;;;;;;;;;;;;;;;;;;;;;;;;;;;;;;;;;;;;;;;;;;;;;;;;;;;;
;;;;;;;;;0.13644553644553642;0.14022988505747125;0.14594149155335803;-1.9125683060109289;;;;;;;;;;;;;;;;;;;;;;;;;;;;;;;;;;;;;;;;;;;;;;;;;;;;;;;;;;;;;;;;;;;;
;;;;;;;;;0.13644553644553642;0.1408624229979466;0.1446685878962536;-1.9125683060109289;;;;;;;;;;;;;;;;;;;;;;;;;;;;;;;;;;;;;;;;;;;;;;;;;;;;;;;;;;;;;;;;;;;;
;;;;;;;;;11.106666666666657;14.913043478260871;20.67058823529407;;;;;;;;;;;;;;;;;;;;;;;;;;;;;;;;;;;;;;;;;;;;;;;;;;;;;;;;;;;;;;;;;;;;;
;;;;;;;;-13.125000000000004;0.09244232299124899;0.09244232299124899;0.09780439121756485;-1.9125683060109289;;;;;;;;;;;;;;;;;;;;;;;;;;;;;;;;;;;;;;;;;;;;;;;;;;;;;;;;;;;;;;;;;;;;
;;;;;;;;;0.09066348827969803;0.09541650059784773;0.09780439121756485;-1.9125683060109289;;;;;;;;;;;;;;;;;;;;;;;;;;;;;;;;;;;;;;;;;;;;;;;;;;;;;;;;;;;;;;;;;;;;
;;;;;;;;;0.09125596184419714;0.0948207171314741;0.09660949341842838;-1.9125683060109289;;;;;;;;;;;;;;;;;;;;;;;;;;;;;;;;;;;;;;;;;;;;;;;;;;;;;;;;;;;;;;;;;;;;
;;;;;;;;;0.09145355770504815;0.09422540820390282;0.09740588000532105;-1.9125683060109289;;;;;;;;;;;;;;;;;;;;;;;;;;;;;;;;;;;;;;;;;;;;;;;;;;;;;;;;;;;;;;;;;;;;
;;;;;;;;;2.2192926045015957;2.389898989898989;2.6056939501779217;;;;;;;;;;;;;;;;;;;;;;;;;;;;;;;;;;;;;;;;;;;;;;;;;;;;;;;;;;;;;;;;;;;;;
;;;;;;;;-4.242424242424243;0.09007148530579824;0.08476454293628807;0.09066348827969803;-3.017241379310345;;;;;;;;;;;;;;;;;;;;;;;;;;;;;;;;;;;;;;;;;;;;;;;;;;;;;;;;;;;;;;;;;;;;
;;;;;;;;;0.08947995236204842;0.08594059405940593;0.0948207171314741;-3.017241379310345;;;;;;;;;;;;;;;;;;;;;;;;;;;;;;;;;;;;;;;;;;;;;;;;;;;;;;;;;;;;;;;;;;;;
;;;;;;;;;0.09184890656063617;0.08476454293628807;0.09422540820390282;-3.017241379310345;;;;;;;;;;;;;;;;;;;;;;;;;;;;;;;;;;;;;;;;;;;;;;;;;;;;;;;;;;;;;;;;;;;;
;;;;;;;;;0.09046610169491542;0.08515635308088157;0.09323427964977427;-3.017241379310345;;;;;;;;;;;;;;;;;;;;;;;;;;;;;;;;;;;;;;;;;;;;;;;;;;;;;;;;;;;;;;;;;;;;
;;;;;;;;;0.6099999999999995;0.5626852659110719;0.6354430379746838;;;;;;;;;;;;;;;;;;;;;;;;;;;;;;;;;;;;;;;;;;;;;;;;;;;;;;;;;;;;;;;;;;;;;
;;;;;;;;0.0;0.14403292181069957;0.1562007465781833;0.17053160318124733;-1.6166281755196306;;;;;;;;;;;;;;;;;;;;;;;;;;;;;;;;;;;;;;;;;;;;;;;;;;;;;;;;;;;;;;;;;;;;
;;;;;;;;;0.14022988505747125;0.15749273557492735;0.17184750733137827;-1.6166281755196306;;;;;;;;;;;;;;;;;;;;;;;;;;;;;;;;;;;;;;;;;;;;;;;;;;;;;;;;;;;;;;;;;;;;
;;;;;;;;;0.14022988505747125;0.15426677713338857;0.17514693534844666;-1.6166281755196306;;;;;;;;;;;;;;;;;;;;;;;;;;;;;;;;;;;;;;;;;;;;;;;;;;;;;;;;;;;;;;;;;;;;
;;;;;;;;;0.14149548069022183;0.15598562344484398;0.1725062866722548;-1.6166281755196306;;;;;;;;;;;;;;;;;;;;;;;;;;;;;;;;;;;;;;;;;;;;;;;;;;;;;;;;;;;;;;;;;;;;
;;;;;;;;;-3.075;-2.7930693069306947;-2.5725;;;;;;;;;;;;;;;;;;;;;;;;;;;;;;;;;;;;;;;;;;;;;;;;;;;;;;;;;;;;;;;;;;;;;
;;;;;;;;0.8333333333333331;0.09660949341842838;0.09780439121756485;0.10140056022408961;-1.6166281755196306;;;;;;;;;;;;;;;;;;;;;;;;;;;;;;;;;;;;;;;;;;;;;;;;;;;;;;;;;;;;;;;;;;;;
;;;;;;;;;0.0960127591706539;0.09960031974420462;0.10260312374849818;-1.6166281755196306;;;;;;;;;;;;;;;;;;;;;;;;;;;;;;;;;;;;;;;;;;;;;;;;;;;;;;;;;;;;;;;;;;;;
;;;;;;;;;0.09541650059784773;0.10019992003198719;0.10140056022408961;-1.6166281755196306;;;;;;;;;;;;;;;;;;;;;;;;;;;;;;;;;;;;;;;;;;;;;;;;;;;;;;;;;;;;;;;;;;;;
;;;;;;;;;0.0960127591706539;0.09920085242408076;0.10180120080053388;-1.6166281755196306;;;;;;;;;;;;;;;;;;;;;;;;;;;;;;;;;;;;;;;;;;;;;;;;;;;;;;;;;;;;;;;;;;;;
;;;;;;;;;-6.33684210526316;-5.729230769230754;-5.335664335664349;;;;;;;;;;;;;;;;;;;;;;;;;;;;;;;;;;;;;;;;;;;;;;;;;;;;;;;;;;;;;;;;;;;;;
;;;;;;;;4.117647058823528;0.1472164948453608;0.15233760860570952;0.1491329479768786;-1.9125683060109289;;;;;;;;;;;;;;;;;;;;;;;;;;;;;;;;;;;;;;;;;;;;;;;;;;;;;;;;;;;;;;;;;;;;
;;;;;;;;;0.14657873042044517;0.14785478547854783;0.14530477759472818;-1.9125683060109289;;;;;;;;;;;;;;;;;;;;;;;;;;;;;;;;;;;;;;;;;;;;;;;;;;;;;;;;;;;;;;;;;;;;
;;;;;;;;;0.1472164948453608;0.1497728211482858;0.14339777869189632;-1.9125683060109289;;;;;;;;;;;;;;;;;;;;;;;;;;;;;;;;;;;;;;;;;;;;;;;;;;;;;;;;;;;;;;;;;;;;
;;;;;;;;;0.14700384826827947;0.14998622968879075;0.14594149155335803;-1.9125683060109289;;;;;;;;;;;;;;;;;;;;;;;;;;;;;;;;;;;;;;;;;;;;;;;;;;;;;;;;;;;;;;;;;;;;
;;;;;;;;;26.740000000000663;41.89230769230603;23.613333333333273;;;;;;;;;;;;;;;;;;;;;;;;;;;;;;;;;;;;;;;;;;;;;;;;;;;;;;;;;;;;;;;;;;;;;
;;;;;;;;-13.125000000000004;0.09066348827969803;0.09363057324840764;0.09541650059784773;-1.9125683060109289;;;;;;;;;;;;;;;;;;;;;;;;;;;;;;;;;;;;;;;;;;;;;;;;;;;;;;;;;;;;;;;;;;;;
;;;;;;;;;0.08947995236204842;0.09007148530579824;0.09363057324840764;-1.9125683060109289;;;;;;;;;;;;;;;;;;;;;;;;;;;;;;;;;;;;;;;;;;;;;;;;;;;;;;;;;;;;;;;;;;;;
;;;;;;;;;0.08888888888888888;0.09007148530579824;0.09125596184419714;-1.9125683060109289;;;;;;;;;;;;;;;;;;;;;;;;;;;;;;;;;;;;;;;;;;;;;;;;;;;;;;;;;;;;;;;;;;;;
;;;;;;;;;0.08967707781895161;0.09125596184419714;0.09343240015921471;-1.9125683060109289;;;;;;;;;;;;;;;;;;;;;;;;;;;;;;;;;;;;;;;;;;;;;;;;;;;;;;;;;;;;;;;;;;;;
;;;;;;;;;2.117499999999988;2.207692307692307;2.3395348837209426;;;;;;;;;;;;;;;;;;;;;;;;;;;;;;;;;;;;;;;;;;;;;;;;;;;;;;;;;;;;;;;;;;;;;
;;;;;;;;-4.242424242424243;0.09303621169916433;0.10140056022408961;0.0948207171314741;-3.017241379310345;;;;;;;;;;;;;;;;;;;;;;;;;;;;;;;;;;;;;;;;;;;;;;;;;;;;;;;;;;;;;;;;;;;;
;;;;;;;;;0.0948207171314741;0.10380761523046092;0.09363057324840764;-3.017241379310345;;;;;;;;;;;;;;;;;;;;;;;;;;;;;;;;;;;;;;;;;;;;;;;;;;;;;;;;;;;;;;;;;;;;
;;;;;;;;;0.09244232299124899;0.10140056022408961;0.0948207171314741;-3.017241379310345;;;;;;;;;;;;;;;;;;;;;;;;;;;;;;;;;;;;;;;;;;;;;;;;;;;;;;;;;;;;;;;;;;;;
;;;;;;;;;0.09343240015921471;0.10220205525156789;0.09442379182156112;-3.017241379310345;;;;;;;;;;;;;;;;;;;;;;;;;;;;;;;;;;;;;;;;;;;;;;;;;;;;;;;;;;;;;;;;;;;;
;;;;;;;;;0.6372850678733027;0.72177191328935;0.6465454545454549;;;;;;;;;;;;;;;;;;;;;;;;;;;;;;;;;;;;;;;;;;;;;;;;;;;;;;;;;;;;;;;;;;;;;
;;;;;;;;0.0;0.17713324926439677;0.18512885509083227;0.20479041916167665;-1.6166281755196306;;;;;;;;;;;;;;;;;;;;;;;;;;;;;;;;;;;;;;;;;;;;;;;;;;;;;;;;;;;;;;;;;;;;
;;;;;;;;;0.1725062866722548;0.18579881656804734;0.2034188034188034;-1.6166281755196306;;;;;;;;;;;;;;;;;;;;;;;;;;;;;;;;;;;;;;;;;;;;;;;;;;;;;;;;;;;;;;;;;;;;
;;;;;;;;;0.17647058823529407;0.1878121032585696;0.20273387441264415;-1.6166281755196306;;;;;;;;;;;;;;;;;;;;;;;;;;;;;;;;;;;;;;;;;;;;;;;;;;;;;;;;;;;;;;;;;;;;
;;;;;;;;;0.17536738978306485;0.18624577226606556;0.20364724319703637;-1.6166281755196306;;;;;;;;;;;;;;;;;;;;;;;;;;;;;;;;;;;;;;;;;;;;;;;;;;;;;;;;;;;;;;;;;;;;
;;;;;;;;;-2.541582150101419;-2.438376383763839;-2.3092084006462024;;;;;;;;;;;;;;;;;;;;;;;;;;;;;;;;;;;;;;;;;;;;;;;;;;;;;;;;;;;;;;;;;;;;;
;;;;;;;;0.8333333333333331;0.1044105854049719;0.10925181013676588;0.12210953346855982;-1.6166281755196306;;;;;;;;;;;;;;;;;;;;;;;;;;;;;;;;;;;;;;;;;;;;;;;;;;;;;;;;;;;;;;;;;;;;
;;;;;;;;;0.11046698872785829;0.11046698872785829;0.11841359773371103;-1.6166281755196306;;;;;;;;;;;;;;;;;;;;;;;;;;;;;;;;;;;;;;;;;;;;;;;;;;;;;;;;;;;;;;;;;;;;
;;;;;;;;;0.10864495375954965;0.1129032258064516;0.11779935275080905;-1.6166281755196306;;;;;;;;;;;;;;;;;;;;;;;;;;;;;;;;;;;;;;;;;;;;;;;;;;;;;;;;;;;;;;;;;;;;
;;;;;;;;;0.10783657066309464;0.11087248322147668;0.11943844492440624;-1.6166281755196306;;;;;;;;;;;;;;;;;;;;;;;;;;;;;;;;;;;;;;;;;;;;;;;;;;;;;;;;;;;;;;;;;;;;
;;;;;;;;;-4.653179190751455;-4.3936170212766035;-3.8469565217391355;;;;;;;;;;;;;;;;;;;;;;;;;;;;;;;;;;;;;;;;;;;;;;;;;;;;;;;;;;;;;;;;;;;;;
;;;;;;;;4.117647058823528;0.15426677713338857;0.17118927973199324;0.17978947368421053;-1.9125683060109289;;;;;;;;;;;;;;;;;;;;;;;;;;;;;;;;;;;;;;;;;;;;;;;;;;;;;;;;;;;;;;;;;;;;
;;;;;;;;;0.1594347464671654;0.16659707724425885;0.1804549283909014;-1.9125683060109289;;;;;;;;;;;;;;;;;;;;;;;;;;;;;;;;;;;;;;;;;;;;;;;;;;;;;;;;;;;;;;;;;;;;
;;;;;;;;;0.15878687162442875;0.16725146198830404;0.18512885509083227;-1.9125683060109289;;;;;;;;;;;;;;;;;;;;;;;;;;;;;;;;;;;;;;;;;;;;;;;;;;;;;;;;;;;;;;;;;;;;
;;;;;;;;;0.15749273557492735;0.16834331893548857;0.18178752107925797;-1.9125683060109289;;;;;;;;;;;;;;;;;;;;;;;;;;;;;;;;;;;;;;;;;;;;;;;;;;;;;;;;;;;;;;;;;;;;
;;;;;;;;;-126.46666666666748;-20.4779661016946;-10.780000000000001;;;;;;;;;;;;;;;;;;;;;;;;;;;;;;;;;;;;;;;;;;;;;;;;;;;;;;;;;;;;;;;;;;;;;
;;;;;;;;-13.125000000000004;0.09960031974420462;0.09780439121756485;0.1032051282051282;-1.9125683060109289;;;;;;;;;;;;;;;;;;;;;;;;;;;;;;;;;;;;;;;;;;;;;;;;;;;;;;;;;;;;;;;;;;;;
;;;;;;;;;0.1020016012810248;0.09780439121756485;0.10561797752808988;-1.9125683060109289;;;;;;;;;;;;;;;;;;;;;;;;;;;;;;;;;;;;;;;;;;;;;;;;;;;;;;;;;;;;;;;;;;;;
;;;;;;;;;0.09900119856172591;0.09660949341842838;0.10622240064231232;-1.9125683060109289;;;;;;;;;;;;;;;;;;;;;;;;;;;;;;;;;;;;;;;;;;;;;;;;;;;;;;;;;;;;;;;;;;;;
;;;;;;;;;0.10019992003198719;0.09740588000532105;0.10501403931006817;-1.9125683060109289;;;;;;;;;;;;;;;;;;;;;;;;;;;;;;;;;;;;;;;;;;;;;;;;;;;;;;;;;;;;;;;;;;;;
;;;;;;;;;2.815730337078651;2.6056939501779217;3.2320987654320983;;;;;;;;;;;;;;;;;;;;;;;;;;;;;;;;;;;;;;;;;;;;;;;;;;;;;;;;;;;;;;;;;;;;;
;;;;;;;;-4.242424242424243;0.10622240064231232;0.1044105854049719;0.09960031974420462;-3.017241379310345;;;;;;;;;;;;;;;;;;;;;;;;;;;;;;;;;;;;;;;;;;;;;;;;;;;;;;;;;;;;;;;;;;;;
;;;;;;;;;0.10622240064231232;0.10380761523046092;0.10380761523046092;-3.017241379310345;;;;;;;;;;;;;;;;;;;;;;;;;;;;;;;;;;;;;;;;;;;;;;;;;;;;;;;;;;;;;;;;;;;;
;;;;;;;;;0.1044105854049719;0.10501403931006817;0.10019992003198719;-3.017241379310345;;;;;;;;;;;;;;;;;;;;;;;;;;;;;;;;;;;;;;;;;;;;;;;;;;;;;;;;;;;;;;;;;;;;
;;;;;;;;;0.10561797752808988;0.1044105854049719;0.10120032008535629;-3.017241379310345;;;;;;;;;;;;;;;;;;;;;;;;;;;;;;;;;;;;;;;;;;;;;;;;;;;;;;;;;;;;;;;;;;;;
;;;;;;;;;0.7563218390804596;0.744;0.711819887429643;;;;;;;;;;;;;;;;;;;;;;;;;;;;;;;;;;;;;;;;;;;;;;;;;;;;;;;;;;;;;;;;;;;;;
;;;;;;;;0.0;0.1633333333333333;0.20068259385665527;0.220034542314335;-1.6166281755196306;;;;;;;;;;;;;;;;;;;;;;;;;;;;;;;;;;;;;;;;;;;;;;;;;;;;;;;;;;;;;;;;;;;;
;;;;;;;;;0.16594323873121866;0.19931798806479115;0.21515281962978902;-1.6166281755196306;;;;;;;;;;;;;;;;;;;;;;;;;;;;;;;;;;;;;;;;;;;;;;;;;;;;;;;;;;;;;;;;;;;;
;;;;;;;;;0.16268221574344022;0.2034188034188034;0.213763440860215;-1.6166281755196306;;;;;;;;;;;;;;;;;;;;;;;;;;;;;;;;;;;;;;;;;;;;;;;;;;;;;;;;;;;;;;;;;;;;
;;;;;;;;;0.16398499374739475;0.2011379800853487;0.21631246410109153;-1.6166281755196306;;;;;;;;;;;;;;;;;;;;;;;;;;;;;;;;;;;;;;;;;;;;;;;;;;;;;;;;;;;;;;;;;;;;
;;;;;;;;;-2.676190476190476;-2.325657894736843;-2.2350148367952527;;;;;;;;;;;;;;;;;;;;;;;;;;;;;;;;;;;;;;;;;;;;;;;;;;;;;;;;;;;;;;;;;;;;;
;;;;;;;;0.8333333333333331;0.11046698872785829;0.1129032258064516;0.11168412570507655;-1.6166281755196306;;;;;;;;;;;;;;;;;;;;;;;;;;;;;;;;;;;;;;;;;;;;;;;;;;;;;;;;;;;;;;;;;;;;
;;;;;;;;;0.10803858520900321;0.11779935275080905;0.1135135135135135;-1.6166281755196306;;;;;;;;;;;;;;;;;;;;;;;;;;;;;;;;;;;;;;;;;;;;;;;;;;;;;;;;;;;;;;;;;;;;
;;;;;;;;;0.10260312374849818;0.1129032258064516;0.11168412570507655;-1.6166281755196306;;;;;;;;;;;;;;;;;;;;;;;;;;;;;;;;;;;;;;;;;;;;;;;;;;;;;;;;;;;;;;;;;;;;
;;;;;;;;;0.10702905342080578;0.11453175457481181;0.11229343006852074;-1.6166281755196306;;;;;;;;;;;;;;;;;;;;;;;;;;;;;;;;;;;;;;;;;;;;;;;;;;;;;;;;;;;;;;;;;;;;
;;;;;;;;;-4.7301775147928895;-4.132038834951463;-4.286153846153847;;;;;;;;;;;;;;;;;;;;;;;;;;;;;;;;;;;;;;;;;;;;;;;;;;;;;;;;;;;;;;;;;;;;;
;;;;;;;;4.117647058823528;0.16725146198830404;0.18245466048080977;0.17382550335570465;-1.9125683060109289;;;;;;;;;;;;;;;;;;;;;;;;;;;;;;;;;;;;;;;;;;;;;;;;;;;;;;;;;;;;;;;;;;;;
;;;;;;;;;0.16073211314475874;0.17846024400504834;0.17779646761984857;-1.9125683060109289;;;;;;;;;;;;;;;;;;;;;;;;;;;;;;;;;;;;;;;;;;;;;;;;;;;;;;;;;;;;;;;;;;;;
;;;;;;;;;0.1652899457655402;0.17514693534844666;0.17647058823529407;-1.9125683060109289;;;;;;;;;;;;;;;;;;;;;;;;;;;;;;;;;;;;;;;;;;;;;;;;;;;;;;;;;;;;;;;;;;;;
;;;;;;;;;0.16441973592772782;0.17868162692847103;0.17602912349481914;-1.9125683060109289;;;;;;;;;;;;;;;;;;;;;;;;;;;;;;;;;;;;;;;;;;;;;;;;;;;;;;;;;;;;;;;;;;;;
;;;;;;;;;-28.85365853658473;-12.018867924528402;-13.374468085106512;;;;;;;;;;;;;;;;;;;;;;;;;;;;;;;;;;;;;;;;;;;;;;;;;;;;;;;;;;;;;;;;;;;;;
;;;;;;;;-13.125000000000004;0.10260312374849818;0.09840255591054313;0.1044105854049719;-1.9125683060109289;;;;;;;;;;;;;;;;;;;;;;;;;;;;;;;;;;;;;;;;;;;;;;;;;;;;;;;;;;;;;;;;;;;;
;;;;;;;;;0.09840255591054313;0.09780439121756485;0.10501403931006817;-1.9125683060109289;;;;;;;;;;;;;;;;;;;;;;;;;;;;;;;;;;;;;;;;;;;;;;;;;;;;;;;;;;;;;;;;;;;;
;;;;;;;;;0.0948207171314741;0.09900119856172591;0.1044105854049719;-1.9125683060109289;;;;;;;;;;;;;;;;;;;;;;;;;;;;;;;;;;;;;;;;;;;;;;;;;;;;;;;;;;;;;;;;;;;;
;;;;;;;;;0.09860205032618806;0.09840255591054313;0.10461168293008934;-1.9125683060109289;;;;;;;;;;;;;;;;;;;;;;;;;;;;;;;;;;;;;;;;;;;;;;;;;;;;;;;;;;;;;;;;;;;;
;;;;;;;;;2.6930909090908943;2.678260869565217;3.1942857142856944;;;;;;;;;;;;;;;;;;;;;;;;;;;;;;;;;;;;;;;;;;;;;;;;;;;;;;;;;;;;;;;;;;;;;
;;;;;;;;-4.242424242424243;0.1020016012810248;0.1044105854049719;0.10622240064231232;-3.017241379310345;;;;;;;;;;;;;;;;;;;;;;;;;;;;;;;;;;;;;;;;;;;;;;;;;;;;;;;;;;;;;;;;;;;;
;;;;;;;;;0.09960031974420462;0.10380761523046092;0.10682730923694776;-3.017241379310345;;;;;;;;;;;;;;;;;;;;;;;;;;;;;;;;;;;;;;;;;;;;;;;;;;;;;;;;;;;;;;;;;;;;
;;;;;;;;;0.1020016012810248;0.10140056022408961;0.10380761523046092;-3.017241379310345;;;;;;;;;;;;;;;;;;;;;;;;;;;;;;;;;;;;;;;;;;;;;;;;;;;;;;;;;;;;;;;;;;;;
;;;;;;;;;0.10120032008535629;0.1032051282051282;0.10561797752808988;-3.017241379310345;;;;;;;;;;;;;;;;;;;;;;;;;;;;;;;;;;;;;;;;;;;;;;;;;;;;;;;;;;;;;;;;;;;;
;;;;;;;;;0.711819887429643;0.7318181818181817;0.7563218390804596;;;;;;;;;;;;;;;;;;;;;;;;;;;;;;;;;;;;;;;;;;;;;;;;;;;;;;;;;;;;;;;;;;;;;
;;;;;;;;0.0;0.1276872964169381;0.09840255591054313;0.10864495375954965;-1.4792899408284024;;;;;;;;;;;;;;;;;;;;;;;;;;;;;;;;;;;;;;;;;;;;;;;;;;;;;;;;;;;;;;;;;;;;
;;;;;;;;;0.12955564614757437;0.09660949341842838;0.10803858520900321;-1.4792899408284024;;;;;;;;;;;;;;;;;;;;;;;;;;;;;;;;;;;;;;;;;;;;;;;;;;;;;;;;;;;;;;;;;;;;
;;;;;;;;;0.13142857142857142;0.09720670391061449;0.11168412570507655;-1.4792899408284024;;;;;;;;;;;;;;;;;;;;;;;;;;;;;;;;;;;;;;;;;;;;;;;;;;;;;;;;;;;;;;;;;;;;
;;;;;;;;;0.12955564614757437;0.09740588000532105;0.10945420410352666;-1.4792899408284024;;;;;;;;;;;;;;;;;;;;;;;;;;;;;;;;;;;;;;;;;;;;;;;;;;;;;;;;;;;;;;;;;;;;
;;;;;;;;;-1.8327566320645905;-2.021535063500828;-1.9332070108953097;;;;;;;;;;;;;;;;;;;;;;;;;;;;;;;;;;;;;;;;;;;;;;;;;;;;;;;;;;;;;;;;;;;;;
;;;;;;;;0.8333333333333331;0.1370749692748873;0.13518821603927986;0.1370749692748873;-1.6166281755196306;;;;;;;;;;;;;;;;;;;;;;;;;;;;;;;;;;;;;;;;;;;;;;;;;;;;;;;;;;;;;;;;;;;;
;;;;;;;;;0.13770491803278684;0.13833538335383352;0.13644553644553642;-1.6166281755196306;;;;;;;;;;;;;;;;;;;;;;;;;;;;;;;;;;;;;;;;;;;;;;;;;;;;;;;;;;;;;;;;;;;;
;;;;;;;;;0.13644553644553642;0.13770491803278684;0.13581661891117477;-1.6166281755196306;;;;;;;;;;;;;;;;;;;;;;;;;;;;;;;;;;;;;;;;;;;;;;;;;;;;;;;;;;;;;;;;;;;;
;;;;;;;;;0.1370749692748873;0.1370749692748873;0.13644553644553642;-1.6166281755196306;;;;;;;;;;;;;;;;;;;;;;;;;;;;;;;;;;;;;;;;;;;;;;;;;;;;;;;;;;;;;;;;;;;;
;;;;;;;;;-3.1866666666666665;-3.1866666666666665;-3.2038461538461545;;;;;;;;;;;;;;;;;;;;;;;;;;;;;;;;;;;;;;;;;;;;;;;;;;;;;;;;;;;;;;;;;;;;;
;;;;;;;;4.117647058823528;0.16856187290969896;0.1791245791245791;0.1831223628691983;-1.9125683060109289;;;;;;;;;;;;;;;;;;;;;;;;;;;;;;;;;;;;;;;;;;;;;;;;;;;;;;;;;;;;;;;;;;;;
;;;;;;;;;0.16725146198830404;0.1791245791245791;0.17978947368421053;-1.9125683060109289;;;;;;;;;;;;;;;;;;;;;;;;;;;;;;;;;;;;;;;;;;;;;;;;;;;;;;;;;;;;;;;;;;;;
;;;;;;;;;0.16856187290969896;0.17514693534844666;0.18379062895736595;-1.9125683060109289;;;;;;;;;;;;;;;;;;;;;;;;;;;;;;;;;;;;;;;;;;;;;;;;;;;;;;;;;;;;;;;;;;;;
;;;;;;;;;0.1681248258567844;0.17779646761984857;0.1822322181613721;-1.9125683060109289;;;;;;;;;;;;;;;;;;;;;;;;;;;;;;;;;;;;;;;;;;;;;;;;;;;;;;;;;;;;;;;;;;;;
;;;;;;;;;-20.806896551724492;-12.435294117647063;-10.62622950819665;;;;;;;;;;;;;;;;;;;;;;;;;;;;;;;;;;;;;;;;;;;;;;;;;;;;;;;;;;;;;;;;;;;;;
;;;;;;;;-13.125000000000004;0.09780439121756485;0.10380761523046092;0.10260312374849818;-1.9125683060109289;;;;;;;;;;;;;;;;;;;;;;;;;;;;;;;;;;;;;;;;;;;;;;;;;;;;;;;;;;;;;;;;;;;;
;;;;;;;;;0.09900119856172591;0.1008;0.10380761523046092;-1.9125683060109289;;;;;;;;;;;;;;;;;;;;;;;;;;;;;;;;;;;;;;;;;;;;;;;;;;;;;;;;;;;;;;;;;;;;
;;;;;;;;;0.09840255591054313;0.10019992003198719;0.10501403931006817;-1.9125683060109289;;;;;;;;;;;;;;;;;;;;;;;;;;;;;;;;;;;;;;;;;;;;;;;;;;;;;;;;;;;;;;;;;;;;
;;;;;;;;;0.09840255591054313;0.10160085378868708;0.10380761523046092;-1.9125683060109289;;;;;;;;;;;;;;;;;;;;;;;;;;;;;;;;;;;;;;;;;;;;;;;;;;;;;;;;;;;;;;;;;;;;
;;;;;;;;;2.678260869565217;2.929230769230751;3.120481927710843;;;;;;;;;;;;;;;;;;;;;;;;;;;;;;;;;;;;;;;;;;;;;;;;;;;;;;;;;;;;;;;;;;;;;
;;;;;;;;-4.242424242424243;0.10019992003198719;0.10019992003198719;0.09780439121756485;-3.017241379310345;;;;;;;;;;;;;;;;;;;;;;;;;;;;;;;;;;;;;;;;;;;;;;;;;;;;;;;;;;;;;;;;;;;;
;;;;;;;;;0.09900119856172591;0.09840255591054313;0.09720670391061449;-3.017241379310345;;;;;;;;;;;;;;;;;;;;;;;;;;;;;;;;;;;;;;;;;;;;;;;;;;;;;;;;;;;;;;;;;;;;
;;;;;;;;;0.09840255591054313;0.10140056022408961;0.1008;-3.017241379310345;;;;;;;;;;;;;;;;;;;;;;;;;;;;;;;;;;;;;;;;;;;;;;;;;;;;;;;;;;;;;;;;;;;;
;;;;;;;;;0.09920085242408076;0.10000000000000017;0.09860205032618806;-3.017241379310345;;;;;;;;;;;;;;;;;;;;;;;;;;;;;;;;;;;;;;;;;;;;;;;;;;;;;;;;;;;;;;;;;;;;
;;;;;;;;;0.6921933085501862;0.6999999999999995;0.6863762743280819;;;;;;;;;;;;;;;;;;;;;;;;;;;;;;;;;;;;;;;;;;;;;;;;;;;;;;;;;;;;;;;;;;;;;
;;;;;;;;0.0;0.12396425670186838;0.09780439121756485;0.1044105854049719;-1.4792899408284024;;;;;;;;;;;;;;;;;;;;;;;;;;;;;;;;;;;;;;;;;;;;;;;;;;;;;;;;;;;;;;;;;;;;
;;;;;;;;;0.12025931928687195;0.10140056022408961;0.1020016012810248;-1.4792899408284024;;;;;;;;;;;;;;;;;;;;;;;;;;;;;;;;;;;;;;;;;;;;;;;;;;;;;;;;;;;;;;;;;;;;
;;;;;;;;;0.12272727272727273;0.09960031974420462;0.10019992003198719;-1.4792899408284024;;;;;;;;;;;;;;;;;;;;;;;;;;;;;;;;;;;;;;;;;;;;;;;;;;;;;;;;;;;;;;;;;;;;
;;;;;;;;;0.12231539085745177;0.09960031974420462;0.10220205525156789;-1.4792899408284024;;;;;;;;;;;;;;;;;;;;;;;;;;;;;;;;;;;;;;;;;;;;;;;;;;;;;;;;;;;;;;;;;;;;
;;;;;;;;;-1.8639736191261316;-2.003215434083601;-1.982910409114448;;;;;;;;;;;;;;;;;;;;;;;;;;;;;;;;;;;;;;;;;;;;;;;;;;;;;;;;;;;;;;;;;;;;;
;;;;;;;;0.8333333333333331;0.12087555735711389;0.11168412570507655;0.11964358039692181;-1.6166281755196306;;;;;;;;;;;;;;;;;;;;;;;;;;;;;;;;;;;;;;;;;;;;;;;;;;;;;;;;;;;;;;;;;;;;
;;;;;;;;;0.12272727272727273;0.1135135135135135;0.11902834008097164;-1.6166281755196306;;;;;;;;;;;;;;;;;;;;;;;;;;;;;;;;;;;;;;;;;;;;;;;;;;;;;;;;;;;;;;;;;;;;
;;;;;;;;;0.12458350264120274;0.11718560452891222;0.11841359773371103;-1.6166281755196306;;;;;;;;;;;;;;;;;;;;;;;;;;;;;;;;;;;;;;;;;;;;;;;;;;;;;;;;;;;;;;;;;;;;
;;;;;;;;;0.12272727272727273;0.11412429378531072;0.11902834008097164;-1.6166281755196306;;;;;;;;;;;;;;;;;;;;;;;;;;;;;;;;;;;;;;;;;;;;;;;;;;;;;;;;;;;;;;;;;;;;
;;;;;;;;;-3.68780487804878;-4.158823529411765;-3.8684210526315788;;;;;;;;;;;;;;;;;;;;;;;;;;;;;;;;;;;;;;;;;;;;;;;;;;;;;;;;;;;;;;;;;;;;;
;;;;;;;;4.117647058823528;0.13896636587366692;0.12087555735711389;0.16073211314475874;-1.9125683060109289;;;;;;;;;;;;;;;;;;;;;;;;;;;;;;;;;;;;;;;;;;;;;;;;;;;;;;;;;;;;;;;;;;;;
;;;;;;;;;0.1408624229979466;0.12149229521492293;0.15813953488372093;-1.9125683060109289;;;;;;;;;;;;;;;;;;;;;;;;;;;;;;;;;;;;;;;;;;;;;;;;;;;;;;;;;;;;;;;;;;;;
;;;;;;;;;0.14339777869189632;0.12210953346855982;0.15426677713338857;-1.9125683060109289;;;;;;;;;;;;;;;;;;;;;;;;;;;;;;;;;;;;;;;;;;;;;;;;;;;;;;;;;;;;;;;;;;;;
;;;;;;;;;0.14107338444687817;0.12149229521492293;0.15770827567118714;-1.9125683060109289;;;;;;;;;;;;;;;;;;;;;;;;;;;;;;;;;;;;;;;;;;;;;;;;;;;;;;;;;;;;;;;;;;;;
;;;;;;;;;15.152941176470335;5.548148148148147;-113.96000000001239;;;;;;;;;;;;;;;;;;;;;;;;;;;;;;;;;;;;;;;;;;;;;;;;;;;;;;;;;;;;;;;;;;;;;
;;;;;;;;-13.125000000000004;0.08594059405940593;0.08417721518987341;0.08359035191775403;-1.9125683060109289;;;;;;;;;;;;;;;;;;;;;;;;;;;;;;;;;;;;;;;;;;;;;;;;;;;;;;;;;;;;;;;;;;;;
;;;;;;;;;0.08417721518987341;0.08535233570863023;0.08476454293628807;-1.9125683060109289;;;;;;;;;;;;;;;;;;;;;;;;;;;;;;;;;;;;;;;;;;;;;;;;;;;;;;;;;;;;;;;;;;;;
;;;;;;;;;0.08300395256916995;0.08359035191775403;0.08359035191775403;-1.9125683060109289;;;;;;;;;;;;;;;;;;;;;;;;;;;;;;;;;;;;;;;;;;;;;;;;;;;;;;;;;;;;;;;;;;;;
;;;;;;;;;0.08437293946986658;0.08437293946986658;0.08398154251812806;-1.9125683060109289;;;;;;;;;;;;;;;;;;;;;;;;;;;;;;;;;;;;;;;;;;;;;;;;;;;;;;;;;;;;;;;;;;;;
;;;;;;;;;1.843804034582123;1.843804034582123;1.8252148997134758;;;;;;;;;;;;;;;;;;;;;;;;;;;;;;;;;;;;;;;;;;;;;;;;;;;;;;;;;;;;;;;;;;;;;
;;;;;;;;-4.242424242424243;0.09184890656063617;0.0948207171314741;0.09780439121756485;-3.017241379310345;;;;;;;;;;;;;;;;;;;;;;;;;;;;;;;;;;;;;;;;;;;;;;;;;;;;;;;;;;;;;;;;;;;;
;;;;;;;;;0.09007148530579824;0.0948207171314741;0.09541650059784773;-3.017241379310345;;;;;;;;;;;;;;;;;;;;;;;;;;;;;;;;;;;;;;;;;;;;;;;;;;;;;;;;;;;;;;;;;;;;
;;;;;;;;;0.09363057324840764;0.0948207171314741;0.09840255591054313;-3.017241379310345;;;;;;;;;;;;;;;;;;;;;;;;;;;;;;;;;;;;;;;;;;;;;;;;;;;;;;;;;;;;;;;;;;;;
;;;;;;;;;0.09184890656063617;0.0948207171314741;0.09720670391061449;-3.017241379310345;;;;;;;;;;;;;;;;;;;;;;;;;;;;;;;;;;;;;;;;;;;;;;;;;;;;;;;;;;;;;;;;;;;;
;;;;;;;;;0.6226415094339621;0.6502732240437158;0.67292817679558;;;;;;;;;;;;;;;;;;;;;;;;;;;;;;;;;;;;;;;;;;;;;;;;;;;;;;;;;;;;;;;;;;;;;
;;;;;;;;0.0;0.12025931928687195;0.09363057324840764;0.09363057324840764;-1.4792899408284024;;;;;;;;;;;;;;;;;;;;;;;;;;;;;;;;;;;;;;;;;;;;;;;;;;;;;;;;;;;;;;;;;;;;
;;;;;;;;;0.12210953346855982;0.09303621169916433;0.09244232299124899;-1.4792899408284024;;;;;;;;;;;;;;;;;;;;;;;;;;;;;;;;;;;;;;;;;;;;;;;;;;;;;;;;;;;;;;;;;;;;
;;;;;;;;;0.11964358039692181;0.09422540820390282;0.09244232299124899;-1.4792899408284024;;;;;;;;;;;;;;;;;;;;;;;;;;;;;;;;;;;;;;;;;;;;;;;;;;;;;;;;;;;;;;;;;;;;
;;;;;;;;;0.1206700891650907;0.09363057324840764;0.09283819628647233;-1.4792899408284024;;;;;;;;;;;;;;;;;;;;;;;;;;;;;;;;;;;;;;;;;;;;;;;;;;;;;;;;;;;;;;;;;;;;
;;;;;;;;;-1.8717518860016782;-2.055944055944056;-2.0636792452830193;;;;;;;;;;;;;;;;;;;;;;;;;;;;;;;;;;;;;;;;;;;;;;;;;;;;;;;;;;;;;;;;;;;;;
;;;;;;;;0.8333333333333331;0.11412429378531072;0.11046698872785829;0.12272727272727273;-1.6166281755196306;;;;;;;;;;;;;;;;;;;;;;;;;;;;;;;;;;;;;;;;;;;;;;;;;;;;;;;;;;;;;;;;;;;;
;;;;;;;;;0.1135135135135135;0.11168412570507655;0.12025931928687195;-1.6166281755196306;;;;;;;;;;;;;;;;;;;;;;;;;;;;;;;;;;;;;;;;;;;;;;;;;;;;;;;;;;;;;;;;;;;;
;;;;;;;;;0.11718560452891222;0.11168412570507655;0.12210953346855982;-1.6166281755196306;;;;;;;;;;;;;;;;;;;;;;;;;;;;;;;;;;;;;;;;;;;;;;;;;;;;;;;;;;;;;;;;;;;;
;;;;;;;;;0.11493943472409131;0.11127819548872157;0.12169798566986592;-1.6166281755196306;;;;;;;;;;;;;;;;;;;;;;;;;;;;;;;;;;;;;;;;;;;;;;;;;;;;;;;;;;;;;;;;;;;;
;;;;;;;;;-4.105769230769225;-4.362105263157888;-3.7352697095435645;;;;;;;;;;;;;;;;;;;;;;;;;;;;;;;;;;;;;;;;;;;;;;;;;;;;;;;;;;;;;;;;;;;;;
;;;;;;;;4.117647058823528;0.1510541546093427;0.14530477759472818;0.15684647302904564;-1.9125683060109289;;;;;;;;;;;;;;;;;;;;;;;;;;;;;;;;;;;;;;;;;;;;;;;;;;;;;;;;;;;;;;;;;;;;
;;;;;;;;;0.14594149155335803;0.14403292181069957;0.1562007465781833;-1.9125683060109289;;;;;;;;;;;;;;;;;;;;;;;;;;;;;;;;;;;;;;;;;;;;;;;;;;;;;;;;;;;;;;;;;;;;
;;;;;;;;;0.14849360297152292;0.1472164948453608;0.15555555555555556;-1.9125683060109289;;;;;;;;;;;;;;;;;;;;;;;;;;;;;;;;;;;;;;;;;;;;;;;;;;;;;;;;;;;;;;;;;;;;
;;;;;;;;;0.14849360297152292;0.14551695729781663;0.1562007465781833;-1.9125683060109289;;;;;;;;;;;;;;;;;;;;;;;;;;;;;;;;;;;;;;;;;;;;;;;;;;;;;;;;;;;;;;;;;;;;
;;;;;;;;;32.70909090909081;22.548936170212215;-376.600000000008;;;;;;;;;;;;;;;;;;;;;;;;;;;;;;;;;;;;;;;;;;;;;;;;;;;;;;;;;;;;;;;;;;;;;
;;;;;;;;-13.125000000000004;0.08300395256916995;0.07658402203856748;0.08947995236204842;-1.9125683060109289;;;;;;;;;;;;;;;;;;;;;;;;;;;;;;;;;;;;;;;;;;;;;;;;;;;;;;;;;;;;;;;;;;;;
;;;;;;;;;0.081247532570075;0.0748427672955975;0.09007148530579824;-1.9125683060109289;;;;;;;;;;;;;;;;;;;;;;;;;;;;;;;;;;;;;;;;;;;;;;;;;;;;;;;;;;;;;;;;;;;;
;;;;;;;;;0.08417721518987341;0.0748427672955975;0.0960127591706539;-1.9125683060109289;;;;;;;;;;;;;;;;;;;;;;;;;;;;;;;;;;;;;;;;;;;;;;;;;;;;;;;;;;;;;;;;;;;;
;;;;;;;;;0.08280858911869338;0.07542272906016516;0.09184890656063617;-1.9125683060109289;;;;;;;;;;;;;;;;;;;;;;;;;;;;;;;;;;;;;;;;;;;;;;;;;;;;;;;;;;;;;;;;;;;;
;;;;;;;;;1.7707042253521212;1.46412213740458;2.2427184466019408;;;;;;;;;;;;;;;;;;;;;;;;;;;;;;;;;;;;;;;;;;;;;;;;;;;;;;;;;;;;;;;;;;;;;
;;;;;;;;-4.242424242424243;0.09422540820390282;0.0960127591706539;0.09125596184419714;-3.017241379310345;;;;;;;;;;;;;;;;;;;;;;;;;;;;;;;;;;;;;;;;;;;;;;;;;;;;;;;;;;;;;;;;;;;;
;;;;;;;;;0.09422540820390282;0.09363057324840764;0.09007148530579824;-3.017241379310345;;;;;;;;;;;;;;;;;;;;;;;;;;;;;;;;;;;;;;;;;;;;;;;;;;;;;;;;;;;;;;;;;;;;
;;;;;;;;;0.09125596184419714;0.0960127591706539;0.09125596184419714;-3.017241379310345;;;;;;;;;;;;;;;;;;;;;;;;;;;;;;;;;;;;;;;;;;;;;;;;;;;;;;;;;;;;;;;;;;;;
;;;;;;;;;0.09323427964977427;0.09521785334750284;0.09086092715231768;-3.017241379310345;;;;;;;;;;;;;;;;;;;;;;;;;;;;;;;;;;;;;;;;;;;;;;;;;;;;;;;;;;;;;;;;;;;;
;;;;;;;;;0.6354430379746838;0.6540145985401455;0.6135957066189627;;;;;;;;;;;;;;;;;;;;;;;;;;;;;;;;;;;;;;;;;;;;;;;;;;;;;;;;;;;;;;;;;;;;;
;;;;;;;;0.0;0.13518821603927986;0.08417721518987341;0.10260312374849818;-1.4792899408284024;;;;;;;;;;;;;;;;;;;;;;;;;;;;;;;;;;;;;;;;;;;;;;;;;;;;;;;;;;;;;;;;;;;;
;;;;;;;;;0.13518821603927986;0.08417721518987341;0.10019992003198719;-1.4792899408284024;;;;;;;;;;;;;;;;;;;;;;;;;;;;;;;;;;;;;;;;;;;;;;;;;;;;;;;;;;;;;;;;;;;;
;;;;;;;;;0.13456032719836397;0.08417721518987341;0.1008;-1.4792899408284024;;;;;;;;;;;;;;;;;;;;;;;;;;;;;;;;;;;;;;;;;;;;;;;;;;;;;;;;;;;;;;;;;;;;
;;;;;;;;;0.13497886267557635;0.08417721518987341;0.10120032008535629;-1.4792899408284024;;;;;;;;;;;;;;;;;;;;;;;;;;;;;;;;;;;;;;;;;;;;;;;;;;;;;;;;;;;;;;;;;;;;
;;;;;;;;;-1.812156719150496;-2.16260162601626;-1.9905561385099688;;;;;;;;;;;;;;;;;;;;;;;;;;;;;;;;;;;;;;;;;;;;;;;;;;;;;;;;;;;;;;;;;;;;;
;;;;;;;;0.8333333333333331;0.12087555735711389;0.11168412570507655;0.12087555735711389;-1.6166281755196306;;;;;;;;;;;;;;;;;;;;;;;;;;;;;;;;;;;;;;;;;;;;;;;;;;;;;;;;;;;;;;;;;;;;
;;;;;;;;;0.12334551360129921;0.1129032258064516;0.12025931928687195;-1.6166281755196306;;;;;;;;;;;;;;;;;;;;;;;;;;;;;;;;;;;;;;;;;;;;;;;;;;;;;;;;;;;;;;;;;;;;
;;;;;;;;;0.12210953346855982;0.11107531212243253;0.11902834008097164;-1.6166281755196306;;;;;;;;;;;;;;;;;;;;;;;;;;;;;;;;;;;;;;;;;;;;;;;;;;;;;;;;;;;;;;;;;;;;
;;;;;;;;;0.12210953346855982;0.11188717259905955;0.12005401755570579;-1.6166281755196306;;;;;;;;;;;;;;;;;;;;;;;;;;;;;;;;;;;;;;;;;;;;;;;;;;;;;;;;;;;;;;;;;;;;
;;;;;;;;;-3.71604938271605;-4.316062176165796;-3.8154506437768294;;;;;;;;;;;;;;;;;;;;;;;;;;;;;;;;;;;;;;;;;;;;;;;;;;;;;;;;;;;;;;;;;;;;;
;;;;;;;;4.117647058823528;0.12396425670186838;0.1446685878962536;0.1510541546093427;-1.9125683060109289;;;;;;;;;;;;;;;;;;;;;;;;;;;;;;;;;;;;;;;;;;;;;;;;;;;;;;;;;;;;;;;;;;;;
;;;;;;;;;0.12458350264120274;0.13896636587366692;0.1491329479768786;-1.9125683060109289;;;;;;;;;;;;;;;;;;;;;;;;;;;;;;;;;;;;;;;;;;;;;;;;;;;;;;;;;;;;;;;;;;;;
;;;;;;;;;0.1258235054900366;0.14022988505747125;0.14849360297152292;-1.9125683060109289;;;;;;;;;;;;;;;;;;;;;;;;;;;;;;;;;;;;;;;;;;;;;;;;;;;;;;;;;;;;;;;;;;;;
;;;;;;;;;0.1247900298022214;0.14128440366972497;0.14955947136563896;-1.9125683060109289;;;;;;;;;;;;;;;;;;;;;;;;;;;;;;;;;;;;;;;;;;;;;;;;;;;;;;;;;;;;;;;;;;;;
;;;;;;;;;6.309589041095832;15.400000000000245;38.80000000000137;;;;;;;;;;;;;;;;;;;;;;;;;;;;;;;;;;;;;;;;;;;;;;;;;;;;;;;;;;;;;;;;;;;;;
;;;;;;;;-13.125000000000004;0.0871185097106619;0.081247532570075;0.0748427672955975;-1.9125683060109289;;;;;;;;;;;;;;;;;;;;;;;;;;;;;;;;;;;;;;;;;;;;;;;;;;;;;;;;;;;;;;;;;;;;
;;;;;;;;;0.08417721518987341;0.08066298342541435;0.08007889546351084;-1.9125683060109289;;;;;;;;;;;;;;;;;;;;;;;;;;;;;;;;;;;;;;;;;;;;;;;;;;;;;;;;;;;;;;;;;;;;
;;;;;;;;;0.08417721518987341;0.07949526813880126;0.08007889546351084;-1.9125683060109289;;;;;;;;;;;;;;;;;;;;;;;;;;;;;;;;;;;;;;;;;;;;;;;;;;;;;;;;;;;;;;;;;;;;
;;;;;;;;;0.08515635308088157;0.08046823622254393;0.07832939322301023;-1.9125683060109289;;;;;;;;;;;;;;;;;;;;;;;;;;;;;;;;;;;;;;;;;;;;;;;;;;;;;;;;;;;;;;;;;;;;
;;;;;;;;;1.8816326530612337;1.667029972752052;1.5777777777777773;;;;;;;;;;;;;;;;;;;;;;;;;;;;;;;;;;;;;;;;;;;;;;;;;;;;;;;;;;;;;;;;;;;;;
;;;;;;;;-4.242424242424243;0.08947995236204842;0.08947995236204842;0.08241801659423152;-3.017241379310345;;;;;;;;;;;;;;;;;;;;;;;;;;;;;;;;;;;;;;;;;;;;;;;;;;;;;;;;;;;;;;;;;;;;
;;;;;;;;;0.08652931854199682;0.09066348827969803;0.08300395256916995;-3.017241379310345;;;;;;;;;;;;;;;;;;;;;;;;;;;;;;;;;;;;;;;;;;;;;;;;;;;;;;;;;;;;;;;;;;;;
;;;;;;;;;0.08594059405940593;0.08947995236204842;0.08535233570863023;-3.017241379310345;;;;;;;;;;;;;;;;;;;;;;;;;;;;;;;;;;;;;;;;;;;;;;;;;;;;;;;;;;;;;;;;;;;;
;;;;;;;;;0.0873150105708243;0.08987425545996049;0.08359035191775403;-3.017241379310345;;;;;;;;;;;;;;;;;;;;;;;;;;;;;;;;;;;;;;;;;;;;;;;;;;;;;;;;;;;;;;;;;;;;
;;;;;;;;;0.5816901408450706;0.6046304541406942;0.549090909090909;;;;;;;;;;;;;;;;;;;;;;;;;;;;;;;;;;;;;;;;;;;;;;;;;;;;;;;;;;;;;;;;;;;;;
;;;;;;;;0.0;0.13770491803278684;0.08829829432764774;0.09007148530579824;-1.4792899408284024;;;;;;;;;;;;;;;;;;;;;;;;;;;;;;;;;;;;;;;;;;;;;;;;;;;;;;;;;;;;;;;;;;;;
;;;;;;;;;0.13644553644553642;0.08829829432764774;0.08947995236204842;-1.4792899408284024;;;;;;;;;;;;;;;;;;;;;;;;;;;;;;;;;;;;;;;;;;;;;;;;;;;;;;;;;;;;;;;;;;;;
;;;;;;;;;0.13518821603927986;0.09125596184419714;0.09007148530579824;-1.4792899408284024;;;;;;;;;;;;;;;;;;;;;;;;;;;;;;;;;;;;;;;;;;;;;;;;;;;;;;;;;;;;;;;;;;;;
;;;;;;;;;0.13644553644553642;0.08928287906853684;0.08987425545996049;-1.4792899408284024;;;;;;;;;;;;;;;;;;;;;;;;;;;;;;;;;;;;;;;;;;;;;;;;;;;;;;;;;;;;;;;;;;;;
;;;;;;;;;-1.8069414316702819;-2.1008717310087177;-2.094386181369525;;;;;;;;;;;;;;;;;;;;;;;;;;;;;;;;;;;;;;;;;;;;;;;;;;;;;;;;;;;;;;;;;;;;;
;;;;;;;;0.8333333333333331;0.12087555735711389;0.10019992003198719;0.12955564614757437;-1.6166281755196306;;;;;;;;;;;;;;;;;;;;;;;;;;;;;;;;;;;;;;;;;;;;;;;;;;;;;;;;;;;;;;;;;;;;
;;;;;;;;;0.1258235054900366;0.1020016012810248;0.13017944535073409;-1.6166281755196306;;;;;;;;;;;;;;;;;;;;;;;;;;;;;;;;;;;;;;;;;;;;;;;;;;;;;;;;;;;;;;;;;;;;
;;;;;;;;;0.12272727272727273;0.10260312374849818;0.1276872964169381;-1.6166281755196306;;;;;;;;;;;;;;;;;;;;;;;;;;;;;;;;;;;;;;;;;;;;;;;;;;;;;;;;;;;;;;;;;;;;
;;;;;;;;;0.12313937753721266;0.10160085378868708;0.12914006249150908;-1.6166281755196306;;;;;;;;;;;;;;;;;;;;;;;;;;;;;;;;;;;;;;;;;;;;;;;;;;;;;;;;;;;;;;;;;;;;
;;;;;;;;;-3.6693548387096815;-5.3633802816901275;-3.431768953068589;;;;;;;;;;;;;;;;;;;;;;;;;;;;;;;;;;;;;;;;;;;;;;;;;;;;;;;;;;;;;;;;;;;;;
;;;;;;;;4.117647058823528;0.1491329479768786;0.14403292181069957;0.15041322314049588;-1.9125683060109289;;;;;;;;;;;;;;;;;;;;;;;;;;;;;;;;;;;;;;;;;;;;;;;;;;;;;;;;;;;;;;;;;;;;
;;;;;;;;;0.14785478547854783;0.1472164948453608;0.15233760860570952;-1.9125683060109289;;;;;;;;;;;;;;;;;;;;;;;;;;;;;;;;;;;;;;;;;;;;;;;;;;;;;;;;;;;;;;;;;;;;
;;;;;;;;;0.15233760860570952;0.1446685878962536;0.15233760860570952;-1.9125683060109289;;;;;;;;;;;;;;;;;;;;;;;;;;;;;;;;;;;;;;;;;;;;;;;;;;;;;;;;;;;;;;;;;;;;
;;;;;;;;;0.1497728211482858;0.14530477759472818;0.15169561621174524;-1.9125683060109289;;;;;;;;;;;;;;;;;;;;;;;;;;;;;;;;;;;;;;;;;;;;;;;;;;;;;;;;;;;;;;;;;;;;
;;;;;;;;;40.28888888888875;22.04999999999998;61.133333333333276;;;;;;;;;;;;;;;;;;;;;;;;;;;;;;;;;;;;;;;;;;;;;;;;;;;;;;;;;;;;;;;;;;;;;
;;;;;;;;-13.125000000000004;0.08947995236204842;0.07891210090658256;0.07426326129666012;-1.9125683060109289;;;;;;;;;;;;;;;;;;;;;;;;;;;;;;;;;;;;;;;;;;;;;;;;;;;;;;;;;;;;;;;;;;;;
;;;;;;;;;0.08888888888888888;0.07716535433070866;0.07542272906016516;-1.9125683060109289;;;;;;;;;;;;;;;;;;;;;;;;;;;;;;;;;;;;;;;;;;;;;;;;;;;;;;;;;;;;;;;;;;;;
;;;;;;;;;0.09007148530579824;0.07832939322301023;0.0748427672955975;-1.9125683060109289;;;;;;;;;;;;;;;;;;;;;;;;;;;;;;;;;;;;;;;;;;;;;;;;;;;;;;;;;;;;;;;;;;;;
;;;;;;;;;0.08947995236204842;0.07813525935653334;0.0748427672955975;-1.9125683060109289;;;;;;;;;;;;;;;;;;;;;;;;;;;;;;;;;;;;;;;;;;;;;;;;;;;;;;;;;;;;;;;;;;;;
;;;;;;;;;2.1065420560747663;1.5699208443271846;1.4424242424242424;;;;;;;;;;;;;;;;;;;;;;;;;;;;;;;;;;;;;;;;;;;;;;;;;;;;;;;;;;;;;;;;;;;;;
;;;;;;;;-4.242424242424243;0.08770816812053923;0.08829829432764774;0.08594059405940593;-3.017241379310345;;;;;;;;;;;;;;;;;;;;;;;;;;;;;;;;;;;;;;;;;;;;;;;;;;;;;;;;;;;;;;;;;;;;
;;;;;;;;;0.08829829432764774;0.09125596184419714;0.08770816812053923;-3.017241379310345;;;;;;;;;;;;;;;;;;;;;;;;;;;;;;;;;;;;;;;;;;;;;;;;;;;;;;;;;;;;;;;;;;;;
;;;;;;;;;0.08888888888888888;0.09184890656063617;0.0871185097106619;-3.017241379310345;;;;;;;;;;;;;;;;;;;;;;;;;;;;;;;;;;;;;;;;;;;;;;;;;;;;;;;;;;;;;;;;;;;;
;;;;;;;;;0.08829829432764774;0.09046610169491542;0.08692206076618249;-3.017241379310345;;;;;;;;;;;;;;;;;;;;;;;;;;;;;;;;;;;;;;;;;;;;;;;;;;;;;;;;;;;;;;;;;;;;
;;;;;;;;;0.5904509283819628;0.6099999999999995;0.5782073813708255;;;;;;;;;;;;;;;;;;;;;;;;;;;;;;;;;;;;;;;;;;;;;;;;;;;;;;;;;;;;;;;;;;;;;
;;;;;;;;0.0;0.15169561621174524;0.11534733441033924;0.10864495375954965;-1.4792899408284024;;;;;;;;;;;;;;;;;;;;;;;;;;;;;;;;;;;;;;;;;;;;;;;;;;;;;;;;;;;;;;;;;;;;
;;;;;;;;;0.14594149155335803;0.11046698872785829;0.10803858520900321;-1.4792899408284024;;;;;;;;;;;;;;;;;;;;;;;;;;;;;;;;;;;;;;;;;;;;;;;;;;;;;;;;;;;;;;;;;;;;
;;;;;;;;;0.14657873042044517;0.11107531212243253;0.10743270389714742;-1.4792899408284024;;;;;;;;;;;;;;;;;;;;;;;;;;;;;;;;;;;;;;;;;;;;;;;;;;;;;;;;;;;;;;;;;;;;
;;;;;;;;;0.14806766607069158;0.11229343006852074;0.10803858520900321;-1.4792899408284024;;;;;;;;;;;;;;;;;;;;;;;;;;;;;;;;;;;;;;;;;;;;;;;;;;;;;;;;;;;;;;;;;;;;
;;;;;;;;;-1.7701414008549803;-1.9160935350756532;-1.9421965317919074;;;;;;;;;;;;;;;;;;;;;;;;;;;;;;;;;;;;;;;;;;;;;;;;;;;;;;;;;;;;;;;;;;;;;
;;;;;;;;0.8333333333333331;0.12458350264120274;0.12210953346855982;0.12706552706552704;-1.6166281755196306;;;;;;;;;;;;;;;;;;;;;;;;;;;;;;;;;;;;;;;;;;;;;;;;;;;;;;;;;;;;;;;;;;;;
;;;;;;;;;0.1264442636289666;0.12520325203252033;0.1276872964169381;-1.6166281755196306;;;;;;;;;;;;;;;;;;;;;;;;;;;;;;;;;;;;;;;;;;;;;;;;;;;;;;;;;;;;;;;;;;;;
;;;;;;;;;0.12830957230142567;0.12520325203252033;0.1264442636289666;-1.6166281755196306;;;;;;;;;;;;;;;;;;;;;;;;;;;;;;;;;;;;;;;;;;;;;;;;;;;;;;;;;;;;;;;;;;;;
;;;;;;;;;0.1264442636289666;0.12417061611374383;0.12706552706552704;-1.6166281755196306;;;;;;;;;;;;;;;;;;;;;;;;;;;;;;;;;;;;;;;;;;;;;;;;;;;;;;;;;;;;;;;;;;;;
;;;;;;;;;-3.5318181818181813;-3.6245059288537513;-3.5078651685393263;;;;;;;;;;;;;;;;;;;;;;;;;;;;;;;;;;;;;;;;;;;;;;;;;;;;;;;;;;;;;;;;;;;;;
;;;;;;;;4.117647058823528;0.13833538335383352;0.15169561621174524;0.1549108992954828;-1.9125683060109289;;;;;;;;;;;;;;;;;;;;;;;;;;;;;;;;;;;;;;;;;;;;;;;;;;;;;;;;;;;;;;;;;;;;
;;;;;;;;;0.13330608908868;0.1497728211482858;0.1529801324503311;-1.9125683060109289;;;;;;;;;;;;;;;;;;;;;;;;;;;;;;;;;;;;;;;;;;;;;;;;;;;;;;;;;;;;;;;;;;;;
;;;;;;;;;0.13518821603927986;0.15233760860570952;0.15169561621174524;-1.9125683060109289;;;;;;;;;;;;;;;;;;;;;;;;;;;;;;;;;;;;;;;;;;;;;;;;;;;;;;;;;;;;;;;;;;;;
;;;;;;;;;0.13560709413369731;0.15126791620727648;0.15319442527942573;-1.9125683060109289;;;;;;;;;;;;;;;;;;;;;;;;;;;;;;;;;;;;;;;;;;;;;;;;;;;;;;;;;;;;;;;;;;;;
;;;;;;;;;10.574468085106497;54.8799999999972;100.92727272726293;;;;;;;;;;;;;;;;;;;;;;;;;;;;;;;;;;;;;;;;;;;;;;;;;;;;;;;;;;;;;;;;;;;;;
;;;;;;;;-13.125000000000004;0.08241801659423152;0.08770816812053923;0.08947995236204842;-1.9125683060109289;;;;;;;;;;;;;;;;;;;;;;;;;;;;;;;;;;;;;;;;;;;;;;;;;;;;;;;;;;;;;;;;;;;;
;;;;;;;;;0.08476454293628807;0.08535233570863023;0.08947995236204842;-1.9125683060109289;;;;;;;;;;;;;;;;;;;;;;;;;;;;;;;;;;;;;;;;;;;;;;;;;;;;;;;;;;;;;;;;;;;;
;;;;;;;;;0.08359035191775403;0.08359035191775403;0.0871185097106619;-1.9125683060109289;;;;;;;;;;;;;;;;;;;;;;;;;;;;;;;;;;;;;;;;;;;;;;;;;;;;;;;;;;;;;;;;;;;;
;;;;;;;;;0.08359035191775403;0.08554837006730875;0.08869197196138096;-1.9125683060109289;;;;;;;;;;;;;;;;;;;;;;;;;;;;;;;;;;;;;;;;;;;;;;;;;;;;;;;;;;;;;;;;;;;;
;;;;;;;;;1.8068376068376064;1.9008797653958842;2.0633846153846256;;;;;;;;;;;;;;;;;;;;;;;;;;;;;;;;;;;;;;;;;;;;;;;;;;;;;;;;;;;;;;;;;;;;;
;;;;;;;;-4.242424242424243;0.08476454293628807;0.0871185097106619;0.08829829432764774;-3.017241379310345;;;;;;;;;;;;;;;;;;;;;;;;;;;;;;;;;;;;;;;;;;;;;;;;;;;;;;;;;;;;;;;;;;;;
;;;;;;;;;0.08417721518987341;0.08652931854199682;0.0871185097106619;-3.017241379310345;;;;;;;;;;;;;;;;;;;;;;;;;;;;;;;;;;;;;;;;;;;;;;;;;;;;;;;;;;;;;;;;;;;;
;;;;;;;;;0.08359035191775403;0.08770816812053923;0.08652931854199682;-3.017241379310345;;;;;;;;;;;;;;;;;;;;;;;;;;;;;;;;;;;;;;;;;;;;;;;;;;;;;;;;;;;;;;;;;;;;
;;;;;;;;;0.08417721518987341;0.0871185097106619;0.0873150105708243;-3.017241379310345;;;;;;;;;;;;;;;;;;;;;;;;;;;;;;;;;;;;;;;;;;;;;;;;;;;;;;;;;;;;;;;;;;;;
;;;;;;;;;0.5541666666666666;0.5799472295514512;0.5816901408450706;;;;;;;;;;;;;;;;;;;;;;;;;;;;;;;;;;;;;;;;;;;;;;;;;;;;;;;;;;;;;;;;;;;;;
;;;;;;;;0.0;0.15169561621174524;0.12025931928687195;0.10622240064231232;-1.4792899408284024;;;;;;;;;;;;;;;;;;;;;;;;;;;;;;;;;;;;;;;;;;;;;;;;;;;;;;;;;;;;;;;;;;;;
;;;;;;;;;0.1497728211482858;0.12149229521492293;0.10682730923694776;-1.4792899408284024;;;;;;;;;;;;;;;;;;;;;;;;;;;;;;;;;;;;;;;;;;;;;;;;;;;;;;;;;;;;;;;;;;;;
;;;;;;;;;0.1529801324503311;0.12025931928687195;0.10501403931006817;-1.4792899408284024;;;;;;;;;;;;;;;;;;;;;;;;;;;;;;;;;;;;;;;;;;;;;;;;;;;;;;;;;;;;;;;;;;;;
;;;;;;;;;0.1514817367332876;0.1206700891650907;0.10602087235750622;-1.4792899408284024;;;;;;;;;;;;;;;;;;;;;;;;;;;;;;;;;;;;;;;;;;;;;;;;;;;;;;;;;;;;;;;;;;;;
;;;;;;;;;-1.7606536366549195;-1.8717518860016782;-1.9555774925962488;;;;;;;;;;;;;;;;;;;;;;;;;;;;;;;;;;;;;;;;;;;;;;;;;;;;;;;;;;;;;;;;;;;;;
;;;;;;;;0.8333333333333331;0.13518821603927986;0.1258235054900366;0.12830957230142567;-1.6166281755196306;;;;;;;;;;;;;;;;;;;;;;;;;;;;;;;;;;;;;;;;;;;;;;;;;;;;;;;;;;;;;;;;;;;;
;;;;;;;;;0.13581661891117477;0.12458350264120274;0.13017944535073409;-1.6166281755196306;;;;;;;;;;;;;;;;;;;;;;;;;;;;;;;;;;;;;;;;;;;;;;;;;;;;;;;;;;;;;;;;;;;;
;;;;;;;;;0.13456032719836397;0.12830957230142567;0.1264442636289666;-1.6166281755196306;;;;;;;;;;;;;;;;;;;;;;;;;;;;;;;;;;;;;;;;;;;;;;;;;;;;;;;;;;;;;;;;;;;;
;;;;;;;;;0.13518821603927986;0.12623728813559343;0.12830957230142567;-1.6166281755196306;;;;;;;;;;;;;;;;;;;;;;;;;;;;;;;;;;;;;;;;;;;;;;;;;;;;;;;;;;;;;;;;;;;;
;;;;;;;;;-3.2392156862745103;-3.5399239543726275;-3.4615384615384617;;;;;;;;;;;;;;;;;;;;;;;;;;;;;;;;;;;;;;;;;;;;;;;;;;;;;;;;;;;;;;;;;;;;;
;;;;;;;;4.117647058823528;0.1497728211482858;0.13896636587366692;0.15041322314049588;-1.9125683060109289;;;;;;;;;;;;;;;;;;;;;;;;;;;;;;;;;;;;;;;;;;;;;;;;;;;;;;;;;;;;;;;;;;;;
;;;;;;;;;0.14530477759472818;0.13896636587366692;0.1510541546093427;-1.9125683060109289;;;;;;;;;;;;;;;;;;;;;;;;;;;;;;;;;;;;;;;;;;;;;;;;;;;;;;;;;;;;;;;;;;;;
;;;;;;;;;0.14785478547854783;0.13644553644553642;0.15041322314049588;-1.9125683060109289;;;;;;;;;;;;;;;;;;;;;;;;;;;;;;;;;;;;;;;;;;;;;;;;;;;;;;;;;;;;;;;;;;;;
;;;;;;;;;0.1476419634263717;0.13812517081169737;0.15062680810028906;-1.9125683060109289;;;;;;;;;;;;;;;;;;;;;;;;;;;;;;;;;;;;;;;;;;;;;;;;;;;;;;;;;;;;;;;;;;;;
;;;;;;;;;29.02162162162245;12.326829268292833;47.53913043478035;;;;;;;;;;;;;;;;;;;;;;;;;;;;;;;;;;;;;;;;;;;;;;;;;;;;;;;;;;;;;;;;;;;;;
;;;;;;;;-13.125000000000004;0.08535233570863023;0.07832939322301023;0.08652931854199682;-1.9125683060109289;;;;;;;;;;;;;;;;;;;;;;;;;;;;;;;;;;;;;;;;;;;;;;;;;;;;;;;;;;;;;;;;;;;;
;;;;;;;;;0.08535233570863023;0.07832939322301023;0.08770816812053923;-1.9125683060109289;;;;;;;;;;;;;;;;;;;;;;;;;;;;;;;;;;;;;;;;;;;;;;;;;;;;;;;;;;;;;;;;;;;;
;;;;;;;;;0.08417721518987341;0.08066298342541435;0.08947995236204842;-1.9125683060109289;;;;;;;;;;;;;;;;;;;;;;;;;;;;;;;;;;;;;;;;;;;;;;;;;;;;;;;;;;;;;;;;;;;;
;;;;;;;;;0.08496042216358818;0.07910643889618903;0.08790482485128862;-1.9125683060109289;;;;;;;;;;;;;;;;;;;;;;;;;;;;;;;;;;;;;;;;;;;;;;;;;;;;;;;;;;;;;;;;;;;;
;;;;;;;;;1.8720930232558044;1.6096256684491896;2.02127659574467;;;;;;;;;;;;;;;;;;;;;;;;;;;;;;;;;;;;;;;;;;;;;;;;;;;;;;;;;;;;;;;;;;;;;
;;;;;;;;-4.242424242424243;0.07949526813880126;0.08829829432764774;0.08241801659423152;-3.017241379310345;;;;;;;;;;;;;;;;;;;;;;;;;;;;;;;;;;;;;;;;;;;;;;;;;;;;;;;;;;;;;;;;;;;;
;;;;;;;;;0.07774714454509647;0.08770816812053923;0.08183254344391784;-3.017241379310345;;;;;;;;;;;;;;;;;;;;;;;;;;;;;;;;;;;;;;;;;;;;;;;;;;;;;;;;;;;;;;;;;;;;
;;;;;;;;;0.07949526813880126;0.0871185097106619;0.08300395256916995;-3.017241379310345;;;;;;;;;;;;;;;;;;;;;;;;;;;;;;;;;;;;;;;;;;;;;;;;;;;;;;;;;;;;;;;;;;;;
;;;;;;;;;0.07891210090658256;0.08770816812053923;0.08241801659423152;-3.017241379310345;;;;;;;;;;;;;;;;;;;;;;;;;;;;;;;;;;;;;;;;;;;;;;;;;;;;;;;;;;;;;;;;;;;;
;;;;;;;;;0.5094147582697199;0.585185185185185;0.5390180878552971;;;;;;;;;;;;;;;;;;;;;;;;;;;;;;;;;;;;;;;;;;;;;;;;;;;;;;;;;;;;;;;;;;;;;
;;;;;;;;0.0;0.13205389955083707;0.11718560452891222;0.09244232299124899;-1.4792899408284024;;;;;;;;;;;;;;;;;;;;;;;;;;;;;;;;;;;;;;;;;;;;;;;;;;;;;;;;;;;;;;;;;;;;
;;;;;;;;;0.12706552706552704;0.11902834008097164;0.09303621169916433;-1.4792899408284024;;;;;;;;;;;;;;;;;;;;;;;;;;;;;;;;;;;;;;;;;;;;;;;;;;;;;;;;;;;;;;;;;;;;
;;;;;;;;;0.12955564614757437;0.11595959595959594;0.09184890656063617;-1.4792899408284024;;;;;;;;;;;;;;;;;;;;;;;;;;;;;;;;;;;;;;;;;;;;;;;;;;;;;;;;;;;;;;;;;;;;
;;;;;;;;;0.12955564614757437;0.11739013211108094;0.09244232299124899;-1.4792899408284024;;;;;;;;;;;;;;;;;;;;;;;;;;;;;;;;;;;;;;;;;;;;;;;;;;;;;;;;;;;;;;;;;;;;
;;;;;;;;;-1.8327566320645905;-1.8881179531656527;-2.067615658362989;;;;;;;;;;;;;;;;;;;;;;;;;;;;;;;;;;;;;;;;;;;;;;;;;;;;;;;;;;;;;;;;;;;;;
;;;;;;;;0.8333333333333331;0.12272727272727273;0.10561797752808988;0.11534733441033924;-1.6166281755196306;;;;;;;;;;;;;;;;;;;;;;;;;;;;;;;;;;;;;;;;;;;;;;;;;;;;;;;;;;;;;;;;;;;;
;;;;;;;;;0.1289323553382233;0.10682730923694776;0.11779935275080905;-1.6166281755196306;;;;;;;;;;;;;;;;;;;;;;;;;;;;;;;;;;;;;;;;;;;;;;;;;;;;;;;;;;;;;;;;;;;;
;;;;;;;;;0.12706552706552704;0.10561797752808988;0.11657235246564267;-1.6166281755196306;;;;;;;;;;;;;;;;;;;;;;;;;;;;;;;;;;;;;;;;;;;;;;;;;;;;;;;;;;;;;;;;;;;;
;;;;;;;;;0.12623728813559343;0.10602087235750622;0.11657235246564267;-1.6166281755196306;;;;;;;;;;;;;;;;;;;;;;;;;;;;;;;;;;;;;;;;;;;;;;;;;;;;;;;;;;;;;;;;;;;;
;;;;;;;;;-3.5399239543726275;-4.831707317073182;-4.0055555555555555;;;;;;;;;;;;;;;;;;;;;;;;;;;;;;;;;;;;;;;;;;;;;;;;;;;;;;;;;;;;;;;;;;;;;
;;;;;;;;4.117647058823528;0.13770491803278684;0.13770491803278684;0.1549108992954828;-1.9125683060109289;;;;;;;;;;;;;;;;;;;;;;;;;;;;;;;;;;;;;;;;;;;;;;;;;;;;;;;;;;;;;;;;;;;;
;;;;;;;;;0.13581661891117477;0.13959786622897;0.1497728211482858;-1.9125683060109289;;;;;;;;;;;;;;;;;;;;;;;;;;;;;;;;;;;;;;;;;;;;;;;;;;;;;;;;;;;;;;;;;;;;
;;;;;;;;;0.13770491803278684;0.1370749692748873;0.1491329479768786;-1.9125683060109289;;;;;;;;;;;;;;;;;;;;;;;;;;;;;;;;;;;;;;;;;;;;;;;;;;;;;;;;;;;;;;;;;;;;
;;;;;;;;;0.1370749692748873;0.13812517081169737;0.15126791620727648;-1.9125683060109289;;;;;;;;;;;;;;;;;;;;;;;;;;;;;;;;;;;;;;;;;;;;;;;;;;;;;;;;;;;;;;;;;;;;
;;;;;;;;;11.537931034482758;12.326829268292833;54.8799999999972;;;;;;;;;;;;;;;;;;;;;;;;;;;;;;;;;;;;;;;;;;;;;;;;;;;;;;;;;;;;;;;;;;;;;
;;;;;;;;-13.125000000000004;0.07774714454509647;0.08300395256916995;0.08300395256916995;-1.9125683060109289;;;;;;;;;;;;;;;;;;;;;;;;;;;;;;;;;;;;;;;;;;;;;;;;;;;;;;;;;;;;;;;;;;;;
;;;;;;;;;0.07310561444837063;0.08300395256916995;0.08007889546351084;-1.9125683060109289;;;;;;;;;;;;;;;;;;;;;;;;;;;;;;;;;;;;;;;;;;;;;;;;;;;;;;;;;;;;;;;;;;;;
;;;;;;;;;0.07600314712824548;0.08007889546351084;0.081247532570075;-1.9125683060109289;;;;;;;;;;;;;;;;;;;;;;;;;;;;;;;;;;;;;;;;;;;;;;;;;;;;;;;;;;;;;;;;;;;;
;;;;;;;;;0.0756161510225483;0.08202764976958506;0.08144248486443782;-1.9125683060109289;;;;;;;;;;;;;;;;;;;;;;;;;;;;;;;;;;;;;;;;;;;;;;;;;;;;;;;;;;;;;;;;;;;;
;;;;;;;;;1.4714285714285638;1.735376044568236;1.7093922651933615;;;;;;;;;;;;;;;;;;;;;;;;;;;;;;;;;;;;;;;;;;;;;;;;;;;;;;;;;;;;;;;;;;;;;
;;;;;;;;-4.242424242424243;0.081247532570075;0.08007889546351084;0.07600314712824548;-3.017241379310345;;;;;;;;;;;;;;;;;;;;;;;;;;;;;;;;;;;;;;;;;;;;;;;;;;;;;;;;;;;;;;;;;;;;
;;;;;;;;;0.08007889546351084;0.08183254344391784;0.07832939322301023;-3.017241379310345;;;;;;;;;;;;;;;;;;;;;;;;;;;;;;;;;;;;;;;;;;;;;;;;;;;;;;;;;;;;;;;;;;;;
;;;;;;;;;0.07774714454509647;0.08183254344391784;0.07891210090658256;-3.017241379310345;;;;;;;;;;;;;;;;;;;;;;;;;;;;;;;;;;;;;;;;;;;;;;;;;;;;;;;;;;;;;;;;;;;;
;;;;;;;;;0.07968975943210181;0.081247532570075;0.07774714454509647;-3.017241379310345;;;;;;;;;;;;;;;;;;;;;;;;;;;;;;;;;;;;;;;;;;;;;;;;;;;;;;;;;;;;;;;;;;;;
;;;;;;;;;0.5159148936170216;0.5290488431876605;0.4997468354430379;;;;;;;;;;;;;;;;;;;;;;;;;;;;;;;;;;;;;;;;;;;;;;;;;;;;;;;;;;;;;;;;;;;;;
;;;;;;;;0.0;0.14594149155335803;0.10140056022408961;0.08947995236204842;-1.4792899408284024;;;;;;;;;;;;;;;;;;;;;;;;;;;;;;;;;;;;;;;;;;;;;;;;;;;;;;;;;;;;;;;;;;;;
;;;;;;;;;0.14594149155335803;0.1008;0.09244232299124899;-1.4792899408284024;;;;;;;;;;;;;;;;;;;;;;;;;;;;;;;;;;;;;;;;;;;;;;;;;;;;;;;;;;;;;;;;;;;;
;;;;;;;;;0.14657873042044517;0.09840255591054313;0.08947995236204842;-1.4792899408284024;;;;;;;;;;;;;;;;;;;;;;;;;;;;;;;;;;;;;;;;;;;;;;;;;;;;;;;;;;;;;;;;;;;;
;;;;;;;;;0.1461538461538459;0.10019992003198719;0.09046610169491542;-1.4792899408284024;;;;;;;;;;;;;;;;;;;;;;;;;;;;;;;;;;;;;;;;;;;;;;;;;;;;;;;;;;;;;;;;;;;;
;;;;;;;;;-1.7757009345794377;-1.9984051036682613;-2.0880195599022007;;;;;;;;;;;;;;;;;;;;;;;;;;;;;;;;;;;;;;;;;;;;;;;;;;;;;;;;;;;;;;;;;;;;;
;;;;;;;;0.8333333333333331;0.12955564614757437;0.12025931928687195;0.13456032719836397;-1.6166281755196306;;;;;;;;;;;;;;;;;;;;;;;;;;;;;;;;;;;;;;;;;;;;;;;;;;;;;;;;;;;;;;;;;;;;
;;;;;;;;;0.1276872964169381;0.11964358039692181;0.13330608908868;-1.6166281755196306;;;;;;;;;;;;;;;;;;;;;;;;;;;;;;;;;;;;;;;;;;;;;;;;;;;;;;;;;;;;;;;;;;;;
;;;;;;;;;0.12706552706552704;0.12087555735711389;0.12955564614757437;-1.6166281755196306;;;;;;;;;;;;;;;;;;;;;;;;;;;;;;;;;;;;;;;;;;;;;;;;;;;;;;;;;;;;;;;;;;;;
;;;;;;;;;0.12810209068694017;0.12025931928687195;0.13247106875425477;-1.6166281755196306;;;;;;;;;;;;;;;;;;;;;;;;;;;;;;;;;;;;;;;;;;;;;;;;;;;;;;;;;;;;;;;;;;;;
;;;;;;;;;-3.469117647058828;-3.805128205128205;-3.3208191126279893;;;;;;;;;;;;;;;;;;;;;;;;;;;;;;;;;;;;;;;;;;;;;;;;;;;;;;;;;;;;;;;;;;;;;
;;;;;;;;4.117647058823528;0.14339777869189632;0.13644553644553642;0.14785478547854783;-1.9125683060109289;;;;;;;;;;;;;;;;;;;;;;;;;;;;;;;;;;;;;;;;;;;;;;;;;;;;;;;;;;;;;;;;;;;;
;;;;;;;;;0.14339777869189632;0.13644553644553642;0.14530477759472818;-1.9125683060109289;;;;;;;;;;;;;;;;;;;;;;;;;;;;;;;;;;;;;;;;;;;;;;;;;;;;;;;;;;;;;;;;;;;;
;;;;;;;;;0.14403292181069957;0.13896636587366692;0.14212905877517468;-1.9125683060109289;;;;;;;;;;;;;;;;;;;;;;;;;;;;;;;;;;;;;;;;;;;;;;;;;;;;;;;;;;;;;;;;;;;;
;;;;;;;;;0.14360943499725703;0.13728489483747588;0.1450926561427593;-1.9125683060109289;;;;;;;;;;;;;;;;;;;;;;;;;;;;;;;;;;;;;;;;;;;;;;;;;;;;;;;;;;;;;;;;;;;;
;;;;;;;;;18.699999999999633;11.688372093023096;21.57142857142904;;;;;;;;;;;;;;;;;;;;;;;;;;;;;;;;;;;;;;;;;;;;;;;;;;;;;;;;;;;;;;;;;;;;;
;;;;;;;;-13.125000000000004;0.07949526813880126;0.08183254344391784;0.08476454293628807;-1.9125683060109289;;;;;;;;;;;;;;;;;;;;;;;;;;;;;;;;;;;;;;;;;;;;;;;;;;;;;;;;;;;;;;;;;;;;
;;;;;;;;;0.07774714454509647;0.081247532570075;0.09066348827969803;-1.9125683060109289;;;;;;;;;;;;;;;;;;;;;;;;;;;;;;;;;;;;;;;;;;;;;;;;;;;;;;;;;;;;;;;;;;;;
;;;;;;;;;0.07716535433070866;0.07949526813880126;0.08888888888888888;-1.9125683060109289;;;;;;;;;;;;;;;;;;;;;;;;;;;;;;;;;;;;;;;;;;;;;;;;;;;;;;;;;;;;;;;;;;;;
;;;;;;;;;0.07813525935653334;0.08085778187080628;0.08810153358011653;-1.9125683060109289;;;;;;;;;;;;;;;;;;;;;;;;;;;;;;;;;;;;;;;;;;;;;;;;;;;;;;;;;;;;;;;;;;;;
;;;;;;;;;1.5699208443271846;1.6838356164383474;2.0317073170731805;;;;;;;;;;;;;;;;;;;;;;;;;;;;;;;;;;;;;;;;;;;;;;;;;;;;;;;;;;;;;;;;;;;;;
;;;;;;;;-4.242424242424243;0.07774714454509647;0.08066298342541435;0.07716535433070866;-3.017241379310345;;;;;;;;;;;;;;;;;;;;;;;;;;;;;;;;;;;;;;;;;;;;;;;;;;;;;;;;;;;;;;;;;;;;
;;;;;;;;;0.07658402203856748;0.08183254344391784;0.07658402203856748;-3.017241379310345;;;;;;;;;;;;;;;;;;;;;;;;;;;;;;;;;;;;;;;;;;;;;;;;;;;;;;;;;;;;;;;;;;;;
;;;;;;;;;0.07658402203856748;0.08241801659423152;0.07716535433070866;-3.017241379310345;;;;;;;;;;;;;;;;;;;;;;;;;;;;;;;;;;;;;;;;;;;;;;;;;;;;;;;;;;;;;;;;;;;;
;;;;;;;;;0.07697152604645077;0.08163748848229582;0.07697152604645077;-3.017241379310345;;;;;;;;;;;;;;;;;;;;;;;;;;;;;;;;;;;;;;;;;;;;;;;;;;;;;;;;;;;;;;;;;;;;
;;;;;;;;;0.49335576114381796;0.5323605150214588;0.49335576114381796;;;;;;;;;;;;;;;;;;;;;;;;;;;;;;;;;;;;;;;;;;;;;;;;;;;;;;;;;;;;;;;;;;;;;
;;;;;;;;0.0;0.13518821603927986;0.10561797752808988;0.10682730923694776;-1.4792899408284024;;;;;;;;;;;;;;;;;;;;;;;;;;;;;;;;;;;;;;;;;;;;;;;;;;;;;;;;;;;;;;;;;;;;
;;;;;;;;;0.13518821603927986;0.10682730923694776;0.10925181013676588;-1.4792899408284024;;;;;;;;;;;;;;;;;;;;;;;;;;;;;;;;;;;;;;;;;;;;;;;;;;;;;;;;;;;;;;;;;;;;
;;;;;;;;;0.13330608908868;0.10501403931006817;0.10925181013676588;-1.4792899408284024;;;;;;;;;;;;;;;;;;;;;;;;;;;;;;;;;;;;;;;;;;;;;;;;;;;;;;;;;;;;;;;;;;;;
;;;;;;;;;0.13456032719836397;0.10581939799331082;0.10844277673545988;-1.4792899408284024;;;;;;;;;;;;;;;;;;;;;;;;;;;;;;;;;;;;;;;;;;;;;;;;;;;;;;;;;;;;;;;;;;;;
;;;;;;;;;-1.8136714443219404;-1.956952003958436;-1.9395973154362418;;;;;;;;;;;;;;;;;;;;;;;;;;;;;;;;;;;;;;;;;;;;;;;;;;;;;;;;;;;;;;;;;;;;;
;;;;;;;;0.8333333333333331;0.13959786622897;0.11046698872785829;0.13205389955083707;-1.6166281755196306;;;;;;;;;;;;;;;;;;;;;;;;;;;;;;;;;;;;;;;;;;;;;;;;;;;;;;;;;;;;;;;;;;;;
;;;;;;;;;0.13959786622897;0.10743270389714742;0.12955564614757437;-1.6166281755196306;;;;;;;;;;;;;;;;;;;;;;;;;;;;;;;;;;;;;;;;;;;;;;;;;;;;;;;;;;;;;;;;;;;;
;;;;;;;;;0.14022988505747125;0.10925181013676588;0.13080375356997143;-1.6166281755196306;;;;;;;;;;;;;;;;;;;;;;;;;;;;;;;;;;;;;;;;;;;;;;;;;;;;;;;;;;;;;;;;;;;;
;;;;;;;;;0.13980848153214753;0.10904947043839676;0.13080375356997143;-1.6166281755196306;;;;;;;;;;;;;;;;;;;;;;;;;;;;;;;;;;;;;;;;;;;;;;;;;;;;;;;;;;;;;;;;;;;;
;;;;;;;;;-3.115853658536583;-4.5441340782123;-3.3747368421052633;;;;;;;;;;;;;;;;;;;;;;;;;;;;;;;;;;;;;;;;;;;;;;;;;;;;;;;;;;;;;;;;;;;;;
;;;;;;;;4.117647058823528;0.14785478547854783;0.14594149155335803;0.13770491803278684;-1.9125683060109289;;;;;;;;;;;;;;;;;;;;;;;;;;;;;;;;;;;;;;;;;;;;;;;;;;;;;;;;;;;;;;;;;;;;
;;;;;;;;;0.1446685878962536;0.1491329479768786;0.13770491803278684;-1.9125683060109289;;;;;;;;;;;;;;;;;;;;;;;;;;;;;;;;;;;;;;;;;;;;;;;;;;;;;;;;;;;;;;;;;;;;
;;;;;;;;;0.1446685878962536;0.14849360297152292;0.13896636587366692;-1.9125683060109289;;;;;;;;;;;;;;;;;;;;;;;;;;;;;;;;;;;;;;;;;;;;;;;;;;;;;;;;;;;;;;;;;;;;
;;;;;;;;;0.14572919527602324;0.14785478547854783;0.13812517081169737;-1.9125683060109289;;;;;;;;;;;;;;;;;;;;;;;;;;;;;;;;;;;;;;;;;;;;;;;;;;;;;;;;;;;;;;;;;;;;
;;;;;;;;;23.0695652173918;29.86666666666664;12.326829268292833;;;;;;;;;;;;;;;;;;;;;;;;;;;;;;;;;;;;;;;;;;;;;;;;;;;;;;;;;;;;;;;;;;;;;
;;;;;;;;-13.125000000000004;0.07716535433070866;0.07252747252747252;0.07658402203856748;-1.9125683060109289;;;;;;;;;;;;;;;;;;;;;;;;;;;;;;;;;;;;;;;;;;;;;;;;;;;;;;;;;;;;;;;;;;;;
;;;;;;;;;0.0748427672955975;0.0748427672955975;0.07891210090658256;-1.9125683060109289;;;;;;;;;;;;;;;;;;;;;;;;;;;;;;;;;;;;;;;;;;;;;;;;;;;;;;;;;;;;;;;;;;;;
;;;;;;;;;0.07600314712824548;0.07426326129666012;0.07949526813880126;-1.9125683060109289;;;;;;;;;;;;;;;;;;;;;;;;;;;;;;;;;;;;;;;;;;;;;;;;;;;;;;;;;;;;;;;;;;;;
;;;;;;;;;0.07600314712824548;0.07387717690192465;0.07832939322301023;-1.9125683060109289;;;;;;;;;;;;;;;;;;;;;;;;;;;;;;;;;;;;;;;;;;;;;;;;;;;;;;;;;;;;;;;;;;;;
;;;;;;;;;1.4861538461538457;1.4069825436408905;1.5777777777777773;;;;;;;;;;;;;;;;;;;;;;;;;;;;;;;;;;;;;;;;;;;;;;;;;;;;;;;;;;;;;;;;;;;;;
;;;;;;;;-4.242424242424243;0.06333853354134165;0.07310561444837063;0.07426326129666012;-3.017241379310345;;;;;;;;;;;;;;;;;;;;;;;;;;;;;;;;;;;;;;;;;;;;;;;;;;;;;;;;;;;;;;;;;;;;
;;;;;;;;;0.06390948107686305;0.0748427672955975;0.0748427672955975;-3.017241379310345;;;;;;;;;;;;;;;;;;;;;;;;;;;;;;;;;;;;;;;;;;;;;;;;;;;;;;;;;;;;;;;;;;;;
;;;;;;;;;0.06390948107686305;0.0748427672955975;0.07137254901960784;-3.017241379310345;;;;;;;;;;;;;;;;;;;;;;;;;;;;;;;;;;;;;;;;;;;;;;;;;;;;;;;;;;;;;;;;;;;;
;;;;;;;;;0.06371911573472061;0.07426326129666012;0.07349129467207767;-3.017241379310345;;;;;;;;;;;;;;;;;;;;;;;;;;;;;;;;;;;;;;;;;;;;;;;;;;;;;;;;;;;;;;;;;;;;
;;;;;;;;;0.3895071542130363;0.4713216957605985;0.4651201325600659;;;;;;;;;;;;;;;;;;;;;;;;;;;;;;;;;;;;;;;;;;;;;;;;;;;;;;;;;;;;;;;;;;;;;
;;;;;;;;0.0;0.15684647302904564;0.0960127591706539;0.10561797752808988;-1.4792899408284024;;;;;;;;;;;;;;;;;;;;;;;;;;;;;;;;;;;;;;;;;;;;;;;;;;;;;;;;;;;;;;;;;;;;
;;;;;;;;;0.1594347464671654;0.09720670391061449;0.10743270389714742;-1.4792899408284024;;;;;;;;;;;;;;;;;;;;;;;;;;;;;;;;;;;;;;;;;;;;;;;;;;;;;;;;;;;;;;;;;;;;
;;;;;;;;;0.15749273557492735;0.0948207171314741;0.10501403931006817;-1.4792899408284024;;;;;;;;;;;;;;;;;;;;;;;;;;;;;;;;;;;;;;;;;;;;;;;;;;;;;;;;;;;;;;;;;;;;
;;;;;;;;;0.15792387543252615;0.0960127591706539;0.10602087235750622;-1.4792899408284024;;;;;;;;;;;;;;;;;;;;;;;;;;;;;;;;;;;;;;;;;;;;;;;;;;;;;;;;;;;;;;;;;;;;
;;;;;;;;;-1.7441149495567114;-2.0337837837837838;-1.9555774925962488;;;;;;;;;;;;;;;;;;;;;;;;;;;;;;;;;;;;;;;;;;;;;;;;;;;;;;;;;;;;;;;;;;;;;
;;;;;;;;0.8333333333333331;0.11964358039692181;0.11229343006852074;0.11107531212243253;-1.6166281755196306;;;;;;;;;;;;;;;;;;;;;;;;;;;;;;;;;;;;;;;;;;;;;;;;;;;;;;;;;;;;;;;;;;;;
;;;;;;;;;0.12087555735711389;0.10985915492957744;0.11168412570507655;-1.6166281755196306;;;;;;;;;;;;;;;;;;;;;;;;;;;;;;;;;;;;;;;;;;;;;;;;;;;;;;;;;;;;;;;;;;;;
;;;;;;;;;0.11779935275080905;0.1129032258064516;0.11229343006852074;-1.6166281755196306;;;;;;;;;;;;;;;;;;;;;;;;;;;;;;;;;;;;;;;;;;;;;;;;;;;;;;;;;;;;;;;;;;;;
;;;;;;;;;0.11943844492440624;0.11168412570507655;0.11168412570507655;-1.6166281755196306;;;;;;;;;;;;;;;;;;;;;;;;;;;;;;;;;;;;;;;;;;;;;;;;;;;;;;;;;;;;;;;;;;;;
;;;;;;;;;-3.8469565217391355;-4.331250000000001;-4.331250000000001;;;;;;;;;;;;;;;;;;;;;;;;;;;;;;;;;;;;;;;;;;;;;;;;;;;;;;;;;;;;;;;;;;;;;
;;;;;;;;4.117647058823528;0.11718560452891222;0.11779935275080905;0.12087555735711389;-1.9125683060109289;;;;;;;;;;;;;;;;;;;;;;;;;;;;;;;;;;;;;;;;;;;;;;;;;;;;;;;;;;;;;;;;;;;;
;;;;;;;;;0.11534733441033924;0.11841359773371103;0.12210953346855982;-1.9125683060109289;;;;;;;;;;;;;;;;;;;;;;;;;;;;;;;;;;;;;;;;;;;;;;;;;;;;;;;;;;;;;;;;;;;;
;;;;;;;;;0.11412429378531072;0.12210953346855982;0.12272727272727273;-1.9125683060109289;;;;;;;;;;;;;;;;;;;;;;;;;;;;;;;;;;;;;;;;;;;;;;;;;;;;;;;;;;;;;;;;;;;;
;;;;;;;;;0.11555136663524955;0.11943844492440624;0.1219037317468904;-1.9125683060109289;;;;;;;;;;;;;;;;;;;;;;;;;;;;;;;;;;;;;;;;;;;;;;;;;;;;;;;;;;;;;;;;;;;;
;;;;;;;;;4.493193717277453;5.144186046511665;5.635000000000043;;;;;;;;;;;;;;;;;;;;;;;;;;;;;;;;;;;;;;;;;;;;;;;;;;;;;;;;;;;;;;;;;;;;;
;;;;;;;;-13.125000000000004;0.0679186228482003;0.06448087431693988;0.06677091477716965;-1.9125683060109289;;;;;;;;;;;;;;;;;;;;;;;;;;;;;;;;;;;;;;;;;;;;;;;;;;;;;;;;;;;;;;;;;;;;
;;;;;;;;;0.06677091477716965;0.06276803118908382;0.06619773348964439;-1.9125683060109289;;;;;;;;;;;;;;;;;;;;;;;;;;;;;;;;;;;;;;;;;;;;;;;;;;;;;;;;;;;;;;;;;;;;
;;;;;;;;;0.06677091477716965;0.06333853354134165;0.06448087431693988;-1.9125683060109289;;;;;;;;;;;;;;;;;;;;;;;;;;;;;;;;;;;;;;;;;;;;;;;;;;;;;;;;;;;;;;;;;;;;
;;;;;;;;;0.06715328467153303;0.06352879989598212;0.0658158614402915;-1.9125683060109289;;;;;;;;;;;;;;;;;;;;;;;;;;;;;;;;;;;;;;;;;;;;;;;;;;;;;;;;;;;;;;;;;;;;
;;;;;;;;;1.1816513761467946;1.0738461538461481;1.1408577878103778;;;;;;;;;;;;;;;;;;;;;;;;;;;;;;;;;;;;;;;;;;;;;;;;;;;;;;;;;;;;;;;;;;;;;
;;;;;;;;-4.242424242424243;0.07079576636613091;0.06906812842599842;0.07194978422910944;-3.017241379310345;;;;;;;;;;;;;;;;;;;;;;;;;;;;;;;;;;;;;;;;;;;;;;;;;;;;;;;;;;;;;;;;;;;;
;;;;;;;;;0.07021943573667712;0.06734454438795462;0.07079576636613091;-3.017241379310345;;;;;;;;;;;;;;;;;;;;;;;;;;;;;;;;;;;;;;;;;;;;;;;;;;;;;;;;;;;;;;;;;;;;
;;;;;;;;;0.07368421052631578;0.0679186228482003;0.07021943573667712;-3.017241379310345;;;;;;;;;;;;;;;;;;;;;;;;;;;;;;;;;;;;;;;;;;;;;;;;;;;;;;;;;;;;;;;;;;;;
;;;;;;;;;0.07156491044580972;0.06811008217034023;0.07098797699947705;-3.017241379310345;;;;;;;;;;;;;;;;;;;;;;;;;;;;;;;;;;;;;;;;;;;;;;;;;;;;;;;;;;;;;;;;;;;;
;;;;;;;;;0.4497945768282664;0.42283400809716626;0.44524590163934447;;;;;;;;;;;;;;;;;;;;;;;;;;;;;;;;;;;;;;;;;;;;;;;;;;;;;;;;;;;;;;;;;;;;;
;;;;;;;;0.0;0.1529801324503311;0.0960127591706539;0.09900119856172591;-1.4792899408284024;;;;;;;;;;;;;;;;;;;;;;;;;;;;;;;;;;;;;;;;;;;;;;;;;;;;;;;;;;;;;;;;;;;;
;;;;;;;;;0.15233760860570952;0.10140056022408961;0.09960031974420462;-1.4792899408284024;;;;;;;;;;;;;;;;;;;;;;;;;;;;;;;;;;;;;;;;;;;;;;;;;;;;;;;;;;;;;;;;;;;;
;;;;;;;;;0.15684647302904564;0.10019992003198719;0.10140056022408961;-1.4792899408284024;;;;;;;;;;;;;;;;;;;;;;;;;;;;;;;;;;;;;;;;;;;;;;;;;;;;;;;;;;;;;;;;;;;;
;;;;;;;;;0.15405218831975723;0.09920085242408076;0.10000000000000017;-1.4792899408284024;;;;;;;;;;;;;;;;;;;;;;;;;;;;;;;;;;;;;;;;;;;;;;;;;;;;;;;;;;;;;;;;;;;;
;;;;;;;;;-1.7538509902546378;-2.0064655172413786;-2.0;;;;;;;;;;;;;;;;;;;;;;;;;;;;;;;;;;;;;;;;;;;;;;;;;;;;;;;;;;;;;;;;;;;;;
;;;;;;;;0.8333333333333331;0.12830957230142567;0.11595959595959594;0.12149229521492293;-1.6166281755196306;;;;;;;;;;;;;;;;;;;;;;;;;;;;;;;;;;;;;;;;;;;;;;;;;;;;;;;;;;;;;;;;;;;;
;;;;;;;;;0.13142857142857142;0.11412429378531072;0.12272727272727273;-1.6166281755196306;;;;;;;;;;;;;;;;;;;;;;;;;;;;;;;;;;;;;;;;;;;;;;;;;;;;;;;;;;;;;;;;;;;;
;;;;;;;;;0.13330608908868;0.11595959595959594;0.12149229521492293;-1.6166281755196306;;;;;;;;;;;;;;;;;;;;;;;;;;;;;;;;;;;;;;;;;;;;;;;;;;;;;;;;;;;;;;;;;;;;
;;;;;;;;;0.13101196953209987;0.11534733441033924;0.1219037317468904;-1.6166281755196306;;;;;;;;;;;;;;;;;;;;;;;;;;;;;;;;;;;;;;;;;;;;;;;;;;;;;;;;;;;;;;;;;;;;
;;;;;;;;;-3.3678321678321645;-4.08;-3.725619834710748;;;;;;;;;;;;;;;;;;;;;;;;;;;;;;;;;;;;;;;;;;;;;;;;;;;;;;;;;;;;;;;;;;;;;
;;;;;;;;4.117647058823528;0.14530477759472818;0.13833538335383352;0.14594149155335803;-1.9125683060109289;;;;;;;;;;;;;;;;;;;;;;;;;;;;;;;;;;;;;;;;;;;;;;;;;;;;;;;;;;;;;;;;;;;;
;;;;;;;;;0.14149548069022183;0.14022988505747125;0.1472164948453608;-1.9125683060109289;;;;;;;;;;;;;;;;;;;;;;;;;;;;;;;;;;;;;;;;;;;;;;;;;;;;;;;;;;;;;;;;;;;;
;;;;;;;;;0.14530477759472818;0.13833538335383352;0.1491329479768786;-1.9125683060109289;;;;;;;;;;;;;;;;;;;;;;;;;;;;;;;;;;;;;;;;;;;;;;;;;;;;;;;;;;;;;;;;;;;;
;;;;;;;;;0.14403292181069957;0.13896636587366692;0.14742919989001904;-1.9125683060109289;;;;;;;;;;;;;;;;;;;;;;;;;;;;;;;;;;;;;;;;;;;;;;;;;;;;;;;;;;;;;;;;;;;;
;;;;;;;;;19.44444444444443;13.030769230769218;28.22105263157816;;;;;;;;;;;;;;;;;;;;;;;;;;;;;;;;;;;;;;;;;;;;;;;;;;;;;;;;;;;;;;;;;;;;;
;;;;;;;;-13.125000000000004;0.07426326129666012;0.07021943573667712;0.07716535433070866;-1.9125683060109289;;;;;;;;;;;;;;;;;;;;;;;;;;;;;;;;;;;;;;;;;;;;;;;;;;;;;;;;;;;;;;;;;;;;
;;;;;;;;;0.07310561444837063;0.07137254901960784;0.07774714454509647;-1.9125683060109289;;;;;;;;;;;;;;;;;;;;;;;;;;;;;;;;;;;;;;;;;;;;;;;;;;;;;;;;;;;;;;;;;;;;
;;;;;;;;;0.07194978422910944;0.07079576636613091;0.07774714454509647;-1.9125683060109289;;;;;;;;;;;;;;;;;;;;;;;;;;;;;;;;;;;;;;;;;;;;;;;;;;;;;;;;;;;;;;;;;;;;
;;;;;;;;;0.07310561444837063;0.07079576636613091;0.07755316355998969;-1.9125683060109289;;;;;;;;;;;;;;;;;;;;;;;;;;;;;;;;;;;;;;;;;;;;;;;;;;;;;;;;;;;;;;;;;;;;
;;;;;;;;;1.3792592592592592;1.299280575539568;1.546596858638751;;;;;;;;;;;;;;;;;;;;;;;;;;;;;;;;;;;;;;;;;;;;;;;;;;;;;;;;;;;;;;;;;;;;;
;;;;;;;;-4.242424242424243;0.06677091477716965;0.07252747252747252;0.07137254901960784;-3.017241379310345;;;;;;;;;;;;;;;;;;;;;;;;;;;;;;;;;;;;;;;;;;;;;;;;;;;;;;;;;;;;;;;;;;;;
;;;;;;;;;0.0679186228482003;0.07774714454509647;0.0748427672955975;-3.017241379310345;;;;;;;;;;;;;;;;;;;;;;;;;;;;;;;;;;;;;;;;;;;;;;;;;;;;;;;;;;;;;;;;;;;;
;;;;;;;;;0.07079576636613091;0.07426326129666012;0.07137254901960784;-3.017241379310345;;;;;;;;;;;;;;;;;;;;;;;;;;;;;;;;;;;;;;;;;;;;;;;;;;;;;;;;;;;;;;;;;;;;
;;;;;;;;;0.0684931506849315;0.0748427672955975;0.07252747252747252;-3.017241379310345;;;;;;;;;;;;;;;;;;;;;;;;;;;;;;;;;;;;;;;;;;;;;;;;;;;;;;;;;;;;;;;;;;;;
;;;;;;;;;0.4257907542579075;0.476;0.4574257425742574;;;;;;;;;;;;;;;;;;;;;;;;;;;;;;;;;;;;;;;;;;;;;;;;;;;;;;;;;;;;;;;;;;;;;
