Start;04/11/2024;9h30;End;Unnamed: 4;Unnamed: 5;Day;Hour;Unnamed: 8;A;B;C;Dilution;Day.1;Time (h);Time (s);OD 0A;Std 0A;OD 0B;Std 0B;OD 0C;Std 0C;OD 1A;Std 1A;OD 1B;Std 1B;OD 1C;Std 1C;OD 2A;Std 2A;OD 2B;Std 2B;OD 2C;Std 2C;OD 3A;Std 3A;OD 3B;Std 3B;OD 3C;Std 3C;OD 4A;Std 4A;OD 4B;Std 4B;OD 4C;Std 4C;mean 0;std 0;mean 1;std 1;mean 2;std 2;mean 3;std 3;mean 4;std 4;dilution 0;dilution 1;dilution 2;dilution 3;dilution 4;OD 0A NC;OD 0B NC;OD 0C NC;OD 1A NC;OD 1B NC;OD 1C NC;OD 2A NC;OD 2B NC;OD 2C NC;OD 3A NC;OD 3B NC;OD 3C NC;OD 4A NC;OD 4B NC;OD 4C NC;mean 0 NC;mean 1 NC;mean 2 NC;mean 3 NC;mean 4 NC
;;;;;;;;0.0;0.01424802110817942;0.01211893112532932;0.018525519848771266;0.8333333333333331;;;;;;;;;;;;;;;;;;;;;;;;;;;;;;;;;;;;;;;;;;;;;;;;;;;;;;;;;;;;;;;;;;;;
;;;;;;;;;0.01424802110817942;0.011056788266265513;0.01584905660377358;0.8333333333333331;;;-1.400113706204019;0.01371514694800301;0.0009053878015929969;0.01176470588235292;0.0006034617803632674;0.01584905660377358;0.0026168224299065413;0.013892727044341142;0.00030166587452959133;0.012473334169908411;0.0015977432219387102;0.01353761145297;0.0006034617803632674;0.01211893112532932;0.0009053878015929969;0.014603493779062476;0.0010882827763081288;0.014070351758793986;0.00030166587452959133;0.01070309562601828;0.001509630526971253;0.014959145191703313;0.00030166587452959133;0.01371514694800301;0.0010455563853622105;0.013892727044341142;0.00030166587452959133;0.01176470588235292;0.00030166587452959133;0.01727524553009319;0.0007984160167625445;0.013774335356918561;0.0020059885323391257;0.013300966810362854;0.0007253339060156597;0.013596784996651047;0.0012847052766464715;0.013123535319718788;0.002152467806418599;0.014307254146423178;0.002727146780210104;0.8333333333333331;0.8333333333333331;0.8333333333333331;0.8333333333333331;0.8333333333333331;0.01371514694800301;0.01176470588235292;0.01584905660377358;0.013892727044341142;0.012473334169908411;0.01353761145297;0.01211893112532932;0.014603493779062476;0.014070351758793986;0.01070309562601828;0.014959145191703313;0.01371514694800301;0.013892727044341142;0.01176470588235292;0.01727524553009319;0.013774335356918561;0.013300966810362854;0.013596784996651047;0.013123535319718788;0.014307254146423178
;;;;;;;;;0.012650602409638553;0.01211893112532932;0.01318267419962335;0.8333333333333331;;;-1.4000953316943328;0.012650602409638553;0.0013834746886050378;0.01478129713423831;0.0013834746886050378;0.015137037968317845;0.001509630526971253;0.01478129713423831;0.0005225830533781261;0.015670984781788466;0.0006034617803632674;0.016740088105726886;0.00030166587452959133;0.011941796287004532;0.0006034617803632674;0.016561792096652386;0.00030166587452959133;0.021032697891680358;0.0010882827763081288;0.018168073579438053;0.0012074440223833274;0.01995710861612213;0.0007984160167625445;0.017632241813601995;0.0016812592714729882;0.01709681480548909;0.00030166587452959133;0.01442573510932393;0.00030166587452959133;0.01620533467539005;0.0010882827763081288;0.014188793031242151;0.0013197290720666447;0.015730337078651693;0.0009596871033115756;0.016502370065858453;0.004454712681654637;0.018585111745925045;0.0011862783370010929;0.015908423833284408;0.0013311994807885111;0.8333333333333331;0.8333333333333331;0.8333333333333331;0.8333333333333331;0.8333333333333331;0.012650602409638553;0.01478129713423831;0.015137037968317845;0.01478129713423831;0.015670984781788466;0.016740088105726886;0.011941796287004532;0.016561792096652386;0.021032697891680358;0.018168073579438053;0.01995710861612213;0.017632241813601995;0.01709681480548909;0.01442573510932393;0.01620533467539005;0.014188793031242151;0.015730337078651693;0.016502370065858453;0.018585111745925045;0.015908423833284408
;;;;;;;;;0.01371514694800301;0.01176470588235292;0.01584905660377358;0.8333333333333331;;;-1.4000463568598513;0.04122919334186941;0.0010882827763081288;0.04902162718846551;0.0010882827763081288;0.04995491433724073;0.00030166587452959133;0.03791517629024018;0.00030166587452959133;0.03516511538951933;0.0006034617803632674;0.04976816074188562;0.0009053878015929969;0.04012282497441148;0.00030166587452959133;0.04753086419753086;0.001886034320559523;0.05088940448569218;0.001886034320559523;0.03553118224716233;0.0007984160167625445;0.04939479783672416;0.0010882827763081288;0.04548606652112493;0.0013158834467086394;0.03388535031847132;0.0007984160167625445;0.034068034144477025;0.0007984160167625445;0.034616365026765246;0.0007984160167625445;0.046724647615783405;0.004509354277232396;0.040921698314486867;0.007344153082575403;0.04616702355460388;0.005188581722335169;0.04344703770197488;0.006769832100266155;0.03418984922488851;0.000362573029253714;0.8333333333333331;0.8333333333333331;0.8333333333333331;0.8333333333333331;0.8333333333333331;0.04122919334186941;0.04902162718846551;0.04995491433724073;0.03791517629024018;0.03516511538951933;0.04976816074188562;0.04012282497441148;0.04753086419753086;0.05088940448569218;0.03553118224716233;0.04939479783672416;0.04548606652112493;0.03388535031847132;0.034068034144477025;0.034616365026765246;0.046724647615783405;0.040921698314486867;0.04616702355460388;0.04344703770197488;0.03418984922488851
;;;;;;;;;0.01371514694800301;0.01176470588235292;0.01584905660377358;;;;-1.4000440389439477;0.04808954071786954;0.002092675635276532;0.044558521560574965;0.0007984160167625445;0.052012383900928785;0.0010455563853622105;0.04548606652112493;0.0010882827763081288;0.048835113914274655;0.0007984160167625445;0.0601115579193149;0.0010882827763081288;0.04939479783672416;0.0012074440223833274;0.054451479519317544;0.0010882827763081288;0.05821997668091721;0.0005225830533781261;0.04363216621777607;0.0005225830533781261;0.05145067698259187;0.0009053878015929969;0.05614489003880964;0.0021782588108635458;0.04067579674900808;0.0007984160167625445;0.04030710172744722;0.0013834746886050378;0.03791517629024018;0.0006034617803632674;0.0482137496247373;0.0034927298425366476;0.05145067698259187;0.00714795381760573;0.054013089906992724;0.00411922465100223;0.05039085989176186;0.005920524503433761;0.03963165075034107;0.0014196394570137971;0.8333333333333331;0.8333333333333331;0.8333333333333331;0.8333333333333331;0.8333333333333331;0.04808954071786954;0.044558521560574965;0.052012383900928785;0.04548606652112493;0.048835113914274655;0.0601115579193149;0.04939479783672416;0.054451479519317544;0.05821997668091721;0.04363216621777607;0.05145067698259187;0.05614489003880964;0.04067579674900808;0.04030710172744722;0.03791517629024018;0.0482137496247373;0.05145067698259187;0.054013089906992724;0.05039085989176186;0.03963165075034107
;;;;;;;;0.8333333333333331;0.01371514694800301;0.011056788266265513;0.01424802110817942;0.8333333333333331;;;-1.400041690130328;0.05539177657098525;0.0005225830533780738;0.05765345765345764;0.0005225830533781261;0.054075700813848354;0.0016812592714729882;0.04939479783672416;0.0010882827763081288;0.0395702775290958;0.0007984160167625445;0.05576823590274203;0.001509630526971253;0.054451479519317544;0.002976740091409879;0.057464715784021944;0.00030166587452959133;0.0601115579193149;0.0007984160167625445;0.0462289605550559;0.0016812592714729882;0.05765345765345764;0.0009053878015929969;0.05614489003880964;0.0012074440223833274;0.04049142564627589;0.0016812592714729882;0.03553118224716233;0.001980527093522562;0.03626387648334823;0.0010882827763081288;0.05570547915678776;0.0016752151907840458;0.0482137496247373;0.00767646278089053;0.05733891502308894;0.0026187637240009986;0.05332472562943832;0.005796492159522309;0.03742550655542313;0.002541961118531674;0.8333333333333331;0.8333333333333331;0.8333333333333331;0.8333333333333331;0.8333333333333331;0.05539177657098525;0.05765345765345764;0.054075700813848354;0.04939479783672416;0.0395702775290958;0.05576823590274203;0.054451479519317544;0.057464715784021944;0.0601115579193149;0.0462289605550559;0.05765345765345764;0.05614489003880964;0.04049142564627589;0.03553118224716233;0.03626387648334823;0.05570547915678776;0.0482137496247373;0.05733891502308894;0.05332472562943832;0.03742550655542313
;;;;;;;;;0.01371514694800301;0.01424802110817942;0.01318267419962335;0.8333333333333331;;;-1.4000373343289154;0.07233485938521926;0.001836973752911367;0.0717573221757324;0.0007984160167625445;0.07988430186694734;0.0021143947248519345;0.07194978422910944;0.0009053878015929969;0.07156491044580972;0.001836973752911367;0.08437293946986658;0.0007984160167625445;0.07021943573667712;0.0007984160167625445;0.07619672131147522;0.0021782588108635458;0.081247532570075;0.0005225830533781261;0.06238794335455353;0.0016812592714729882;0.06945169712793753;0.001597743221938763;0.06448087431693988;0.001811947399666608;0.05051546391752574;0.0006034617803632674;0.046972618588507514;0.001811947399666608;0.04920818848976438;0.0013834746886050378;0.07464954801519735;0.004091906102455142;0.07593863368154208;0.006567671839746372;0.075874125874126;0.004986746423134256;0.06543418825673758;0.0033162947263433305;0.048897279670471146;0.0016752151907840458;0.8333333333333331;0.8333333333333331;0.8333333333333331;0.8333333333333331;0.8333333333333331;0.07233485938521926;0.0717573221757324;0.07988430186694734;0.07194978422910944;0.07156491044580972;0.08437293946986658;0.07021943573667712;0.07619672131147522;0.081247532570075;0.06238794335455353;0.06945169712793753;0.06448087431693988;0.05051546391752574;0.046972618588507514;0.04920818848976438;0.07464954801519735;0.07593863368154208;0.075874125874126;0.06543418825673758;0.048897279670471146
;;;;;;;;;0.01424802110817942;0.01211893112532932;0.01318267419962335;0.8333333333333331;;;-1.4000352706761177;0.0857444561774025;0.0016812592714729882;0.08515635308088157;0.0034868941235298573;0.09660949341842838;0.0005225830533781261;0.07755316355998969;0.0006034617803632674;0.07639034627492147;0.0023595483009495335;0.08672566371681395;0.00030166587452959133;0.07060360595766939;0.0007984160167625445;0.08888888888888888;0.0010455563853622105;0.09105841833355428;0.001980527093522562;0.06105919003115264;0.001886034320559523;0.08163748848229582;0.001597743221938763;0.08849510711451976;0.001597743221938763;0.05539177657098525;0.0;0.05276200309757354;0.0007984160167625445;0.05276200309757354;0.003486894123529805;0.08915152584229995;0.005709340893501382;0.08020865296103086;0.005072061879276888;0.08346000087861893;0.010121487282278411;0.07697152604645077;0.013001676393449292;0.053637537666810155;0.0014088872109282661;0.8333333333333331;0.8333333333333331;0.8333333333333331;0.8333333333333331;0.8333333333333331;0.0857444561774025;0.08515635308088157;0.09660949341842838;0.07755316355998969;0.07639034627492147;0.08672566371681395;0.07060360595766939;0.08888888888888888;0.09105841833355428;0.06105919003115264;0.08163748848229582;0.08849510711451976;0.05539177657098525;0.05276200309757354;0.05276200309757354;0.08915152584229995;0.08020865296103086;0.08346000087861893;0.07697152604645077;0.053637537666810155
;;;;;;;;;0.013892727044341142;0.012473334169908411;0.01353761145297;0.8333333333333331;;;-1.400033280904673;0.08967707781895161;0.00030166587452959133;0.09820311460135783;0.003564876347553655;0.09561520063778879;0.0006034617803632674;0.08105263157894756;0.0013158834467086394;0.08849510711451976;0.0012074440223833274;0.1044105854049719;0.001886034320559523;0.0793008279668815;0.0007984160167625445;0.0802735402419777;0.0006034617803632674;0.0960127591706539;0.0013834746886050378;0.07041149575440868;0.001597743221938763;0.09224446506694967;0.00030166587452959133;0.09760510910058559;0.00030166587452959133;0.06390948107686305;0.0009053878015929969;0.05520361990950244;0.0006034617803632674;0.05219971616565602;0.0016812592714729882;0.0944899314007521;0.003850630720176204;0.09125596184419714;0.01056748056506499;0.08515635308088157;0.008355006531356199;0.0866602095623843;0.012952834654468042;0.05708737864077669;0.005627221211443528;0.8333333333333331;0.8333333333333331;0.8333333333333331;0.8333333333333331;0.8333333333333331;0.08967707781895161;0.09820311460135783;0.09561520063778879;0.08105263157894756;0.08849510711451976;0.1044105854049719;0.0793008279668815;0.0802735402419777;0.0960127591706539;0.07041149575440868;0.09224446506694967;0.09760510910058559;0.06390948107686305;0.05520361990950244;0.05219971616565602;0.0944899314007521;0.09125596184419714;0.08515635308088157;0.0866602095623843;0.05708737864077669
;;;;;;;;;0.013892727044341142;0.012473334169908411;0.01353761145297;;;;-1.4000320362521956;0.10622240064231232;0.0029145887504997527;0.0962116177057023;0.008077075157363833;0.10723085163363705;0.0013158834467086394;0.10059992001066542;0.0025816309291828623;0.09780439121756485;0.0029145887504997527;0.1120902740462119;0.0021143947248519345;0.10380761523046092;0.0010455563853622105;0.10280373831775678;0.00030166587452959133;0.11229343006852074;0.0015689204333208815;0.0871185097106619;0.0005225830533781261;0.10803858520900321;1.7757797926443356e-17;0.10602087235750622;0.00030166587452959133;0.07137254901960784;0.0005225830533781261;0.06390948107686305;0.001886034320559523;0.059732849176501276;0.0013158834467086394;0.1032051282051282;0.005316047136035981;0.10347284060552064;0.006579366544247202;0.10628958872334725;0.004509354277232396;0.10033322966188284;0.010164255027689823;0.06498915401301524;0.005400002337623627;0.8333333333333331;0.8333333333333331;0.8333333333333331;0.8333333333333331;0.8333333333333331;0.10622240064231232;0.0962116177057023;0.10723085163363705;0.10059992001066542;0.09780439121756485;0.1120902740462119;0.10380761523046092;0.10280373831775678;0.11229343006852074;0.0871185097106619;0.10803858520900321;0.10602087235750622;0.07137254901960784;0.06390948107686305;0.059732849176501276;0.1032051282051282;0.10347284060552064;0.10628958872334725;0.10033322966188284;0.06498915401301524
;;;;;;;;4.117647058823528;0.011587659894657635;0.01584905660377358;0.01424802110817942;0.8333333333333331;;;-1.4000307749546987;0.10904947043839676;0.0007984160167625445;0.1020016012810248;0.0013834746886050378;0.10541661094021686;0.0010882827763081288;0.10985915492957744;0.002769686370773942;0.10461168293008934;0.0026342428624010774;0.12997145575642263;0.0007984160167625445;0.10763461023305632;0.0006034617803632674;0.1106697087639241;0.00030166587452959133;0.13875598086124422;0.0016812592714729882;0.09880159786950753;0.0013158834467086394;0.11412429378531072;0.001886034320559523;0.11698113207547188;0.0010882827763081288;0.07891210090658256;0.001568920433320829;0.06887641915698832;0.0010882827763081288;0.06734454438795462;0.0005225830533781261;0.10548372715113698;0.0030543272518939956;0.11473556721840936;0.011479883811056496;0.11889168765743084;0.014637013560880856;0.10992666785905911;0.008483950813705215;0.0716931793419048;0.00569588519240191;0.8333333333333331;0.8333333333333331;0.8333333333333331;0.8333333333333331;0.8333333333333331;0.10904947043839676;0.1020016012810248;0.10541661094021686;0.10985915492957744;0.10461168293008934;0.12997145575642263;0.10763461023305632;0.1106697087639241;0.13875598086124422;0.09880159786950753;0.11412429378531072;0.11698113207547188;0.07891210090658256;0.06887641915698832;0.06734454438795462;0.10548372715113698;0.11473556721840936;0.11889168765743084;0.10992666785905911;0.0716931793419048
;;;;;;;;;0.01318267419962335;0.01424802110817942;0.01424802110817942;0.8333333333333331;;;-1.4000223416689035;0.2800000000000002;0.0006034617803632674;0.3003021148036251;0.0005225830533780738;0.3189981673793522;0.0015689204333208815;0.3375733251003399;0.0006034617803632674;0.373156899810964;0.0005225830533780738;0.40038387715930895;0.0015689204333208815;0.37819905213270133;0.0005225830533781261;0.4428290766208251;0.0022807462923735635;0.5671443551205874;0.0034868941235298573;0.30907986638323737;0.0006034617803632674;0.41314432989690747;0.0021143947248519345;0.45436573311367395;0.0024730705792320143;0.21910241657077123;0.0007984160167625445;0.16768802228412277;0.0015977432219387102;0.16376771325368178;0.00030166587452959133;0.29961747533722527;0.01336634610235002;0.36999685501624885;0.02003332371563977;0.45947136563876634;0.055705037225371984;0.3900763358778625;0.04811569967463891;0.1831223628691983;0.024292275136847577;4.117647058823528;4.117647058823528;4.117647058823528;4.117647058823528;4.117647058823528;0.12727272727272704;0.13560709413369731;0.14318618042226505;0.15062680810028906;0.16463719766472057;0.17514693534844666;0.16659707724425885;0.19117896522476674;0.23580874872838223;0.13917680842335545;0.18001122964626592;0.1954642097802974;0.10160085378868708;0.07910643889618903;0.07735923349520915;0.13532781667727548;0.1634057132274641;0.19735099337748335;0.17118927973199324;0.08594059405940593
;;;;;;;;;0.011587659894657635;0.01371514694800301;0.01371514694800301;0.8333333333333331;;;-1.4000217057628799;0.28402154398563734;0.002397983176253183;0.29927536231884055;0.001045556385362158;0.3237366003062784;0.0013158834467086394;0.35327102803738314;0.0009053878015929969;0.3615023474178404;0.0005225830533781261;0.5809926082365364;0.0005225830533781261;0.4604958677685947;0.0026342428624010774;0.49622641509433923;0.003966665679079721;0.6622938805423235;0.0028830138688328132;0.3489123679303917;0.0021782588108635458;0.4654292343387474;0.0012074440223833274;0.5065040650406503;0.002397983176253183;0.23272410791993034;0.0009053878015929969;0.1853521126760561;0.0010882827763081288;0.1844594594594594;0.001811947399666608;0.3021877205363445;0.013648214494014049;0.4260869565217387;0.07671839850324065;0.5357945425361157;0.05691719738953663;0.4378143028192015;0.05001972063545238;0.20053085600530868;0.021231054660481866;4.117647058823528;4.117647058823528;4.117647058823528;4.117647058823528;4.117647058823528;0.1289323553382233;0.13518821603927986;0.1450926561427593;0.15684647302904564;0.16008316008316006;0.2405771753388719;0.1977288857345637;0.21076130509444785;0.2678026374277668;0.15512572533849103;0.19954526076453005;0.21445783132530116;0.10743270389714742;0.08692206076618249;0.08652931854199682;0.1363756312844079;0.18490566037735867;0.2248676739486094;0.18930672565538648;0.09356450970852322
;;;;;;;;;0.01211893112532932;0.014603493779062476;0.014070351758793986;0.8333333333333331;;;-1.4000211264449258;0.341336633663366;0.0006034617803632674;0.3332922697874958;0.00030166587452959133;0.37427490542244607;0.0030676216456832785;0.40269058295964144;0.001980527093522562;0.30648878107944183;0.00030166587452959133;0.6230050323508264;0.0021143947248519345;0.5182004089979548;0.0015689204333208815;0.6244604316546766;0.001836973752911367;0.7654482493266637;0.003486894123529805;0.37819905213270133;0.0010455563853622105;0.5400206825232677;0.001886034320559523;0.5936238044633368;0.003184790996177559;0.25773195876288685;0.00030166587452959133;0.19117896522476674;0.0009053878015929969;0.19750212886744226;0.0021782588108635458;0.3494560149207333;0.01395889402107348;0.43481851771354035;0.09772774396747015;0.6310357271743056;0.060938296713666185;0.49942625717178557;0.06533181672526127;0.21492109038737467;0.027794394051898156;4.117647058823528;4.117647058823528;4.117647058823528;4.117647058823528;4.117647058823528;0.1521235521235523;0.14891977432227899;0.16507230255839841;0.17602912349481914;0.13812517081169737;0.25480740958541626;0.21863675582398615;0.25529411764705856;0.3005589968273155;0.16659707724425885;0.2263545730385782;0.24489259096887328;0.11800404585300046;0.08947995236204842;0.09224446506694967;0.15534061075031108;0.18818549524974157;0.2574878515682518;0.21191464986395508;0.09980013324450347
;;;;;;;;;0.01211893112532932;0.014603493779062476;0.014070351758793986;;;;-1.4000198836952216;0.6844444444444443;0.001886034320559523;1.017525773195876;0.001045556385362158;0.7915887850467289;0.0009053878015929969;0.6937499999999999;0.0010455563853622105;0.7431835491241428;0.0013158834467086394;1.1745654162854584;0.0012074440223833274;0.7015683345780437;0.001509630526971253;0.9294701986754916;0.004202550983254022;1.188776448942048;0.002359548300949586;0.534020618556701;0.0005225830533781261;0.761290322580645;0.0013834746886050378;0.7864801864801864;0.0032699320585516086;0.3127206329884355;0.001836973752911367;0.24081632653061194;0.0010882827763081288;0.243211678832117;0.001836973752911367;0.8227488151658766;0.06891276482648663;0.8511999999999955;0.10227954864081162;0.9230599889928469;0.09365678711905841;0.687537091988131;0.067893917771659;0.2649245636524994;0.029055073588852467;-4.242424242424243;-4.242424242424243;-4.242424242424243;-4.242424242424243;4.117647058823528;0.12520325203252033;0.16463719766472057;0.13896636587366692;0.1264442636289666;0.1328884652049569;0.18023304787308733;0.1274799837155654;0.15512572533849103;0.18156526626387542;0.10380761523046092;0.13518821603927986;0.13833538335383352;0.14065151929920633;0.11087248322147668;0.11188717259905955;0.14276315789473681;0.1461538461538459;0.1544098692690111;0.1256166982922203;0.12101256700148627
;;;;;;;;-13.125000000000004;0.008937288772061585;0.015314975480950583;0.012650602409638553;0.8333333333333331;;;-1.4000193664287293;0.8566158781074534;0.0033665614448331973;1.0196044711951795;0.0013158834467086394;1.0533565823888458;0.0012074440223833274;0.744817073170732;0.0007984160167625445;0.9726812816188919;0.0010882827763081288;1.2201117318435752;0.002092675635276532;0.8122641509433961;0.0013834746886050378;1.0684210526315787;0.0005225830533781261;1.3346938775510202;0.0005225830533781261;0.5858856739590688;0.00030166587452959133;0.8018779342723003;0.0015689204333208815;0.847603833865819;0.0030676216456833306;0.3467411545623836;0.0013834746886050378;0.2735057983942908;0.002092675635276532;0.2695342628300209;0.001836973752911367;0.9733483272420561;0.03844093775467843;0.963381858902569;0.08815552558888778;1.0533565823888458;0.09019074835423682;0.7388396250316698;0.06464467911228107;0.2958617918842912;0.029809499287415477;-4.242424242424243;-4.242424242424243;-4.242424242424243;-4.242424242424243;4.117647058823528;0.14679126013467064;0.16485471986653666;0.16834331893548857;0.1330972487060748;0.1598669623059869;0.1844594594594594;0.14149548069022183;0.16987447698744768;0.19456013599660008;0.11148113334228567;0.14022988505747125;0.14572919527602324;0.15426677713338857;0.12458350264120274;0.12293329725341609;0.15993902157342832;0.1588588311328593;0.16834331893548857;0.1323319871125831;0.1337936046511629
;;;;;;;;;0.011587659894657635;0.01478129713423831;0.01371514694800301;0.8333333333333331;;;-1.4000190304879372;1.0597902097902152;0.002359548300949586;1.0279551337359845;0.0016812592714729358;0.908449548810505;0.0026858300838619306;0.8693548387096818;0.002976740091409879;1.0619422572178474;0.0029145887504997527;1.590435706694997;0.0030225202602662824;0.9391521197007481;0.0022807462923735635;1.1328532853285387;0.0010882827763081288;1.4539553752535421;0.0034071411138940945;0.6244604316546766;0.0010882827763081288;0.8245059288537543;0.0010882827763081288;0.9198680956306723;0.010262361667368571;0.37036804026423426;0.0016812592714729358;0.28100358422939065;0.0009053878015929969;0.276496872207328;0.0013834746886050378;0.9969335604770068;0.0281989495768966;1.1397111913357458;0.11497352472824578;1.1581818181818122;0.08020922386294152;0.7825232678386763;0.06636914825035088;0.30821529745042525;0.03581365671158395;-4.242424242424243;-4.242424242424243;-4.242424242424243;-4.242424242424243;4.117647058823528;0.16899916364650144;0.16572541382667985;0.15276589874465463;0.1482806052269603;0.16921790046005852;0.21468942762874743;0.1562007465781833;0.17624982495448838;0.20433295324971468;0.11698113207547188;0.14297464016449601;0.15405218831975723;0.16355049312404477;0.1276872964169381;0.1258235054900366;0.16246529705719065;0.1769123003642479;0.17868162692847103;0.13784497677384083;0.13882610280714558
;;;;;;;;;0.011587659894657635;0.01478129713423831;0.01478129713423831;0.8333333333333331;;;-1.4000187677585914;0.9065573770491753;0.0016812592714729882;0.5300411522633744;0.0015689204333208815;0.6510204081632657;0.0021782588108635458;0.711027756939235;0.0016812592714729882;1.0771126760563325;0.0028830138688328132;1.4568527918781797;0.0023595483009495335;0.9508771929824561;0.002092675635276532;1.2250000000000056;0.0025816309291828623;1.5190871369294678;0.00030166587452959133;0.6480349344978164;0.0022807462923735635;0.8657004830917874;0.0;0.8878048780487804;0.001886034320559523;0.34565756823821353;0.003564876347553655;0.2730083234244944;0.001597743221938763;0.26410408042578326;0.0007984160167625445;0.6844444444444443;0.08929514272748967;1.0441227562246687;0.13310223459541587;1.2111970306217112;0.08621787709777035;0.7950078003120128;0.057955499074503876;0.2934804413239715;0.03078490365770061;-4.242424242424243;-4.242424242424243;-4.242424242424243;-4.242424242424243;4.117647058823528;0.1525517241379308;0.1032051282051282;0.1206700891650907;0.1287247046041018;0.1707507675132568;0.20456165359943002;0.15749273557492735;0.18490566037735867;0.2093794681155278;0.12025931928687195;0.14785478547854783;0.15041322314049588;0.15383765875207045;0.12437703141928515;0.1206700891650907;0.12520325203252033;0.16739695506869642;0.18364207663086818;0.13938730853391704;0.13281888334089864
;;;;;;;;;0.01070309562601828;0.014959145191703313;0.01371514694800301;0.8333333333333331;;;-1.4000180213655007;1.5683544303797463;0.0015689204333208815;1.4338368580060423;0.001886034320559523;1.8086659064994384;0.0025816309291828623;1.2979865771812011;0.0010882827763081288;1.596805111821086;0.0013834746886050378;2.407848443843044;0.0026858300838619306;1.3453658536585296;0.0021143947248519345;1.6754098360655736;0.0013834746886050378;2.171065989847704;0.0013158834467086394;0.8730210016155043;0.0010882827763081288;1.021686746987957;0.001509630526971253;1.0749340369393137;0.002092675635276532;0.4050032071840921;0.00030166587452959133;0.32215422276621747;0.0006034617803632674;0.3242647058823529;0.0005225830533781261;1.5957416607523167;0.04195561102316935;1.7025358324145616;0.11657698133699498;1.6945747800586617;0.08778806262068979;0.9867684478371501;0.03762300995054153;0.34963730569948137;0.030412724674309704;-4.242424242424243;-4.242424242424243;-4.242424242424243;-4.242424242424243;-4.242424242424243;0.21306964746345655;0.20273387441264415;0.2296510786158971;0.19140393043970003;0.21515281962978902;0.2628748707342298;0.1954642097802974;0.22073434125269975;0.2509240246406568;0.14870665932856336;0.16507230255839841;0.17053160318124733;0.08319936750560003;0.06868475991649249;0.06906812842599842;0.21507556916013013;0.2226034308779013;0.2220578345662408;0.16138160632542656;0.07361989962906398
;;;;;;;;;0.01070309562601828;0.014959145191703313;0.01371514694800301;;;;-1.4000147590258603;-6.402666666666666;0.0005225830533780738;-4.939622641509433;0.0015689204333208815;-3.5399239543726275;0.0016812592714729882;10.969230769230899;0.001836973752911367;-95.19999999999992;0.0013834746886050378;-38.92000000000013;0.0005225830533781261;3.835348837209277;0.0006034617803632674;5.3;0.0013834746886050378;5.909090909090955;0.0013158834467086394;1.3826946847960513;0.0024730705792320143;1.6965612104539112;0.0007984160167625445;1.820600858369098;0.0010455563853622105;0.5816901408450706;0.001980527093522562;0.5208191126279866;0.0012074440223833274;0.5208191126279866;0.0021143947248519345;-4.5588400374181415;0.3320065209110874;67.51428571429125;0.12373020521135865;4.888268156424544;0.05794249846819221;1.6217449664429442;0.05160643567449069;0.5406896551724142;0.018333021305627018;-1.9125683060109289;-1.9125683060109289;-1.9125683060109289;-3.017241379310345;-3.017241379310345;0.20547710740265296;0.22705984388551603;0.2774962742175854;0.13623584004367428;0.15813953488372093;0.1620316402997502;0.1106697087639241;0.12025931928687195;0.12313937753721266;0.15448142521751113;0.1722866322112029;0.17846024400504834;0.0873150105708243;0.0802735402419777;0.0802735402419777;0.23612578128785322;0.1520522130808478;0.11800404585300046;0.16834331893548857;0.08261327713382488
;;;;;;;;-4.242424242424243;0.01371514694800301;0.011587659894657635;0.016383540958852395;0.8333333333333331;;;-1.400014597102086;-4.5093922651933624;0.00030166587452959133;-3.446545454545458;0.004001207593037608;-3.2543657331136773;0.0010882827763081288;-95.19999999999992;0.0009053878015929969;-23.046153846154287;0.0010882827763081288;-8.756862745098042;0.0015689204333208815;5.591304347826041;0.001509630526971253;8.926605504587245;0.001509630526971253;8.926605504587245;0.0007984160167625445;1.5660079051383398;0.001045556385362158;1.9057268722466956;0.0015689204333208815;2.084829721362218;0.002359548300949586;0.5834361233480172;0.0007984160167625445;0.5975155279503107;0.0021143947248519345;0.5643979057591622;0.0009053878015929969;-3.6230414746543746;0.26559204239486284;-16.961290322580734;0.13910504554420478;7.509762532981547;0.05430530482549083;1.8375838926174461;0.05224421530628572;0.5816901408450706;0.008355006531356199;-1.9125683060109289;-1.9125683060109289;-1.9125683060109289;-3.017241379310345;-3.017241379310345;0.2374745417515277;0.2835177983846841;0.29799366420274526;0.15813953488372093;0.16681514476614676;0.18915713680643792;0.12169798566986592;0.13247106875425477;0.13247106875425477;0.1652899457655402;0.18245466048080977;0.1902797400395594;0.08751156336725274;0.08908585791771377;0.08535233570863023;0.2725939868245085;0.17126238890698423;0.12886313215918874;0.17927228509961635;0.0873150105708243
;;;;;;;;;0.01371514694800301;0.011587659894657635;0.017453721193804304;0.8333333333333331;;;-1.4000137075724692;-3.607058823529412;0.0010455563853622105;-3.3957446808510645;0.0013834746886050378;-2.828426395939084;0.0016812592714729882;-17.952941176470368;0.0025816309291828623;-9.439999999999944;0.0021143947248519345;-5.696183206106887;0.0012074440223833274;5.421818181818178;0.0029145887504997527;7.979999999999992;0.0005225830533781261;6.526760563380337;0.0013158834467086394;1.7529411764705878;0.0015689204333208815;1.9105882352941268;0.0030676216456833306;2.508333333333333;0.0022807462923735635;0.6615384615384614;0.001886034320559523;0.585185185185185;0.001886034320559523;0.5695538057742782;0.0005225830533781261;-3.2135338345864657;0.3143085042586088;-8.584680851063862;0.1944878625229143;6.508196721311549;0.04031051456422225;2.0282233502538207;0.06552775231630731;0.6046304541406942;0.024108271204939625;-1.6166281755196306;-1.6166281755196306;-1.9125683060109289;-1.9125683060109289;-3.017241379310345;0.12458350264120274;0.13017944535073409;0.15383765875207045;0.0802735402419777;0.0873150105708243;0.0994005594778209;0.12087555735711389;0.13017944535073409;0.1256166982922203;0.08241801659423152;0.0857444561774025;0.0960127591706539;0.0960127591706539;0.08770816812053923;0.08594059405940593;0.13609607423918454;0.08895453944177426;0.12554777501694175;0.08803595822500355;0.08987425545996049
;;;;;;;;;0.01424802110817942;0.01211893112532932;0.01798941798941799;0.8333333333333331;;;-1.4000134684331087;-3.2392156862745103;0.001886034320559523;-2.9293478260869588;0.0010882827763081288;-2.769343065693431;0.0009053878015929969;-10.333333333333334;0.0015689204333208815;-10.62622950819665;0.0006034617803632674;-8.021176470588196;0.00030166587452959133;6.054304635761634;0.00030166587452959133;9.218867924528404;0.0025816309291828623;14.68000000000021;0.001836973752911367;1.779661016949152;0.0010455563853622105;2.3645484949832647;0.0010882827763081288;2.5356643356643485;0.00030166587452959133;0.7019607843137253;0.0009053878015929969;0.6299368800721373;0.0013158834467086394;0.6099999999999995;0.0012074440223833274;-2.956129032258065;0.21161799211866328;-9.478468899521612;0.04796531426133892;8.926605504587245;0.07442402425674483;2.1961661341853147;0.06581030914317716;0.6465454545454549;0.02274797069834661;-1.6166281755196306;-1.6166281755196306;-1.9125683060109289;-1.9125683060109289;-3.017241379310345;0.13518821603927986;0.1482806052269603;0.15749273557492735;0.08594059405940593;0.08554837006730875;0.09026876737720091;0.12375795316095864;0.1330972487060748;0.14065151929920633;0.08300395256916995;0.09382879893828779;0.09641052911459737;0.10019992003198719;0.09264023339079676;0.09046610169491542;0.14693297906454741;0.087249504514424;0.13247106875425477;0.09105841833355428;0.09442379182156112
;;;;;;;;;0.013892727044341142;0.01176470588235292;0.01727524553009319;0.8333333333333331;;;-1.4000132683908313;-3.469117647058828;0.001980527093522562;-3.198083067092649;0.0010882827763081288;-2.8140703517587955;0.0010882827763081288;-25.869565217391873;0.00030166587452959133;-11.822222222222225;0.0009053878015929969;-6.760000000000002;0.001886034320559523;6.526760563380337;0.0013158834467086394;11.99999999999999;0.0;23.0695652173918;0.0021782588108635458;1.5621052631578867;0.0016812592714729882;2.0740740740740735;0.0009053878015929969;1.9903614457831216;0.001509630526971253;0.6921933085501862;0.0010882827763081288;0.5816901408450706;0.0006034617803632674;0.5816901408450706;0.0010882827763081288;-3.117599186164805;0.2664084218468924;-10.676923076923185;0.1607516273495217;11.014705882353026;0.0895705750174863;1.8594594594594627;0.0548039695122142;0.6172043010752687;0.030824130481206614;-1.6166281755196306;-1.6166281755196306;-1.9125683060109289;-1.9125683060109289;-3.017241379310345;0.12810209068694017;0.13665529010238883;0.1546961325966853;0.07813525935653334;0.08417721518987341;0.09422540820390282;0.1256166982922203;0.13770491803278684;0.14572919527602324;0.07794117647058803;0.08888888888888888;0.0873150105708243;0.09920085242408076;0.0873150105708243;0.0873150105708243;0.1397382700287263;0.08548301953193721;0.13630573248407657;0.08469926134365112;0.09125596184419714
;;;;;;;;;0.013892727044341142;0.01176470588235292;0.01727524553009319;;;;-1.4000130906255073;-3.469117647058828;0.0007984160167625445;-3.0408163265306096;0.0024730705792320143;-3.05043988269795;0.0007984160167625445;-11.822222222222225;0.0013834746886050378;-63.93333333333327;0.0013834746886050378;-7.202061855670073;0.0006034617803632674;5.421818181818178;0.001886034320559523;7.751219512195119;0.001811947399666608;14.68000000000021;0.0007984160167625445;1.843804034582123;0.001597743221938763;2.314851485148514;0.0015689204333208815;2.428571428571428;0.001568920433320829;0.6767527675276748;0.001836973752911367;0.593976970770593;0.0007984160167625445;0.6208258527827644;0.001836973752911367;-3.1661087866108826;0.15653167361203169;-11.95249999999988;0.17208367208406372;8.03240223463682;0.08811338109531136;2.1771186440677925;0.051190138348995946;0.6299368800721373;0.020237392272687456;-1.6166281755196306;-1.6166281755196306;-1.9125683060109289;-1.9125683060109289;-3.017241379310345;0.12810209068694017;0.14297464016449601;0.1425517335891464;0.08417721518987341;0.07542272906016516;0.09264023339079676;0.12087555735711389;0.12955564614757437;0.14065151929920633;0.08437293946986658;0.09303621169916433;0.0948207171314741;0.09760510910058559;0.08869197196138096;0.0916512059369204;0.13784497677384083;0.08404676100905348;0.13031813649959198;0.09072929542645235;0.09264023339079676
;;;;;;;;0.0;0.011587659894657635;0.01424802110817942;0.01424802110817942;0.8333333333333331;;;-1.4000112999345975;-3.131692307692305;0.001597743221938763;-2.3302479338842983;0.001597743221938763;-2.3411371237458187;0.0021143947248519345;-8.099999999999998;0.0013834746886050378;-4.458695652173906;0.0024730705792320143;-4.054716981132081;0.0010882827763081288;13.410526315789651;0.0006034617803632674;-67.61176470587876;0.00030166587452959133;-27.576744186047126;0.001509630526971253;2.207692307692307;0.0005225830533781261;2.7230769230769223;0.0013834746886050378;3.9599999999999986;0.002769686370773942;0.7687861271676298;0.0005225830533781261;0.7583892617449667;0.0010882827763081288;0.7318181818181817;0.0010455563853622105;-2.5049738219895272;0.9225076076753279;-4.91749999999999;0.2814576750582275;209.64999999997227;0.11813637502808876;2.847547169811336;0.09575121528164342;0.7528849218999039;0.008136694798586443;-1.6166281755196306;-1.6166281755196306;-1.9125683060109289;-1.9125683060109289;-3.017241379310345;0.13917680842335545;0.2004549978671977;0.1988636363636361;0.09007148530579824;0.1100617118325729;0.11575545381093472;0.13938730853391704;0.15921872835572815;0.16485471986653666;0.09125596184419714;0.09900119856172591;0.11168412570507655;0.10682730923694776;0.10581939799331082;0.1032051282051282;0.17897690077620884;0.1052152982080768;0.1544098692690111;0.10059992001066542;0.10528239646948663
;;;;;;;;;0.01211893112532932;0.016383540958852395;0.016918429003021148;0.8333333333333331;;;-1.400011202764909;-2.626143790849673;0.0005225830533781261;-2.401423487544483;0.003931822912863455;-2.1584905660377354;0.0006034617803632674;-5.177181208053706;0.0021782588108635458;-4.042253521126762;0.0005225830533781261;-4.526666666666667;0.0009053878015929969;16.46666666666667;0.0013834746886050378;561.399999999687;0.0007984160167625445;-55.00000000000012;0.0013834746886050378;2.4416382252559594;0.001836973752911367;2.3395348837209426;0.00030166587452959133;2.5494736842105254;0.001811947399666608;0.7542583732057411;0.0007984160167625445;0.7625360230547549;0.0013834746886050378;0.7460438512869403;0.0007984160167625445;-2.3576857629041403;0.77494837823601;-4.515129151291525;0.1211024912545576;75.34545454545231;0.07990163507554983;2.4416382252559594;0.014070351758793877;0.7542583732057411;0.003491271820448843;-1.6166281755196306;-1.6166281755196306;-1.9125683060109289;-1.9125683060109289;-3.017241379310345;0.16790639364814036;0.19072922555115862;0.23225058004640345;0.1030044064628123;0.11595959595959594;0.10925181013676588;0.14212905877517468;0.15512572533849103;0.16008316008316006;0.09501925886571902;0.09343240015921471;0.09660949341842838;0.10541661094021686;0.10622240064231232;0.10461168293008934;0.19652025908940482;0.1093867334167708;0.15240897388745853;0.09501925886571902;0.10541661094021686
;;;;;;;;;0.01424802110817942;0.01371514694800301;0.01424802110817942;0.8333333333333331;;;-1.40001092484649;-2.687871853546912;0.0007984160167625445;-2.425136612021858;0.0013834746886050378;-2.2698608964451323;0.0007984160167625445;-3.7449999999999997;0.0022807462923735635;-4.7301775147928895;0.001836973752911367;-3.8576419213973754;0.005304496929317075;19.44444444444443;0.0005225830533781261;-21.499999999999677;0.0010882827763081288;68.95000000000424;0.0010882827763081288;2.2192926045015957;0.0007984160167625445;2.5494736842105254;0.001045556385362158;2.5494736842105254;0.001811947399666608;0.733838862559242;0.0006034617803632674;0.7750724637681159;0.0009053878015929969;0.7583892617449667;0.0010882827763081288;-2.4339252908756888;0.4954456868434774;-4.046394984326015;0.14706469309866016;239.79999999992788;0.10454912407137236;2.4329171396140694;0.026636052782144617;0.7556335780402162;0.00881953085166323;-1.6166281755196306;-1.6166281755196306;-1.9125683060109289;-1.9125683060109289;-3.017241379310345;0.16311623385640903;0.1878121032585696;0.21007009011586347;0.12149229521492293;0.10702905342080578;0.11923336482656208;0.14403292181069957;0.16768802228412277;0.1521235521235523;0.09145355770504815;0.09660949341842838;0.09660949341842838;0.10340590356618116;0.10743270389714742;0.10581939799331082;0.18676753911940197;0.11589154246722935;0.15455298775435009;0.0948868918500154;0.10555084934682783
;;;;;;;;;0.012650602409638553;0.01478129713423831;0.015137037968317845;0.8333333333333331;;;-1.4000105881825722;-2.5652173913043477;0.001886034320559523;-2.3604095563139924;0.001980527093522562;-2.22764705882353;0.0028830138688328132;-4.63448275862069;0.0009053878015929969;-3.836363636363637;0.002092675635276532;-4.7301775147928895;0.001980527093522562;373.7999999999913;0.0009053878015929969;-52.5636363636389;0.0030676216456832785;-16.408;0.0013834746886050378;2.6930909090908943;0.0012074440223833274;3.049011857707527;0.0012074440223833274;3.0666666666666664;0.0005225830533781261;0.8467065868263471;0.0027196810705869996;0.7856310679611646;0.0012074440223833274;0.7708775313404054;0.00030166587452959133;-2.365351629502572;0.4545750709602832;-4.341463414634136;0.13119187183646047;-37.32340425532071;0.07296836159464959;2.929230769230751;0.023008849557522155;0.8005865102639296;0.016312484004996047;-1.6166281755196306;-1.6166281755196306;-1.9125683060109289;-1.9125683060109289;-3.017241379310345;0.1731656184486373;0.1961429381735675;0.21770623742454748;0.10803858520900321;0.11964358039692181;0.10702905342080578;0.1549108992954828;0.16029941779872445;0.17184750733137827;0.09860205032618806;0.1030044064628123;0.1032051282051282;0.11412429378531072;0.10844277673545988;0.10702905342080578;0.1954642097802974;0.11154879140555071;0.1623207180531134;0.10160085378868708;0.10985915492957744
;;;;;;;;;0.012650602409638553;0.01478129713423831;0.015137037968317845;;;;-1.4000103430028648;-2.4578947368421042;0.001509630526971253;-2.208620689655172;0.0013834746886050378;-2.187132867132867;0.0028830138688328132;-4.63448275862069;0.0013834746886050378;-3.969863013698631;0.0013834746886050378;-4.346596858638752;0.0007984160167625445;-52.5636363636389;0.0012074440223833274;-16.408;0.0005225830533781261;-12.12000000000001;0.001886034320559523;2.7080291970803057;0.00030166587452959133;2.8315789473684037;0.00030166587452959133;2.945945945945962;0.0007984160167625445;0.8092247301275765;0.0026858300838619306;0.7856310679611646;0.0007984160167625445;0.7604606525911703;0.0030676216456833306;-2.268965517241379;0.46740834204599485;-4.291095890410954;0.08387578057591341;-18.11683168316865;0.0772191867531043;2.8262828535669473;0.013192527512800551;0.7849239728243288;0.010087759604793422;-1.6166281755196306;-1.6166281755196306;-1.9125683060109289;-1.9125683060109289;-3.017241379310345;0.1840135097101039;0.22143474503025062;0.22588473205257814;0.10803858520900321;0.11718560452891222;0.11148113334228567;0.16029941779872445;0.17184750733137827;0.17846024400504834;0.09880159786950753;0.10039989336176999;0.10180120080053388;0.1106697087639241;0.10844277673545988;0.10602087235750622;0.21022364217252404;0.11222570532915366;0.1701664651725097;0.10033322966188284;0.10837539643543154
;;;;;;;;0.8333333333333331;0.015314975480950583;0.015314975480950583;0.016918429003021148;0.8333333333333331;;;-1.4000103140019833;-2.476099426386232;0.0026858300838619306;-2.1309090909090913;0.0025816309291828623;-2.1366492146596863;0.0006034617803632674;-3.9237668161434933;0.0021143947248519345;-4.132038834951463;0.0007984160167625445;-3.8469565217391355;0.0006034617803632674;-103.72727272726416;0.0013158834467086394;-22.244444444444476;0.0009053878015929969;-10.477419354838784;0.0012074440223833274;2.6056939501779217;0.001980527093522562;2.912643678160919;0.0009053878015929969;2.8000000000000145;0.0013158834467086394;0.7898832684824906;0.0016812592714729882;0.7501432664756447;0.001811947399666608;0.8048971596474039;0.0012074440223833274;-2.220807000486145;0.7555406052717021;-3.962063732928687;0.04434475799655041;-19.266666666666673;0.10689806874517362;2.7688888888888883;0.01789812729384643;0.7813953488372092;0.011812183044627406;-1.6166281755196306;-1.6166281755196306;-1.9125683060109289;-1.9125683060109289;-3.017241379310345;0.18200983836964138;0.23890506697728617;0.2374745417515277;0.11800404585300046;0.11453175457481181;0.11943844492440624;0.15792387543252615;0.16725146198830404;0.18267716535433048;0.09740588000532105;0.10140056022408961;0.10000000000000017;0.10884718498659494;0.10501403931006817;0.11026432309137277;0.2190247878410129;0.1173219501235676;0.16921790046005852;0.09960031974420462;0.10803858520900321
;;;;;;;;;0.01424802110817942;0.016383540958852395;0.016383540958852395;0.8333333333333331;;;-1.40000940923166;-1.981404958677686;0.001836973752911367;-1.9149130832570902;0.0021143947248519345;-1.8913138367525075;0.0015977432219387102;-3.71604938271605;0.0013834746886050378;-3.4844444444444442;0.0022807462923735635;-3.4028469750889716;0.0021143947248519345;-16.610810810810623;0.0013158834467086394;-10.858823529411683;0.001836973752911367;-9.79999999999994;0.0010882827763081288;3.1942857142856944;0.001980527093522562;2.9797665369649624;0.001509630526971253;2.9797665369649624;0.00030166587452959133;0.7962926829268298;0.0007984160167625445;0.8693548387096818;0.001980527093522562;0.7898832684824906;0.001509630526971253;-1.9265554342741302;0.41071955884884825;-3.526448362720396;0.07157778443218304;-11.726605504587258;0.05656884011859536;3.049011857707527;0.012168896907022164;0.8179310344827581;0.01760991031130748;-1.4792899408284024;-1.6166281755196306;-1.9125683060109289;-1.9125683060109289;-3.017241379310345;0.10240256273358268;0.11249664068798688;0.11677671472847304;0.12210953346855982;0.1276872964169381;0.12997145575642263;0.17162803686121214;0.18156526626387542;0.18490566037735867;0.10461168293008934;0.10220205525156789;0.10220205525156789;0.10945420410352666;0.11616379310344806;0.10884718498659494;0.11053455602773421;0.1265822784810125;0.1793461484495578;0.1030044064628123;0.11148113334228567
;;;;;;;;;0.01478129713423831;0.015314975480950583;0.016918429003021148;0.8333333333333331;;;-1.400008876327865;-2.0114068441064634;0.003199137443996899;-1.9383070301291245;0.0015689204333208815;-1.8527755430410278;0.00030166587452959133;-3.301351351351355;0.0021143947248519345;-3.2096463022508064;0.0021782588108635458;-3.417204301075269;0.0005225830533781261;-16.21052631578968;0.0010882827763081288;-13.769230769230917;0.0012074440223833274;-30.261538461538485;0.001886034320559523;2.678260869565217;0.0010455563853622105;2.6056939501779217;0.0007984160167625445;3.3694915254237072;0.0016812592714729882;0.7583892617449667;0.00030166587452959133;0.7962926829268298;0.0006034617803632674;0.7542583732057411;0.0024730705792320143;-1.9261452165783732;0.9509020547596532;-3.3056433408577868;0.058070423038090846;-17.792233009708653;0.048209534037886075;2.8582597730138763;0.04430720304618437;0.7694828140057813;0.009656445674112892;-1.4792899408284024;-1.6166281755196306;-1.9125683060109289;-1.9125683060109289;-3.017241379310345;0.09860205032618806;0.10864495375954965;0.1247900298022214;0.1330972487060748;0.13623584004367428;0.12955564614757437;0.17206703910614501;0.17536738978306485;0.16398499374739475;0.09840255591054313;0.09740588000532105;0.10642398286937879;0.10581939799331082;0.10945420410352666;0.10541661094021686;0.11060212937281905;0.13295805338659858;0.17045856199423312;0.10073330074218931;0.10689455129635406
;;;;;;;;;0.01478129713423831;0.015670984781788466;0.016740088105726886;0.8333333333333331;;;-1.4000081658002184;-1.8923884514435694;0.002769686370773942;-1.8378063010501748;0.003955085241840395;-1.8601798855273934;0.0007984160167625445;-3.198083067092649;0.0021143947248519345;-2.9293478260869588;0.0010882827763081288;-3.1263803680981623;0.0010882827763081288;-23.470588235294127;0.0005225830533781261;-13.634782608695527;0.0025816309291828623;-14.337931034482757;0.001886034320559523;2.5633802816901263;0.0030676216456833306;2.8315789473684037;0.0012074440223833274;2.7230769230769223;0.0013834746886050378;0.7708775313404054;0.0013158834467086394;0.8092247301275765;0.0006034617803632674;0.7666987487969196;0.0012074440223833274;-1.8623853211009196;0.3025080150753281;-3.076663356504467;0.10782046926725565;-16.081739130435114;0.040064109737701484;2.7030376670717082;0.015980451977045416;0.782100161550889;0.009656445674112892;-1.4792899408284024;-1.6166281755196306;-1.9125683060109289;-1.9125683060109289;-3.017241379310345;0.11657235246564267;0.12830957230142567;0.12313937753721266;0.13665529010238883;0.1482806052269603;0.13938730853391704;0.16659707724425885;0.1755879059350506;0.17448594208980275;0.09680851063829767;0.10039989336176999;0.09900119856172591;0.10702905342080578;0.1106697087639241;0.10662561906036694;0.12265861027190338;0.14142511525996262;0.17221342769345405;0.09873507611734968;0.10810593542048137
;;;;;;;;;0.01478129713423831;0.015670984781788466;0.016740088105726886;;;;-1.400007791388157;-1.8630193336075707;0.0007984160167625445;-1.815197344153447;0.001207444022383275;-1.8509615384615383;0.0010455563853622105;-3.017241379310345;0.0026168224299065413;-2.8771653543307085;0.0013834746886050378;-3.0313043478260866;0.002397983176253183;-38.92000000000013;0.0005225830533781261;-14.961445783132367;0.001836973752911367;-12.223076923076825;0.0010882827763081288;2.591489361702127;0.0009053878015929969;2.6930909090908943;0.0016812592714729882;2.7230769230769223;1.7757797926443356e-17;0.8092247301275765;0.0007984160167625445;0.8444666001993972;0.0010882827763081288;0.7813953488372092;0.0015689204333208815;-1.842105263157893;0.312052455535895;-2.972067039106143;0.07320195524481633;-16.961290322580734;0.06971210581463311;2.668433734939769;0.008277687439558009;0.8113948919449896;0.012762161548133663;-1.4792899408284024;-1.6166281755196306;-1.9125683060109289;-1.9125683060109289;-3.017241379310345;0.12252130393615601;0.1341420198991411;0.12520325203252033;0.14403292181069957;0.1510541546093427;0.14339777869189632;0.1620316402997502;0.17360548021809052;0.17823892316320827;0.09720670391061449;0.09860205032618806;0.09900119856172591;0.1106697087639241;0.11392064559515823;0.10803858520900321;0.12727272727272704;0.1461538461538459;0.17126238890698423;0.09826958913834424;0.11087248322147668
;;;;;;;;4.117647058823528;0.011587659894657635;0.016383540958852395;0.022289613343441997;0.8333333333333331;;;-1.4000071795239974;-1.8114035087719296;0.0009053878015929969;-1.756653992395437;0.0005225830533781261;-1.789346246973364;0.0010882827763081288;-2.676190476190476;0.001811947399666608;-2.776039119804399;0.001509630526971253;-2.7058004640371243;0.0007984160167625445;64.81176470587823;0.001509630526971253;-16.21052631578968;0.001597743221938763;-17.48000000000024;0.0013158834467086394;2.945945945945962;0.001980527093522562;2.577385159010614;0.0013158834467086394;3.2320987654320983;0.0013834746886050378;0.7542583732057411;0.001836973752911367;0.7646153846153849;0.001597743221938763;0.7501432664756447;0.0010455563853622105;-1.7844699988614363;0.5025958321400416;-2.7180327868852445;0.05943269375724945;-27.576744186047126;0.09690416663382548;2.901656050955424;0.03595768755248936;0.7563218390804596;0.0031462161874609706;-1.4792899408284024;-1.6166281755196306;-1.9125683060109289;-1.9125683060109289;-3.017241379310345;0.13518821603927986;0.1529801324503311;0.14170661553211863;0.16398499374739475;0.15706183427859985;0.16181490217843783;0.15190955466703407;0.17206703910614501;0.1707507675132568;0.10180120080053388;0.09700758079531871;0.10501403931006817;0.10541661094021686;0.10642398286937879;0.10501403931006817;0.14325670673186797;0.16094855082512802;0.16485471986653666;0.10126706086337985;0.10561797752808988
;;;;;;;;;0.011587659894657635;0.016383540958852395;0.020136260408781224;0.8333333333333331;;;-1.400006965984681;-1.822205551387845;0.001980527093522562;-1.7510917030567674;0.0007984160167625445;-1.763565891472868;0.0010455563853622105;-2.950413223140496;0.0005225830533781261;-2.7368171021377656;0.0007984160167625445;-2.9590027700831008;0.00030166587452959133;-38.92000000000013;0.0013834746886050378;-46.42400000000184;0.0007984160167625445;-16.408;0.0009053878015929969;2.428571428571428;0.0;2.389898989898989;0.0005225830533781261;2.4416382252559594;0.00030166587452959133;0.7078651685393258;0.0015689204333208815;0.7257790368271954;0.0005225830533781261;0.6999999999999995;0.0010882827763081288;-1.776538804638717;0.7703135554220665;-2.874585152838431;0.12967346828586784;-27.375384615385425;0.04965212272983575;2.4199095022624517;0.0036342009849229854;0.7111597374179432;0.005821155803007642;-1.4792899408284024;-1.6166281755196306;-1.9125683060109289;-1.9125683060109289;-3.017241379310345;0.13226245575823556;0.15512572533849103;0.15041322314049588;0.1472164948453608;0.15965082444228879;0.14679126013467064;0.1620316402997502;0.16094855082512802;0.17184750733137827;0.0948207171314741;0.09422540820390282;0.09501925886571902;0.1008;0.10260312374849818;0.10000000000000017;0.14587071964841608;0.1511966557949376;0.1649272407081283;0.09468838526912193;0.10113358524116495
;;;;;;;;;0.012650602409638553;0.016918429003021148;0.020673987126088603;0.8333333333333331;;;-1.4000054624019322;-1.7807848443843042;0.0016812592714729882;-1.7647440051847036;0.003325490240694887;-1.7538509902546378;0.0012074440223833274;-3.017241379310345;0.0022807462923735635;-2.846786632390747;0.0024730705792320143;-2.6820045558086547;0.001207444022383275;11.390909090909222;0.0010882827763081288;-16.01818181818163;0.0013158834467086394;-15.648101265822984;0.001836973752911367;2.591489361702127;0.0013834746886050378;2.000604229607261;0.0007984160167625445;2.7382352941176316;0.0006034617803632674;0.70392523364486;0.00030166587452959133;0.7625360230547549;0.0013834746886050378;0.70392523364486;0.0007984160167625445;-1.7661281578662031;0.22883228205281733;-2.8357142857142876;0.17900989914639104;-51.05882352940896;0.18948334008790413;2.415593220338996;0.057229435983043954;0.7231059415278215;0.014730758924364954;-1.4792899408284024;-1.6166281755196306;-1.9125683060109289;-1.9125683060109289;-3.017241379310345;0.14445664105378725;0.14998622968879075;0.15405218831975723;0.14403292181069957;0.15276589874465463;0.16355049312404477;0.1368651010376845;0.1722866322112029;0.17272600251502002;0.09720670391061449;0.08751156336725274;0.09920085242408076;0.10039989336176999;0.10622240064231232;0.10039989336176999;0.14948836782453107;0.15340877725641752;0.16044362292051784;0.09462222812375533;0.102335720959203
;;;;;;;;;0.011941796287004532;0.016561792096652386;0.021032697891680358;0.8333333333333331;;;-1.4000053084524995;-1.7820773930753564;0.0010455563853622105;-1.7665255617062832;0.0016812592714729882;-1.8076783773994942;0.0023595483009495335;-3.0126074498567306;0.001597743221938763;-2.9590027700831008;0.001597743221938763;-3.1106382978723426;0.0030676216456833306;-142.09999999998269;0.0016812592714729882;-41.60000000000156;0.00030166587452959133;-87.98461538462226;0.007544178194388261;2.996875000000016;0.00030166587452959133;2.2192926045015957;0.001836973752911367;2.000604229607261;0.001597743221938763;0.7856310679611646;0.006646024530640715;0.7197740112994351;0.0013834746886050378;0.663428047662695;0.0007984160167625445;-1.7846889952153122;0.3369425227164324;-3.0250240615976898;0.05865765915606815;-70.3142857142918;0.018361661981928394;2.360356347438744;0.07105962161284093;0.72177191328935;0.02707926625763336;-1.4792899408284024;-1.6166281755196306;-1.9125683060109289;-1.9125683060109289;-3.017241379310345;0.14403292181069957;0.14934618031658614;0.13623584004367428;0.14424475236657955;0.14679126013467064;0.14001915446709556;0.15727725511898194;0.16159822419533826;0.15835525404956366;0.10240256273358268;0.09145355770504815;0.08751156336725274;0.10844277673545988;0.1020016012810248;0.0962116177057023;0.14318618042226505;0.1436799999999997;0.1590747495267553;0.09376271786251424;0.10220205525156789
;;;;;;;;;0.011941796287004532;0.016561792096652386;0.021032697891680358;;;;-1.4000052346866858;-1.7510917030567674;0.0007984160167625445;-1.7725918570009929;0.0005225830533781261;-1.8032963095664651;0.0010882827763081288;-2.9129032258064513;0.0010455563853622105;-2.9129032258064513;0.0005225830533781261;-3.233224755700323;0.0007984160167625445;-67.61176470587876;0.0007984160167625445;-23.9119999999996;0.001597743221938763;-13.906666666666673;0.003184790996177559;2.415593220338996;0.0015977432219387102;2.377181208053704;0.0010882827763081288;2.3395348837209426;0.0007984160167625445;0.7358633776091076;0.0007984160167625445;0.72177191328935;0.0006034617803632674;0.8377733598409498;0.0013158834467086394;-1.774451097804391;0.4882935110240397;-3.0064700285442405;0.14415055472263028;-22.90828025477765;0.06668661618552726;2.377181208053704;0.005243445692883894;0.7639218199295096;0.026560666868260856;-1.4792899408284024;-1.6166281755196306;-1.9125683060109289;-1.9125683060109289;-3.017241379310345;0.15512572533849103;0.1472164948453608;0.1374948777489416;0.1491329479768786;0.1491329479768786;0.1353976265175281;0.15921872835572815;0.16637907041469543;0.17514693534844666;0.09462222812375533;0.0940270772498011;0.09343240015921471;0.10360673256745945;0.10220205525156789;0.1133100295778437;0.14657873042044517;0.14452728353839833;0.1668878474316734;0.0940270772498011;0.10635678279876863
;;;;;;;;-13.125000000000004;0.017453721193804304;0.020136260408781224;0.016918429003021148;0.8333333333333331;;;-1.4000048475620046;-1.8214152002995145;0.003155903793822292;-1.720136518771331;0.001886034320559523;-1.7840327533265095;0.0009053878015929969;-2.8849604221635867;0.003199137443996899;-2.7561445783132514;0.0030676216456833306;-3.5157894736842152;0.0010882827763081288;-282.80000000007783;0.001509630526971253;-33.559999999999135;0.0023595483009495335;-15.469999999999837;0.002976740091409879;2.2309677419354954;0.00030166587452959133;1.9301775147928888;0.0010882827763081288;1.8626086956521737;0.0010455563853622105;0.6354430379746838;0.0024730705792320143;0.6767527675276748;0.0012074440223833274;0.6672176308539943;0.0009053878015929969;-1.770344373766177;1.6322567439745677;-2.992830188679242;0.3356726627053422;-29.776470588235814;0.06986292863549011;2.000604229607261;0.03300958828203639;0.6596523330283618;0.01011332098246857;-1.4792899408284024;-1.6166281755196306;-1.9125683060109289;-1.9125683060109289;-3.017241379310345;0.13247106875425477;0.16856187290969896;0.14339777869189632;0.15062680810028906;0.15835525404956366;0.12685838307107997;0.15641592920353958;0.16311623385640903;0.17294577976523218;0.0916512059369204;0.08613678373382604;0.08476454293628807;0.09323427964977427;0.09760510910058559;0.09660949341842838;0.1479966993673786;0.14516335682254977;0.16412988095789505;0.08751156336725274;0.09581395348837228
;;;;;;;;;0.01959894059780552;0.01906202723146747;0.01959894059780552;0.8333333333333331;;;-1.4000047826804558;-1.7121464226289516;0.0005225830533781261;-1.7295081967213102;0.0016812592714729358;-1.7647440051847036;0.002359548300949586;-3.09009009009009;0.0022807462923735635;-2.998863636363634;0.0012074440223833274;-2.994334277620399;0.0024730705792320143;-26.98181818181759;0.0007984160167625445;-17.71304347826087;0.0013834746886050378;-23.9119999999996;0.003199137443996899;2.000604229607261;0.00030166587452959133;2.042201834862385;0.0005225830533781261;2.0317073170731805;0.0010882827763081288;0.657769652650823;0.0016812592714729882;0.7058933582787646;0.00030166587452959133;0.6391304347826086;0.0013834746886050378;-1.7340720221606651;0.6810618644905525;-3.0265895953757203;0.04037871580746627;-22.11656441717808;0.023100930665096463;2.024746450304246;0.0036342009849230903;0.6672176308539943;0.0158737732872256;-1.4792899408284024;-1.6166281755196306;-1.9125683060109289;-1.9125683060109289;-3.017241379310345;0.1725062866722548;0.16420233463034994;0.14998622968879075;0.1408624229979466;0.14488059291792457;0.1450926561427593;0.16507230255839841;0.17053160318124733;0.16637907041469543;0.08751156336725274;0.08829829432764774;0.08810153358011653;0.09561520063778879;0.10059992001066542;0.09363057324840764;0.16217616580310862;0.14360943499725703;0.1673242051520073;0.08797038864898184;0.09660949341842838
;;;;;;;;;0.017453721193804304;0.020673987126088603;0.016383540958852395;0.8333333333333331;;;-1.4000046722610602;-1.7261663286004065;0.0007984160167625445;-1.7435897435897436;0.002397983176253183;-1.770750988142292;0.003666292555181444;-2.7930693069306947;0.001597743221938763;-2.83938618925831;0.0016812592714729882;-2.994334277620399;0.001509630526971253;-48.30000000000022;0.001886034320559523;-28.20000000000006;0.001886034320559523;-26.98181818181759;0.0026342428624010774;2.0740740740740735;0.0013834746886050378;2.0109090909090903;0.001811947399666608;2.30263157894738;0.0021143947248519345;0.6135957066189627;0.0006034617803632674;0.6446866485013623;0.0009053878015929969;0.6226415094339621;0.0005225830533781261;-1.7458772918160392;0.48968975107520724;-2.870731707317074;0.09880787362515335;-32.098181818182375;0.01944702645859745;2.124843423799597;0.024113786445148402;0.6268907563025211;0.007648305578135918;-1.4792899408284024;-1.6166281755196306;-1.9125683060109289;-1.9125683060109289;-3.017241379310345;0.16572541382667985;0.15813953488372093;0.14785478547854783;0.15598562344484398;0.15319442527942573;0.1450926561427593;0.16073211314475874;0.16463719766472057;0.16507230255839841;0.08888888888888888;0.08770816812053923;0.09283819628647233;0.09086092715231768;0.09422540820390282;0.09184890656063617;0.15720544154945842;0.1514104566755493;0.16347809982405762;0.08980852378011143;0.09231041187908798
;;;;;;;;;0.018168073579438053;0.01995710861612213;0.017632241813601995;0.8333333333333331;;;-1.4000043607760193;-1.7349003272835475;0.0006034617803632674;-1.7499999999999998;0.004158643176634952;-1.7738292925938213;0.001509630526971253;-2.8732984293193695;0.0010882827763081288;-2.846786632390747;0.0006034617803632674;-3.095180722891569;0.002359548300949586;-40.213793103447024;0.0013158834467086394;-29.540000000000756;0.0010882827763081288;-16.819178082192018;0.003407141113894147;1.6754098360655736;0.0013834746886050378;1.5085271317829452;0.0013834746886050378;1.6096256684491896;0.0015977432219387102;0.5356835769561482;0.00030166587452959133;0.6226415094339621;0.0005225830533781261;0.6064171122994652;0.002092675635276532;-1.7521902377972474;0.3919430970183088;-2.9307343608340894;0.11733245991785023;-25.18028169014054;0.041041592226234734;1.596273291925471;0.018702061208987944;0.5875220718069449;0.02359563673087153;-1.4792899408284024;-1.6166281755196306;-1.9125683060109289;-1.9125683060109289;-3.017241379310345;0.16181490217843783;0.15555555555555556;0.14679126013467064;0.15126791620727648;0.15276589874465463;0.14065151929920633;0.16181490217843783;0.16420233463034994;0.17140862766997045;0.08066298342541435;0.07658402203856748;0.07910643889618903;0.08202764976958506;0.09184890656063617;0.09007148530579824;0.1546961325966853;0.14820961899958762;0.16579801539460273;0.07878257061528368;0.08797038864898184
;;;;;;;;;0.018168073579438053;0.01995710861612213;0.017632241813601995;;;;-1.4000041520163862;-1.72428694900605;0.0009053878015929969;-1.7130144605116786;0.001597743221938763;-1.7394451145958996;0.002416972586982667;-2.9853521126760536;0.0006034617803632674;-2.7896296296296295;0.0009053878015929969;-3.1810126582278455;0.001836973752911367;-28.20000000000006;0.002397983176253183;-31.821621621622455;0.0021143947248519345;-23.046153846154287;0.0010882827763081288;1.9105882352941268;0.0010882827763081288;1.9008797653958842;0.00030166587452959133;1.8531791907514539;0.0006034617803632674;0.6226415094339621;0.003141361256544502;0.6409791477787854;0.001597743221938763;0.6172043010752687;0.001811947399666608;-1.7252239237214666;0.2958641801410327;-2.96914498141264;0.17476416153557275;-27.177099236640494;0.013426898322657822;1.8880233690360302;0.005619945213234865;0.6268907563025211;0.005951563716744117;-1.4792899408284024;-1.6166281755196306;-1.9125683060109289;-1.9125683060109289;-3.017241379310345;0.16659707724425885;0.17206703910614501;0.1598669623059869;0.14551695729781663;0.1562007465781833;0.13728489483747588;0.16463719766472057;0.16355049312404477;0.16681514476614676;0.0857444561774025;0.08554837006730875;0.0845687153785283;0.09184890656063617;0.09382879893828779;0.09125596184419714;0.16616112425212165;0.14629544830112673;0.16499976827177112;0.08528700241917753;0.09231041187908798
;;;;;;;;-4.242424242424243;0.016918429003021148;0.01424802110817942;0.01584905660377358;0.8333333333333331;;;-1.400003962833355;-1.7261663286004065;0.0007984160167625445;-1.763565891472868;0.002092675635276532;-1.7647440051847036;0.0006034617803632674;-2.8140703517587955;0.00030166587452959133;-2.7058004640371243;0.001836973752911367;-3.075;0.0005225830533781261;23.0695652173918;0.0013158834467086394;-23.9119999999996;0.0010882827763081288;57.84210526316068;0.00030166587452959133;1.6096256684491896;0.00030166587452959133;1.6176943699731983;0.0010882827763081288;1.5699208443271846;0.0010882827763081288;0.5257485029940122;0.001836973752911367;0.5834361233480172;0.0007984160167625445;0.5440414507772019;0.0005225830533781261;-1.750545001557148;0.48829351102403773;-2.849270386266094;0.19087346465192662;223.71999999995282;0.09186388486997932;1.598934280639434;0.005619945213234707;0.550779896013864;0.01526990997430796;-1.4792899408284024;-1.6166281755196306;-1.9125683060109289;-1.9125683060109289;-3.017241379310345;0.16572541382667985;0.15041322314049588;0.14998622968879075;0.1546961325966853;0.16181490217843783;0.14149548069022183;0.14572919527602324;0.16637907041469543;0.1514817367332876;0.07910643889618903;0.0793008279668815;0.07813525935653334;0.08085778187080628;0.08751156336725274;0.08300395256916995;0.15534061075031108;0.15262310910846444;0.15448142521751113;0.0788473329245862;0.08378592143422073
;;;;;;;;;0.017453721193804304;0.01424802110817942;0.015314975480950583;0.8333333333333331;;;-1.4000038710849476;-1.7192285876347142;0.003678774514555728;-1.7489150650960952;0.0012074440223833274;-1.7788623359138347;0.0012074440223833274;-2.921081081081079;0.0016812592714729882;-2.714953271028039;0.0025816309291828623;-3.147826086956519;0.003199137443996899;-41.60000000000156;0.0016812592714729882;-162.20000000002383;0.0021143947248519345;223.71999999995282;0.0021143947248519345;1.5621052631578867;0.00030166587452959133;1.4424242424242424;0.0013834746886050378;1.4496202531645495;0.0024730705792320143;0.5142857142857142;0.0009053878015929969;0.574736842105263;0.002092675635276532;0.537349397590361;0.0010882827763081288;-1.7473002159827222;0.7391264085898613;-2.9074999999999993;0.21297052134824984;-113.96000000001239;0.029702410944435126;1.4836891545687467;0.015782962583438986;0.5418056354226568;0.015980451977045416;-1.4792899408284024;-1.6166281755196306;-1.9125683060109289;-1.9125683060109289;-3.017241379310345;0.16899916364650144;0.15598562344484398;0.1450926561427593;0.14870665932856336;0.16116504854368952;0.13854565336249294;0.16159822419533826;0.15706183427859985;0.15448142521751113;0.07794117647058803;0.0748427672955975;0.07503603721661622;0.07949526813880126;0.08652931854199682;0.08222280747958934;0.15663117134559557;0.14941727080847908;0.15770827567118714;0.07593863368154208;0.08274347940634082
;;;;;;;;;0.016918429003021148;0.01478129713423831;0.017453721193804304;0.8333333333333331;;;-1.4000038307709166;-1.7057864710676445;0.0009053878015929969;-1.697305863708399;0.0;-1.7441149495567114;0.00030166587452959133;-2.93351498637602;0.0007984160167625445;-2.6937931034482756;0.0009053878015929969;-3.2760000000000007;0.0009053878015929969;-126.46666666666748;0.0009053878015929969;-41.60000000000156;0.0013158834467086394;-36.574999999998894;0.0025816309291828623;1.46412213740458;0.0013834746886050378;1.3656019656019585;0.001597743221938763;1.3320388349514627;0.0012074440223833274;0.49176470588235316;0.0007984160167625445;0.5712784588441333;0.0010882827763081288;0.542364106988783;0.0013158834467086394;-1.7144719687092569;0.7163329091980958;-2.9321234119782207;0.2825143156482358;-50.33913043478063;0.021729483055420894;1.386138613861379;0.017362439200614078;0.5345746204525917;0.021515359079440122;-1.4792899408284024;-1.6166281755196306;-1.9125683060109289;-1.9125683060109289;-3.017241379310345;0.17580848383032335;0.1804549283909014;0.15792387543252615;0.14806766607069158;0.16268221574344022;0.13393295175797218;0.15749273557492735;0.16159822419533826;0.16246529705719065;0.07542272906016516;0.07272013607222275;0.0717573221757324;0.07677774862240862;0.08613678373382604;0.08280858911869338;0.17133550488599333;0.14813863928112933;0.16051573547761008;0.07329842931937151;0.08189757317768896
;;;;;;;;;0.01709681480548909;0.01442573510932393;0.01620533467539005;0.8333333333333331;;;-1.4000031151475778;-1.72428694900605;0.0009053878015929969;-1.704958005960445;0.0021782588108635458;-1.7008821170809945;0.0015689204333208815;-2.759420289855072;0.0013834746886050378;-2.6451327433628333;0.0042675732501437314;-2.821212121212121;0.0005225830533781261;100.92727272726293;0.0006034617803632674;23.613333333333273;0.0010455563853622105;17.05245901639374;0.001597743221938763;1.3122891566265122;0.0012074440223833274;1.123766816143492;0.0010882827763081288;1.1875862068965515;0.0010455563853622105;0.43921568627450974;0.0010455563853622105;0.5323605150214588;0.001980527093522562;0.49814502529510923;0.0007984160167625445;-1.7097129230487034;0.3045327449313935;-2.737876386687799;0.10718662167955852;27.461538461538385;0.04592110674752717;1.2055555555555555;0.02791219106979251;0.4891188811188812;0.026530455881927716;-1.4792899408284024;-1.6166281755196306;-1.9125683060109289;-1.9125683060109289;-3.017241379310345;0.16659707724425885;0.17624982495448838;0.17846024400504834;0.15813953488372093;0.16637907041469543;0.15426677713338857;0.15319442527942573;0.14594149155335803;0.1425517335891464;0.07118023787740184;0.06524342619109587;0.06734454438795462;0.07021943573667712;0.08163748848229582;0.07755316355998969;0.1737521554737382;0.1595787917975243;0.1472164948453608;0.0679186228482003;0.07645489921734959
;;;;;;;;;0.01709681480548909;0.01442573510932393;0.01620533467539005;;;;;;;;;;;;;;;;;;;;;;;;;;;;;;;;;;;;;;;;;;;;;;;;;;;;;;;;;;;;;;;;;;;;;
;;;;;;;;0.0;0.04252210688196847;0.05032856590645534;0.04976816074188562;0.8333333333333331;;;;;;;;;;;;;;;;;;;;;;;;;;;;;;;;;;;;;;;;;;;;;;;;;;;;;;;;;;;;;;;;;;;;
;;;;;;;;;0.040860215053763436;0.04808954071786954;0.05032856590645534;0.8333333333333331;;;;;;;;;;;;;;;;;;;;;;;;;;;;;;;;;;;;;;;;;;;;;;;;;;;;;;;;;;;;;;;;;;;;
;;;;;;;;;0.04030710172744722;0.048648648648648644;0.04976816074188562;0.8333333333333331;;;;;;;;;;;;;;;;;;;;;;;;;;;;;;;;;;;;;;;;;;;;;;;;;;;;;;;;;;;;;;;;;;;;
;;;;;;;;;0.04122919334186941;0.04902162718846551;0.04995491433724073;0.8333333333333331;;;;;;;;;;;;;;;;;;;;;;;;;;;;;;;;;;;;;;;;;;;;;;;;;;;;;;;;;;;;;;;;;;;;
;;;;;;;;;0.04122919334186941;0.04902162718846551;0.04995491433724073;;;;;;;;;;;;;;;;;;;;;;;;;;;;;;;;;;;;;;;;;;;;;;;;;;;;;;;;;;;;;;;;;;;;;
;;;;;;;;0.8333333333333331;0.038098888463012646;0.03479923518164436;0.048648648648648644;0.8333333333333331;;;;;;;;;;;;;;;;;;;;;;;;;;;;;;;;;;;;;;;;;;;;;;;;;;;;;;;;;;;;;;;;;;;;
;;;;;;;;;0.03754789272030651;0.03479923518164436;0.05032856590645534;0.8333333333333331;;;;;;;;;;;;;;;;;;;;;;;;;;;;;;;;;;;;;;;;;;;;;;;;;;;;;;;;;;;;;;;;;;;;
;;;;;;;;;0.038098888463012646;0.035897435897435895;0.05032856590645534;0.8333333333333331;;;;;;;;;;;;;;;;;;;;;;;;;;;;;;;;;;;;;;;;;;;;;;;;;;;;;;;;;;;;;;;;;;;;
;;;;;;;;;0.03791517629024018;0.03516511538951933;0.04976816074188562;0.8333333333333331;;;;;;;;;;;;;;;;;;;;;;;;;;;;;;;;;;;;;;;;;;;;;;;;;;;;;;;;;;;;;;;;;;;;
;;;;;;;;;0.03791517629024018;0.03516511538951933;0.04976816074188562;;;;;;;;;;;;;;;;;;;;;;;;;;;;;;;;;;;;;;;;;;;;;;;;;;;;;;;;;;;;;;;;;;;;;
;;;;;;;;4.117647058823528;0.03975441289332309;0.04585741811175337;0.05313710302091401;0.8333333333333331;;;;;;;;;;;;;;;;;;;;;;;;;;;;;;;;;;;;;;;;;;;;;;;;;;;;;;;;;;;;;;;;;;;;
;;;;;;;;;0.04030710172744722;0.046972618588507514;0.04920818848976438;0.8333333333333331;;;;;;;;;;;;;;;;;;;;;;;;;;;;;;;;;;;;;;;;;;;;;;;;;;;;;;;;;;;;;;;;;;;;
;;;;;;;;;0.04030710172744722;0.04976816074188562;0.05032856590645534;0.8333333333333331;;;;;;;;;;;;;;;;;;;;;;;;;;;;;;;;;;;;;;;;;;;;;;;;;;;;;;;;;;;;;;;;;;;;
;;;;;;;;;0.04012282497441148;0.04753086419753086;0.05088940448569218;0.8333333333333331;;;;;;;;;;;;;;;;;;;;;;;;;;;;;;;;;;;;;;;;;;;;;;;;;;;;;;;;;;;;;;;;;;;;
;;;;;;;;;0.04012282497441148;0.04753086419753086;0.05088940448569218;;;;;;;;;;;;;;;;;;;;;;;;;;;;;;;;;;;;;;;;;;;;;;;;;;;;;;;;;;;;;;;;;;;;;
;;;;;;;;-13.125000000000004;0.03644716692189893;0.04976816074188562;0.046972618588507514;0.8333333333333331;;;;;;;;;;;;;;;;;;;;;;;;;;;;;;;;;;;;;;;;;;;;;;;;;;;;;;;;;;;;;;;;;;;;
;;;;;;;;;0.03479923518164436;0.05032856590645534;0.04418783679753656;0.8333333333333331;;;;;;;;;;;;;;;;;;;;;;;;;;;;;;;;;;;;;;;;;;;;;;;;;;;;;;;;;;;;;;;;;;;;
;;;;;;;;;0.03534812547819433;0.04808954071786954;0.04530046224961479;0.8333333333333331;;;;;;;;;;;;;;;;;;;;;;;;;;;;;;;;;;;;;;;;;;;;;;;;;;;;;;;;;;;;;;;;;;;;
;;;;;;;;;0.03553118224716233;0.04939479783672416;0.04548606652112493;0.8333333333333331;;;;;;;;;;;;;;;;;;;;;;;;;;;;;;;;;;;;;;;;;;;;;;;;;;;;;;;;;;;;;;;;;;;;
;;;;;;;;;0.03553118224716233;0.04939479783672416;0.04548606652112493;;;;;;;;;;;;;;;;;;;;;;;;;;;;;;;;;;;;;;;;;;;;;;;;;;;;;;;;;;;;;;;;;;;;;
;;;;;;;;-4.242424242424243;0.03479923518164436;0.03315508021390373;0.03479923518164436;0.8333333333333331;;;;;;;;;;;;;;;;;;;;;;;;;;;;;;;;;;;;;;;;;;;;;;;;;;;;;;;;;;;;;;;;;;;;
;;;;;;;;;0.03315508021390373;0.03479923518164436;0.03534812547819433;0.8333333333333331;;;;;;;;;;;;;;;;;;;;;;;;;;;;;;;;;;;;;;;;;;;;;;;;;;;;;;;;;;;;;;;;;;;;
;;;;;;;;;0.03370271303018724;0.03425076452599388;0.03370271303018724;0.8333333333333331;;;;;;;;;;;;;;;;;;;;;;;;;;;;;;;;;;;;;;;;;;;;;;;;;;;;;;;;;;;;;;;;;;;;
;;;;;;;;;0.03388535031847132;0.034068034144477025;0.034616365026765246;0.8333333333333331;;;;;;;;;;;;;;;;;;;;;;;;;;;;;;;;;;;;;;;;;;;;;;;;;;;;;;;;;;;;;;;;;;;;
;;;;;;;;;0.03388535031847132;0.034068034144477025;0.034616365026765246;;;;;;;;;;;;;;;;;;;;;;;;;;;;;;;;;;;;;;;;;;;;;;;;;;;;;;;;;;;;;;;;;;;;;
;;;;;;;;0.0;0.05032856590645534;0.04363216621777607;0.05313710302091401;0.8333333333333331;;;;;;;;;;;;;;;;;;;;;;;;;;;;;;;;;;;;;;;;;;;;;;;;;;;;;;;;;;;;;;;;;;;;
;;;;;;;;;0.04808954071786954;0.044743935309973046;0.05088940448569218;0.8333333333333331;;;;;;;;;;;;;;;;;;;;;;;;;;;;;;;;;;;;;;;;;;;;;;;;;;;;;;;;;;;;;;;;;;;;
;;;;;;;;;0.04585741811175337;0.04530046224961479;0.052012383900928785;0.8333333333333331;;;;;;;;;;;;;;;;;;;;;;;;;;;;;;;;;;;;;;;;;;;;;;;;;;;;;;;;;;;;;;;;;;;;
;;;;;;;;;0.04808954071786954;0.044558521560574965;0.052012383900928785;0.8333333333333331;;;;;;;;;;;;;;;;;;;;;;;;;;;;;;;;;;;;;;;;;;;;;;;;;;;;;;;;;;;;;;;;;;;;
;;;;;;;;;0.04808954071786954;0.044558521560574965;0.052012383900928785;;;;;;;;;;;;;;;;;;;;;;;;;;;;;;;;;;;;;;;;;;;;;;;;;;;;;;;;;;;;;;;;;;;;;
;;;;;;;;0.8333333333333331;0.04418783679753656;0.04976816074188562;0.06105919003115264;0.8333333333333331;;;;;;;;;;;;;;;;;;;;;;;;;;;;;;;;;;;;;;;;;;;;;;;;;;;;;;;;;;;;;;;;;;;;
;;;;;;;;;0.04641480339244409;0.04808954071786954;0.06049046321525885;0.8333333333333331;;;;;;;;;;;;;;;;;;;;;;;;;;;;;;;;;;;;;;;;;;;;;;;;;;;;;;;;;;;;;;;;;;;;
;;;;;;;;;0.04585741811175337;0.048648648648648644;0.05878693623639191;0.8333333333333331;;;;;;;;;;;;;;;;;;;;;;;;;;;;;;;;;;;;;;;;;;;;;;;;;;;;;;;;;;;;;;;;;;;;
;;;;;;;;;0.04548606652112493;0.048835113914274655;0.0601115579193149;0.8333333333333331;;;;;;;;;;;;;;;;;;;;;;;;;;;;;;;;;;;;;;;;;;;;;;;;;;;;;;;;;;;;;;;;;;;;
;;;;;;;;;0.04548606652112493;0.048835113914274655;0.0601115579193149;;;;;;;;;;;;;;;;;;;;;;;;;;;;;;;;;;;;;;;;;;;;;;;;;;;;;;;;;;;;;;;;;;;;;
;;;;;;;;4.117647058823528;0.048648648648648644;0.05313710302091401;0.05821997668091721;0.8333333333333331;;;;;;;;;;;;;;;;;;;;;;;;;;;;;;;;;;;;;;;;;;;;;;;;;;;;;;;;;;;;;;;;;;;;
;;;;;;;;;0.048648648648648644;0.05482745250096936;0.05765345765345764;0.8333333333333331;;;;;;;;;;;;;;;;;;;;;;;;;;;;;;;;;;;;;;;;;;;;;;;;;;;;;;;;;;;;;;;;;;;;
;;;;;;;;;0.05088940448569218;0.05539177657098525;0.05878693623639191;0.8333333333333331;;;;;;;;;;;;;;;;;;;;;;;;;;;;;;;;;;;;;;;;;;;;;;;;;;;;;;;;;;;;;;;;;;;;
;;;;;;;;;0.04939479783672416;0.054451479519317544;0.05821997668091721;0.8333333333333331;;;;;;;;;;;;;;;;;;;;;;;;;;;;;;;;;;;;;;;;;;;;;;;;;;;;;;;;;;;;;;;;;;;;
;;;;;;;;;0.04939479783672416;0.054451479519317544;0.05821997668091721;;;;;;;;;;;;;;;;;;;;;;;;;;;;;;;;;;;;;;;;;;;;;;;;;;;;;;;;;;;;;;;;;;;;;
;;;;;;;;-13.125000000000004;0.04363216621777607;0.05088940448569218;0.05878693623639191;0.8333333333333331;;;;;;;;;;;;;;;;;;;;;;;;;;;;;;;;;;;;;;;;;;;;;;;;;;;;;;;;;;;;;;;;;;;;
;;;;;;;;;0.04418783679753656;0.05088940448569218;0.05539177657098525;0.8333333333333331;;;;;;;;;;;;;;;;;;;;;;;;;;;;;;;;;;;;;;;;;;;;;;;;;;;;;;;;;;;;;;;;;;;;
;;;;;;;;;0.04307692307692307;0.05257452574525745;0.05426356589147286;0.8333333333333331;;;;;;;;;;;;;;;;;;;;;;;;;;;;;;;;;;;;;;;;;;;;;;;;;;;;;;;;;;;;;;;;;;;;
;;;;;;;;;0.04363216621777607;0.05145067698259187;0.05614489003880964;0.8333333333333331;;;;;;;;;;;;;;;;;;;;;;;;;;;;;;;;;;;;;;;;;;;;;;;;;;;;;;;;;;;;;;;;;;;;
;;;;;;;;;0.04363216621777607;0.05145067698259187;0.05614489003880964;;;;;;;;;;;;;;;;;;;;;;;;;;;;;;;;;;;;;;;;;;;;;;;;;;;;;;;;;;;;;;;;;;;;;
;;;;;;;;-4.242424242424243;0.04141375336150595;0.039202148062907546;0.03754789272030651;0.8333333333333331;;;;;;;;;;;;;;;;;;;;;;;;;;;;;;;;;;;;;;;;;;;;;;;;;;;;;;;;;;;;;;;;;;;;
;;;;;;;;;0.040860215053763436;0.03975441289332309;0.03754789272030651;0.8333333333333331;;;;;;;;;;;;;;;;;;;;;;;;;;;;;;;;;;;;;;;;;;;;;;;;;;;;;;;;;;;;;;;;;;;;
;;;;;;;;;0.03975441289332309;0.04196771714066102;0.03865030674846625;0.8333333333333331;;;;;;;;;;;;;;;;;;;;;;;;;;;;;;;;;;;;;;;;;;;;;;;;;;;;;;;;;;;;;;;;;;;;
;;;;;;;;;0.04067579674900808;0.04030710172744722;0.03791517629024018;0.8333333333333331;;;;;;;;;;;;;;;;;;;;;;;;;;;;;;;;;;;;;;;;;;;;;;;;;;;;;;;;;;;;;;;;;;;;
;;;;;;;;;0.04067579674900808;0.04030710172744722;0.03791517629024018;;;;;;;;;;;;;;;;;;;;;;;;;;;;;;;;;;;;;;;;;;;;;;;;;;;;;;;;;;;;;;;;;;;;;
;;;;;;;;0.0;0.05595653861078774;0.05708737864077669;0.05539177657098525;0.8333333333333331;;;;;;;;;;;;;;;;;;;;;;;;;;;;;;;;;;;;;;;;;;;;;;;;;;;;;;;;;;;;;;;;;;;;
;;;;;;;;;0.05482745250096936;0.05765345765345764;0.05482745250096936;0.8333333333333331;;;;;;;;;;;;;;;;;;;;;;;;;;;;;;;;;;;;;;;;;;;;;;;;;;;;;;;;;;;;;;;;;;;;
;;;;;;;;;0.05539177657098525;0.05821997668091721;0.052012383900928785;0.8333333333333331;;;;;;;;;;;;;;;;;;;;;;;;;;;;;;;;;;;;;;;;;;;;;;;;;;;;;;;;;;;;;;;;;;;;
;;;;;;;;;0.05539177657098525;0.05765345765345764;0.054075700813848354;0.8333333333333331;;;;;;;;;;;;;;;;;;;;;;;;;;;;;;;;;;;;;;;;;;;;;;;;;;;;;;;;;;;;;;;;;;;;
;;;;;;;;;0.05539177657098525;0.05765345765345764;0.054075700813848354;;;;;;;;;;;;;;;;;;;;;;;;;;;;;;;;;;;;;;;;;;;;;;;;;;;;;;;;;;;;;;;;;;;;;
;;;;;;;;0.8333333333333331;0.04976816074188562;0.04030710172744722;0.05765345765345764;0.8333333333333331;;;;;;;;;;;;;;;;;;;;;;;;;;;;;;;;;;;;;;;;;;;;;;;;;;;;;;;;;;;;;;;;;;;;
;;;;;;;;;0.04808954071786954;0.03865030674846625;0.05482745250096936;0.8333333333333331;;;;;;;;;;;;;;;;;;;;;;;;;;;;;;;;;;;;;;;;;;;;;;;;;;;;;;;;;;;;;;;;;;;;
;;;;;;;;;0.05032856590645534;0.03975441289332309;0.05482745250096936;0.8333333333333331;;;;;;;;;;;;;;;;;;;;;;;;;;;;;;;;;;;;;;;;;;;;;;;;;;;;;;;;;;;;;;;;;;;;
;;;;;;;;;0.04939479783672416;0.0395702775290958;0.05576823590274203;0.8333333333333331;;;;;;;;;;;;;;;;;;;;;;;;;;;;;;;;;;;;;;;;;;;;;;;;;;;;;;;;;;;;;;;;;;;;
;;;;;;;;;0.04939479783672416;0.0395702775290958;0.05576823590274203;;;;;;;;;;;;;;;;;;;;;;;;;;;;;;;;;;;;;;;;;;;;;;;;;;;;;;;;;;;;;;;;;;;;;
;;;;;;;;4.117647058823528;0.05088940448569218;0.05708737864077669;0.059922178988326844;0.8333333333333331;;;;;;;;;;;;;;;;;;;;;;;;;;;;;;;;;;;;;;;;;;;;;;;;;;;;;;;;;;;;;;;;;;;;
;;;;;;;;;0.05708737864077669;0.05765345765345764;0.059354336833916756;0.8333333333333331;;;;;;;;;;;;;;;;;;;;;;;;;;;;;;;;;;;;;;;;;;;;;;;;;;;;;;;;;;;;;;;;;;;;
;;;;;;;;;0.05539177657098525;0.05765345765345764;0.06105919003115264;0.8333333333333331;;;;;;;;;;;;;;;;;;;;;;;;;;;;;;;;;;;;;;;;;;;;;;;;;;;;;;;;;;;;;;;;;;;;
;;;;;;;;;0.054451479519317544;0.057464715784021944;0.0601115579193149;0.8333333333333331;;;;;;;;;;;;;;;;;;;;;;;;;;;;;;;;;;;;;;;;;;;;;;;;;;;;;;;;;;;;;;;;;;;;
;;;;;;;;;0.054451479519317544;0.057464715784021944;0.0601115579193149;;;;;;;;;;;;;;;;;;;;;;;;;;;;;;;;;;;;;;;;;;;;;;;;;;;;;;;;;;;;;;;;;;;;;
;;;;;;;;-13.125000000000004;0.04753086419753086;0.05821997668091721;0.05539177657098525;0.8333333333333331;;;;;;;;;;;;;;;;;;;;;;;;;;;;;;;;;;;;;;;;;;;;;;;;;;;;;;;;;;;;;;;;;;;;
;;;;;;;;;0.04418783679753656;0.056521739130434775;0.05539177657098525;0.8333333333333331;;;;;;;;;;;;;;;;;;;;;;;;;;;;;;;;;;;;;;;;;;;;;;;;;;;;;;;;;;;;;;;;;;;;
;;;;;;;;;0.046972618588507514;0.05821997668091721;0.05765345765345764;0.8333333333333331;;;;;;;;;;;;;;;;;;;;;;;;;;;;;;;;;;;;;;;;;;;;;;;;;;;;;;;;;;;;;;;;;;;;
;;;;;;;;;0.0462289605550559;0.05765345765345764;0.05614489003880964;0.8333333333333331;;;;;;;;;;;;;;;;;;;;;;;;;;;;;;;;;;;;;;;;;;;;;;;;;;;;;;;;;;;;;;;;;;;;
;;;;;;;;;0.0462289605550559;0.05765345765345764;0.05614489003880964;;;;;;;;;;;;;;;;;;;;;;;;;;;;;;;;;;;;;;;;;;;;;;;;;;;;;;;;;;;;;;;;;;;;;
;;;;;;;;-4.242424242424243;0.04030710172744722;0.036997319034852545;0.03754789272030651;0.8333333333333331;;;;;;;;;;;;;;;;;;;;;;;;;;;;;;;;;;;;;;;;;;;;;;;;;;;;;;;;;;;;;;;;;;;;
;;;;;;;;;0.04030710172744722;0.03315508021390373;0.035897435897435895;0.8333333333333331;;;;;;;;;;;;;;;;;;;;;;;;;;;;;;;;;;;;;;;;;;;;;;;;;;;;;;;;;;;;;;;;;;;;
;;;;;;;;;0.040860215053763436;0.03644716692189893;0.03534812547819433;0.8333333333333331;;;;;;;;;;;;;;;;;;;;;;;;;;;;;;;;;;;;;;;;;;;;;;;;;;;;;;;;;;;;;;;;;;;;
;;;;;;;;;0.04049142564627589;0.03553118224716233;0.03626387648334823;0.8333333333333331;;;;;;;;;;;;;;;;;;;;;;;;;;;;;;;;;;;;;;;;;;;;;;;;;;;;;;;;;;;;;;;;;;;;
;;;;;;;;;0.04049142564627589;0.03553118224716233;0.03626387648334823;;;;;;;;;;;;;;;;;;;;;;;;;;;;;;;;;;;;;;;;;;;;;;;;;;;;;;;;;;;;;;;;;;;;;
;;;;;;;;0.0;0.07021943573667712;0.07194978422910944;0.07949526813880126;0.8333333333333331;;;;;;;;;;;;;;;;;;;;;;;;;;;;;;;;;;;;;;;;;;;;;;;;;;;;;;;;;;;;;;;;;;;;
;;;;;;;;;0.07252747252747252;0.07079576636613091;0.07774714454509647;0.8333333333333331;;;;;;;;;;;;;;;;;;;;;;;;;;;;;;;;;;;;;;;;;;;;;;;;;;;;;;;;;;;;;;;;;;;;
;;;;;;;;;0.07426326129666012;0.07252747252747252;0.08241801659423152;0.8333333333333331;;;;;;;;;;;;;;;;;;;;;;;;;;;;;;;;;;;;;;;;;;;;;;;;;;;;;;;;;;;;;;;;;;;;
;;;;;;;;;0.07233485938521926;0.0717573221757324;0.07988430186694734;0.8333333333333331;;;;;;;;;;;;;;;;;;;;;;;;;;;;;;;;;;;;;;;;;;;;;;;;;;;;;;;;;;;;;;;;;;;;
;;;;;;;;;0.07233485938521926;0.0717573221757324;0.07988430186694734;;;;;;;;;;;;;;;;;;;;;;;;;;;;;;;;;;;;;;;;;;;;;;;;;;;;;;;;;;;;;;;;;;;;;
;;;;;;;;0.8333333333333331;0.07252747252747252;0.07137254901960784;0.08535233570863023;0.8333333333333331;;;;;;;;;;;;;;;;;;;;;;;;;;;;;;;;;;;;;;;;;;;;;;;;;;;;;;;;;;;;;;;;;;;;
;;;;;;;;;0.07079576636613091;0.06964355660007833;0.08359035191775403;0.8333333333333331;;;;;;;;;;;;;;;;;;;;;;;;;;;;;;;;;;;;;;;;;;;;;;;;;;;;;;;;;;;;;;;;;;;;
;;;;;;;;;0.07252747252747252;0.07368421052631578;0.08417721518987341;0.8333333333333331;;;;;;;;;;;;;;;;;;;;;;;;;;;;;;;;;;;;;;;;;;;;;;;;;;;;;;;;;;;;;;;;;;;;
;;;;;;;;;0.07194978422910944;0.07156491044580972;0.08437293946986658;0.8333333333333331;;;;;;;;;;;;;;;;;;;;;;;;;;;;;;;;;;;;;;;;;;;;;;;;;;;;;;;;;;;;;;;;;;;;
;;;;;;;;;0.07194978422910944;0.07156491044580972;0.08437293946986658;;;;;;;;;;;;;;;;;;;;;;;;;;;;;;;;;;;;;;;;;;;;;;;;;;;;;;;;;;;;;;;;;;;;;
;;;;;;;;4.117647058823528;0.07079576636613091;0.07542272906016516;0.081247532570075;0.8333333333333331;;;;;;;;;;;;;;;;;;;;;;;;;;;;;;;;;;;;;;;;;;;;;;;;;;;;;;;;;;;;;;;;;;;;
;;;;;;;;;0.07021943573667712;0.07891210090658256;0.08066298342541435;0.8333333333333331;;;;;;;;;;;;;;;;;;;;;;;;;;;;;;;;;;;;;;;;;;;;;;;;;;;;;;;;;;;;;;;;;;;;
;;;;;;;;;0.06964355660007833;0.07426326129666012;0.08183254344391784;0.8333333333333331;;;;;;;;;;;;;;;;;;;;;;;;;;;;;;;;;;;;;;;;;;;;;;;;;;;;;;;;;;;;;;;;;;;;
;;;;;;;;;0.07021943573667712;0.07619672131147522;0.081247532570075;0.8333333333333331;;;;;;;;;;;;;;;;;;;;;;;;;;;;;;;;;;;;;;;;;;;;;;;;;;;;;;;;;;;;;;;;;;;;
;;;;;;;;;0.07021943573667712;0.07619672131147522;0.081247532570075;;;;;;;;;;;;;;;;;;;;;;;;;;;;;;;;;;;;;;;;;;;;;;;;;;;;;;;;;;;;;;;;;;;;;
;;;;;;;;-13.125000000000004;0.06448087431693988;0.07137254901960784;0.06333853354134165;0.8333333333333331;;;;;;;;;;;;;;;;;;;;;;;;;;;;;;;;;;;;;;;;;;;;;;;;;;;;;;;;;;;;;;;;;;;;
;;;;;;;;;0.061628359953252825;0.0679186228482003;0.06333853354134165;0.8333333333333331;;;;;;;;;;;;;;;;;;;;;;;;;;;;;;;;;;;;;;;;;;;;;;;;;;;;;;;;;;;;;;;;;;;;
;;;;;;;;;0.06105919003115264;0.06906812842599842;0.06677091477716965;0.8333333333333331;;;;;;;;;;;;;;;;;;;;;;;;;;;;;;;;;;;;;;;;;;;;;;;;;;;;;;;;;;;;;;;;;;;;
;;;;;;;;;0.06238794335455353;0.06945169712793753;0.06448087431693988;0.8333333333333331;;;;;;;;;;;;;;;;;;;;;;;;;;;;;;;;;;;;;;;;;;;;;;;;;;;;;;;;;;;;;;;;;;;;
;;;;;;;;;0.06238794335455353;0.06945169712793753;0.06448087431693988;;;;;;;;;;;;;;;;;;;;;;;;;;;;;;;;;;;;;;;;;;;;;;;;;;;;;;;;;;;;;;;;;;;;;
;;;;;;;;-4.242424242424243;0.05088940448569218;0.04920818848976438;0.04753086419753086;0.8333333333333331;;;;;;;;;;;;;;;;;;;;;;;;;;;;;;;;;;;;;;;;;;;;;;;;;;;;;;;;;;;;;;;;;;;;
;;;;;;;;;0.05088940448569218;0.04585741811175337;0.04976816074188562;0.8333333333333331;;;;;;;;;;;;;;;;;;;;;;;;;;;;;;;;;;;;;;;;;;;;;;;;;;;;;;;;;;;;;;;;;;;;
;;;;;;;;;0.04976816074188562;0.04585741811175337;0.05032856590645534;0.8333333333333331;;;;;;;;;;;;;;;;;;;;;;;;;;;;;;;;;;;;;;;;;;;;;;;;;;;;;;;;;;;;;;;;;;;;
;;;;;;;;;0.05051546391752574;0.046972618588507514;0.04920818848976438;0.8333333333333331;;;;;;;;;;;;;;;;;;;;;;;;;;;;;;;;;;;;;;;;;;;;;;;;;;;;;;;;;;;;;;;;;;;;
;;;;;;;;;0.05051546391752574;0.046972618588507514;0.04920818848976438;;;;;;;;;;;;;;;;;;;;;;;;;;;;;;;;;;;;;;;;;;;;;;;;;;;;;;;;;;;;;;;;;;;;;
;;;;;;;;0.0;0.0871185097106619;0.08066298342541435;0.0960127591706539;0.8333333333333331;;;;;;;;;;;;;;;;;;;;;;;;;;;;;;;;;;;;;;;;;;;;;;;;;;;;;;;;;;;;;;;;;;;;
;;;;;;;;;0.08652931854199682;0.0871185097106619;0.09720670391061449;0.8333333333333331;;;;;;;;;;;;;;;;;;;;;;;;;;;;;;;;;;;;;;;;;;;;;;;;;;;;;;;;;;;;;;;;;;;;
;;;;;;;;;0.08359035191775403;0.08770816812053923;0.09660949341842838;0.8333333333333331;;;;;;;;;;;;;;;;;;;;;;;;;;;;;;;;;;;;;;;;;;;;;;;;;;;;;;;;;;;;;;;;;;;;
;;;;;;;;;0.0857444561774025;0.08515635308088157;0.09660949341842838;0.8333333333333331;;;;;;;;;;;;;;;;;;;;;;;;;;;;;;;;;;;;;;;;;;;;;;;;;;;;;;;;;;;;;;;;;;;;
;;;;;;;;;0.0857444561774025;0.08515635308088157;0.09660949341842838;;;;;;;;;;;;;;;;;;;;;;;;;;;;;;;;;;;;;;;;;;;;;;;;;;;;;;;;;;;;;;;;;;;;;
;;;;;;;;0.8333333333333331;0.07716535433070866;0.07891210090658256;0.0871185097106619;0.8333333333333331;;;;;;;;;;;;;;;;;;;;;;;;;;;;;;;;;;;;;;;;;;;;;;;;;;;;;;;;;;;;;;;;;;;;
;;;;;;;;;0.07832939322301023;0.07658402203856748;0.08652931854199682;0.8333333333333331;;;;;;;;;;;;;;;;;;;;;;;;;;;;;;;;;;;;;;;;;;;;;;;;;;;;;;;;;;;;;;;;;;;;
;;;;;;;;;0.07716535433070866;0.07368421052631578;0.08652931854199682;0.8333333333333331;;;;;;;;;;;;;;;;;;;;;;;;;;;;;;;;;;;;;;;;;;;;;;;;;;;;;;;;;;;;;;;;;;;;
;;;;;;;;;0.07755316355998969;0.07639034627492147;0.08672566371681395;0.8333333333333331;;;;;;;;;;;;;;;;;;;;;;;;;;;;;;;;;;;;;;;;;;;;;;;;;;;;;;;;;;;;;;;;;;;;
;;;;;;;;;0.07755316355998969;0.07639034627492147;0.08672566371681395;;;;;;;;;;;;;;;;;;;;;;;;;;;;;;;;;;;;;;;;;;;;;;;;;;;;;;;;;;;;;;;;;;;;;
;;;;;;;;4.117647058823528;0.06964355660007833;0.08888888888888888;0.09363057324840764;0.8333333333333331;;;;;;;;;;;;;;;;;;;;;;;;;;;;;;;;;;;;;;;;;;;;;;;;;;;;;;;;;;;;;;;;;;;;
;;;;;;;;;0.07137254901960784;0.08770816812053923;0.09007148530579824;0.8333333333333331;;;;;;;;;;;;;;;;;;;;;;;;;;;;;;;;;;;;;;;;;;;;;;;;;;;;;;;;;;;;;;;;;;;;
;;;;;;;;;0.07079576636613091;0.09007148530579824;0.08947995236204842;0.8333333333333331;;;;;;;;;;;;;;;;;;;;;;;;;;;;;;;;;;;;;;;;;;;;;;;;;;;;;;;;;;;;;;;;;;;;
;;;;;;;;;0.07060360595766939;0.08888888888888888;0.09105841833355428;0.8333333333333331;;;;;;;;;;;;;;;;;;;;;;;;;;;;;;;;;;;;;;;;;;;;;;;;;;;;;;;;;;;;;;;;;;;;
;;;;;;;;;0.07060360595766939;0.08888888888888888;0.09105841833355428;;;;;;;;;;;;;;;;;;;;;;;;;;;;;;;;;;;;;;;;;;;;;;;;;;;;;;;;;;;;;;;;;;;;;
;;;;;;;;-13.125000000000004;0.05878693623639191;0.08359035191775403;0.08652931854199682;0.8333333333333331;;;;;;;;;;;;;;;;;;;;;;;;;;;;;;;;;;;;;;;;;;;;;;;;;;;;;;;;;;;;;;;;;;;;
;;;;;;;;;0.06276803118908382;0.081247532570075;0.08888888888888888;0.8333333333333331;;;;;;;;;;;;;;;;;;;;;;;;;;;;;;;;;;;;;;;;;;;;;;;;;;;;;;;;;;;;;;;;;;;;
;;;;;;;;;0.061628359953252825;0.08007889546351084;0.09007148530579824;0.8333333333333331;;;;;;;;;;;;;;;;;;;;;;;;;;;;;;;;;;;;;;;;;;;;;;;;;;;;;;;;;;;;;;;;;;;;
;;;;;;;;;0.06105919003115264;0.08163748848229582;0.08849510711451976;0.8333333333333331;;;;;;;;;;;;;;;;;;;;;;;;;;;;;;;;;;;;;;;;;;;;;;;;;;;;;;;;;;;;;;;;;;;;
;;;;;;;;;0.06105919003115264;0.08163748848229582;0.08849510711451976;;;;;;;;;;;;;;;;;;;;;;;;;;;;;;;;;;;;;;;;;;;;;;;;;;;;;;;;;;;;;;;;;;;;;
;;;;;;;;-4.242424242424243;0.05539177657098525;0.052012383900928785;0.05088940448569218;0.8333333333333331;;;;;;;;;;;;;;;;;;;;;;;;;;;;;;;;;;;;;;;;;;;;;;;;;;;;;;;;;;;;;;;;;;;;
;;;;;;;;;0.05539177657098525;0.05257452574525745;0.05032856590645534;0.8333333333333331;;;;;;;;;;;;;;;;;;;;;;;;;;;;;;;;;;;;;;;;;;;;;;;;;;;;;;;;;;;;;;;;;;;;
;;;;;;;;;0.05539177657098525;0.053700116234017825;0.05708737864077669;0.8333333333333331;;;;;;;;;;;;;;;;;;;;;;;;;;;;;;;;;;;;;;;;;;;;;;;;;;;;;;;;;;;;;;;;;;;;
;;;;;;;;;0.05539177657098525;0.05276200309757354;0.05276200309757354;0.8333333333333331;;;;;;;;;;;;;;;;;;;;;;;;;;;;;;;;;;;;;;;;;;;;;;;;;;;;;;;;;;;;;;;;;;;;
;;;;;;;;;0.05539177657098525;0.05276200309757354;0.05276200309757354;;;;;;;;;;;;;;;;;;;;;;;;;;;;;;;;;;;;;;;;;;;;;;;;;;;;;;;;;;;;;;;;;;;;;
;;;;;;;;0.0;0.08947995236204842;0.09363057324840764;0.0960127591706539;0.8333333333333331;;;;;;;;;;;;;;;;;;;;;;;;;;;;;;;;;;;;;;;;;;;;;;;;;;;;;;;;;;;;;;;;;;;;
;;;;;;;;;0.08947995236204842;0.09960031974420462;0.0960127591706539;0.8333333333333331;;;;;;;;;;;;;;;;;;;;;;;;;;;;;;;;;;;;;;;;;;;;;;;;;;;;;;;;;;;;;;;;;;;;
;;;;;;;;;0.09007148530579824;0.10140056022408961;0.0948207171314741;0.8333333333333331;;;;;;;;;;;;;;;;;;;;;;;;;;;;;;;;;;;;;;;;;;;;;;;;;;;;;;;;;;;;;;;;;;;;
;;;;;;;;;0.08967707781895161;0.09820311460135783;0.09561520063778879;0.8333333333333331;;;;;;;;;;;;;;;;;;;;;;;;;;;;;;;;;;;;;;;;;;;;;;;;;;;;;;;;;;;;;;;;;;;;
;;;;;;;;;0.08967707781895161;0.09820311460135783;0.09561520063778879;;;;;;;;;;;;;;;;;;;;;;;;;;;;;;;;;;;;;;;;;;;;;;;;;;;;;;;;;;;;;;;;;;;;;
;;;;;;;;0.8333333333333331;0.08241801659423152;0.09007148530579824;0.10380761523046092;0.8333333333333331;;;;;;;;;;;;;;;;;;;;;;;;;;;;;;;;;;;;;;;;;;;;;;;;;;;;;;;;;;;;;;;;;;;;
;;;;;;;;;0.07949526813880126;0.08770816812053923;0.10682730923694776;0.8333333333333331;;;;;;;;;;;;;;;;;;;;;;;;;;;;;;;;;;;;;;;;;;;;;;;;;;;;;;;;;;;;;;;;;;;;
;;;;;;;;;0.081247532570075;0.08770816812053923;0.10260312374849818;0.8333333333333331;;;;;;;;;;;;;;;;;;;;;;;;;;;;;;;;;;;;;;;;;;;;;;;;;;;;;;;;;;;;;;;;;;;;
;;;;;;;;;0.08105263157894756;0.08849510711451976;0.1044105854049719;0.8333333333333331;;;;;;;;;;;;;;;;;;;;;;;;;;;;;;;;;;;;;;;;;;;;;;;;;;;;;;;;;;;;;;;;;;;;
;;;;;;;;;0.08105263157894756;0.08849510711451976;0.1044105854049719;;;;;;;;;;;;;;;;;;;;;;;;;;;;;;;;;;;;;;;;;;;;;;;;;;;;;;;;;;;;;;;;;;;;;
;;;;;;;;4.117647058823528;0.07832939322301023;0.08066298342541435;0.0948207171314741;0.8333333333333331;;;;;;;;;;;;;;;;;;;;;;;;;;;;;;;;;;;;;;;;;;;;;;;;;;;;;;;;;;;;;;;;;;;;
;;;;;;;;;0.08007889546351084;0.07949526813880126;0.09541650059784773;0.8333333333333331;;;;;;;;;;;;;;;;;;;;;;;;;;;;;;;;;;;;;;;;;;;;;;;;;;;;;;;;;;;;;;;;;;;;
;;;;;;;;;0.07949526813880126;0.08066298342541435;0.09780439121756485;0.8333333333333331;;;;;;;;;;;;;;;;;;;;;;;;;;;;;;;;;;;;;;;;;;;;;;;;;;;;;;;;;;;;;;;;;;;;
;;;;;;;;;0.0793008279668815;0.0802735402419777;0.0960127591706539;0.8333333333333331;;;;;;;;;;;;;;;;;;;;;;;;;;;;;;;;;;;;;;;;;;;;;;;;;;;;;;;;;;;;;;;;;;;;
;;;;;;;;;0.0793008279668815;0.0802735402419777;0.0960127591706539;;;;;;;;;;;;;;;;;;;;;;;;;;;;;;;;;;;;;;;;;;;;;;;;;;;;;;;;;;;;;;;;;;;;;
;;;;;;;;-13.125000000000004;0.07079576636613091;0.09184890656063617;0.09780439121756485;0.8333333333333331;;;;;;;;;;;;;;;;;;;;;;;;;;;;;;;;;;;;;;;;;;;;;;;;;;;;;;;;;;;;;;;;;;;;
;;;;;;;;;0.0684931506849315;0.09244232299124899;0.09720670391061449;0.8333333333333331;;;;;;;;;;;;;;;;;;;;;;;;;;;;;;;;;;;;;;;;;;;;;;;;;;;;;;;;;;;;;;;;;;;;
;;;;;;;;;0.07194978422910944;0.09244232299124899;0.09780439121756485;0.8333333333333331;;;;;;;;;;;;;;;;;;;;;;;;;;;;;;;;;;;;;;;;;;;;;;;;;;;;;;;;;;;;;;;;;;;;
;;;;;;;;;0.07041149575440868;0.09224446506694967;0.09760510910058559;0.8333333333333331;;;;;;;;;;;;;;;;;;;;;;;;;;;;;;;;;;;;;;;;;;;;;;;;;;;;;;;;;;;;;;;;;;;;
;;;;;;;;;0.07041149575440868;0.09224446506694967;0.09760510910058559;;;;;;;;;;;;;;;;;;;;;;;;;;;;;;;;;;;;;;;;;;;;;;;;;;;;;;;;;;;;;;;;;;;;;
;;;;;;;;-4.242424242424243;0.06276803118908382;0.05482745250096936;0.05145067698259187;0.8333333333333331;;;;;;;;;;;;;;;;;;;;;;;;;;;;;;;;;;;;;;;;;;;;;;;;;;;;;;;;;;;;;;;;;;;;
;;;;;;;;;0.06448087431693988;0.05595653861078774;0.05088940448569218;0.8333333333333331;;;;;;;;;;;;;;;;;;;;;;;;;;;;;;;;;;;;;;;;;;;;;;;;;;;;;;;;;;;;;;;;;;;;
;;;;;;;;;0.06448087431693988;0.05482745250096936;0.05426356589147286;0.8333333333333331;;;;;;;;;;;;;;;;;;;;;;;;;;;;;;;;;;;;;;;;;;;;;;;;;;;;;;;;;;;;;;;;;;;;
;;;;;;;;;0.06390948107686305;0.05520361990950244;0.05219971616565602;0.8333333333333331;;;;;;;;;;;;;;;;;;;;;;;;;;;;;;;;;;;;;;;;;;;;;;;;;;;;;;;;;;;;;;;;;;;;
;;;;;;;;;0.06390948107686305;0.05520361990950244;0.05219971616565602;;;;;;;;;;;;;;;;;;;;;;;;;;;;;;;;;;;;;;;;;;;;;;;;;;;;;;;;;;;;;;;;;;;;;
;;;;;;;;0.0;0.10260312374849818;0.10682730923694776;0.10561797752808988;0.8333333333333331;;;;;;;;;;;;;;;;;;;;;;;;;;;;;;;;;;;;;;;;;;;;;;;;;;;;;;;;;;;;;;;;;;;;
;;;;;;;;;0.10925181013676588;0.09007148530579824;0.10743270389714742;0.8333333333333331;;;;;;;;;;;;;;;;;;;;;;;;;;;;;;;;;;;;;;;;;;;;;;;;;;;;;;;;;;;;;;;;;;;;
;;;;;;;;;0.10682730923694776;0.09184890656063617;0.10864495375954965;0.8333333333333331;;;;;;;;;;;;;;;;;;;;;;;;;;;;;;;;;;;;;;;;;;;;;;;;;;;;;;;;;;;;;;;;;;;;
;;;;;;;;;0.10622240064231232;0.0962116177057023;0.10723085163363705;0.8333333333333331;;;;;;;;;;;;;;;;;;;;;;;;;;;;;;;;;;;;;;;;;;;;;;;;;;;;;;;;;;;;;;;;;;;;
;;;;;;;;;0.10622240064231232;0.0962116177057023;0.10723085163363705;;;;;;;;;;;;;;;;;;;;;;;;;;;;;;;;;;;;;;;;;;;;;;;;;;;;;;;;;;;;;;;;;;;;;
;;;;;;;;0.8333333333333331;0.1020016012810248;0.09720670391061449;0.11473556721840936;0.8333333333333331;;;;;;;;;;;;;;;;;;;;;;;;;;;;;;;;;;;;;;;;;;;;;;;;;;;;;;;;;;;;;;;;;;;;
;;;;;;;;;0.09720670391061449;0.10140056022408961;0.11168412570507655;0.8333333333333331;;;;;;;;;;;;;;;;;;;;;;;;;;;;;;;;;;;;;;;;;;;;;;;;;;;;;;;;;;;;;;;;;;;;
;;;;;;;;;0.10260312374849818;0.0948207171314741;0.10985915492957744;0.8333333333333331;;;;;;;;;;;;;;;;;;;;;;;;;;;;;;;;;;;;;;;;;;;;;;;;;;;;;;;;;;;;;;;;;;;;
;;;;;;;;;0.10059992001066542;0.09780439121756485;0.1120902740462119;0.8333333333333331;;;;;;;;;;;;;;;;;;;;;;;;;;;;;;;;;;;;;;;;;;;;;;;;;;;;;;;;;;;;;;;;;;;;
;;;;;;;;;0.10059992001066542;0.09780439121756485;0.1120902740462119;;;;;;;;;;;;;;;;;;;;;;;;;;;;;;;;;;;;;;;;;;;;;;;;;;;;;;;;;;;;;;;;;;;;;
;;;;;;;;4.117647058823528;0.10260312374849818;0.1032051282051282;0.11046698872785829;0.8333333333333331;;;;;;;;;;;;;;;;;;;;;;;;;;;;;;;;;;;;;;;;;;;;;;;;;;;;;;;;;;;;;;;;;;;;
;;;;;;;;;0.10501403931006817;0.10260312374849818;0.11412429378531072;0.8333333333333331;;;;;;;;;;;;;;;;;;;;;;;;;;;;;;;;;;;;;;;;;;;;;;;;;;;;;;;;;;;;;;;;;;;;
;;;;;;;;;0.10380761523046092;0.10260312374849818;0.11229343006852074;0.8333333333333331;;;;;;;;;;;;;;;;;;;;;;;;;;;;;;;;;;;;;;;;;;;;;;;;;;;;;;;;;;;;;;;;;;;;
;;;;;;;;;0.10380761523046092;0.10280373831775678;0.11229343006852074;0.8333333333333331;;;;;;;;;;;;;;;;;;;;;;;;;;;;;;;;;;;;;;;;;;;;;;;;;;;;;;;;;;;;;;;;;;;;
;;;;;;;;;0.10380761523046092;0.10280373831775678;0.11229343006852074;;;;;;;;;;;;;;;;;;;;;;;;;;;;;;;;;;;;;;;;;;;;;;;;;;;;;;;;;;;;;;;;;;;;;
;;;;;;;;-13.125000000000004;0.08652931854199682;0.10803858520900321;0.10622240064231232;0.8333333333333331;;;;;;;;;;;;;;;;;;;;;;;;;;;;;;;;;;;;;;;;;;;;;;;;;;;;;;;;;;;;;;;;;;;;
;;;;;;;;;0.0871185097106619;0.10803858520900321;0.10622240064231232;0.8333333333333331;;;;;;;;;;;;;;;;;;;;;;;;;;;;;;;;;;;;;;;;;;;;;;;;;;;;;;;;;;;;;;;;;;;;
;;;;;;;;;0.08770816812053923;0.10803858520900321;0.10561797752808988;0.8333333333333331;;;;;;;;;;;;;;;;;;;;;;;;;;;;;;;;;;;;;;;;;;;;;;;;;;;;;;;;;;;;;;;;;;;;
;;;;;;;;;0.0871185097106619;0.10803858520900321;0.10602087235750622;0.8333333333333331;;;;;;;;;;;;;;;;;;;;;;;;;;;;;;;;;;;;;;;;;;;;;;;;;;;;;;;;;;;;;;;;;;;;
;;;;;;;;;0.0871185097106619;0.10803858520900321;0.10602087235750622;;;;;;;;;;;;;;;;;;;;;;;;;;;;;;;;;;;;;;;;;;;;;;;;;;;;;;;;;;;;;;;;;;;;;
;;;;;;;;-4.242424242424243;0.07079576636613091;0.06219797349961028;0.059922178988326844;0.8333333333333331;;;;;;;;;;;;;;;;;;;;;;;;;;;;;;;;;;;;;;;;;;;;;;;;;;;;;;;;;;;;;;;;;;;;
;;;;;;;;;0.07194978422910944;0.06333853354134165;0.05821997668091721;0.8333333333333331;;;;;;;;;;;;;;;;;;;;;;;;;;;;;;;;;;;;;;;;;;;;;;;;;;;;;;;;;;;;;;;;;;;;
;;;;;;;;;0.07137254901960784;0.06619773348964439;0.06105919003115264;0.8333333333333331;;;;;;;;;;;;;;;;;;;;;;;;;;;;;;;;;;;;;;;;;;;;;;;;;;;;;;;;;;;;;;;;;;;;
;;;;;;;;;0.07137254901960784;0.06390948107686305;0.059732849176501276;0.8333333333333331;;;;;;;;;;;;;;;;;;;;;;;;;;;;;;;;;;;;;;;;;;;;;;;;;;;;;;;;;;;;;;;;;;;;
;;;;;;;;;0.07137254901960784;0.06390948107686305;0.059732849176501276;;;;;;;;;;;;;;;;;;;;;;;;;;;;;;;;;;;;;;;;;;;;;;;;;;;;;;;;;;;;;;;;;;;;;
;;;;;;;;0.0;0.10803858520900321;0.1008;0.10501403931006817;0.8333333333333331;;;;;;;;;;;;;;;;;;;;;;;;;;;;;;;;;;;;;;;;;;;;;;;;;;;;;;;;;;;;;;;;;;;;
;;;;;;;;;0.10925181013676588;0.10380761523046092;0.1044105854049719;0.8333333333333331;;;;;;;;;;;;;;;;;;;;;;;;;;;;;;;;;;;;;;;;;;;;;;;;;;;;;;;;;;;;;;;;;;;;
;;;;;;;;;0.10985915492957744;0.10140056022408961;0.10682730923694776;0.8333333333333331;;;;;;;;;;;;;;;;;;;;;;;;;;;;;;;;;;;;;;;;;;;;;;;;;;;;;;;;;;;;;;;;;;;;
;;;;;;;;;0.10904947043839676;0.1020016012810248;0.10541661094021686;0.8333333333333331;;;;;;;;;;;;;;;;;;;;;;;;;;;;;;;;;;;;;;;;;;;;;;;;;;;;;;;;;;;;;;;;;;;;
;;;;;;;;;0.10904947043839676;0.1020016012810248;0.10541661094021686;;;;;;;;;;;;;;;;;;;;;;;;;;;;;;;;;;;;;;;;;;;;;;;;;;;;;;;;;;;;;;;;;;;;;
;;;;;;;;0.8333333333333331;0.11229343006852074;0.10140056022408961;0.13080375356997143;0.8333333333333331;;;;;;;;;;;;;;;;;;;;;;;;;;;;;;;;;;;;;;;;;;;;;;;;;;;;;;;;;;;;;;;;;;;;
;;;;;;;;;0.10622240064231232;0.10501403931006817;0.1289323553382233;0.8333333333333331;;;;;;;;;;;;;;;;;;;;;;;;;;;;;;;;;;;;;;;;;;;;;;;;;;;;;;;;;;;;;;;;;;;;
;;;;;;;;;0.11107531212243253;0.10743270389714742;0.13017944535073409;0.8333333333333331;;;;;;;;;;;;;;;;;;;;;;;;;;;;;;;;;;;;;;;;;;;;;;;;;;;;;;;;;;;;;;;;;;;;
;;;;;;;;;0.10985915492957744;0.10461168293008934;0.12997145575642263;0.8333333333333331;;;;;;;;;;;;;;;;;;;;;;;;;;;;;;;;;;;;;;;;;;;;;;;;;;;;;;;;;;;;;;;;;;;;
;;;;;;;;;0.10985915492957744;0.10461168293008934;0.12997145575642263;;;;;;;;;;;;;;;;;;;;;;;;;;;;;;;;;;;;;;;;;;;;;;;;;;;;;;;;;;;;;;;;;;;;;
;;;;;;;;4.117647058823528;0.10803858520900321;0.11046698872785829;0.14022988505747125;0.8333333333333331;;;;;;;;;;;;;;;;;;;;;;;;;;;;;;;;;;;;;;;;;;;;;;;;;;;;;;;;;;;;;;;;;;;;
;;;;;;;;;0.10682730923694776;0.11046698872785829;0.13959786622897;0.8333333333333331;;;;;;;;;;;;;;;;;;;;;;;;;;;;;;;;;;;;;;;;;;;;;;;;;;;;;;;;;;;;;;;;;;;;
;;;;;;;;;0.10803858520900321;0.11107531212243253;0.13644553644553642;0.8333333333333331;;;;;;;;;;;;;;;;;;;;;;;;;;;;;;;;;;;;;;;;;;;;;;;;;;;;;;;;;;;;;;;;;;;;
;;;;;;;;;0.10763461023305632;0.1106697087639241;0.13875598086124422;0.8333333333333331;;;;;;;;;;;;;;;;;;;;;;;;;;;;;;;;;;;;;;;;;;;;;;;;;;;;;;;;;;;;;;;;;;;;
;;;;;;;;;0.10763461023305632;0.1106697087639241;0.13875598086124422;;;;;;;;;;;;;;;;;;;;;;;;;;;;;;;;;;;;;;;;;;;;;;;;;;;;;;;;;;;;;;;;;;;;;
;;;;;;;;-13.125000000000004;0.09720670391061449;0.11595959595959594;0.11841359773371103;0.8333333333333331;;;;;;;;;;;;;;;;;;;;;;;;;;;;;;;;;;;;;;;;;;;;;;;;;;;;;;;;;;;;;;;;;;;;
;;;;;;;;;0.10019992003198719;0.11168412570507655;0.11657235246564267;0.8333333333333331;;;;;;;;;;;;;;;;;;;;;;;;;;;;;;;;;;;;;;;;;;;;;;;;;;;;;;;;;;;;;;;;;;;;
;;;;;;;;;0.09900119856172591;0.11473556721840936;0.11595959595959594;0.8333333333333331;;;;;;;;;;;;;;;;;;;;;;;;;;;;;;;;;;;;;;;;;;;;;;;;;;;;;;;;;;;;;;;;;;;;
;;;;;;;;;0.09880159786950753;0.11412429378531072;0.11698113207547188;0.8333333333333331;;;;;;;;;;;;;;;;;;;;;;;;;;;;;;;;;;;;;;;;;;;;;;;;;;;;;;;;;;;;;;;;;;;;
;;;;;;;;;0.09880159786950753;0.11412429378531072;0.11698113207547188;;;;;;;;;;;;;;;;;;;;;;;;;;;;;;;;;;;;;;;;;;;;;;;;;;;;;;;;;;;;;;;;;;;;;
;;;;;;;;-4.242424242424243;0.07716535433070866;0.07021943573667712;0.0679186228482003;0.8333333333333331;;;;;;;;;;;;;;;;;;;;;;;;;;;;;;;;;;;;;;;;;;;;;;;;;;;;;;;;;;;;;;;;;;;;
;;;;;;;;;0.07891210090658256;0.0679186228482003;0.06677091477716965;0.8333333333333331;;;;;;;;;;;;;;;;;;;;;;;;;;;;;;;;;;;;;;;;;;;;;;;;;;;;;;;;;;;;;;;;;;;;
;;;;;;;;;0.08066298342541435;0.0684931506849315;0.06734454438795462;0.8333333333333331;;;;;;;;;;;;;;;;;;;;;;;;;;;;;;;;;;;;;;;;;;;;;;;;;;;;;;;;;;;;;;;;;;;;
;;;;;;;;;0.07891210090658256;0.06887641915698832;0.06734454438795462;0.8333333333333331;;;;;;;;;;;;;;;;;;;;;;;;;;;;;;;;;;;;;;;;;;;;;;;;;;;;;;;;;;;;;;;;;;;;
;;;;;;;;;0.07891210090658256;0.06887641915698832;0.06734454438795462;;;;;;;;;;;;;;;;;;;;;;;;;;;;;;;;;;;;;;;;;;;;;;;;;;;;;;;;;;;;;;;;;;;;;
;;;;;;;;0.0;0.1276872964169381;0.13330608908868;0.1446685878962536;4.117647058823528;;;;;;;;;;;;;;;;;;;;;;;;;;;;;;;;;;;;;;;;;;;;;;;;;;;;;;;;;;;;;;;;;;;;
;;;;;;;;;0.12706552706552704;0.13896636587366692;0.1408624229979466;4.117647058823528;;;;;;;;;;;;;;;;;;;;;;;;;;;;;;;;;;;;;;;;;;;;;;;;;;;;;;;;;;;;;;;;;;;;
;;;;;;;;;0.12706552706552704;0.13456032719836397;0.14403292181069957;4.117647058823528;;;;;;;;;;;;;;;;;;;;;;;;;;;;;;;;;;;;;;;;;;;;;;;;;;;;;;;;;;;;;;;;;;;;
;;;;;;;;;0.12727272727272704;0.13560709413369731;0.14318618042226505;4.117647058823528;;;;;;;;;;;;;;;;;;;;;;;;;;;;;;;;;;;;;;;;;;;;;;;;;;;;;;;;;;;;;;;;;;;;
;;;;;;;;;0.2800000000000002;0.3003021148036251;0.3189981673793522;;;;;;;;;;;;;;;;;;;;;;;;;;;;;;;;;;;;;;;;;;;;;;;;;;;;;;;;;;;;;;;;;;;;;
;;;;;;;;0.8333333333333331;0.1510541546093427;0.16463719766472057;0.17713324926439677;4.117647058823528;;;;;;;;;;;;;;;;;;;;;;;;;;;;;;;;;;;;;;;;;;;;;;;;;;;;;;;;;;;;;;;;;;;;
;;;;;;;;;0.1510541546093427;0.16398499374739475;0.17514693534844666;4.117647058823528;;;;;;;;;;;;;;;;;;;;;;;;;;;;;;;;;;;;;;;;;;;;;;;;;;;;;;;;;;;;;;;;;;;;
;;;;;;;;;0.1497728211482858;0.1652899457655402;0.1731656184486373;4.117647058823528;;;;;;;;;;;;;;;;;;;;;;;;;;;;;;;;;;;;;;;;;;;;;;;;;;;;;;;;;;;;;;;;;;;;
;;;;;;;;;0.15062680810028906;0.16463719766472057;0.17514693534844666;4.117647058823528;;;;;;;;;;;;;;;;;;;;;;;;;;;;;;;;;;;;;;;;;;;;;;;;;;;;;;;;;;;;;;;;;;;;
;;;;;;;;;0.3375733251003399;0.373156899810964;0.40038387715930895;;;;;;;;;;;;;;;;;;;;;;;;;;;;;;;;;;;;;;;;;;;;;;;;;;;;;;;;;;;;;;;;;;;;;
;;;;;;;;4.117647058823528;0.16594323873121866;0.18915713680643792;0.24129483814523184;4.117647058823528;;;;;;;;;;;;;;;;;;;;;;;;;;;;;;;;;;;;;;;;;;;;;;;;;;;;;;;;;;;;;;;;;;;;
;;;;;;;;;0.16725146198830404;0.18983050847457622;0.23272410791993034;4.117647058823528;;;;;;;;;;;;;;;;;;;;;;;;;;;;;;;;;;;;;;;;;;;;;;;;;;;;;;;;;;;;;;;;;;;;
;;;;;;;;;0.16659707724425885;0.19456013599660008;0.23343491510666084;4.117647058823528;;;;;;;;;;;;;;;;;;;;;;;;;;;;;;;;;;;;;;;;;;;;;;;;;;;;;;;;;;;;;;;;;;;;
;;;;;;;;;0.16659707724425885;0.19117896522476674;0.23580874872838223;4.117647058823528;;;;;;;;;;;;;;;;;;;;;;;;;;;;;;;;;;;;;;;;;;;;;;;;;;;;;;;;;;;;;;;;;;;;
;;;;;;;;;0.37819905213270133;0.4428290766208251;0.5671443551205874;;;;;;;;;;;;;;;;;;;;;;;;;;;;;;;;;;;;;;;;;;;;;;;;;;;;;;;;;;;;;;;;;;;;;
;;;;;;;;-13.125000000000004;0.13959786622897;0.18245466048080977;0.19659574468085103;4.117647058823528;;;;;;;;;;;;;;;;;;;;;;;;;;;;;;;;;;;;;;;;;;;;;;;;;;;;;;;;;;;;;;;;;;;;
;;;;;;;;;0.13959786622897;0.1804549283909014;0.19795570698466777;4.117647058823528;;;;;;;;;;;;;;;;;;;;;;;;;;;;;;;;;;;;;;;;;;;;;;;;;;;;;;;;;;;;;;;;;;;;
;;;;;;;;;0.13833538335383352;0.17713324926439677;0.19185405176071274;4.117647058823528;;;;;;;;;;;;;;;;;;;;;;;;;;;;;;;;;;;;;;;;;;;;;;;;;;;;;;;;;;;;;;;;;;;;
;;;;;;;;;0.13917680842335545;0.18001122964626592;0.1954642097802974;4.117647058823528;;;;;;;;;;;;;;;;;;;;;;;;;;;;;;;;;;;;;;;;;;;;;;;;;;;;;;;;;;;;;;;;;;;;
;;;;;;;;;0.30907986638323737;0.41314432989690747;0.45436573311367395;;;;;;;;;;;;;;;;;;;;;;;;;;;;;;;;;;;;;;;;;;;;;;;;;;;;;;;;;;;;;;;;;;;;;
;;;;;;;;-4.242424242424243;0.10260312374849818;0.07949526813880126;0.07716535433070866;4.117647058823528;;;;;;;;;;;;;;;;;;;;;;;;;;;;;;;;;;;;;;;;;;;;;;;;;;;;;;;;;;;;;;;;;;;;
;;;;;;;;;0.1008;0.08066298342541435;0.07716535433070866;4.117647058823528;;;;;;;;;;;;;;;;;;;;;;;;;;;;;;;;;;;;;;;;;;;;;;;;;;;;;;;;;;;;;;;;;;;;
;;;;;;;;;0.10140056022408961;0.07716535433070866;0.07774714454509647;4.117647058823528;;;;;;;;;;;;;;;;;;;;;;;;;;;;;;;;;;;;;;;;;;;;;;;;;;;;;;;;;;;;;;;;;;;;
;;;;;;;;;0.10160085378868708;0.07910643889618903;0.07735923349520915;4.117647058823528;;;;;;;;;;;;;;;;;;;;;;;;;;;;;;;;;;;;;;;;;;;;;;;;;;;;;;;;;;;;;;;;;;;;
;;;;;;;;;0.21910241657077123;0.16768802228412277;0.16376771325368178;;;;;;;;;;;;;;;;;;;;;;;;;;;;;;;;;;;;;;;;;;;;;;;;;;;;;;;;;;;;;;;;;;;;;
;;;;;;;;0.0;0.12955564614757437;0.13518821603927986;0.14657873042044517;4.117647058823528;;;;;;;;;;;;;;;;;;;;;;;;;;;;;;;;;;;;;;;;;;;;;;;;;;;;;;;;;;;;;;;;;;;;
;;;;;;;;;0.1258235054900366;0.13644553644553642;0.14339777869189632;4.117647058823528;;;;;;;;;;;;;;;;;;;;;;;;;;;;;;;;;;;;;;;;;;;;;;;;;;;;;;;;;;;;;;;;;;;;
;;;;;;;;;0.13142857142857142;0.13393295175797218;0.14530477759472818;4.117647058823528;;;;;;;;;;;;;;;;;;;;;;;;;;;;;;;;;;;;;;;;;;;;;;;;;;;;;;;;;;;;;;;;;;;;
;;;;;;;;;0.1289323553382233;0.13518821603927986;0.1450926561427593;4.117647058823528;;;;;;;;;;;;;;;;;;;;;;;;;;;;;;;;;;;;;;;;;;;;;;;;;;;;;;;;;;;;;;;;;;;;
;;;;;;;;;0.28402154398563734;0.29927536231884055;0.3237366003062784;;;;;;;;;;;;;;;;;;;;;;;;;;;;;;;;;;;;;;;;;;;;;;;;;;;;;;;;;;;;;;;;;;;;;
;;;;;;;;0.8333333333333331;0.15749273557492735;0.1594347464671654;0.23986013986013982;4.117647058823528;;;;;;;;;;;;;;;;;;;;;;;;;;;;;;;;;;;;;;;;;;;;;;;;;;;;;;;;;;;;;;;;;;;;
;;;;;;;;;0.15555555555555556;0.16073211314475874;0.24129483814523184;4.117647058823528;;;;;;;;;;;;;;;;;;;;;;;;;;;;;;;;;;;;;;;;;;;;;;;;;;;;;;;;;;;;;;;;;;;;
;;;;;;;;;0.15749273557492735;0.16008316008316006;0.2405771753388719;4.117647058823528;;;;;;;;;;;;;;;;;;;;;;;;;;;;;;;;;;;;;;;;;;;;;;;;;;;;;;;;;;;;;;;;;;;;
;;;;;;;;;0.15684647302904564;0.16008316008316006;0.2405771753388719;4.117647058823528;;;;;;;;;;;;;;;;;;;;;;;;;;;;;;;;;;;;;;;;;;;;;;;;;;;;;;;;;;;;;;;;;;;;
;;;;;;;;;0.35327102803738314;0.3615023474178404;0.5809926082365364;;;;;;;;;;;;;;;;;;;;;;;;;;;;;;;;;;;;;;;;;;;;;;;;;;;;;;;;;;;;;;;;;;;;;
;;;;;;;;4.117647058823528;0.19456013599660008;0.21306964746345655;0.2697819314641744;4.117647058823528;;;;;;;;;;;;;;;;;;;;;;;;;;;;;;;;;;;;;;;;;;;;;;;;;;;;;;;;;;;;;;;;;;;;
;;;;;;;;;0.2013657703798549;0.21445783132530116;0.2705253784505788;4.117647058823528;;;;;;;;;;;;;;;;;;;;;;;;;;;;;;;;;;;;;;;;;;;;;;;;;;;;;;;;;;;;;;;;;;;;
;;;;;;;;;0.1972754363558961;0.20479041916167665;0.26312056737588646;4.117647058823528;;;;;;;;;;;;;;;;;;;;;;;;;;;;;;;;;;;;;;;;;;;;;;;;;;;;;;;;;;;;;;;;;;;;
;;;;;;;;;0.1977288857345637;0.21076130509444785;0.2678026374277668;4.117647058823528;;;;;;;;;;;;;;;;;;;;;;;;;;;;;;;;;;;;;;;;;;;;;;;;;;;;;;;;;;;;;;;;;;;;
;;;;;;;;;0.4604958677685947;0.49622641509433923;0.6622938805423235;;;;;;;;;;;;;;;;;;;;;;;;;;;;;;;;;;;;;;;;;;;;;;;;;;;;;;;;;;;;;;;;;;;;;
;;;;;;;;-13.125000000000004;0.15813953488372093;0.2013657703798549;0.21515281962978902;4.117647058823528;;;;;;;;;;;;;;;;;;;;;;;;;;;;;;;;;;;;;;;;;;;;;;;;;;;;;;;;;;;;;;;;;;;;
;;;;;;;;;0.15426677713338857;0.19863655730720067;0.2172413793103448;4.117647058823528;;;;;;;;;;;;;;;;;;;;;;;;;;;;;;;;;;;;;;;;;;;;;;;;;;;;;;;;;;;;;;;;;;;;
;;;;;;;;;0.1529801324503311;0.19863655730720067;0.21099184199227133;4.117647058823528;;;;;;;;;;;;;;;;;;;;;;;;;;;;;;;;;;;;;;;;;;;;;;;;;;;;;;;;;;;;;;;;;;;;
;;;;;;;;;0.15512572533849103;0.19954526076453005;0.21445783132530116;4.117647058823528;;;;;;;;;;;;;;;;;;;;;;;;;;;;;;;;;;;;;;;;;;;;;;;;;;;;;;;;;;;;;;;;;;;;
;;;;;;;;;0.3489123679303917;0.4654292343387474;0.5065040650406503;;;;;;;;;;;;;;;;;;;;;;;;;;;;;;;;;;;;;;;;;;;;;;;;;;;;;;;;;;;;;;;;;;;;;
;;;;;;;;-4.242424242424243;0.10682730923694776;0.08652931854199682;0.08417721518987341;4.117647058823528;;;;;;;;;;;;;;;;;;;;;;;;;;;;;;;;;;;;;;;;;;;;;;;;;;;;;;;;;;;;;;;;;;;;
;;;;;;;;;0.10864495375954965;0.08829829432764774;0.08770816812053923;4.117647058823528;;;;;;;;;;;;;;;;;;;;;;;;;;;;;;;;;;;;;;;;;;;;;;;;;;;;;;;;;;;;;;;;;;;;
;;;;;;;;;0.10682730923694776;0.08594059405940593;0.08770816812053923;4.117647058823528;;;;;;;;;;;;;;;;;;;;;;;;;;;;;;;;;;;;;;;;;;;;;;;;;;;;;;;;;;;;;;;;;;;;
;;;;;;;;;0.10743270389714742;0.08692206076618249;0.08652931854199682;4.117647058823528;;;;;;;;;;;;;;;;;;;;;;;;;;;;;;;;;;;;;;;;;;;;;;;;;;;;;;;;;;;;;;;;;;;;
;;;;;;;;;0.23272410791993034;0.1853521126760561;0.1844594594594594;;;;;;;;;;;;;;;;;;;;;;;;;;;;;;;;;;;;;;;;;;;;;;;;;;;;;;;;;;;;;;;;;;;;;
;;;;;;;;0.0;0.1529801324503311;0.1491329479768786;0.16659707724425885;4.117647058823528;;;;;;;;;;;;;;;;;;;;;;;;;;;;;;;;;;;;;;;;;;;;;;;;;;;;;;;;;;;;;;;;;;;;
;;;;;;;;;0.15169561621174524;0.1491329479768786;0.16790639364814036;4.117647058823528;;;;;;;;;;;;;;;;;;;;;;;;;;;;;;;;;;;;;;;;;;;;;;;;;;;;;;;;;;;;;;;;;;;;
;;;;;;;;;0.15169561621174524;0.14849360297152292;0.16073211314475874;4.117647058823528;;;;;;;;;;;;;;;;;;;;;;;;;;;;;;;;;;;;;;;;;;;;;;;;;;;;;;;;;;;;;;;;;;;;
;;;;;;;;;0.1521235521235523;0.14891977432227899;0.16507230255839841;4.117647058823528;;;;;;;;;;;;;;;;;;;;;;;;;;;;;;;;;;;;;;;;;;;;;;;;;;;;;;;;;;;;;;;;;;;;
;;;;;;;;;0.341336633663366;0.3332922697874958;0.37427490542244607;;;;;;;;;;;;;;;;;;;;;;;;;;;;;;;;;;;;;;;;;;;;;;;;;;;;;;;;;;;;;;;;;;;;;
;;;;;;;;0.8333333333333331;0.1731656184486373;0.13770491803278684;0.25432098765432093;4.117647058823528;;;;;;;;;;;;;;;;;;;;;;;;;;;;;;;;;;;;;;;;;;;;;;;;;;;;;;;;;;;;;;;;;;;;
;;;;;;;;;0.17713324926439677;0.13833538335383352;0.2521356230735358;4.117647058823528;;;;;;;;;;;;;;;;;;;;;;;;;;;;;;;;;;;;;;;;;;;;;;;;;;;;;;;;;;;;;;;;;;;;
;;;;;;;;;0.17779646761984857;0.13833538335383352;0.2579761378700839;4.117647058823528;;;;;;;;;;;;;;;;;;;;;;;;;;;;;;;;;;;;;;;;;;;;;;;;;;;;;;;;;;;;;;;;;;;;
;;;;;;;;;0.17602912349481914;0.13812517081169737;0.25480740958541626;4.117647058823528;;;;;;;;;;;;;;;;;;;;;;;;;;;;;;;;;;;;;;;;;;;;;;;;;;;;;;;;;;;;;;;;;;;;
;;;;;;;;;0.40269058295964144;0.30648878107944183;0.6230050323508264;;;;;;;;;;;;;;;;;;;;;;;;;;;;;;;;;;;;;;;;;;;;;;;;;;;;;;;;;;;;;;;;;;;;;
;;;;;;;;4.117647058823528;0.21863675582398615;0.25505072783414195;0.3062301045929967;4.117647058823528;;;;;;;;;;;;;;;;;;;;;;;;;;;;;;;;;;;;;;;;;;;;;;;;;;;;;;;;;;;;;;;;;;;;
;;;;;;;;;0.22073434125269975;0.252863436123348;0.29927536231884055;4.117647058823528;;;;;;;;;;;;;;;;;;;;;;;;;;;;;;;;;;;;;;;;;;;;;;;;;;;;;;;;;;;;;;;;;;;;
;;;;;;;;;0.21654459284791033;0.2579761378700839;0.2962025316455696;4.117647058823528;;;;;;;;;;;;;;;;;;;;;;;;;;;;;;;;;;;;;;;;;;;;;;;;;;;;;;;;;;;;;;;;;;;;
;;;;;;;;;0.21863675582398615;0.25529411764705856;0.3005589968273155;4.117647058823528;;;;;;;;;;;;;;;;;;;;;;;;;;;;;;;;;;;;;;;;;;;;;;;;;;;;;;;;;;;;;;;;;;;;
;;;;;;;;;0.5182004089979548;0.6244604316546766;0.7654482493266637;;;;;;;;;;;;;;;;;;;;;;;;;;;;;;;;;;;;;;;;;;;;;;;;;;;;;;;;;;;;;;;;;;;;;
;;;;;;;;-13.125000000000004;0.1652899457655402;0.22424242424242424;0.24778216952129994;4.117647058823528;;;;;;;;;;;;;;;;;;;;;;;;;;;;;;;;;;;;;;;;;;;;;;;;;;;;;;;;;;;;;;;;;;;;
;;;;;;;;;0.16659707724425885;0.2256499133448873;0.23986013986013982;4.117647058823528;;;;;;;;;;;;;;;;;;;;;;;;;;;;;;;;;;;;;;;;;;;;;;;;;;;;;;;;;;;;;;;;;;;;
;;;;;;;;;0.16790639364814036;0.22917933130699086;0.24705882352941175;4.117647058823528;;;;;;;;;;;;;;;;;;;;;;;;;;;;;;;;;;;;;;;;;;;;;;;;;;;;;;;;;;;;;;;;;;;;
;;;;;;;;;0.16659707724425885;0.2263545730385782;0.24489259096887328;4.117647058823528;;;;;;;;;;;;;;;;;;;;;;;;;;;;;;;;;;;;;;;;;;;;;;;;;;;;;;;;;;;;;;;;;;;;
;;;;;;;;;0.37819905213270133;0.5400206825232677;0.5936238044633368;;;;;;;;;;;;;;;;;;;;;;;;;;;;;;;;;;;;;;;;;;;;;;;;;;;;;;;;;;;;;;;;;;;;;
;;;;;;;;-4.242424242424243;0.11841359773371103;0.08829829432764774;0.09422540820390282;4.117647058823528;;;;;;;;;;;;;;;;;;;;;;;;;;;;;;;;;;;;;;;;;;;;;;;;;;;;;;;;;;;;;;;;;;;;
;;;;;;;;;0.11779935275080905;0.09007148530579824;0.09303621169916433;4.117647058823528;;;;;;;;;;;;;;;;;;;;;;;;;;;;;;;;;;;;;;;;;;;;;;;;;;;;;;;;;;;;;;;;;;;;
;;;;;;;;;0.11779935275080905;0.09007148530579824;0.08947995236204842;4.117647058823528;;;;;;;;;;;;;;;;;;;;;;;;;;;;;;;;;;;;;;;;;;;;;;;;;;;;;;;;;;;;;;;;;;;;
;;;;;;;;;0.11800404585300046;0.08947995236204842;0.09224446506694967;4.117647058823528;;;;;;;;;;;;;;;;;;;;;;;;;;;;;;;;;;;;;;;;;;;;;;;;;;;;;;;;;;;;;;;;;;;;
;;;;;;;;;0.25773195876288685;0.19117896522476674;0.19750212886744226;;;;;;;;;;;;;;;;;;;;;;;;;;;;;;;;;;;;;;;;;;;;;;;;;;;;;;;;;;;;;;;;;;;;;
;;;;;;;;0.0;0.12706552706552704;0.16463719766472057;0.13959786622897;-4.242424242424243;;;;;;;;;;;;;;;;;;;;;;;;;;;;;;;;;;;;;;;;;;;;;;;;;;;;;;;;;;;;;;;;;;;;
;;;;;;;;;0.1258235054900366;0.1633333333333333;0.13770491803278684;-4.242424242424243;;;;;;;;;;;;;;;;;;;;;;;;;;;;;;;;;;;;;;;;;;;;;;;;;;;;;;;;;;;;;;;;;;;;
;;;;;;;;;0.12272727272727273;0.16594323873121866;0.13959786622897;-4.242424242424243;;;;;;;;;;;;;;;;;;;;;;;;;;;;;;;;;;;;;;;;;;;;;;;;;;;;;;;;;;;;;;;;;;;;
;;;;;;;;;0.12520325203252033;0.16463719766472057;0.13896636587366692;-4.242424242424243;;;;;;;;;;;;;;;;;;;;;;;;;;;;;;;;;;;;;;;;;;;;;;;;;;;;;;;;;;;;;;;;;;;;
;;;;;;;;;0.6844444444444443;1.017525773195876;0.7915887850467289;;;;;;;;;;;;;;;;;;;;;;;;;;;;;;;;;;;;;;;;;;;;;;;;;;;;;;;;;;;;;;;;;;;;;
;;;;;;;;0.8333333333333331;0.1264442636289666;0.13142857142857142;0.18112094395280232;-4.242424242424243;;;;;;;;;;;;;;;;;;;;;;;;;;;;;;;;;;;;;;;;;;;;;;;;;;;;;;;;;;;;;;;;;;;;
;;;;;;;;;0.12520325203252033;0.1326797385620915;0.17846024400504834;-4.242424242424243;;;;;;;;;;;;;;;;;;;;;;;;;;;;;;;;;;;;;;;;;;;;;;;;;;;;;;;;;;;;;;;;;;;;
;;;;;;;;;0.1276872964169381;0.13456032719836397;0.18112094395280232;-4.242424242424243;;;;;;;;;;;;;;;;;;;;;;;;;;;;;;;;;;;;;;;;;;;;;;;;;;;;;;;;;;;;;;;;;;;;
;;;;;;;;;0.1264442636289666;0.1328884652049569;0.18023304787308733;-4.242424242424243;;;;;;;;;;;;;;;;;;;;;;;;;;;;;;;;;;;;;;;;;;;;;;;;;;;;;;;;;;;;;;;;;;;;
;;;;;;;;;0.6937499999999999;0.7431835491241428;1.1745654162854584;;;;;;;;;;;;;;;;;;;;;;;;;;;;;;;;;;;;;;;;;;;;;;;;;;;;;;;;;;;;;;;;;;;;;
;;;;;;;;4.117647058823528;0.12955564614757437;0.1497728211482858;0.17846024400504834;-4.242424242424243;;;;;;;;;;;;;;;;;;;;;;;;;;;;;;;;;;;;;;;;;;;;;;;;;;;;;;;;;;;;;;;;;;;;
;;;;;;;;;0.1264442636289666;0.15555555555555556;0.18178752107925797;-4.242424242424243;;;;;;;;;;;;;;;;;;;;;;;;;;;;;;;;;;;;;;;;;;;;;;;;;;;;;;;;;;;;;;;;;;;;
;;;;;;;;;0.1264442636289666;0.16008316008316006;0.1844594594594594;-4.242424242424243;;;;;;;;;;;;;;;;;;;;;;;;;;;;;;;;;;;;;;;;;;;;;;;;;;;;;;;;;;;;;;;;;;;;
;;;;;;;;;0.1274799837155654;0.15512572533849103;0.18156526626387542;-4.242424242424243;;;;;;;;;;;;;;;;;;;;;;;;;;;;;;;;;;;;;;;;;;;;;;;;;;;;;;;;;;;;;;;;;;;;
;;;;;;;;;0.7015683345780437;0.9294701986754916;1.188776448942048;;;;;;;;;;;;;;;;;;;;;;;;;;;;;;;;;;;;;;;;;;;;;;;;;;;;;;;;;;;;;;;;;;;;;
;;;;;;;;-13.125000000000004;0.1032051282051282;0.13330608908868;0.14276315789473681;-4.242424242424243;;;;;;;;;;;;;;;;;;;;;;;;;;;;;;;;;;;;;;;;;;;;;;;;;;;;;;;;;;;;;;;;;;;;
;;;;;;;;;0.1044105854049719;0.13581661891117477;0.1370749692748873;-4.242424242424243;;;;;;;;;;;;;;;;;;;;;;;;;;;;;;;;;;;;;;;;;;;;;;;;;;;;;;;;;;;;;;;;;;;;
;;;;;;;;;0.10380761523046092;0.13644553644553642;0.13518821603927986;-4.242424242424243;;;;;;;;;;;;;;;;;;;;;;;;;;;;;;;;;;;;;;;;;;;;;;;;;;;;;;;;;;;;;;;;;;;;
;;;;;;;;;0.10380761523046092;0.13518821603927986;0.13833538335383352;-4.242424242424243;;;;;;;;;;;;;;;;;;;;;;;;;;;;;;;;;;;;;;;;;;;;;;;;;;;;;;;;;;;;;;;;;;;;
;;;;;;;;;0.534020618556701;0.761290322580645;0.7864801864801864;;;;;;;;;;;;;;;;;;;;;;;;;;;;;;;;;;;;;;;;;;;;;;;;;;;;;;;;;;;;;;;;;;;;;
;;;;;;;;-4.242424242424243;0.14276315789473681;0.11229343006852074;0.10985915492957744;4.117647058823528;;;;;;;;;;;;;;;;;;;;;;;;;;;;;;;;;;;;;;;;;;;;;;;;;;;;;;;;;;;;;;;;;;;;
;;;;;;;;;0.1408624229979466;0.10985915492957744;0.11412429378531072;4.117647058823528;;;;;;;;;;;;;;;;;;;;;;;;;;;;;;;;;;;;;;;;;;;;;;;;;;;;;;;;;;;;;;;;;;;;
;;;;;;;;;0.13833538335383352;0.11046698872785829;0.11168412570507655;4.117647058823528;;;;;;;;;;;;;;;;;;;;;;;;;;;;;;;;;;;;;;;;;;;;;;;;;;;;;;;;;;;;;;;;;;;;
;;;;;;;;;0.14065151929920633;0.11087248322147668;0.11188717259905955;4.117647058823528;;;;;;;;;;;;;;;;;;;;;;;;;;;;;;;;;;;;;;;;;;;;;;;;;;;;;;;;;;;;;;;;;;;;
;;;;;;;;;0.3127206329884355;0.24081632653061194;0.243211678832117;;;;;;;;;;;;;;;;;;;;;;;;;;;;;;;;;;;;;;;;;;;;;;;;;;;;;;;;;;;;;;;;;;;;;
;;;;;;;;0.0;0.1497728211482858;0.1633333333333333;0.16659707724425885;-4.242424242424243;;;;;;;;;;;;;;;;;;;;;;;;;;;;;;;;;;;;;;;;;;;;;;;;;;;;;;;;;;;;;;;;;;;;
;;;;;;;;;0.14849360297152292;0.16659707724425885;0.16921790046005852;-4.242424242424243;;;;;;;;;;;;;;;;;;;;;;;;;;;;;;;;;;;;;;;;;;;;;;;;;;;;;;;;;;;;;;;;;;;;
;;;;;;;;;0.14212905877517468;0.16463719766472057;0.16921790046005852;-4.242424242424243;;;;;;;;;;;;;;;;;;;;;;;;;;;;;;;;;;;;;;;;;;;;;;;;;;;;;;;;;;;;;;;;;;;;
;;;;;;;;;0.14679126013467064;0.16485471986653666;0.16834331893548857;-4.242424242424243;;;;;;;;;;;;;;;;;;;;;;;;;;;;;;;;;;;;;;;;;;;;;;;;;;;;;;;;;;;;;;;;;;;;
;;;;;;;;;0.8566158781074534;1.0196044711951795;1.0533565823888458;;;;;;;;;;;;;;;;;;;;;;;;;;;;;;;;;;;;;;;;;;;;;;;;;;;;;;;;;;;;;;;;;;;;;
;;;;;;;;0.8333333333333331;0.13205389955083707;0.16138160632542656;0.18178752107925797;-4.242424242424243;;;;;;;;;;;;;;;;;;;;;;;;;;;;;;;;;;;;;;;;;;;;;;;;;;;;;;;;;;;;;;;;;;;;
;;;;;;;;;0.13393295175797218;0.15878687162442875;0.18714043993231808;-4.242424242424243;;;;;;;;;;;;;;;;;;;;;;;;;;;;;;;;;;;;;;;;;;;;;;;;;;;;;;;;;;;;;;;;;;;;
;;;;;;;;;0.13330608908868;0.1594347464671654;0.1844594594594594;-4.242424242424243;;;;;;;;;;;;;;;;;;;;;;;;;;;;;;;;;;;;;;;;;;;;;;;;;;;;;;;;;;;;;;;;;;;;
;;;;;;;;;0.1330972487060748;0.1598669623059869;0.1844594594594594;-4.242424242424243;;;;;;;;;;;;;;;;;;;;;;;;;;;;;;;;;;;;;;;;;;;;;;;;;;;;;;;;;;;;;;;;;;;;
;;;;;;;;;0.744817073170732;0.9726812816188919;1.2201117318435752;;;;;;;;;;;;;;;;;;;;;;;;;;;;;;;;;;;;;;;;;;;;;;;;;;;;;;;;;;;;;;;;;;;;;
;;;;;;;;4.117647058823528;0.13959786622897;0.16987447698744768;0.1952380952380952;-4.242424242424243;;;;;;;;;;;;;;;;;;;;;;;;;;;;;;;;;;;;;;;;;;;;;;;;;;;;;;;;;;;;;;;;;;;;
;;;;;;;;;0.14212905877517468;0.16921790046005852;0.1938827527612574;-4.242424242424243;;;;;;;;;;;;;;;;;;;;;;;;;;;;;;;;;;;;;;;;;;;;;;;;;;;;;;;;;;;;;;;;;;;;
;;;;;;;;;0.14276315789473681;0.17053160318124733;0.19456013599660008;-4.242424242424243;;;;;;;;;;;;;;;;;;;;;;;;;;;;;;;;;;;;;;;;;;;;;;;;;;;;;;;;;;;;;;;;;;;;
;;;;;;;;;0.14149548069022183;0.16987447698744768;0.19456013599660008;-4.242424242424243;;;;;;;;;;;;;;;;;;;;;;;;;;;;;;;;;;;;;;;;;;;;;;;;;;;;;;;;;;;;;;;;;;;;
;;;;;;;;;0.8122641509433961;1.0684210526315787;1.3346938775510202;;;;;;;;;;;;;;;;;;;;;;;;;;;;;;;;;;;;;;;;;;;;;;;;;;;;;;;;;;;;;;;;;;;;;
;;;;;;;;-13.125000000000004;0.11168412570507655;0.13833538335383352;0.14149548069022183;-4.242424242424243;;;;;;;;;;;;;;;;;;;;;;;;;;;;;;;;;;;;;;;;;;;;;;;;;;;;;;;;;;;;;;;;;;;;
;;;;;;;;;0.11107531212243253;0.14212905877517468;0.14849360297152292;-4.242424242424243;;;;;;;;;;;;;;;;;;;;;;;;;;;;;;;;;;;;;;;;;;;;;;;;;;;;;;;;;;;;;;;;;;;;
;;;;;;;;;0.11168412570507655;0.14022988505747125;0.1472164948453608;-4.242424242424243;;;;;;;;;;;;;;;;;;;;;;;;;;;;;;;;;;;;;;;;;;;;;;;;;;;;;;;;;;;;;;;;;;;;
;;;;;;;;;0.11148113334228567;0.14022988505747125;0.14572919527602324;-4.242424242424243;;;;;;;;;;;;;;;;;;;;;;;;;;;;;;;;;;;;;;;;;;;;;;;;;;;;;;;;;;;;;;;;;;;;
;;;;;;;;;0.5858856739590688;0.8018779342723003;0.847603833865819;;;;;;;;;;;;;;;;;;;;;;;;;;;;;;;;;;;;;;;;;;;;;;;;;;;;;;;;;;;;;;;;;;;;;
;;;;;;;;-4.242424242424243;0.1562007465781833;0.12706552706552704;0.12520325203252033;4.117647058823528;;;;;;;;;;;;;;;;;;;;;;;;;;;;;;;;;;;;;;;;;;;;;;;;;;;;;;;;;;;;;;;;;;;;
;;;;;;;;;0.15362318840579708;0.12458350264120274;0.12087555735711389;4.117647058823528;;;;;;;;;;;;;;;;;;;;;;;;;;;;;;;;;;;;;;;;;;;;;;;;;;;;;;;;;;;;;;;;;;;;
;;;;;;;;;0.1529801324503311;0.12210953346855982;0.12272727272727273;4.117647058823528;;;;;;;;;;;;;;;;;;;;;;;;;;;;;;;;;;;;;;;;;;;;;;;;;;;;;;;;;;;;;;;;;;;;
;;;;;;;;;0.15426677713338857;0.12458350264120274;0.12293329725341609;4.117647058823528;;;;;;;;;;;;;;;;;;;;;;;;;;;;;;;;;;;;;;;;;;;;;;;;;;;;;;;;;;;;;;;;;;;;
;;;;;;;;;0.3467411545623836;0.2735057983942908;0.2695342628300209;;;;;;;;;;;;;;;;;;;;;;;;;;;;;;;;;;;;;;;;;;;;;;;;;;;;;;;;;;;;;;;;;;;;;
;;;;;;;;0.0;0.17184750733137827;0.16659707724425885;0.15555555555555556;-4.242424242424243;;;;;;;;;;;;;;;;;;;;;;;;;;;;;;;;;;;;;;;;;;;;;;;;;;;;;;;;;;;;;;;;;;;;
;;;;;;;;;0.16594323873121866;0.1633333333333333;0.1491329479768786;-4.242424242424243;;;;;;;;;;;;;;;;;;;;;;;;;;;;;;;;;;;;;;;;;;;;;;;;;;;;;;;;;;;;;;;;;;;;
;;;;;;;;;0.16921790046005852;0.16725146198830404;0.15362318840579708;-4.242424242424243;;;;;;;;;;;;;;;;;;;;;;;;;;;;;;;;;;;;;;;;;;;;;;;;;;;;;;;;;;;;;;;;;;;;
;;;;;;;;;0.16899916364650144;0.16572541382667985;0.15276589874465463;-4.242424242424243;;;;;;;;;;;;;;;;;;;;;;;;;;;;;;;;;;;;;;;;;;;;;;;;;;;;;;;;;;;;;;;;;;;;
;;;;;;;;;1.0597902097902152;1.0279551337359845;0.908449548810505;;;;;;;;;;;;;;;;;;;;;;;;;;;;;;;;;;;;;;;;;;;;;;;;;;;;;;;;;;;;;;;;;;;;;
;;;;;;;;0.8333333333333331;0.1472164948453608;0.16594323873121866;0.21237645036527714;-4.242424242424243;;;;;;;;;;;;;;;;;;;;;;;;;;;;;;;;;;;;;;;;;;;;;;;;;;;;;;;;;;;;;;;;;;;;
;;;;;;;;;0.15233760860570952;0.16856187290969896;0.21237645036527714;-4.242424242424243;;;;;;;;;;;;;;;;;;;;;;;;;;;;;;;;;;;;;;;;;;;;;;;;;;;;;;;;;;;;;;;;;;;;
;;;;;;;;;0.14530477759472818;0.1731656184486373;0.21933534743202415;-4.242424242424243;;;;;;;;;;;;;;;;;;;;;;;;;;;;;;;;;;;;;;;;;;;;;;;;;;;;;;;;;;;;;;;;;;;;
;;;;;;;;;0.1482806052269603;0.16921790046005852;0.21468942762874743;-4.242424242424243;;;;;;;;;;;;;;;;;;;;;;;;;;;;;;;;;;;;;;;;;;;;;;;;;;;;;;;;;;;;;;;;;;;;
;;;;;;;;;0.8693548387096818;1.0619422572178474;1.590435706694997;;;;;;;;;;;;;;;;;;;;;;;;;;;;;;;;;;;;;;;;;;;;;;;;;;;;;;;;;;;;;;;;;;;;;
;;;;;;;;4.117647058823528;0.15749273557492735;0.17580848383032335;0.19999999999999998;-4.242424242424243;;;;;;;;;;;;;;;;;;;;;;;;;;;;;;;;;;;;;;;;;;;;;;;;;;;;;;;;;;;;;;;;;;;;
;;;;;;;;;0.15813953488372093;0.17514693534844666;0.2089193825042881;-4.242424242424243;;;;;;;;;;;;;;;;;;;;;;;;;;;;;;;;;;;;;;;;;;;;;;;;;;;;;;;;;;;;;;;;;;;;
;;;;;;;;;0.1529801324503311;0.17779646761984857;0.20410431808465157;-4.242424242424243;;;;;;;;;;;;;;;;;;;;;;;;;;;;;;;;;;;;;;;;;;;;;;;;;;;;;;;;;;;;;;;;;;;;
;;;;;;;;;0.1562007465781833;0.17624982495448838;0.20433295324971468;-4.242424242424243;;;;;;;;;;;;;;;;;;;;;;;;;;;;;;;;;;;;;;;;;;;;;;;;;;;;;;;;;;;;;;;;;;;;
;;;;;;;;;0.9391521197007481;1.1328532853285387;1.4539553752535421;;;;;;;;;;;;;;;;;;;;;;;;;;;;;;;;;;;;;;;;;;;;;;;;;;;;;;;;;;;;;;;;;;;;;
;;;;;;;;-13.125000000000004;0.11657235246564267;0.14339777869189632;0.16856187290969896;-4.242424242424243;;;;;;;;;;;;;;;;;;;;;;;;;;;;;;;;;;;;;;;;;;;;;;;;;;;;;;;;;;;;;;;;;;;;
;;;;;;;;;0.11595959595959594;0.14149548069022183;0.14849360297152292;-4.242424242424243;;;;;;;;;;;;;;;;;;;;;;;;;;;;;;;;;;;;;;;;;;;;;;;;;;;;;;;;;;;;;;;;;;;;
;;;;;;;;;0.11841359773371103;0.14403292181069957;0.14530477759472818;-4.242424242424243;;;;;;;;;;;;;;;;;;;;;;;;;;;;;;;;;;;;;;;;;;;;;;;;;;;;;;;;;;;;;;;;;;;;
;;;;;;;;;0.11698113207547188;0.14297464016449601;0.15405218831975723;-4.242424242424243;;;;;;;;;;;;;;;;;;;;;;;;;;;;;;;;;;;;;;;;;;;;;;;;;;;;;;;;;;;;;;;;;;;;
;;;;;;;;;0.6244604316546766;0.8245059288537543;0.9198680956306723;;;;;;;;;;;;;;;;;;;;;;;;;;;;;;;;;;;;;;;;;;;;;;;;;;;;;;;;;;;;;;;;;;;;;
;;;;;;;;-4.242424242424243;0.1620316402997502;0.12706552706552704;0.12458350264120274;4.117647058823528;;;;;;;;;;;;;;;;;;;;;;;;;;;;;;;;;;;;;;;;;;;;;;;;;;;;;;;;;;;;;;;;;;;;
;;;;;;;;;0.16594323873121866;0.12706552706552704;0.1276872964169381;4.117647058823528;;;;;;;;;;;;;;;;;;;;;;;;;;;;;;;;;;;;;;;;;;;;;;;;;;;;;;;;;;;;;;;;;;;;
;;;;;;;;;0.16268221574344022;0.1289323553382233;0.12520325203252033;4.117647058823528;;;;;;;;;;;;;;;;;;;;;;;;;;;;;;;;;;;;;;;;;;;;;;;;;;;;;;;;;;;;;;;;;;;;
;;;;;;;;;0.16355049312404477;0.1276872964169381;0.1258235054900366;4.117647058823528;;;;;;;;;;;;;;;;;;;;;;;;;;;;;;;;;;;;;;;;;;;;;;;;;;;;;;;;;;;;;;;;;;;;
;;;;;;;;;0.37036804026423426;0.28100358422939065;0.276496872207328;;;;;;;;;;;;;;;;;;;;;;;;;;;;;;;;;;;;;;;;;;;;;;;;;;;;;;;;;;;;;;;;;;;;;
;;;;;;;;0.0;0.1549108992954828;0.10140056022408961;0.11779935275080905;-4.242424242424243;;;;;;;;;;;;;;;;;;;;;;;;;;;;;;;;;;;;;;;;;;;;;;;;;;;;;;;;;;;;;;;;;;;;
;;;;;;;;;0.15169561621174524;0.10501403931006817;0.12272727272727273;-4.242424242424243;;;;;;;;;;;;;;;;;;;;;;;;;;;;;;;;;;;;;;;;;;;;;;;;;;;;;;;;;;;;;;;;;;;;
;;;;;;;;;0.1510541546093427;0.1032051282051282;0.12149229521492293;-4.242424242424243;;;;;;;;;;;;;;;;;;;;;;;;;;;;;;;;;;;;;;;;;;;;;;;;;;;;;;;;;;;;;;;;;;;;
;;;;;;;;;0.1525517241379308;0.1032051282051282;0.1206700891650907;-4.242424242424243;;;;;;;;;;;;;;;;;;;;;;;;;;;;;;;;;;;;;;;;;;;;;;;;;;;;;;;;;;;;;;;;;;;;
;;;;;;;;;0.9065573770491753;0.5300411522633744;0.6510204081632657;;;;;;;;;;;;;;;;;;;;;;;;;;;;;;;;;;;;;;;;;;;;;;;;;;;;;;;;;;;;;;;;;;;;;
;;;;;;;;0.8333333333333331;0.12955564614757437;0.17053160318124733;0.2013657703798549;-4.242424242424243;;;;;;;;;;;;;;;;;;;;;;;;;;;;;;;;;;;;;;;;;;;;;;;;;;;;;;;;;;;;;;;;;;;;
;;;;;;;;;0.13017944535073409;0.16725146198830404;0.20479041916167665;-4.242424242424243;;;;;;;;;;;;;;;;;;;;;;;;;;;;;;;;;;;;;;;;;;;;;;;;;;;;;;;;;;;;;;;;;;;;
;;;;;;;;;0.1264442636289666;0.17448594208980275;0.20754070265638386;-4.242424242424243;;;;;;;;;;;;;;;;;;;;;;;;;;;;;;;;;;;;;;;;;;;;;;;;;;;;;;;;;;;;;;;;;;;;
;;;;;;;;;0.1287247046041018;0.1707507675132568;0.20456165359943002;-4.242424242424243;;;;;;;;;;;;;;;;;;;;;;;;;;;;;;;;;;;;;;;;;;;;;;;;;;;;;;;;;;;;;;;;;;;;
;;;;;;;;;0.711027756939235;1.0771126760563325;1.4568527918781797;;;;;;;;;;;;;;;;;;;;;;;;;;;;;;;;;;;;;;;;;;;;;;;;;;;;;;;;;;;;;;;;;;;;;
;;;;;;;;4.117647058823528;0.15749273557492735;0.18714043993231808;0.2089193825042881;-4.242424242424243;;;;;;;;;;;;;;;;;;;;;;;;;;;;;;;;;;;;;;;;;;;;;;;;;;;;;;;;;;;;;;;;;;;;
;;;;;;;;;0.16008316008316006;0.18646934460887946;0.20960960960960953;-4.242424242424243;;;;;;;;;;;;;;;;;;;;;;;;;;;;;;;;;;;;;;;;;;;;;;;;;;;;;;;;;;;;;;;;;;;;
;;;;;;;;;0.1549108992954828;0.18112094395280232;0.20960960960960953;-4.242424242424243;;;;;;;;;;;;;;;;;;;;;;;;;;;;;;;;;;;;;;;;;;;;;;;;;;;;;;;;;;;;;;;;;;;;
;;;;;;;;;0.15749273557492735;0.18490566037735867;0.2093794681155278;-4.242424242424243;;;;;;;;;;;;;;;;;;;;;;;;;;;;;;;;;;;;;;;;;;;;;;;;;;;;;;;;;;;;;;;;;;;;
;;;;;;;;;0.9508771929824561;1.2250000000000056;1.5190871369294678;;;;;;;;;;;;;;;;;;;;;;;;;;;;;;;;;;;;;;;;;;;;;;;;;;;;;;;;;;;;;;;;;;;;;
;;;;;;;;-13.125000000000004;0.11902834008097164;0.14785478547854783;0.1497728211482858;-4.242424242424243;;;;;;;;;;;;;;;;;;;;;;;;;;;;;;;;;;;;;;;;;;;;;;;;;;;;;;;;;;;;;;;;;;;;
;;;;;;;;;0.12334551360129921;0.14785478547854783;0.1529801324503311;-4.242424242424243;;;;;;;;;;;;;;;;;;;;;;;;;;;;;;;;;;;;;;;;;;;;;;;;;;;;;;;;;;;;;;;;;;;;
;;;;;;;;;0.11841359773371103;0.14785478547854783;0.14849360297152292;-4.242424242424243;;;;;;;;;;;;;;;;;;;;;;;;;;;;;;;;;;;;;;;;;;;;;;;;;;;;;;;;;;;;;;;;;;;;
;;;;;;;;;0.12025931928687195;0.14785478547854783;0.15041322314049588;-4.242424242424243;;;;;;;;;;;;;;;;;;;;;;;;;;;;;;;;;;;;;;;;;;;;;;;;;;;;;;;;;;;;;;;;;;;;
;;;;;;;;;0.6480349344978164;0.8657004830917874;0.8878048780487804;;;;;;;;;;;;;;;;;;;;;;;;;;;;;;;;;;;;;;;;;;;;;;;;;;;;;;;;;;;;;;;;;;;;;
;;;;;;;;-4.242424242424243;0.15041322314049588;0.12396425670186838;0.11964358039692181;4.117647058823528;;;;;;;;;;;;;;;;;;;;;;;;;;;;;;;;;;;;;;;;;;;;;;;;;;;;;;;;;;;;;;;;;;;;
;;;;;;;;;0.15233760860570952;0.12272727272727273;0.12149229521492293;4.117647058823528;;;;;;;;;;;;;;;;;;;;;;;;;;;;;;;;;;;;;;;;;;;;;;;;;;;;;;;;;;;;;;;;;;;;
;;;;;;;;;0.15878687162442875;0.1264442636289666;0.12087555735711389;4.117647058823528;;;;;;;;;;;;;;;;;;;;;;;;;;;;;;;;;;;;;;;;;;;;;;;;;;;;;;;;;;;;;;;;;;;;
;;;;;;;;;0.15383765875207045;0.12437703141928515;0.1206700891650907;4.117647058823528;;;;;;;;;;;;;;;;;;;;;;;;;;;;;;;;;;;;;;;;;;;;;;;;;;;;;;;;;;;;;;;;;;;;
;;;;;;;;;0.34565756823821353;0.2730083234244944;0.26410408042578326;;;;;;;;;;;;;;;;;;;;;;;;;;;;;;;;;;;;;;;;;;;;;;;;;;;;;;;;;;;;;;;;;;;;;
;;;;;;;;0.0;0.21515281962978902;0.20068259385665527;0.2256499133448873;-4.242424242424243;;;;;;;;;;;;;;;;;;;;;;;;;;;;;;;;;;;;;;;;;;;;;;;;;;;;;;;;;;;;;;;;;;;;
;;;;;;;;;0.21306964746345655;0.20547710740265296;0.23201391909525876;-4.242424242424243;;;;;;;;;;;;;;;;;;;;;;;;;;;;;;;;;;;;;;;;;;;;;;;;;;;;;;;;;;;;;;;;;;;;
;;;;;;;;;0.21099184199227133;0.20204953031596926;0.2313043478260869;-4.242424242424243;;;;;;;;;;;;;;;;;;;;;;;;;;;;;;;;;;;;;;;;;;;;;;;;;;;;;;;;;;;;;;;;;;;;
;;;;;;;;;0.21306964746345655;0.20273387441264415;0.2296510786158971;-4.242424242424243;;;;;;;;;;;;;;;;;;;;;;;;;;;;;;;;;;;;;;;;;;;;;;;;;;;;;;;;;;;;;;;;;;;;
;;;;;;;;;1.5683544303797463;1.4338368580060423;1.8086659064994384;;;;;;;;;;;;;;;;;;;;;;;;;;;;;;;;;;;;;;;;;;;;;;;;;;;;;;;;;;;;;;;;;;;;;
;;;;;;;;0.8333333333333331;0.19185405176071274;0.2172413793103448;0.2660746003552397;-4.242424242424243;;;;;;;;;;;;;;;;;;;;;;;;;;;;;;;;;;;;;;;;;;;;;;;;;;;;;;;;;;;;;;;;;;;;
;;;;;;;;;0.1925297113752122;0.21445783132530116;0.26385809312638575;-4.242424242424243;;;;;;;;;;;;;;;;;;;;;;;;;;;;;;;;;;;;;;;;;;;;;;;;;;;;;;;;;;;;;;;;;;;;
;;;;;;;;;0.18983050847457622;0.213763440860215;0.258709106984969;-4.242424242424243;;;;;;;;;;;;;;;;;;;;;;;;;;;;;;;;;;;;;;;;;;;;;;;;;;;;;;;;;;;;;;;;;;;;
;;;;;;;;;0.19140393043970003;0.21515281962978902;0.2628748707342298;-4.242424242424243;;;;;;;;;;;;;;;;;;;;;;;;;;;;;;;;;;;;;;;;;;;;;;;;;;;;;;;;;;;;;;;;;;;;
;;;;;;;;;1.2979865771812011;1.596805111821086;2.407848443843044;;;;;;;;;;;;;;;;;;;;;;;;;;;;;;;;;;;;;;;;;;;;;;;;;;;;;;;;;;;;;;;;;;;;;
;;;;;;;;4.117647058823528;0.1938827527612574;0.220034542314335;0.252863436123348;-4.242424242424243;;;;;;;;;;;;;;;;;;;;;;;;;;;;;;;;;;;;;;;;;;;;;;;;;;;;;;;;;;;;;;;;;;;;
;;;;;;;;;0.19863655730720067;0.2228373702422145;0.2506819181698196;-4.242424242424243;;;;;;;;;;;;;;;;;;;;;;;;;;;;;;;;;;;;;;;;;;;;;;;;;;;;;;;;;;;;;;;;;;;;
;;;;;;;;;0.1938827527612574;0.21933534743202415;0.24923076923076917;-4.242424242424243;;;;;;;;;;;;;;;;;;;;;;;;;;;;;;;;;;;;;;;;;;;;;;;;;;;;;;;;;;;;;;;;;;;;
;;;;;;;;;0.1954642097802974;0.22073434125269975;0.2509240246406568;-4.242424242424243;;;;;;;;;;;;;;;;;;;;;;;;;;;;;;;;;;;;;;;;;;;;;;;;;;;;;;;;;;;;;;;;;;;;
;;;;;;;;;1.3453658536585296;1.6754098360655736;2.171065989847704;;;;;;;;;;;;;;;;;;;;;;;;;;;;;;;;;;;;;;;;;;;;;;;;;;;;;;;;;;;;;;;;;;;;;
;;;;;;;;-13.125000000000004;0.1472164948453608;0.16725146198830404;0.16790639364814036;-4.242424242424243;;;;;;;;;;;;;;;;;;;;;;;;;;;;;;;;;;;;;;;;;;;;;;;;;;;;;;;;;;;;;;;;;;;;
;;;;;;;;;0.1497728211482858;0.16398499374739475;0.17053160318124733;-4.242424242424243;;;;;;;;;;;;;;;;;;;;;;;;;;;;;;;;;;;;;;;;;;;;;;;;;;;;;;;;;;;;;;;;;;;;
;;;;;;;;;0.1491329479768786;0.16398499374739475;0.1731656184486373;-4.242424242424243;;;;;;;;;;;;;;;;;;;;;;;;;;;;;;;;;;;;;;;;;;;;;;;;;;;;;;;;;;;;;;;;;;;;
;;;;;;;;;0.14870665932856336;0.16507230255839841;0.17053160318124733;-4.242424242424243;;;;;;;;;;;;;;;;;;;;;;;;;;;;;;;;;;;;;;;;;;;;;;;;;;;;;;;;;;;;;;;;;;;;
;;;;;;;;;0.8730210016155043;1.021686746987957;1.0749340369393137;;;;;;;;;;;;;;;;;;;;;;;;;;;;;;;;;;;;;;;;;;;;;;;;;;;;;;;;;;;;;;;;;;;;;
;;;;;;;;-4.242424242424243;0.08359035191775403;0.06906812842599842;0.0684931506849315;-4.242424242424243;;;;;;;;;;;;;;;;;;;;;;;;;;;;;;;;;;;;;;;;;;;;;;;;;;;;;;;;;;;;;;;;;;;;
;;;;;;;;;0.08300395256916995;0.06906812842599842;0.06906812842599842;-4.242424242424243;;;;;;;;;;;;;;;;;;;;;;;;;;;;;;;;;;;;;;;;;;;;;;;;;;;;;;;;;;;;;;;;;;;;
;;;;;;;;;0.08300395256916995;0.0679186228482003;0.06964355660007833;-4.242424242424243;;;;;;;;;;;;;;;;;;;;;;;;;;;;;;;;;;;;;;;;;;;;;;;;;;;;;;;;;;;;;;;;;;;;
;;;;;;;;;0.08319936750560003;0.06868475991649249;0.06906812842599842;-4.242424242424243;;;;;;;;;;;;;;;;;;;;;;;;;;;;;;;;;;;;;;;;;;;;;;;;;;;;;;;;;;;;;;;;;;;;
;;;;;;;;;0.4050032071840921;0.32215422276621747;0.3242647058823529;;;;;;;;;;;;;;;;;;;;;;;;;;;;;;;;;;;;;;;;;;;;;;;;;;;;;;;;;;;;;;;;;;;;;
;;;;;;;;0.0;0.20547710740265296;0.22705984388551603;0.28025078369905954;-1.9125683060109289;;;;;;;;;;;;;;;;;;;;;;;;;;;;;;;;;;;;;;;;;;;;;;;;;;;;;;;;;;;;;;;;;;;;
;;;;;;;;;0.20479041916167665;0.22494586401039407;0.276496872207328;-1.9125683060109289;;;;;;;;;;;;;;;;;;;;;;;;;;;;;;;;;;;;;;;;;;;;;;;;;;;;;;;;;;;;;;;;;;;;
;;;;;;;;;0.20616438356164377;0.22917933130699086;0.27574810183117454;-1.9125683060109289;;;;;;;;;;;;;;;;;;;;;;;;;;;;;;;;;;;;;;;;;;;;;;;;;;;;;;;;;;;;;;;;;;;;
;;;;;;;;;0.20547710740265296;0.22705984388551603;0.2774962742175854;-1.9125683060109289;;;;;;;;;;;;;;;;;;;;;;;;;;;;;;;;;;;;;;;;;;;;;;;;;;;;;;;;;;;;;;;;;;;;
;;;;;;;;;-6.402666666666666;-4.939622641509433;-3.5399239543726275;;;;;;;;;;;;;;;;;;;;;;;;;;;;;;;;;;;;;;;;;;;;;;;;;;;;;;;;;;;;;;;;;;;;;
;;;;;;;;0.8333333333333331;0.13833538335383352;0.15749273557492735;0.16268221574344022;-1.9125683060109289;;;;;;;;;;;;;;;;;;;;;;;;;;;;;;;;;;;;;;;;;;;;;;;;;;;;;;;;;;;;;;;;;;;;
;;;;;;;;;0.13644553644553642;0.15684647302904564;0.1620316402997502;-1.9125683060109289;;;;;;;;;;;;;;;;;;;;;;;;;;;;;;;;;;;;;;;;;;;;;;;;;;;;;;;;;;;;;;;;;;;;
;;;;;;;;;0.13393295175797218;0.16008316008316006;0.16138160632542656;-1.9125683060109289;;;;;;;;;;;;;;;;;;;;;;;;;;;;;;;;;;;;;;;;;;;;;;;;;;;;;;;;;;;;;;;;;;;;
;;;;;;;;;0.13623584004367428;0.15813953488372093;0.1620316402997502;-1.9125683060109289;;;;;;;;;;;;;;;;;;;;;;;;;;;;;;;;;;;;;;;;;;;;;;;;;;;;;;;;;;;;;;;;;;;;
;;;;;;;;;10.969230769230899;-95.19999999999992;-38.92000000000013;;;;;;;;;;;;;;;;;;;;;;;;;;;;;;;;;;;;;;;;;;;;;;;;;;;;;;;;;;;;;;;;;;;;;
;;;;;;;;4.117647058823528;0.11107531212243253;0.11841359773371103;0.12334551360129921;-1.9125683060109289;;;;;;;;;;;;;;;;;;;;;;;;;;;;;;;;;;;;;;;;;;;;;;;;;;;;;;;;;;;;;;;;;;;;
;;;;;;;;;0.11107531212243253;0.12149229521492293;0.12458350264120274;-1.9125683060109289;;;;;;;;;;;;;;;;;;;;;;;;;;;;;;;;;;;;;;;;;;;;;;;;;;;;;;;;;;;;;;;;;;;;
;;;;;;;;;0.10985915492957744;0.12087555735711389;0.12149229521492293;-1.9125683060109289;;;;;;;;;;;;;;;;;;;;;;;;;;;;;;;;;;;;;;;;;;;;;;;;;;;;;;;;;;;;;;;;;;;;
;;;;;;;;;0.1106697087639241;0.12025931928687195;0.12313937753721266;-1.9125683060109289;;;;;;;;;;;;;;;;;;;;;;;;;;;;;;;;;;;;;;;;;;;;;;;;;;;;;;;;;;;;;;;;;;;;
;;;;;;;;;3.835348837209277;5.3;5.909090909090955;;;;;;;;;;;;;;;;;;;;;;;;;;;;;;;;;;;;;;;;;;;;;;;;;;;;;;;;;;;;;;;;;;;;;
;;;;;;;;-13.125000000000004;0.15684647302904564;0.17118927973199324;0.17846024400504834;-3.017241379310345;;;;;;;;;;;;;;;;;;;;;;;;;;;;;;;;;;;;;;;;;;;;;;;;;;;;;;;;;;;;;;;;;;;;
;;;;;;;;;0.1510541546093427;0.1725062866722548;0.17978947368421053;-3.017241379310345;;;;;;;;;;;;;;;;;;;;;;;;;;;;;;;;;;;;;;;;;;;;;;;;;;;;;;;;;;;;;;;;;;;;
;;;;;;;;;0.15555555555555556;0.1731656184486373;0.17713324926439677;-3.017241379310345;;;;;;;;;;;;;;;;;;;;;;;;;;;;;;;;;;;;;;;;;;;;;;;;;;;;;;;;;;;;;;;;;;;;
;;;;;;;;;0.15448142521751113;0.1722866322112029;0.17846024400504834;-3.017241379310345;;;;;;;;;;;;;;;;;;;;;;;;;;;;;;;;;;;;;;;;;;;;;;;;;;;;;;;;;;;;;;;;;;;;
;;;;;;;;;1.3826946847960513;1.6965612104539112;1.820600858369098;;;;;;;;;;;;;;;;;;;;;;;;;;;;;;;;;;;;;;;;;;;;;;;;;;;;;;;;;;;;;;;;;;;;;
;;;;;;;;-4.242424242424243;0.08476454293628807;0.08183254344391784;0.07891210090658256;-3.017241379310345;;;;;;;;;;;;;;;;;;;;;;;;;;;;;;;;;;;;;;;;;;;;;;;;;;;;;;;;;;;;;;;;;;;;
;;;;;;;;;0.08888888888888888;0.07949526813880126;0.08300395256916995;-3.017241379310345;;;;;;;;;;;;;;;;;;;;;;;;;;;;;;;;;;;;;;;;;;;;;;;;;;;;;;;;;;;;;;;;;;;;
;;;;;;;;;0.08829829432764774;0.07949526813880126;0.07891210090658256;-3.017241379310345;;;;;;;;;;;;;;;;;;;;;;;;;;;;;;;;;;;;;;;;;;;;;;;;;;;;;;;;;;;;;;;;;;;;
;;;;;;;;;0.0873150105708243;0.0802735402419777;0.0802735402419777;-3.017241379310345;;;;;;;;;;;;;;;;;;;;;;;;;;;;;;;;;;;;;;;;;;;;;;;;;;;;;;;;;;;;;;;;;;;;
;;;;;;;;;0.5816901408450706;0.5208191126279866;0.5208191126279866;;;;;;;;;;;;;;;;;;;;;;;;;;;;;;;;;;;;;;;;;;;;;;;;;;;;;;;;;;;;;;;;;;;;;
;;;;;;;;0.0;0.2377127891750327;0.2847777278850471;0.29850611136260746;-1.9125683060109289;;;;;;;;;;;;;;;;;;;;;;;;;;;;;;;;;;;;;;;;;;;;;;;;;;;;;;;;;;;;;;;;;;;;
;;;;;;;;;0.2377127891750327;0.28856885688568856;0.29927536231884055;-1.9125683060109289;;;;;;;;;;;;;;;;;;;;;;;;;;;;;;;;;;;;;;;;;;;;;;;;;;;;;;;;;;;;;;;;;;;;
;;;;;;;;;0.2369982547993019;0.2772463120250335;0.2962025316455696;-1.9125683060109289;;;;;;;;;;;;;;;;;;;;;;;;;;;;;;;;;;;;;;;;;;;;;;;;;;;;;;;;;;;;;;;;;;;;
;;;;;;;;;0.2374745417515277;0.2835177983846841;0.29799366420274526;-1.9125683060109289;;;;;;;;;;;;;;;;;;;;;;;;;;;;;;;;;;;;;;;;;;;;;;;;;;;;;;;;;;;;;;;;;;;;
;;;;;;;;;-4.5093922651933624;-3.446545454545458;-3.2543657331136773;;;;;;;;;;;;;;;;;;;;;;;;;;;;;;;;;;;;;;;;;;;;;;;;;;;;;;;;;;;;;;;;;;;;;
;;;;;;;;0.8333333333333331;0.1594347464671654;0.16725146198830404;0.18915713680643792;-1.9125683060109289;;;;;;;;;;;;;;;;;;;;;;;;;;;;;;;;;;;;;;;;;;;;;;;;;;;;;;;;;;;;;;;;;;;;
;;;;;;;;;0.15749273557492735;0.1652899457655402;0.18714043993231808;-1.9125683060109289;;;;;;;;;;;;;;;;;;;;;;;;;;;;;;;;;;;;;;;;;;;;;;;;;;;;;;;;;;;;;;;;;;;;
;;;;;;;;;0.15749273557492735;0.16790639364814036;0.19117896522476674;-1.9125683060109289;;;;;;;;;;;;;;;;;;;;;;;;;;;;;;;;;;;;;;;;;;;;;;;;;;;;;;;;;;;;;;;;;;;;
;;;;;;;;;0.15813953488372093;0.16681514476614676;0.18915713680643792;-1.9125683060109289;;;;;;;;;;;;;;;;;;;;;;;;;;;;;;;;;;;;;;;;;;;;;;;;;;;;;;;;;;;;;;;;;;;;
;;;;;;;;;-95.19999999999992;-23.046153846154287;-8.756862745098042;;;;;;;;;;;;;;;;;;;;;;;;;;;;;;;;;;;;;;;;;;;;;;;;;;;;;;;;;;;;;;;;;;;;;
;;;;;;;;4.117647058823528;0.12272727272727273;0.13142857142857142;0.13330608908868;-1.9125683060109289;;;;;;;;;;;;;;;;;;;;;;;;;;;;;;;;;;;;;;;;;;;;;;;;;;;;;;;;;;;;;;;;;;;;
;;;;;;;;;0.11964358039692181;0.13456032719836397;0.13142857142857142;-1.9125683060109289;;;;;;;;;;;;;;;;;;;;;;;;;;;;;;;;;;;;;;;;;;;;;;;;;;;;;;;;;;;;;;;;;;;;
;;;;;;;;;0.12272727272727273;0.13142857142857142;0.1326797385620915;-1.9125683060109289;;;;;;;;;;;;;;;;;;;;;;;;;;;;;;;;;;;;;;;;;;;;;;;;;;;;;;;;;;;;;;;;;;;;
;;;;;;;;;0.12169798566986592;0.13247106875425477;0.13247106875425477;-1.9125683060109289;;;;;;;;;;;;;;;;;;;;;;;;;;;;;;;;;;;;;;;;;;;;;;;;;;;;;;;;;;;;;;;;;;;;
;;;;;;;;;5.591304347826041;8.926605504587245;8.926605504587245;;;;;;;;;;;;;;;;;;;;;;;;;;;;;;;;;;;;;;;;;;;;;;;;;;;;;;;;;;;;;;;;;;;;;
;;;;;;;;-13.125000000000004;0.16398499374739475;0.1804549283909014;0.19050445103857566;-3.017241379310345;;;;;;;;;;;;;;;;;;;;;;;;;;;;;;;;;;;;;;;;;;;;;;;;;;;;;;;;;;;;;;;;;;;;
;;;;;;;;;0.16659707724425885;0.18245466048080977;0.19320594479830147;-3.017241379310345;;;;;;;;;;;;;;;;;;;;;;;;;;;;;;;;;;;;;;;;;;;;;;;;;;;;;;;;;;;;;;;;;;;;
;;;;;;;;;0.1652899457655402;0.1844594594594594;0.18714043993231808;-3.017241379310345;;;;;;;;;;;;;;;;;;;;;;;;;;;;;;;;;;;;;;;;;;;;;;;;;;;;;;;;;;;;;;;;;;;;
;;;;;;;;;0.1652899457655402;0.18245466048080977;0.1902797400395594;-3.017241379310345;;;;;;;;;;;;;;;;;;;;;;;;;;;;;;;;;;;;;;;;;;;;;;;;;;;;;;;;;;;;;;;;;;;;
;;;;;;;;;1.5660079051383398;1.9057268722466956;2.084829721362218;;;;;;;;;;;;;;;;;;;;;;;;;;;;;;;;;;;;;;;;;;;;;;;;;;;;;;;;;;;;;;;;;;;;;
;;;;;;;;-4.242424242424243;0.08652931854199682;0.09184890656063617;0.08652931854199682;-3.017241379310345;;;;;;;;;;;;;;;;;;;;;;;;;;;;;;;;;;;;;;;;;;;;;;;;;;;;;;;;;;;;;;;;;;;;
;;;;;;;;;0.08829829432764774;0.08770816812053923;0.08476454293628807;-3.017241379310345;;;;;;;;;;;;;;;;;;;;;;;;;;;;;;;;;;;;;;;;;;;;;;;;;;;;;;;;;;;;;;;;;;;;
;;;;;;;;;0.08770816812053923;0.08770816812053923;0.08476454293628807;-3.017241379310345;;;;;;;;;;;;;;;;;;;;;;;;;;;;;;;;;;;;;;;;;;;;;;;;;;;;;;;;;;;;;;;;;;;;
;;;;;;;;;0.08751156336725274;0.08908585791771377;0.08535233570863023;-3.017241379310345;;;;;;;;;;;;;;;;;;;;;;;;;;;;;;;;;;;;;;;;;;;;;;;;;;;;;;;;;;;;;;;;;;;;
;;;;;;;;;0.5834361233480172;0.5975155279503107;0.5643979057591622;;;;;;;;;;;;;;;;;;;;;;;;;;;;;;;;;;;;;;;;;;;;;;;;;;;;;;;;;;;;;;;;;;;;;
;;;;;;;;0.0;0.1258235054900366;0.12830957230142567;0.15233760860570952;-1.6166281755196306;;;;;;;;;;;;;;;;;;;;;;;;;;;;;;;;;;;;;;;;;;;;;;;;;;;;;;;;;;;;;;;;;;;;
;;;;;;;;;0.12334551360129921;0.13080375356997143;0.1562007465781833;-1.6166281755196306;;;;;;;;;;;;;;;;;;;;;;;;;;;;;;;;;;;;;;;;;;;;;;;;;;;;;;;;;;;;;;;;;;;;
;;;;;;;;;0.12458350264120274;0.13142857142857142;0.1529801324503311;-1.6166281755196306;;;;;;;;;;;;;;;;;;;;;;;;;;;;;;;;;;;;;;;;;;;;;;;;;;;;;;;;;;;;;;;;;;;;
;;;;;;;;;0.12458350264120274;0.13017944535073409;0.15383765875207045;-1.6166281755196306;;;;;;;;;;;;;;;;;;;;;;;;;;;;;;;;;;;;;;;;;;;;;;;;;;;;;;;;;;;;;;;;;;;;
;;;;;;;;;-3.607058823529412;-3.3957446808510645;-2.828426395939084;;;;;;;;;;;;;;;;;;;;;;;;;;;;;;;;;;;;;;;;;;;;;;;;;;;;;;;;;;;;;;;;;;;;;
;;;;;;;;0.8333333333333331;0.08359035191775403;0.08476454293628807;0.09780439121756485;-1.6166281755196306;;;;;;;;;;;;;;;;;;;;;;;;;;;;;;;;;;;;;;;;;;;;;;;;;;;;;;;;;;;;;;;;;;;;
;;;;;;;;;0.07832939322301023;0.08770816812053923;0.10019992003198719;-1.6166281755196306;;;;;;;;;;;;;;;;;;;;;;;;;;;;;;;;;;;;;;;;;;;;;;;;;;;;;;;;;;;;;;;;;;;;
;;;;;;;;;0.07891210090658256;0.08947995236204842;0.10019992003198719;-1.6166281755196306;;;;;;;;;;;;;;;;;;;;;;;;;;;;;;;;;;;;;;;;;;;;;;;;;;;;;;;;;;;;;;;;;;;;
;;;;;;;;;0.0802735402419777;0.0873150105708243;0.0994005594778209;-1.6166281755196306;;;;;;;;;;;;;;;;;;;;;;;;;;;;;;;;;;;;;;;;;;;;;;;;;;;;;;;;;;;;;;;;;;;;
;;;;;;;;;-17.952941176470368;-9.439999999999944;-5.696183206106887;;;;;;;;;;;;;;;;;;;;;;;;;;;;;;;;;;;;;;;;;;;;;;;;;;;;;;;;;;;;;;;;;;;;;
;;;;;;;;4.117647058823528;0.11779935275080905;0.13080375356997143;0.12706552706552704;-1.9125683060109289;;;;;;;;;;;;;;;;;;;;;;;;;;;;;;;;;;;;;;;;;;;;;;;;;;;;;;;;;;;;;;;;;;;;
;;;;;;;;;0.12025931928687195;0.13017944535073409;0.12396425670186838;-1.9125683060109289;;;;;;;;;;;;;;;;;;;;;;;;;;;;;;;;;;;;;;;;;;;;;;;;;;;;;;;;;;;;;;;;;;;;
;;;;;;;;;0.12458350264120274;0.12955564614757437;0.1258235054900366;-1.9125683060109289;;;;;;;;;;;;;;;;;;;;;;;;;;;;;;;;;;;;;;;;;;;;;;;;;;;;;;;;;;;;;;;;;;;;
;;;;;;;;;0.12087555735711389;0.13017944535073409;0.1256166982922203;-1.9125683060109289;;;;;;;;;;;;;;;;;;;;;;;;;;;;;;;;;;;;;;;;;;;;;;;;;;;;;;;;;;;;;;;;;;;;
;;;;;;;;;5.421818181818178;7.979999999999992;6.526760563380337;;;;;;;;;;;;;;;;;;;;;;;;;;;;;;;;;;;;;;;;;;;;;;;;;;;;;;;;;;;;;;;;;;;;;
;;;;;;;;-13.125000000000004;0.08417721518987341;0.08183254344391784;0.09900119856172591;-1.9125683060109289;;;;;;;;;;;;;;;;;;;;;;;;;;;;;;;;;;;;;;;;;;;;;;;;;;;;;;;;;;;;;;;;;;;;
;;;;;;;;;0.08241801659423152;0.08829829432764774;0.0948207171314741;-1.9125683060109289;;;;;;;;;;;;;;;;;;;;;;;;;;;;;;;;;;;;;;;;;;;;;;;;;;;;;;;;;;;;;;;;;;;;
;;;;;;;;;0.08066298342541435;0.0871185097106619;0.09422540820390282;-1.9125683060109289;;;;;;;;;;;;;;;;;;;;;;;;;;;;;;;;;;;;;;;;;;;;;;;;;;;;;;;;;;;;;;;;;;;;
;;;;;;;;;0.08241801659423152;0.0857444561774025;0.0960127591706539;-1.9125683060109289;;;;;;;;;;;;;;;;;;;;;;;;;;;;;;;;;;;;;;;;;;;;;;;;;;;;;;;;;;;;;;;;;;;;
;;;;;;;;;1.7529411764705878;1.9105882352941268;2.508333333333333;;;;;;;;;;;;;;;;;;;;;;;;;;;;;;;;;;;;;;;;;;;;;;;;;;;;;;;;;;;;;;;;;;;;;
;;;;;;;;-4.242424242424243;0.09660949341842838;0.08829829432764774;0.08535233570863023;-3.017241379310345;;;;;;;;;;;;;;;;;;;;;;;;;;;;;;;;;;;;;;;;;;;;;;;;;;;;;;;;;;;;;;;;;;;;
;;;;;;;;;0.09780439121756485;0.08535233570863023;0.08652931854199682;-3.017241379310345;;;;;;;;;;;;;;;;;;;;;;;;;;;;;;;;;;;;;;;;;;;;;;;;;;;;;;;;;;;;;;;;;;;;
;;;;;;;;;0.09363057324840764;0.08947995236204842;0.08594059405940593;-3.017241379310345;;;;;;;;;;;;;;;;;;;;;;;;;;;;;;;;;;;;;;;;;;;;;;;;;;;;;;;;;;;;;;;;;;;;
;;;;;;;;;0.0960127591706539;0.08770816812053923;0.08594059405940593;-3.017241379310345;;;;;;;;;;;;;;;;;;;;;;;;;;;;;;;;;;;;;;;;;;;;;;;;;;;;;;;;;;;;;;;;;;;;
;;;;;;;;;0.6615384615384614;0.585185185185185;0.5695538057742782;;;;;;;;;;;;;;;;;;;;;;;;;;;;;;;;;;;;;;;;;;;;;;;;;;;;;;;;;;;;;;;;;;;;;
;;;;;;;;0.0;0.1370749692748873;0.1472164948453608;0.15684647302904564;-1.6166281755196306;;;;;;;;;;;;;;;;;;;;;;;;;;;;;;;;;;;;;;;;;;;;;;;;;;;;;;;;;;;;;;;;;;;;
;;;;;;;;;0.1326797385620915;0.1497728211482858;0.15684647302904564;-1.6166281755196306;;;;;;;;;;;;;;;;;;;;;;;;;;;;;;;;;;;;;;;;;;;;;;;;;;;;;;;;;;;;;;;;;;;;
;;;;;;;;;0.13581661891117477;0.14785478547854783;0.15878687162442875;-1.6166281755196306;;;;;;;;;;;;;;;;;;;;;;;;;;;;;;;;;;;;;;;;;;;;;;;;;;;;;;;;;;;;;;;;;;;;
;;;;;;;;;0.13518821603927986;0.1482806052269603;0.15749273557492735;-1.6166281755196306;;;;;;;;;;;;;;;;;;;;;;;;;;;;;;;;;;;;;;;;;;;;;;;;;;;;;;;;;;;;;;;;;;;;
;;;;;;;;;-3.2392156862745103;-2.9293478260869588;-2.769343065693431;;;;;;;;;;;;;;;;;;;;;;;;;;;;;;;;;;;;;;;;;;;;;;;;;;;;;;;;;;;;;;;;;;;;;
;;;;;;;;0.8333333333333331;0.08594059405940593;0.08594059405940593;0.09007148530579824;-1.6166281755196306;;;;;;;;;;;;;;;;;;;;;;;;;;;;;;;;;;;;;;;;;;;;;;;;;;;;;;;;;;;;;;;;;;;;
;;;;;;;;;0.08770816812053923;0.08476454293628807;0.09066348827969803;-1.6166281755196306;;;;;;;;;;;;;;;;;;;;;;;;;;;;;;;;;;;;;;;;;;;;;;;;;;;;;;;;;;;;;;;;;;;;
;;;;;;;;;0.08417721518987341;0.08594059405940593;0.09007148530579824;-1.6166281755196306;;;;;;;;;;;;;;;;;;;;;;;;;;;;;;;;;;;;;;;;;;;;;;;;;;;;;;;;;;;;;;;;;;;;
;;;;;;;;;0.08594059405940593;0.08554837006730875;0.09026876737720091;-1.6166281755196306;;;;;;;;;;;;;;;;;;;;;;;;;;;;;;;;;;;;;;;;;;;;;;;;;;;;;;;;;;;;;;;;;;;;
;;;;;;;;;-10.333333333333334;-10.62622950819665;-8.021176470588196;;;;;;;;;;;;;;;;;;;;;;;;;;;;;;;;;;;;;;;;;;;;;;;;;;;;;;;;;;;;;;;;;;;;;
;;;;;;;;4.117647058823528;0.12396425670186838;0.13456032719836397;0.14276315789473681;-1.9125683060109289;;;;;;;;;;;;;;;;;;;;;;;;;;;;;;;;;;;;;;;;;;;;;;;;;;;;;;;;;;;;;;;;;;;;
;;;;;;;;;0.12396425670186838;0.13518821603927986;0.1408624229979466;-1.9125683060109289;;;;;;;;;;;;;;;;;;;;;;;;;;;;;;;;;;;;;;;;;;;;;;;;;;;;;;;;;;;;;;;;;;;;
;;;;;;;;;0.12334551360129921;0.12955564614757437;0.13833538335383352;-1.9125683060109289;;;;;;;;;;;;;;;;;;;;;;;;;;;;;;;;;;;;;;;;;;;;;;;;;;;;;;;;;;;;;;;;;;;;
;;;;;;;;;0.12375795316095864;0.1330972487060748;0.14065151929920633;-1.9125683060109289;;;;;;;;;;;;;;;;;;;;;;;;;;;;;;;;;;;;;;;;;;;;;;;;;;;;;;;;;;;;;;;;;;;;
;;;;;;;;;6.054304635761634;9.218867924528404;14.68000000000021;;;;;;;;;;;;;;;;;;;;;;;;;;;;;;;;;;;;;;;;;;;;;;;;;;;;;;;;;;;;;;;;;;;;;
;;;;;;;;-13.125000000000004;0.08300395256916995;0.0948207171314741;0.0960127591706539;-1.9125683060109289;;;;;;;;;;;;;;;;;;;;;;;;;;;;;;;;;;;;;;;;;;;;;;;;;;;;;;;;;;;;;;;;;;;;
;;;;;;;;;0.08183254344391784;0.09422540820390282;0.09660949341842838;-1.9125683060109289;;;;;;;;;;;;;;;;;;;;;;;;;;;;;;;;;;;;;;;;;;;;;;;;;;;;;;;;;;;;;;;;;;;;
;;;;;;;;;0.08417721518987341;0.09244232299124899;0.09660949341842838;-1.9125683060109289;;;;;;;;;;;;;;;;;;;;;;;;;;;;;;;;;;;;;;;;;;;;;;;;;;;;;;;;;;;;;;;;;;;;
;;;;;;;;;0.08300395256916995;0.09382879893828779;0.09641052911459737;-1.9125683060109289;;;;;;;;;;;;;;;;;;;;;;;;;;;;;;;;;;;;;;;;;;;;;;;;;;;;;;;;;;;;;;;;;;;;
;;;;;;;;;1.779661016949152;2.3645484949832647;2.5356643356643485;;;;;;;;;;;;;;;;;;;;;;;;;;;;;;;;;;;;;;;;;;;;;;;;;;;;;;;;;;;;;;;;;;;;;
;;;;;;;;-4.242424242424243;0.09960031974420462;0.09244232299124899;0.09125596184419714;-3.017241379310345;;;;;;;;;;;;;;;;;;;;;;;;;;;;;;;;;;;;;;;;;;;;;;;;;;;;;;;;;;;;;;;;;;;;
;;;;;;;;;0.10140056022408961;0.09422540820390282;0.09125596184419714;-3.017241379310345;;;;;;;;;;;;;;;;;;;;;;;;;;;;;;;;;;;;;;;;;;;;;;;;;;;;;;;;;;;;;;;;;;;;
;;;;;;;;;0.09960031974420462;0.09125596184419714;0.08888888888888888;-3.017241379310345;;;;;;;;;;;;;;;;;;;;;;;;;;;;;;;;;;;;;;;;;;;;;;;;;;;;;;;;;;;;;;;;;;;;
;;;;;;;;;0.10019992003198719;0.09264023339079676;0.09046610169491542;-3.017241379310345;;;;;;;;;;;;;;;;;;;;;;;;;;;;;;;;;;;;;;;;;;;;;;;;;;;;;;;;;;;;;;;;;;;;
;;;;;;;;;0.7019607843137253;0.6299368800721373;0.6099999999999995;;;;;;;;;;;;;;;;;;;;;;;;;;;;;;;;;;;;;;;;;;;;;;;;;;;;;;;;;;;;;;;;;;;;;
;;;;;;;;0.0;0.13080375356997143;0.13518821603927986;0.15426677713338857;-1.6166281755196306;;;;;;;;;;;;;;;;;;;;;;;;;;;;;;;;;;;;;;;;;;;;;;;;;;;;;;;;;;;;;;;;;;;;
;;;;;;;;;0.12706552706552704;0.13770491803278684;0.1562007465781833;-1.6166281755196306;;;;;;;;;;;;;;;;;;;;;;;;;;;;;;;;;;;;;;;;;;;;;;;;;;;;;;;;;;;;;;;;;;;;
;;;;;;;;;0.1264442636289666;0.1370749692748873;0.15362318840579708;-1.6166281755196306;;;;;;;;;;;;;;;;;;;;;;;;;;;;;;;;;;;;;;;;;;;;;;;;;;;;;;;;;;;;;;;;;;;;
;;;;;;;;;0.12810209068694017;0.13665529010238883;0.1546961325966853;-1.6166281755196306;;;;;;;;;;;;;;;;;;;;;;;;;;;;;;;;;;;;;;;;;;;;;;;;;;;;;;;;;;;;;;;;;;;;
;;;;;;;;;-3.469117647058828;-3.198083067092649;-2.8140703517587955;;;;;;;;;;;;;;;;;;;;;;;;;;;;;;;;;;;;;;;;;;;;;;;;;;;;;;;;;;;;;;;;;;;;;
;;;;;;;;0.8333333333333331;0.07832939322301023;0.08535233570863023;0.0948207171314741;-1.6166281755196306;;;;;;;;;;;;;;;;;;;;;;;;;;;;;;;;;;;;;;;;;;;;;;;;;;;;;;;;;;;;;;;;;;;;
;;;;;;;;;0.07832939322301023;0.08359035191775403;0.0960127591706539;-1.6166281755196306;;;;;;;;;;;;;;;;;;;;;;;;;;;;;;;;;;;;;;;;;;;;;;;;;;;;;;;;;;;;;;;;;;;;
;;;;;;;;;0.07774714454509647;0.08359035191775403;0.09184890656063617;-1.6166281755196306;;;;;;;;;;;;;;;;;;;;;;;;;;;;;;;;;;;;;;;;;;;;;;;;;;;;;;;;;;;;;;;;;;;;
;;;;;;;;;0.07813525935653334;0.08417721518987341;0.09422540820390282;-1.6166281755196306;;;;;;;;;;;;;;;;;;;;;;;;;;;;;;;;;;;;;;;;;;;;;;;;;;;;;;;;;;;;;;;;;;;;
;;;;;;;;;-25.869565217391873;-11.822222222222225;-6.760000000000002;;;;;;;;;;;;;;;;;;;;;;;;;;;;;;;;;;;;;;;;;;;;;;;;;;;;;;;;;;;;;;;;;;;;;
;;;;;;;;4.117647058823528;0.12396425670186838;0.13770491803278684;0.14276315789473681;-1.9125683060109289;;;;;;;;;;;;;;;;;;;;;;;;;;;;;;;;;;;;;;;;;;;;;;;;;;;;;;;;;;;;;;;;;;;;
;;;;;;;;;0.12706552706552704;0.13770491803278684;0.14657873042044517;-1.9125683060109289;;;;;;;;;;;;;;;;;;;;;;;;;;;;;;;;;;;;;;;;;;;;;;;;;;;;;;;;;;;;;;;;;;;;
;;;;;;;;;0.1258235054900366;0.13770491803278684;0.14785478547854783;-1.9125683060109289;;;;;;;;;;;;;;;;;;;;;;;;;;;;;;;;;;;;;;;;;;;;;;;;;;;;;;;;;;;;;;;;;;;;
;;;;;;;;;0.1256166982922203;0.13770491803278684;0.14572919527602324;-1.9125683060109289;;;;;;;;;;;;;;;;;;;;;;;;;;;;;;;;;;;;;;;;;;;;;;;;;;;;;;;;;;;;;;;;;;;;
;;;;;;;;;6.526760563380337;11.99999999999999;23.0695652173918;;;;;;;;;;;;;;;;;;;;;;;;;;;;;;;;;;;;;;;;;;;;;;;;;;;;;;;;;;;;;;;;;;;;;
;;;;;;;;-13.125000000000004;0.08007889546351084;0.09007148530579824;0.08829829432764774;-1.9125683060109289;;;;;;;;;;;;;;;;;;;;;;;;;;;;;;;;;;;;;;;;;;;;;;;;;;;;;;;;;;;;;;;;;;;;
;;;;;;;;;0.07716535433070866;0.08829829432764774;0.08535233570863023;-1.9125683060109289;;;;;;;;;;;;;;;;;;;;;;;;;;;;;;;;;;;;;;;;;;;;;;;;;;;;;;;;;;;;;;;;;;;;
;;;;;;;;;0.07658402203856748;0.08829829432764774;0.08829829432764774;-1.9125683060109289;;;;;;;;;;;;;;;;;;;;;;;;;;;;;;;;;;;;;;;;;;;;;;;;;;;;;;;;;;;;;;;;;;;;
;;;;;;;;;0.07794117647058803;0.08888888888888888;0.0873150105708243;-1.9125683060109289;;;;;;;;;;;;;;;;;;;;;;;;;;;;;;;;;;;;;;;;;;;;;;;;;;;;;;;;;;;;;;;;;;;;
;;;;;;;;;1.5621052631578867;2.0740740740740735;1.9903614457831216;;;;;;;;;;;;;;;;;;;;;;;;;;;;;;;;;;;;;;;;;;;;;;;;;;;;;;;;;;;;;;;;;;;;;
;;;;;;;;-4.242424242424243;0.10019992003198719;0.08652931854199682;0.08829829432764774;-3.017241379310345;;;;;;;;;;;;;;;;;;;;;;;;;;;;;;;;;;;;;;;;;;;;;;;;;;;;;;;;;;;;;;;;;;;;
;;;;;;;;;0.09780439121756485;0.08770816812053923;0.08770816812053923;-3.017241379310345;;;;;;;;;;;;;;;;;;;;;;;;;;;;;;;;;;;;;;;;;;;;;;;;;;;;;;;;;;;;;;;;;;;;
;;;;;;;;;0.09960031974420462;0.08770816812053923;0.08594059405940593;-3.017241379310345;;;;;;;;;;;;;;;;;;;;;;;;;;;;;;;;;;;;;;;;;;;;;;;;;;;;;;;;;;;;;;;;;;;;
;;;;;;;;;0.09920085242408076;0.0873150105708243;0.0873150105708243;-3.017241379310345;;;;;;;;;;;;;;;;;;;;;;;;;;;;;;;;;;;;;;;;;;;;;;;;;;;;;;;;;;;;;;;;;;;;
;;;;;;;;;0.6921933085501862;0.5816901408450706;0.5816901408450706;;;;;;;;;;;;;;;;;;;;;;;;;;;;;;;;;;;;;;;;;;;;;;;;;;;;;;;;;;;;;;;;;;;;;
;;;;;;;;0.0;0.1289323553382233;0.14530477759472818;0.14276315789473681;-1.6166281755196306;;;;;;;;;;;;;;;;;;;;;;;;;;;;;;;;;;;;;;;;;;;;;;;;;;;;;;;;;;;;;;;;;;;;
;;;;;;;;;0.12706552706552704;0.14403292181069957;0.14339777869189632;-1.6166281755196306;;;;;;;;;;;;;;;;;;;;;;;;;;;;;;;;;;;;;;;;;;;;;;;;;;;;;;;;;;;;;;;;;;;;
;;;;;;;;;0.12830957230142567;0.13959786622897;0.14149548069022183;-1.6166281755196306;;;;;;;;;;;;;;;;;;;;;;;;;;;;;;;;;;;;;;;;;;;;;;;;;;;;;;;;;;;;;;;;;;;;
;;;;;;;;;0.12810209068694017;0.14297464016449601;0.1425517335891464;-1.6166281755196306;;;;;;;;;;;;;;;;;;;;;;;;;;;;;;;;;;;;;;;;;;;;;;;;;;;;;;;;;;;;;;;;;;;;
;;;;;;;;;-3.469117647058828;-3.0408163265306096;-3.05043988269795;;;;;;;;;;;;;;;;;;;;;;;;;;;;;;;;;;;;;;;;;;;;;;;;;;;;;;;;;;;;;;;;;;;;;
;;;;;;;;0.8333333333333331;0.08535233570863023;0.07658402203856748;0.09303621169916433;-1.6166281755196306;;;;;;;;;;;;;;;;;;;;;;;;;;;;;;;;;;;;;;;;;;;;;;;;;;;;;;;;;;;;;;;;;;;;
;;;;;;;;;0.08476454293628807;0.07600314712824548;0.09184890656063617;-1.6166281755196306;;;;;;;;;;;;;;;;;;;;;;;;;;;;;;;;;;;;;;;;;;;;;;;;;;;;;;;;;;;;;;;;;;;;
;;;;;;;;;0.08241801659423152;0.07368421052631578;0.09303621169916433;-1.6166281755196306;;;;;;;;;;;;;;;;;;;;;;;;;;;;;;;;;;;;;;;;;;;;;;;;;;;;;;;;;;;;;;;;;;;;
;;;;;;;;;0.08417721518987341;0.07542272906016516;0.09264023339079676;-1.6166281755196306;;;;;;;;;;;;;;;;;;;;;;;;;;;;;;;;;;;;;;;;;;;;;;;;;;;;;;;;;;;;;;;;;;;;
;;;;;;;;;-11.822222222222225;-63.93333333333327;-7.202061855670073;;;;;;;;;;;;;;;;;;;;;;;;;;;;;;;;;;;;;;;;;;;;;;;;;;;;;;;;;;;;;;;;;;;;;
;;;;;;;;4.117647058823528;0.12334551360129921;0.13080375356997143;0.14149548069022183;-1.9125683060109289;;;;;;;;;;;;;;;;;;;;;;;;;;;;;;;;;;;;;;;;;;;;;;;;;;;;;;;;;;;;;;;;;;;;
;;;;;;;;;0.11902834008097164;0.13080375356997143;0.1408624229979466;-1.9125683060109289;;;;;;;;;;;;;;;;;;;;;;;;;;;;;;;;;;;;;;;;;;;;;;;;;;;;;;;;;;;;;;;;;;;;
;;;;;;;;;0.12025931928687195;0.12706552706552704;0.13959786622897;-1.9125683060109289;;;;;;;;;;;;;;;;;;;;;;;;;;;;;;;;;;;;;;;;;;;;;;;;;;;;;;;;;;;;;;;;;;;;
;;;;;;;;;0.12087555735711389;0.12955564614757437;0.14065151929920633;-1.9125683060109289;;;;;;;;;;;;;;;;;;;;;;;;;;;;;;;;;;;;;;;;;;;;;;;;;;;;;;;;;;;;;;;;;;;;
;;;;;;;;;5.421818181818178;7.751219512195119;14.68000000000021;;;;;;;;;;;;;;;;;;;;;;;;;;;;;;;;;;;;;;;;;;;;;;;;;;;;;;;;;;;;;;;;;;;;;
;;;;;;;;-13.125000000000004;0.08476454293628807;0.0948207171314741;0.09303621169916433;-1.9125683060109289;;;;;;;;;;;;;;;;;;;;;;;;;;;;;;;;;;;;;;;;;;;;;;;;;;;;;;;;;;;;;;;;;;;;
;;;;;;;;;0.08594059405940593;0.09125596184419714;0.0948207171314741;-1.9125683060109289;;;;;;;;;;;;;;;;;;;;;;;;;;;;;;;;;;;;;;;;;;;;;;;;;;;;;;;;;;;;;;;;;;;;
;;;;;;;;;0.08241801659423152;0.09303621169916433;0.09660949341842838;-1.9125683060109289;;;;;;;;;;;;;;;;;;;;;;;;;;;;;;;;;;;;;;;;;;;;;;;;;;;;;;;;;;;;;;;;;;;;
;;;;;;;;;0.08437293946986658;0.09303621169916433;0.0948207171314741;-1.9125683060109289;;;;;;;;;;;;;;;;;;;;;;;;;;;;;;;;;;;;;;;;;;;;;;;;;;;;;;;;;;;;;;;;;;;;
;;;;;;;;;1.843804034582123;2.314851485148514;2.428571428571428;;;;;;;;;;;;;;;;;;;;;;;;;;;;;;;;;;;;;;;;;;;;;;;;;;;;;;;;;;;;;;;;;;;;;
;;;;;;;;-4.242424242424243;0.09780439121756485;0.08888888888888888;0.09363057324840764;-3.017241379310345;;;;;;;;;;;;;;;;;;;;;;;;;;;;;;;;;;;;;;;;;;;;;;;;;;;;;;;;;;;;;;;;;;;;
;;;;;;;;;0.09541650059784773;0.08947995236204842;0.09184890656063617;-3.017241379310345;;;;;;;;;;;;;;;;;;;;;;;;;;;;;;;;;;;;;;;;;;;;;;;;;;;;;;;;;;;;;;;;;;;;
;;;;;;;;;0.09960031974420462;0.08770816812053923;0.08947995236204842;-3.017241379310345;;;;;;;;;;;;;;;;;;;;;;;;;;;;;;;;;;;;;;;;;;;;;;;;;;;;;;;;;;;;;;;;;;;;
;;;;;;;;;0.09760510910058559;0.08869197196138096;0.0916512059369204;-3.017241379310345;;;;;;;;;;;;;;;;;;;;;;;;;;;;;;;;;;;;;;;;;;;;;;;;;;;;;;;;;;;;;;;;;;;;
;;;;;;;;;0.6767527675276748;0.593976970770593;0.6208258527827644;;;;;;;;;;;;;;;;;;;;;;;;;;;;;;;;;;;;;;;;;;;;;;;;;;;;;;;;;;;;;;;;;;;;;
;;;;;;;;0.0;0.13959786622897;0.19999999999999998;0.19591663122075714;-1.6166281755196306;;;;;;;;;;;;;;;;;;;;;;;;;;;;;;;;;;;;;;;;;;;;;;;;;;;;;;;;;;;;;;;;;;;;
;;;;;;;;;0.1408624229979466;0.20273387441264415;0.2013657703798549;-1.6166281755196306;;;;;;;;;;;;;;;;;;;;;;;;;;;;;;;;;;;;;;;;;;;;;;;;;;;;;;;;;;;;;;;;;;;;
;;;;;;;;;0.1370749692748873;0.19863655730720067;0.19931798806479115;-1.6166281755196306;;;;;;;;;;;;;;;;;;;;;;;;;;;;;;;;;;;;;;;;;;;;;;;;;;;;;;;;;;;;;;;;;;;;
;;;;;;;;;0.13917680842335545;0.2004549978671977;0.1988636363636361;-1.6166281755196306;;;;;;;;;;;;;;;;;;;;;;;;;;;;;;;;;;;;;;;;;;;;;;;;;;;;;;;;;;;;;;;;;;;;
;;;;;;;;;-3.131692307692305;-2.3302479338842983;-2.3411371237458187;;;;;;;;;;;;;;;;;;;;;;;;;;;;;;;;;;;;;;;;;;;;;;;;;;;;;;;;;;;;;;;;;;;;;
;;;;;;;;0.8333333333333331;0.09125596184419714;0.11107531212243253;0.11718560452891222;-1.6166281755196306;;;;;;;;;;;;;;;;;;;;;;;;;;;;;;;;;;;;;;;;;;;;;;;;;;;;;;;;;;;;;;;;;;;;
;;;;;;;;;0.08829829432764774;0.10682730923694776;0.11534733441033924;-1.6166281755196306;;;;;;;;;;;;;;;;;;;;;;;;;;;;;;;;;;;;;;;;;;;;;;;;;;;;;;;;;;;;;;;;;;;;
;;;;;;;;;0.09066348827969803;0.11229343006852074;0.11473556721840936;-1.6166281755196306;;;;;;;;;;;;;;;;;;;;;;;;;;;;;;;;;;;;;;;;;;;;;;;;;;;;;;;;;;;;;;;;;;;;
;;;;;;;;;0.09007148530579824;0.1100617118325729;0.11575545381093472;-1.6166281755196306;;;;;;;;;;;;;;;;;;;;;;;;;;;;;;;;;;;;;;;;;;;;;;;;;;;;;;;;;;;;;;;;;;;;
;;;;;;;;;-8.099999999999998;-4.458695652173906;-4.054716981132081;;;;;;;;;;;;;;;;;;;;;;;;;;;;;;;;;;;;;;;;;;;;;;;;;;;;;;;;;;;;;;;;;;;;;
;;;;;;;;4.117647058823528;0.13896636587366692;0.15878687162442875;0.16268221574344022;-1.9125683060109289;;;;;;;;;;;;;;;;;;;;;;;;;;;;;;;;;;;;;;;;;;;;;;;;;;;;;;;;;;;;;;;;;;;;
;;;;;;;;;0.14022988505747125;0.1594347464671654;0.16594323873121866;-1.9125683060109289;;;;;;;;;;;;;;;;;;;;;;;;;;;;;;;;;;;;;;;;;;;;;;;;;;;;;;;;;;;;;;;;;;;;
;;;;;;;;;0.13896636587366692;0.1594347464671654;0.16594323873121866;-1.9125683060109289;;;;;;;;;;;;;;;;;;;;;;;;;;;;;;;;;;;;;;;;;;;;;;;;;;;;;;;;;;;;;;;;;;;;
;;;;;;;;;0.13938730853391704;0.15921872835572815;0.16485471986653666;-1.9125683060109289;;;;;;;;;;;;;;;;;;;;;;;;;;;;;;;;;;;;;;;;;;;;;;;;;;;;;;;;;;;;;;;;;;;;
;;;;;;;;;13.410526315789651;-67.61176470587876;-27.576744186047126;;;;;;;;;;;;;;;;;;;;;;;;;;;;;;;;;;;;;;;;;;;;;;;;;;;;;;;;;;;;;;;;;;;;;
;;;;;;;;-13.125000000000004;0.09184890656063617;0.1008;0.10925181013676588;-1.9125683060109289;;;;;;;;;;;;;;;;;;;;;;;;;;;;;;;;;;;;;;;;;;;;;;;;;;;;;;;;;;;;;;;;;;;;
;;;;;;;;;0.09125596184419714;0.09840255591054313;0.11534733441033924;-1.9125683060109289;;;;;;;;;;;;;;;;;;;;;;;;;;;;;;;;;;;;;;;;;;;;;;;;;;;;;;;;;;;;;;;;;;;;
;;;;;;;;;0.09066348827969803;0.09780439121756485;0.11046698872785829;-1.9125683060109289;;;;;;;;;;;;;;;;;;;;;;;;;;;;;;;;;;;;;;;;;;;;;;;;;;;;;;;;;;;;;;;;;;;;
;;;;;;;;;0.09125596184419714;0.09900119856172591;0.11168412570507655;-1.9125683060109289;;;;;;;;;;;;;;;;;;;;;;;;;;;;;;;;;;;;;;;;;;;;;;;;;;;;;;;;;;;;;;;;;;;;
;;;;;;;;;2.207692307692307;2.7230769230769223;3.9599999999999986;;;;;;;;;;;;;;;;;;;;;;;;;;;;;;;;;;;;;;;;;;;;;;;;;;;;;;;;;;;;;;;;;;;;;
;;;;;;;;-4.242424242424243;0.10682730923694776;0.10622240064231232;0.1044105854049719;-3.017241379310345;;;;;;;;;;;;;;;;;;;;;;;;;;;;;;;;;;;;;;;;;;;;;;;;;;;;;;;;;;;;;;;;;;;;
;;;;;;;;;0.10743270389714742;0.10682730923694776;0.1020016012810248;-3.017241379310345;;;;;;;;;;;;;;;;;;;;;;;;;;;;;;;;;;;;;;;;;;;;;;;;;;;;;;;;;;;;;;;;;;;;
;;;;;;;;;0.10622240064231232;0.1044105854049719;0.1032051282051282;-3.017241379310345;;;;;;;;;;;;;;;;;;;;;;;;;;;;;;;;;;;;;;;;;;;;;;;;;;;;;;;;;;;;;;;;;;;;
;;;;;;;;;0.10682730923694776;0.10581939799331082;0.1032051282051282;-3.017241379310345;;;;;;;;;;;;;;;;;;;;;;;;;;;;;;;;;;;;;;;;;;;;;;;;;;;;;;;;;;;;;;;;;;;;
;;;;;;;;;0.7687861271676298;0.7583892617449667;0.7318181818181817;;;;;;;;;;;;;;;;;;;;;;;;;;;;;;;;;;;;;;;;;;;;;;;;;;;;;;;;;;;;;;;;;;;;;
;;;;;;;;0.0;0.16725146198830404;0.19659574468085103;0.23272410791993034;-1.6166281755196306;;;;;;;;;;;;;;;;;;;;;;;;;;;;;;;;;;;;;;;;;;;;;;;;;;;;;;;;;;;;;;;;;;;;
;;;;;;;;;0.16856187290969896;0.1878121032585696;0.23272410791993034;-1.6166281755196306;;;;;;;;;;;;;;;;;;;;;;;;;;;;;;;;;;;;;;;;;;;;;;;;;;;;;;;;;;;;;;;;;;;;
;;;;;;;;;0.16790639364814036;0.1878121032585696;0.2313043478260869;-1.6166281755196306;;;;;;;;;;;;;;;;;;;;;;;;;;;;;;;;;;;;;;;;;;;;;;;;;;;;;;;;;;;;;;;;;;;;
;;;;;;;;;0.16790639364814036;0.19072922555115862;0.23225058004640345;-1.6166281755196306;;;;;;;;;;;;;;;;;;;;;;;;;;;;;;;;;;;;;;;;;;;;;;;;;;;;;;;;;;;;;;;;;;;;
;;;;;;;;;-2.626143790849673;-2.401423487544483;-2.1584905660377354;;;;;;;;;;;;;;;;;;;;;;;;;;;;;;;;;;;;;;;;;;;;;;;;;;;;;;;;;;;;;;;;;;;;;
;;;;;;;;0.8333333333333331;0.10501403931006817;0.11657235246564267;0.10803858520900321;-1.6166281755196306;;;;;;;;;;;;;;;;;;;;;;;;;;;;;;;;;;;;;;;;;;;;;;;;;;;;;;;;;;;;;;;;;;;;
;;;;;;;;;0.10380761523046092;0.11534733441033924;0.10985915492957744;-1.6166281755196306;;;;;;;;;;;;;;;;;;;;;;;;;;;;;;;;;;;;;;;;;;;;;;;;;;;;;;;;;;;;;;;;;;;;
;;;;;;;;;0.10019992003198719;0.11595959595959594;0.10985915492957744;-1.6166281755196306;;;;;;;;;;;;;;;;;;;;;;;;;;;;;;;;;;;;;;;;;;;;;;;;;;;;;;;;;;;;;;;;;;;;
;;;;;;;;;0.1030044064628123;0.11595959595959594;0.10925181013676588;-1.6166281755196306;;;;;;;;;;;;;;;;;;;;;;;;;;;;;;;;;;;;;;;;;;;;;;;;;;;;;;;;;;;;;;;;;;;;
;;;;;;;;;-5.177181208053706;-4.042253521126762;-4.526666666666667;;;;;;;;;;;;;;;;;;;;;;;;;;;;;;;;;;;;;;;;;;;;;;;;;;;;;;;;;;;;;;;;;;;;;
;;;;;;;;4.117647058823528;0.1408624229979466;0.15426677713338857;0.15813953488372093;-1.9125683060109289;;;;;;;;;;;;;;;;;;;;;;;;;;;;;;;;;;;;;;;;;;;;;;;;;;;;;;;;;;;;;;;;;;;;
;;;;;;;;;0.14403292181069957;0.1562007465781833;0.16073211314475874;-1.9125683060109289;;;;;;;;;;;;;;;;;;;;;;;;;;;;;;;;;;;;;;;;;;;;;;;;;;;;;;;;;;;;;;;;;;;;
;;;;;;;;;0.14149548069022183;0.1549108992954828;0.16138160632542656;-1.9125683060109289;;;;;;;;;;;;;;;;;;;;;;;;;;;;;;;;;;;;;;;;;;;;;;;;;;;;;;;;;;;;;;;;;;;;
;;;;;;;;;0.14212905877517468;0.15512572533849103;0.16008316008316006;-1.9125683060109289;;;;;;;;;;;;;;;;;;;;;;;;;;;;;;;;;;;;;;;;;;;;;;;;;;;;;;;;;;;;;;;;;;;;
;;;;;;;;;16.46666666666667;561.399999999687;-55.00000000000012;;;;;;;;;;;;;;;;;;;;;;;;;;;;;;;;;;;;;;;;;;;;;;;;;;;;;;;;;;;;;;;;;;;;;
;;;;;;;;-13.125000000000004;0.09720670391061449;0.09363057324840764;0.09422540820390282;-1.9125683060109289;;;;;;;;;;;;;;;;;;;;;;;;;;;;;;;;;;;;;;;;;;;;;;;;;;;;;;;;;;;;;;;;;;;;
;;;;;;;;;0.0948207171314741;0.09303621169916433;0.09780439121756485;-1.9125683060109289;;;;;;;;;;;;;;;;;;;;;;;;;;;;;;;;;;;;;;;;;;;;;;;;;;;;;;;;;;;;;;;;;;;;
;;;;;;;;;0.09303621169916433;0.09363057324840764;0.09780439121756485;-1.9125683060109289;;;;;;;;;;;;;;;;;;;;;;;;;;;;;;;;;;;;;;;;;;;;;;;;;;;;;;;;;;;;;;;;;;;;
;;;;;;;;;0.09501925886571902;0.09343240015921471;0.09660949341842838;-1.9125683060109289;;;;;;;;;;;;;;;;;;;;;;;;;;;;;;;;;;;;;;;;;;;;;;;;;;;;;;;;;;;;;;;;;;;;
;;;;;;;;;2.4416382252559594;2.3395348837209426;2.5494736842105254;;;;;;;;;;;;;;;;;;;;;;;;;;;;;;;;;;;;;;;;;;;;;;;;;;;;;;;;;;;;;;;;;;;;;
;;;;;;;;-4.242424242424243;0.10561797752808988;0.10501403931006817;0.1044105854049719;-3.017241379310345;;;;;;;;;;;;;;;;;;;;;;;;;;;;;;;;;;;;;;;;;;;;;;;;;;;;;;;;;;;;;;;;;;;;
;;;;;;;;;0.10622240064231232;0.10803858520900321;0.10561797752808988;-3.017241379310345;;;;;;;;;;;;;;;;;;;;;;;;;;;;;;;;;;;;;;;;;;;;;;;;;;;;;;;;;;;;;;;;;;;;
;;;;;;;;;0.1044105854049719;0.10561797752808988;0.10380761523046092;-3.017241379310345;;;;;;;;;;;;;;;;;;;;;;;;;;;;;;;;;;;;;;;;;;;;;;;;;;;;;;;;;;;;;;;;;;;;
;;;;;;;;;0.10541661094021686;0.10622240064231232;0.10461168293008934;-3.017241379310345;;;;;;;;;;;;;;;;;;;;;;;;;;;;;;;;;;;;;;;;;;;;;;;;;;;;;;;;;;;;;;;;;;;;
;;;;;;;;;0.7542583732057411;0.7625360230547549;0.7460438512869403;;;;;;;;;;;;;;;;;;;;;;;;;;;;;;;;;;;;;;;;;;;;;;;;;;;;;;;;;;;;;;;;;;;;;
;;;;;;;;0.0;0.1633333333333333;0.18714043993231808;0.21099184199227133;-1.6166281755196306;;;;;;;;;;;;;;;;;;;;;;;;;;;;;;;;;;;;;;;;;;;;;;;;;;;;;;;;;;;;;;;;;;;;
;;;;;;;;;0.16398499374739475;0.18646934460887946;0.21030042918454933;-1.6166281755196306;;;;;;;;;;;;;;;;;;;;;;;;;;;;;;;;;;;;;;;;;;;;;;;;;;;;;;;;;;;;;;;;;;;;
;;;;;;;;;0.1620316402997502;0.18983050847457622;0.2089193825042881;-1.6166281755196306;;;;;;;;;;;;;;;;;;;;;;;;;;;;;;;;;;;;;;;;;;;;;;;;;;;;;;;;;;;;;;;;;;;;
;;;;;;;;;0.16311623385640903;0.1878121032585696;0.21007009011586347;-1.6166281755196306;;;;;;;;;;;;;;;;;;;;;;;;;;;;;;;;;;;;;;;;;;;;;;;;;;;;;;;;;;;;;;;;;;;;
;;;;;;;;;-2.687871853546912;-2.425136612021858;-2.2698608964451323;;;;;;;;;;;;;;;;;;;;;;;;;;;;;;;;;;;;;;;;;;;;;;;;;;;;;;;;;;;;;;;;;;;;;
;;;;;;;;0.8333333333333331;0.11841359773371103;0.10925181013676588;0.1264442636289666;-1.6166281755196306;;;;;;;;;;;;;;;;;;;;;;;;;;;;;;;;;;;;;;;;;;;;;;;;;;;;;;;;;;;;;;;;;;;;
;;;;;;;;;0.12272727272727273;0.10682730923694776;0.11595959595959594;-1.6166281755196306;;;;;;;;;;;;;;;;;;;;;;;;;;;;;;;;;;;;;;;;;;;;;;;;;;;;;;;;;;;;;;;;;;;;
;;;;;;;;;0.12334551360129921;0.10501403931006817;0.11534733441033924;-1.6166281755196306;;;;;;;;;;;;;;;;;;;;;;;;;;;;;;;;;;;;;;;;;;;;;;;;;;;;;;;;;;;;;;;;;;;;
;;;;;;;;;0.12149229521492293;0.10702905342080578;0.11923336482656208;-1.6166281755196306;;;;;;;;;;;;;;;;;;;;;;;;;;;;;;;;;;;;;;;;;;;;;;;;;;;;;;;;;;;;;;;;;;;;
;;;;;;;;;-3.7449999999999997;-4.7301775147928895;-3.8576419213973754;;;;;;;;;;;;;;;;;;;;;;;;;;;;;;;;;;;;;;;;;;;;;;;;;;;;;;;;;;;;;;;;;;;;;
;;;;;;;;4.117647058823528;0.14339777869189632;0.16921790046005852;0.15362318840579708;-1.9125683060109289;;;;;;;;;;;;;;;;;;;;;;;;;;;;;;;;;;;;;;;;;;;;;;;;;;;;;;;;;;;;;;;;;;;;
;;;;;;;;;0.1446685878962536;0.16659707724425885;0.1510541546093427;-1.9125683060109289;;;;;;;;;;;;;;;;;;;;;;;;;;;;;;;;;;;;;;;;;;;;;;;;;;;;;;;;;;;;;;;;;;;;
;;;;;;;;;0.14403292181069957;0.16725146198830404;0.15169561621174524;-1.9125683060109289;;;;;;;;;;;;;;;;;;;;;;;;;;;;;;;;;;;;;;;;;;;;;;;;;;;;;;;;;;;;;;;;;;;;
;;;;;;;;;0.14403292181069957;0.16768802228412277;0.1521235521235523;-1.9125683060109289;;;;;;;;;;;;;;;;;;;;;;;;;;;;;;;;;;;;;;;;;;;;;;;;;;;;;;;;;;;;;;;;;;;;
;;;;;;;;;19.44444444444443;-21.499999999999677;68.95000000000424;;;;;;;;;;;;;;;;;;;;;;;;;;;;;;;;;;;;;;;;;;;;;;;;;;;;;;;;;;;;;;;;;;;;;
;;;;;;;;-13.125000000000004;0.09066348827969803;0.09780439121756485;0.09422540820390282;-1.9125683060109289;;;;;;;;;;;;;;;;;;;;;;;;;;;;;;;;;;;;;;;;;;;;;;;;;;;;;;;;;;;;;;;;;;;;
;;;;;;;;;0.09125596184419714;0.09660949341842838;0.09780439121756485;-1.9125683060109289;;;;;;;;;;;;;;;;;;;;;;;;;;;;;;;;;;;;;;;;;;;;;;;;;;;;;;;;;;;;;;;;;;;;
;;;;;;;;;0.09244232299124899;0.09541650059784773;0.09780439121756485;-1.9125683060109289;;;;;;;;;;;;;;;;;;;;;;;;;;;;;;;;;;;;;;;;;;;;;;;;;;;;;;;;;;;;;;;;;;;;
;;;;;;;;;0.09145355770504815;0.09660949341842838;0.09660949341842838;-1.9125683060109289;;;;;;;;;;;;;;;;;;;;;;;;;;;;;;;;;;;;;;;;;;;;;;;;;;;;;;;;;;;;;;;;;;;;
;;;;;;;;;2.2192926045015957;2.5494736842105254;2.5494736842105254;;;;;;;;;;;;;;;;;;;;;;;;;;;;;;;;;;;;;;;;;;;;;;;;;;;;;;;;;;;;;;;;;;;;;
;;;;;;;;-4.242424242424243;0.10260312374849818;0.10622240064231232;0.10682730923694776;-3.017241379310345;;;;;;;;;;;;;;;;;;;;;;;;;;;;;;;;;;;;;;;;;;;;;;;;;;;;;;;;;;;;;;;;;;;;
;;;;;;;;;0.10380761523046092;0.10803858520900321;0.1044105854049719;-3.017241379310345;;;;;;;;;;;;;;;;;;;;;;;;;;;;;;;;;;;;;;;;;;;;;;;;;;;;;;;;;;;;;;;;;;;;
;;;;;;;;;0.10380761523046092;0.10803858520900321;0.10622240064231232;-3.017241379310345;;;;;;;;;;;;;;;;;;;;;;;;;;;;;;;;;;;;;;;;;;;;;;;;;;;;;;;;;;;;;;;;;;;;
;;;;;;;;;0.10340590356618116;0.10743270389714742;0.10581939799331082;-3.017241379310345;;;;;;;;;;;;;;;;;;;;;;;;;;;;;;;;;;;;;;;;;;;;;;;;;;;;;;;;;;;;;;;;;;;;
;;;;;;;;;0.733838862559242;0.7750724637681159;0.7583892617449667;;;;;;;;;;;;;;;;;;;;;;;;;;;;;;;;;;;;;;;;;;;;;;;;;;;;;;;;;;;;;;;;;;;;;
;;;;;;;;0.0;0.1725062866722548;0.19795570698466777;0.21584840654608095;-1.6166281755196306;;;;;;;;;;;;;;;;;;;;;;;;;;;;;;;;;;;;;;;;;;;;;;;;;;;;;;;;;;;;;;;;;;;;
;;;;;;;;;0.17118927973199324;0.19320594479830147;0.22213575443147424;-1.6166281755196306;;;;;;;;;;;;;;;;;;;;;;;;;;;;;;;;;;;;;;;;;;;;;;;;;;;;;;;;;;;;;;;;;;;;
;;;;;;;;;0.17580848383032335;0.1972754363558961;0.21515281962978902;-1.6166281755196306;;;;;;;;;;;;;;;;;;;;;;;;;;;;;;;;;;;;;;;;;;;;;;;;;;;;;;;;;;;;;;;;;;;;
;;;;;;;;;0.1731656184486373;0.1961429381735675;0.21770623742454748;-1.6166281755196306;;;;;;;;;;;;;;;;;;;;;;;;;;;;;;;;;;;;;;;;;;;;;;;;;;;;;;;;;;;;;;;;;;;;
;;;;;;;;;-2.5652173913043477;-2.3604095563139924;-2.22764705882353;;;;;;;;;;;;;;;;;;;;;;;;;;;;;;;;;;;;;;;;;;;;;;;;;;;;;;;;;;;;;;;;;;;;;
;;;;;;;;0.8333333333333331;0.10864495375954965;0.11964358039692181;0.10864495375954965;-1.6166281755196306;;;;;;;;;;;;;;;;;;;;;;;;;;;;;;;;;;;;;;;;;;;;;;;;;;;;;;;;;;;;;;;;;;;;
;;;;;;;;;0.10682730923694776;0.12210953346855982;0.10803858520900321;-1.6166281755196306;;;;;;;;;;;;;;;;;;;;;;;;;;;;;;;;;;;;;;;;;;;;;;;;;;;;;;;;;;;;;;;;;;;;
;;;;;;;;;0.10864495375954965;0.11718560452891222;0.1044105854049719;-1.6166281755196306;;;;;;;;;;;;;;;;;;;;;;;;;;;;;;;;;;;;;;;;;;;;;;;;;;;;;;;;;;;;;;;;;;;;
;;;;;;;;;0.10803858520900321;0.11964358039692181;0.10702905342080578;-1.6166281755196306;;;;;;;;;;;;;;;;;;;;;;;;;;;;;;;;;;;;;;;;;;;;;;;;;;;;;;;;;;;;;;;;;;;;
;;;;;;;;;-4.63448275862069;-3.836363636363637;-4.7301775147928895;;;;;;;;;;;;;;;;;;;;;;;;;;;;;;;;;;;;;;;;;;;;;;;;;;;;;;;;;;;;;;;;;;;;;
;;;;;;;;4.117647058823528;0.15555555555555556;0.16463719766472057;0.17118927973199324;-1.9125683060109289;;;;;;;;;;;;;;;;;;;;;;;;;;;;;;;;;;;;;;;;;;;;;;;;;;;;;;;;;;;;;;;;;;;;
;;;;;;;;;0.15362318840579708;0.15749273557492735;0.17053160318124733;-1.9125683060109289;;;;;;;;;;;;;;;;;;;;;;;;;;;;;;;;;;;;;;;;;;;;;;;;;;;;;;;;;;;;;;;;;;;;
;;;;;;;;;0.15555555555555556;0.15878687162442875;0.17382550335570465;-1.9125683060109289;;;;;;;;;;;;;;;;;;;;;;;;;;;;;;;;;;;;;;;;;;;;;;;;;;;;;;;;;;;;;;;;;;;;
;;;;;;;;;0.1549108992954828;0.16029941779872445;0.17184750733137827;-1.9125683060109289;;;;;;;;;;;;;;;;;;;;;;;;;;;;;;;;;;;;;;;;;;;;;;;;;;;;;;;;;;;;;;;;;;;;
;;;;;;;;;373.7999999999913;-52.5636363636389;-16.408;;;;;;;;;;;;;;;;;;;;;;;;;;;;;;;;;;;;;;;;;;;;;;;;;;;;;;;;;;;;;;;;;;;;;
;;;;;;;;-13.125000000000004;0.09780439121756485;0.10140056022408961;0.10380761523046092;-1.9125683060109289;;;;;;;;;;;;;;;;;;;;;;;;;;;;;;;;;;;;;;;;;;;;;;;;;;;;;;;;;;;;;;;;;;;;
;;;;;;;;;0.09780439121756485;0.10380761523046092;0.10260312374849818;-1.9125683060109289;;;;;;;;;;;;;;;;;;;;;;;;;;;;;;;;;;;;;;;;;;;;;;;;;;;;;;;;;;;;;;;;;;;;
;;;;;;;;;0.10019992003198719;0.10380761523046092;0.1032051282051282;-1.9125683060109289;;;;;;;;;;;;;;;;;;;;;;;;;;;;;;;;;;;;;;;;;;;;;;;;;;;;;;;;;;;;;;;;;;;;
;;;;;;;;;0.09860205032618806;0.1030044064628123;0.1032051282051282;-1.9125683060109289;;;;;;;;;;;;;;;;;;;;;;;;;;;;;;;;;;;;;;;;;;;;;;;;;;;;;;;;;;;;;;;;;;;;
;;;;;;;;;2.6930909090908943;3.049011857707527;3.0666666666666664;;;;;;;;;;;;;;;;;;;;;;;;;;;;;;;;;;;;;;;;;;;;;;;;;;;;;;;;;;;;;;;;;;;;;
;;;;;;;;-4.242424242424243;0.11229343006852074;0.10682730923694776;0.10743270389714742;-3.017241379310345;;;;;;;;;;;;;;;;;;;;;;;;;;;;;;;;;;;;;;;;;;;;;;;;;;;;;;;;;;;;;;;;;;;;
;;;;;;;;;0.11779935275080905;0.10925181013676588;0.10682730923694776;-3.017241379310345;;;;;;;;;;;;;;;;;;;;;;;;;;;;;;;;;;;;;;;;;;;;;;;;;;;;;;;;;;;;;;;;;;;;
;;;;;;;;;0.11229343006852074;0.10925181013676588;0.10682730923694776;-3.017241379310345;;;;;;;;;;;;;;;;;;;;;;;;;;;;;;;;;;;;;;;;;;;;;;;;;;;;;;;;;;;;;;;;;;;;
;;;;;;;;;0.11412429378531072;0.10844277673545988;0.10702905342080578;-3.017241379310345;;;;;;;;;;;;;;;;;;;;;;;;;;;;;;;;;;;;;;;;;;;;;;;;;;;;;;;;;;;;;;;;;;;;
;;;;;;;;;0.8467065868263471;0.7856310679611646;0.7708775313404054;;;;;;;;;;;;;;;;;;;;;;;;;;;;;;;;;;;;;;;;;;;;;;;;;;;;;;;;;;;;;;;;;;;;;
;;;;;;;;0.0;0.18178752107925797;0.22073434125269975;0.2256499133448873;-1.6166281755196306;;;;;;;;;;;;;;;;;;;;;;;;;;;;;;;;;;;;;;;;;;;;;;;;;;;;;;;;;;;;;;;;;;;;
;;;;;;;;;0.18512885509083227;0.22353959324967546;0.22213575443147424;-1.6166281755196306;;;;;;;;;;;;;;;;;;;;;;;;;;;;;;;;;;;;;;;;;;;;;;;;;;;;;;;;;;;;;;;;;;;;
;;;;;;;;;0.18512885509083227;0.220034542314335;0.22988705473501303;-1.6166281755196306;;;;;;;;;;;;;;;;;;;;;;;;;;;;;;;;;;;;;;;;;;;;;;;;;;;;;;;;;;;;;;;;;;;;
;;;;;;;;;0.1840135097101039;0.22143474503025062;0.22588473205257814;-1.6166281755196306;;;;;;;;;;;;;;;;;;;;;;;;;;;;;;;;;;;;;;;;;;;;;;;;;;;;;;;;;;;;;;;;;;;;
;;;;;;;;;-2.4578947368421042;-2.208620689655172;-2.187132867132867;;;;;;;;;;;;;;;;;;;;;;;;;;;;;;;;;;;;;;;;;;;;;;;;;;;;;;;;;;;;;;;;;;;;;
;;;;;;;;0.8333333333333331;0.10682730923694776;0.11657235246564267;0.11046698872785829;-1.6166281755196306;;;;;;;;;;;;;;;;;;;;;;;;;;;;;;;;;;;;;;;;;;;;;;;;;;;;;;;;;;;;;;;;;;;;
;;;;;;;;;0.10743270389714742;0.11595959595959594;0.11168412570507655;-1.6166281755196306;;;;;;;;;;;;;;;;;;;;;;;;;;;;;;;;;;;;;;;;;;;;;;;;;;;;;;;;;;;;;;;;;;;;
;;;;;;;;;0.10985915492957744;0.11902834008097164;0.11229343006852074;-1.6166281755196306;;;;;;;;;;;;;;;;;;;;;;;;;;;;;;;;;;;;;;;;;;;;;;;;;;;;;;;;;;;;;;;;;;;;
;;;;;;;;;0.10803858520900321;0.11718560452891222;0.11148113334228567;-1.6166281755196306;;;;;;;;;;;;;;;;;;;;;;;;;;;;;;;;;;;;;;;;;;;;;;;;;;;;;;;;;;;;;;;;;;;;
;;;;;;;;;-4.63448275862069;-3.969863013698631;-4.346596858638752;;;;;;;;;;;;;;;;;;;;;;;;;;;;;;;;;;;;;;;;;;;;;;;;;;;;;;;;;;;;;;;;;;;;;
;;;;;;;;4.117647058823528;0.1594347464671654;0.17184750733137827;0.1804549283909014;-1.9125683060109289;;;;;;;;;;;;;;;;;;;;;;;;;;;;;;;;;;;;;;;;;;;;;;;;;;;;;;;;;;;;;;;;;;;;
;;;;;;;;;0.1594347464671654;0.17118927973199324;0.1791245791245791;-1.9125683060109289;;;;;;;;;;;;;;;;;;;;;;;;;;;;;;;;;;;;;;;;;;;;;;;;;;;;;;;;;;;;;;;;;;;;
;;;;;;;;;0.1620316402997502;0.1725062866722548;0.17580848383032335;-1.9125683060109289;;;;;;;;;;;;;;;;;;;;;;;;;;;;;;;;;;;;;;;;;;;;;;;;;;;;;;;;;;;;;;;;;;;;
;;;;;;;;;0.16029941779872445;0.17184750733137827;0.17846024400504834;-1.9125683060109289;;;;;;;;;;;;;;;;;;;;;;;;;;;;;;;;;;;;;;;;;;;;;;;;;;;;;;;;;;;;;;;;;;;;
;;;;;;;;;-52.5636363636389;-16.408;-12.12000000000001;;;;;;;;;;;;;;;;;;;;;;;;;;;;;;;;;;;;;;;;;;;;;;;;;;;;;;;;;;;;;;;;;;;;;
;;;;;;;;-13.125000000000004;0.09900119856172591;0.10019992003198719;0.1020016012810248;-1.9125683060109289;;;;;;;;;;;;;;;;;;;;;;;;;;;;;;;;;;;;;;;;;;;;;;;;;;;;;;;;;;;;;;;;;;;;
;;;;;;;;;0.09840255591054313;0.1008;0.10260312374849818;-1.9125683060109289;;;;;;;;;;;;;;;;;;;;;;;;;;;;;;;;;;;;;;;;;;;;;;;;;;;;;;;;;;;;;;;;;;;;
;;;;;;;;;0.09900119856172591;0.10019992003198719;0.1008;-1.9125683060109289;;;;;;;;;;;;;;;;;;;;;;;;;;;;;;;;;;;;;;;;;;;;;;;;;;;;;;;;;;;;;;;;;;;;
;;;;;;;;;0.09880159786950753;0.10039989336176999;0.10180120080053388;-1.9125683060109289;;;;;;;;;;;;;;;;;;;;;;;;;;;;;;;;;;;;;;;;;;;;;;;;;;;;;;;;;;;;;;;;;;;;
;;;;;;;;;2.7080291970803057;2.8315789473684037;2.945945945945962;;;;;;;;;;;;;;;;;;;;;;;;;;;;;;;;;;;;;;;;;;;;;;;;;;;;;;;;;;;;;;;;;;;;;
;;;;;;;;-4.242424242424243;0.11412429378531072;0.10864495375954965;0.10864495375954965;-3.017241379310345;;;;;;;;;;;;;;;;;;;;;;;;;;;;;;;;;;;;;;;;;;;;;;;;;;;;;;;;;;;;;;;;;;;;
;;;;;;;;;0.10985915492957744;0.10925181013676588;0.1020016012810248;-3.017241379310345;;;;;;;;;;;;;;;;;;;;;;;;;;;;;;;;;;;;;;;;;;;;;;;;;;;;;;;;;;;;;;;;;;;;
;;;;;;;;;0.10803858520900321;0.10743270389714742;0.10743270389714742;-3.017241379310345;;;;;;;;;;;;;;;;;;;;;;;;;;;;;;;;;;;;;;;;;;;;;;;;;;;;;;;;;;;;;;;;;;;;
;;;;;;;;;0.1106697087639241;0.10844277673545988;0.10602087235750622;-3.017241379310345;;;;;;;;;;;;;;;;;;;;;;;;;;;;;;;;;;;;;;;;;;;;;;;;;;;;;;;;;;;;;;;;;;;;
;;;;;;;;;0.8092247301275765;0.7856310679611646;0.7604606525911703;;;;;;;;;;;;;;;;;;;;;;;;;;;;;;;;;;;;;;;;;;;;;;;;;;;;;;;;;;;;;;;;;;;;;
;;;;;;;;0.0;0.18579881656804734;0.24129483814523184;0.2369982547993019;-1.6166281755196306;;;;;;;;;;;;;;;;;;;;;;;;;;;;;;;;;;;;;;;;;;;;;;;;;;;;;;;;;;;;;;;;;;;;
;;;;;;;;;0.18112094395280232;0.23485838779956425;0.23842794759825325;-1.6166281755196306;;;;;;;;;;;;;;;;;;;;;;;;;;;;;;;;;;;;;;;;;;;;;;;;;;;;;;;;;;;;;;;;;;;;
;;;;;;;;;0.1791245791245791;0.2405771753388719;0.2369982547993019;-1.6166281755196306;;;;;;;;;;;;;;;;;;;;;;;;;;;;;;;;;;;;;;;;;;;;;;;;;;;;;;;;;;;;;;;;;;;;
;;;;;;;;;0.18200983836964138;0.23890506697728617;0.2374745417515277;-1.6166281755196306;;;;;;;;;;;;;;;;;;;;;;;;;;;;;;;;;;;;;;;;;;;;;;;;;;;;;;;;;;;;;;;;;;;;
;;;;;;;;;-2.476099426386232;-2.1309090909090913;-2.1366492146596863;;;;;;;;;;;;;;;;;;;;;;;;;;;;;;;;;;;;;;;;;;;;;;;;;;;;;;;;;;;;;;;;;;;;;
;;;;;;;;0.8333333333333331;0.11534733441033924;0.11473556721840936;0.11902834008097164;-1.6166281755196306;;;;;;;;;;;;;;;;;;;;;;;;;;;;;;;;;;;;;;;;;;;;;;;;;;;;;;;;;;;;;;;;;;;;
;;;;;;;;;0.12025931928687195;0.11534733441033924;0.11902834008097164;-1.6166281755196306;;;;;;;;;;;;;;;;;;;;;;;;;;;;;;;;;;;;;;;;;;;;;;;;;;;;;;;;;;;;;;;;;;;;
;;;;;;;;;0.11841359773371103;0.1135135135135135;0.12025931928687195;-1.6166281755196306;;;;;;;;;;;;;;;;;;;;;;;;;;;;;;;;;;;;;;;;;;;;;;;;;;;;;;;;;;;;;;;;;;;;
;;;;;;;;;0.11800404585300046;0.11453175457481181;0.11943844492440624;-1.6166281755196306;;;;;;;;;;;;;;;;;;;;;;;;;;;;;;;;;;;;;;;;;;;;;;;;;;;;;;;;;;;;;;;;;;;;
;;;;;;;;;-3.9237668161434933;-4.132038834951463;-3.8469565217391355;;;;;;;;;;;;;;;;;;;;;;;;;;;;;;;;;;;;;;;;;;;;;;;;;;;;;;;;;;;;;;;;;;;;;
;;;;;;;;4.117647058823528;0.1594347464671654;0.16856187290969896;0.18178752107925797;-1.9125683060109289;;;;;;;;;;;;;;;;;;;;;;;;;;;;;;;;;;;;;;;;;;;;;;;;;;;;;;;;;;;;;;;;;;;;
;;;;;;;;;0.1562007465781833;0.16659707724425885;0.1844594594594594;-1.9125683060109289;;;;;;;;;;;;;;;;;;;;;;;;;;;;;;;;;;;;;;;;;;;;;;;;;;;;;;;;;;;;;;;;;;;;
;;;;;;;;;0.15813953488372093;0.16659707724425885;0.18178752107925797;-1.9125683060109289;;;;;;;;;;;;;;;;;;;;;;;;;;;;;;;;;;;;;;;;;;;;;;;;;;;;;;;;;;;;;;;;;;;;
;;;;;;;;;0.15792387543252615;0.16725146198830404;0.18267716535433048;-1.9125683060109289;;;;;;;;;;;;;;;;;;;;;;;;;;;;;;;;;;;;;;;;;;;;;;;;;;;;;;;;;;;;;;;;;;;;
;;;;;;;;;-103.72727272726416;-22.244444444444476;-10.477419354838784;;;;;;;;;;;;;;;;;;;;;;;;;;;;;;;;;;;;;;;;;;;;;;;;;;;;;;;;;;;;;;;;;;;;;
;;;;;;;;-13.125000000000004;0.0948207171314741;0.1020016012810248;0.10019992003198719;-1.9125683060109289;;;;;;;;;;;;;;;;;;;;;;;;;;;;;;;;;;;;;;;;;;;;;;;;;;;;;;;;;;;;;;;;;;;;
;;;;;;;;;0.09840255591054313;0.10019992003198719;0.09840255591054313;-1.9125683060109289;;;;;;;;;;;;;;;;;;;;;;;;;;;;;;;;;;;;;;;;;;;;;;;;;;;;;;;;;;;;;;;;;;;;
;;;;;;;;;0.09900119856172591;0.1020016012810248;0.10140056022408961;-1.9125683060109289;;;;;;;;;;;;;;;;;;;;;;;;;;;;;;;;;;;;;;;;;;;;;;;;;;;;;;;;;;;;;;;;;;;;
;;;;;;;;;0.09740588000532105;0.10140056022408961;0.10000000000000017;-1.9125683060109289;;;;;;;;;;;;;;;;;;;;;;;;;;;;;;;;;;;;;;;;;;;;;;;;;;;;;;;;;;;;;;;;;;;;
;;;;;;;;;2.6056939501779217;2.912643678160919;2.8000000000000145;;;;;;;;;;;;;;;;;;;;;;;;;;;;;;;;;;;;;;;;;;;;;;;;;;;;;;;;;;;;;;;;;;;;;
;;;;;;;;-4.242424242424243;0.11107531212243253;0.10260312374849818;0.10864495375954965;-3.017241379310345;;;;;;;;;;;;;;;;;;;;;;;;;;;;;;;;;;;;;;;;;;;;;;;;;;;;;;;;;;;;;;;;;;;;
;;;;;;;;;0.10743270389714742;0.10622240064231232;0.11107531212243253;-3.017241379310345;;;;;;;;;;;;;;;;;;;;;;;;;;;;;;;;;;;;;;;;;;;;;;;;;;;;;;;;;;;;;;;;;;;;
;;;;;;;;;0.10803858520900321;0.10622240064231232;0.11107531212243253;-3.017241379310345;;;;;;;;;;;;;;;;;;;;;;;;;;;;;;;;;;;;;;;;;;;;;;;;;;;;;;;;;;;;;;;;;;;;
;;;;;;;;;0.10884718498659494;0.10501403931006817;0.11026432309137277;-3.017241379310345;;;;;;;;;;;;;;;;;;;;;;;;;;;;;;;;;;;;;;;;;;;;;;;;;;;;;;;;;;;;;;;;;;;;
;;;;;;;;;0.7898832684824906;0.7501432664756447;0.8048971596474039;;;;;;;;;;;;;;;;;;;;;;;;;;;;;;;;;;;;;;;;;;;;;;;;;;;;;;;;;;;;;;;;;;;;;
;;;;;;;;0.0;0.10260312374849818;0.10985915492957744;0.11473556721840936;-1.4792899408284024;;;;;;;;;;;;;;;;;;;;;;;;;;;;;;;;;;;;;;;;;;;;;;;;;;;;;;;;;;;;;;;;;;;;
;;;;;;;;;0.1044105854049719;0.1129032258064516;0.11718560452891222;-1.4792899408284024;;;;;;;;;;;;;;;;;;;;;;;;;;;;;;;;;;;;;;;;;;;;;;;;;;;;;;;;;;;;;;;;;;;;
;;;;;;;;;0.10019992003198719;0.11473556721840936;0.11841359773371103;-1.4792899408284024;;;;;;;;;;;;;;;;;;;;;;;;;;;;;;;;;;;;;;;;;;;;;;;;;;;;;;;;;;;;;;;;;;;;
;;;;;;;;;0.10240256273358268;0.11249664068798688;0.11677671472847304;-1.4792899408284024;;;;;;;;;;;;;;;;;;;;;;;;;;;;;;;;;;;;;;;;;;;;;;;;;;;;;;;;;;;;;;;;;;;;
;;;;;;;;;-1.981404958677686;-1.9149130832570902;-1.8913138367525075;;;;;;;;;;;;;;;;;;;;;;;;;;;;;;;;;;;;;;;;;;;;;;;;;;;;;;;;;;;;;;;;;;;;;
;;;;;;;;0.8333333333333331;0.12396425670186838;0.12458350264120274;0.12955564614757437;-1.6166281755196306;;;;;;;;;;;;;;;;;;;;;;;;;;;;;;;;;;;;;;;;;;;;;;;;;;;;;;;;;;;;;;;;;;;;
;;;;;;;;;0.12087555735711389;0.1289323553382233;0.1276872964169381;-1.6166281755196306;;;;;;;;;;;;;;;;;;;;;;;;;;;;;;;;;;;;;;;;;;;;;;;;;;;;;;;;;;;;;;;;;;;;
;;;;;;;;;0.12149229521492293;0.12955564614757437;0.1326797385620915;-1.6166281755196306;;;;;;;;;;;;;;;;;;;;;;;;;;;;;;;;;;;;;;;;;;;;;;;;;;;;;;;;;;;;;;;;;;;;
;;;;;;;;;0.12210953346855982;0.1276872964169381;0.12997145575642263;-1.6166281755196306;;;;;;;;;;;;;;;;;;;;;;;;;;;;;;;;;;;;;;;;;;;;;;;;;;;;;;;;;;;;;;;;;;;;
;;;;;;;;;-3.71604938271605;-3.4844444444444442;-3.4028469750889716;;;;;;;;;;;;;;;;;;;;;;;;;;;;;;;;;;;;;;;;;;;;;;;;;;;;;;;;;;;;;;;;;;;;;
;;;;;;;;4.117647058823528;0.17184750733137827;0.18379062895736595;0.18646934460887946;-1.9125683060109289;;;;;;;;;;;;;;;;;;;;;;;;;;;;;;;;;;;;;;;;;;;;;;;;;;;;;;;;;;;;;;;;;;;;
;;;;;;;;;0.16987447698744768;0.18178752107925797;0.1844594594594594;-1.9125683060109289;;;;;;;;;;;;;;;;;;;;;;;;;;;;;;;;;;;;;;;;;;;;;;;;;;;;;;;;;;;;;;;;;;;;
;;;;;;;;;0.1731656184486373;0.1791245791245791;0.18379062895736595;-1.9125683060109289;;;;;;;;;;;;;;;;;;;;;;;;;;;;;;;;;;;;;;;;;;;;;;;;;;;;;;;;;;;;;;;;;;;;
;;;;;;;;;0.17162803686121214;0.18156526626387542;0.18490566037735867;-1.9125683060109289;;;;;;;;;;;;;;;;;;;;;;;;;;;;;;;;;;;;;;;;;;;;;;;;;;;;;;;;;;;;;;;;;;;;
;;;;;;;;;-16.610810810810623;-10.858823529411683;-9.79999999999994;;;;;;;;;;;;;;;;;;;;;;;;;;;;;;;;;;;;;;;;;;;;;;;;;;;;;;;;;;;;;;;;;;;;;
;;;;;;;;-13.125000000000004;0.10561797752808988;0.1032051282051282;0.1020016012810248;-1.9125683060109289;;;;;;;;;;;;;;;;;;;;;;;;;;;;;;;;;;;;;;;;;;;;;;;;;;;;;;;;;;;;;;;;;;;;
;;;;;;;;;0.10622240064231232;0.1032051282051282;0.1020016012810248;-1.9125683060109289;;;;;;;;;;;;;;;;;;;;;;;;;;;;;;;;;;;;;;;;;;;;;;;;;;;;;;;;;;;;;;;;;;;;
;;;;;;;;;0.1020016012810248;0.10019992003198719;0.10260312374849818;-1.9125683060109289;;;;;;;;;;;;;;;;;;;;;;;;;;;;;;;;;;;;;;;;;;;;;;;;;;;;;;;;;;;;;;;;;;;;
;;;;;;;;;0.10461168293008934;0.10220205525156789;0.10220205525156789;-1.9125683060109289;;;;;;;;;;;;;;;;;;;;;;;;;;;;;;;;;;;;;;;;;;;;;;;;;;;;;;;;;;;;;;;;;;;;
;;;;;;;;;3.1942857142856944;2.9797665369649624;2.9797665369649624;;;;;;;;;;;;;;;;;;;;;;;;;;;;;;;;;;;;;;;;;;;;;;;;;;;;;;;;;;;;;;;;;;;;;
;;;;;;;;-4.242424242424243;0.10925181013676588;0.11718560452891222;0.10682730923694776;-3.017241379310345;;;;;;;;;;;;;;;;;;;;;;;;;;;;;;;;;;;;;;;;;;;;;;;;;;;;;;;;;;;;;;;;;;;;
;;;;;;;;;0.10864495375954965;0.11779935275080905;0.10985915492957744;-3.017241379310345;;;;;;;;;;;;;;;;;;;;;;;;;;;;;;;;;;;;;;;;;;;;;;;;;;;;;;;;;;;;;;;;;;;;
;;;;;;;;;0.11046698872785829;0.1135135135135135;0.10985915492957744;-3.017241379310345;;;;;;;;;;;;;;;;;;;;;;;;;;;;;;;;;;;;;;;;;;;;;;;;;;;;;;;;;;;;;;;;;;;;
;;;;;;;;;0.10945420410352666;0.11616379310344806;0.10884718498659494;-3.017241379310345;;;;;;;;;;;;;;;;;;;;;;;;;;;;;;;;;;;;;;;;;;;;;;;;;;;;;;;;;;;;;;;;;;;;
;;;;;;;;;0.7962926829268298;0.8693548387096818;0.7898832684824906;;;;;;;;;;;;;;;;;;;;;;;;;;;;;;;;;;;;;;;;;;;;;;;;;;;;;;;;;;;;;;;;;;;;;
;;;;;;;;0.0;0.10260312374849818;0.10682730923694776;0.12458350264120274;-1.4792899408284024;;;;;;;;;;;;;;;;;;;;;;;;;;;;;;;;;;;;;;;;;;;;;;;;;;;;;;;;;;;;;;;;;;;;
;;;;;;;;;0.09780439121756485;0.10864495375954965;0.12458350264120274;-1.4792899408284024;;;;;;;;;;;;;;;;;;;;;;;;;;;;;;;;;;;;;;;;;;;;;;;;;;;;;;;;;;;;;;;;;;;;
;;;;;;;;;0.09541650059784773;0.11046698872785829;0.12520325203252033;-1.4792899408284024;;;;;;;;;;;;;;;;;;;;;;;;;;;;;;;;;;;;;;;;;;;;;;;;;;;;;;;;;;;;;;;;;;;;
;;;;;;;;;0.09860205032618806;0.10864495375954965;0.1247900298022214;-1.4792899408284024;;;;;;;;;;;;;;;;;;;;;;;;;;;;;;;;;;;;;;;;;;;;;;;;;;;;;;;;;;;;;;;;;;;;
;;;;;;;;;-2.0114068441064634;-1.9383070301291245;-1.8527755430410278;;;;;;;;;;;;;;;;;;;;;;;;;;;;;;;;;;;;;;;;;;;;;;;;;;;;;;;;;;;;;;;;;;;;;
;;;;;;;;0.8333333333333331;0.13017944535073409;0.1370749692748873;0.1289323553382233;-1.6166281755196306;;;;;;;;;;;;;;;;;;;;;;;;;;;;;;;;;;;;;;;;;;;;;;;;;;;;;;;;;;;;;;;;;;;;
;;;;;;;;;0.13456032719836397;0.13330608908868;0.13017944535073409;-1.6166281755196306;;;;;;;;;;;;;;;;;;;;;;;;;;;;;;;;;;;;;;;;;;;;;;;;;;;;;;;;;;;;;;;;;;;;
;;;;;;;;;0.13456032719836397;0.13833538335383352;0.12955564614757437;-1.6166281755196306;;;;;;;;;;;;;;;;;;;;;;;;;;;;;;;;;;;;;;;;;;;;;;;;;;;;;;;;;;;;;;;;;;;;
;;;;;;;;;0.1330972487060748;0.13623584004367428;0.12955564614757437;-1.6166281755196306;;;;;;;;;;;;;;;;;;;;;;;;;;;;;;;;;;;;;;;;;;;;;;;;;;;;;;;;;;;;;;;;;;;;
;;;;;;;;;-3.301351351351355;-3.2096463022508064;-3.417204301075269;;;;;;;;;;;;;;;;;;;;;;;;;;;;;;;;;;;;;;;;;;;;;;;;;;;;;;;;;;;;;;;;;;;;;
;;;;;;;;4.117647058823528;0.1731656184486373;0.17448594208980275;0.16138160632542656;-1.9125683060109289;;;;;;;;;;;;;;;;;;;;;;;;;;;;;;;;;;;;;;;;;;;;;;;;;;;;;;;;;;;;;;;;;;;;
;;;;;;;;;0.17053160318124733;0.17448594208980275;0.16594323873121866;-1.9125683060109289;;;;;;;;;;;;;;;;;;;;;;;;;;;;;;;;;;;;;;;;;;;;;;;;;;;;;;;;;;;;;;;;;;;;
;;;;;;;;;0.1725062866722548;0.17713324926439677;0.16463719766472057;-1.9125683060109289;;;;;;;;;;;;;;;;;;;;;;;;;;;;;;;;;;;;;;;;;;;;;;;;;;;;;;;;;;;;;;;;;;;;
;;;;;;;;;0.17206703910614501;0.17536738978306485;0.16398499374739475;-1.9125683060109289;;;;;;;;;;;;;;;;;;;;;;;;;;;;;;;;;;;;;;;;;;;;;;;;;;;;;;;;;;;;;;;;;;;;
;;;;;;;;;-16.21052631578968;-13.769230769230917;-30.261538461538485;;;;;;;;;;;;;;;;;;;;;;;;;;;;;;;;;;;;;;;;;;;;;;;;;;;;;;;;;;;;;;;;;;;;;
;;;;;;;;-13.125000000000004;0.09840255591054313;0.09840255591054313;0.10561797752808988;-1.9125683060109289;;;;;;;;;;;;;;;;;;;;;;;;;;;;;;;;;;;;;;;;;;;;;;;;;;;;;;;;;;;;;;;;;;;;
;;;;;;;;;0.09960031974420462;0.09720670391061449;0.10864495375954965;-1.9125683060109289;;;;;;;;;;;;;;;;;;;;;;;;;;;;;;;;;;;;;;;;;;;;;;;;;;;;;;;;;;;;;;;;;;;;
;;;;;;;;;0.09720670391061449;0.09660949341842838;0.10501403931006817;-1.9125683060109289;;;;;;;;;;;;;;;;;;;;;;;;;;;;;;;;;;;;;;;;;;;;;;;;;;;;;;;;;;;;;;;;;;;;
;;;;;;;;;0.09840255591054313;0.09740588000532105;0.10642398286937879;-1.9125683060109289;;;;;;;;;;;;;;;;;;;;;;;;;;;;;;;;;;;;;;;;;;;;;;;;;;;;;;;;;;;;;;;;;;;;
;;;;;;;;;2.678260869565217;2.6056939501779217;3.3694915254237072;;;;;;;;;;;;;;;;;;;;;;;;;;;;;;;;;;;;;;;;;;;;;;;;;;;;;;;;;;;;;;;;;;;;;
;;;;;;;;-4.242424242424243;0.10561797752808988;0.10985915492957744;0.10864495375954965;-3.017241379310345;;;;;;;;;;;;;;;;;;;;;;;;;;;;;;;;;;;;;;;;;;;;;;;;;;;;;;;;;;;;;;;;;;;;
;;;;;;;;;0.10622240064231232;0.10864495375954965;0.1044105854049719;-3.017241379310345;;;;;;;;;;;;;;;;;;;;;;;;;;;;;;;;;;;;;;;;;;;;;;;;;;;;;;;;;;;;;;;;;;;;
;;;;;;;;;0.10561797752808988;0.10985915492957744;0.1032051282051282;-3.017241379310345;;;;;;;;;;;;;;;;;;;;;;;;;;;;;;;;;;;;;;;;;;;;;;;;;;;;;;;;;;;;;;;;;;;;
;;;;;;;;;0.10581939799331082;0.10945420410352666;0.10541661094021686;-3.017241379310345;;;;;;;;;;;;;;;;;;;;;;;;;;;;;;;;;;;;;;;;;;;;;;;;;;;;;;;;;;;;;;;;;;;;
;;;;;;;;;0.7583892617449667;0.7962926829268298;0.7542583732057411;;;;;;;;;;;;;;;;;;;;;;;;;;;;;;;;;;;;;;;;;;;;;;;;;;;;;;;;;;;;;;;;;;;;;
;;;;;;;;0.0;0.11412429378531072;0.12396425670186838;0.12210953346855982;-1.4792899408284024;;;;;;;;;;;;;;;;;;;;;;;;;;;;;;;;;;;;;;;;;;;;;;;;;;;;;;;;;;;;;;;;;;;;
;;;;;;;;;0.11534733441033924;0.1276872964169381;0.12334551360129921;-1.4792899408284024;;;;;;;;;;;;;;;;;;;;;;;;;;;;;;;;;;;;;;;;;;;;;;;;;;;;;;;;;;;;;;;;;;;;
;;;;;;;;;0.12025931928687195;0.13330608908868;0.12396425670186838;-1.4792899408284024;;;;;;;;;;;;;;;;;;;;;;;;;;;;;;;;;;;;;;;;;;;;;;;;;;;;;;;;;;;;;;;;;;;;
;;;;;;;;;0.11657235246564267;0.12830957230142567;0.12313937753721266;-1.4792899408284024;;;;;;;;;;;;;;;;;;;;;;;;;;;;;;;;;;;;;;;;;;;;;;;;;;;;;;;;;;;;;;;;;;;;
;;;;;;;;;-1.8923884514435694;-1.8378063010501748;-1.8601798855273934;;;;;;;;;;;;;;;;;;;;;;;;;;;;;;;;;;;;;;;;;;;;;;;;;;;;;;;;;;;;;;;;;;;;;
;;;;;;;;0.8333333333333331;0.13896636587366692;0.1472164948453608;0.1408624229979466;-1.6166281755196306;;;;;;;;;;;;;;;;;;;;;;;;;;;;;;;;;;;;;;;;;;;;;;;;;;;;;;;;;;;;;;;;;;;;
;;;;;;;;;0.1370749692748873;0.1497728211482858;0.13833538335383352;-1.6166281755196306;;;;;;;;;;;;;;;;;;;;;;;;;;;;;;;;;;;;;;;;;;;;;;;;;;;;;;;;;;;;;;;;;;;;
;;;;;;;;;0.13393295175797218;0.14785478547854783;0.13896636587366692;-1.6166281755196306;;;;;;;;;;;;;;;;;;;;;;;;;;;;;;;;;;;;;;;;;;;;;;;;;;;;;;;;;;;;;;;;;;;;
;;;;;;;;;0.13665529010238883;0.1482806052269603;0.13938730853391704;-1.6166281755196306;;;;;;;;;;;;;;;;;;;;;;;;;;;;;;;;;;;;;;;;;;;;;;;;;;;;;;;;;;;;;;;;;;;;
;;;;;;;;;-3.198083067092649;-2.9293478260869588;-3.1263803680981623;;;;;;;;;;;;;;;;;;;;;;;;;;;;;;;;;;;;;;;;;;;;;;;;;;;;;;;;;;;;;;;;;;;;;
;;;;;;;;4.117647058823528;0.16594323873121866;0.17779646761984857;0.17647058823529407;-1.9125683060109289;;;;;;;;;;;;;;;;;;;;;;;;;;;;;;;;;;;;;;;;;;;;;;;;;;;;;;;;;;;;;;;;;;;;
;;;;;;;;;0.16659707724425885;0.17713324926439677;0.17184750733137827;-1.9125683060109289;;;;;;;;;;;;;;;;;;;;;;;;;;;;;;;;;;;;;;;;;;;;;;;;;;;;;;;;;;;;;;;;;;;;
;;;;;;;;;0.16725146198830404;0.17184750733137827;0.17514693534844666;-1.9125683060109289;;;;;;;;;;;;;;;;;;;;;;;;;;;;;;;;;;;;;;;;;;;;;;;;;;;;;;;;;;;;;;;;;;;;
;;;;;;;;;0.16659707724425885;0.1755879059350506;0.17448594208980275;-1.9125683060109289;;;;;;;;;;;;;;;;;;;;;;;;;;;;;;;;;;;;;;;;;;;;;;;;;;;;;;;;;;;;;;;;;;;;
;;;;;;;;;-23.470588235294127;-13.634782608695527;-14.337931034482757;;;;;;;;;;;;;;;;;;;;;;;;;;;;;;;;;;;;;;;;;;;;;;;;;;;;;;;;;;;;;;;;;;;;;
;;;;;;;;-13.125000000000004;0.1008;0.09960031974420462;0.09840255591054313;-1.9125683060109289;;;;;;;;;;;;;;;;;;;;;;;;;;;;;;;;;;;;;;;;;;;;;;;;;;;;;;;;;;;;;;;;;;;;
;;;;;;;;;0.09422540820390282;0.1020016012810248;0.09780439121756485;-1.9125683060109289;;;;;;;;;;;;;;;;;;;;;;;;;;;;;;;;;;;;;;;;;;;;;;;;;;;;;;;;;;;;;;;;;;;;
;;;;;;;;;0.09541650059784773;0.09960031974420462;0.1008;-1.9125683060109289;;;;;;;;;;;;;;;;;;;;;;;;;;;;;;;;;;;;;;;;;;;;;;;;;;;;;;;;;;;;;;;;;;;;
;;;;;;;;;0.09680851063829767;0.10039989336176999;0.09900119856172591;-1.9125683060109289;;;;;;;;;;;;;;;;;;;;;;;;;;;;;;;;;;;;;;;;;;;;;;;;;;;;;;;;;;;;;;;;;;;;
;;;;;;;;;2.5633802816901263;2.8315789473684037;2.7230769230769223;;;;;;;;;;;;;;;;;;;;;;;;;;;;;;;;;;;;;;;;;;;;;;;;;;;;;;;;;;;;;;;;;;;;;
;;;;;;;;-4.242424242424243;0.10864495375954965;0.10985915492957744;0.10743270389714742;-3.017241379310345;;;;;;;;;;;;;;;;;;;;;;;;;;;;;;;;;;;;;;;;;;;;;;;;;;;;;;;;;;;;;;;;;;;;
;;;;;;;;;0.10561797752808988;0.11107531212243253;0.10743270389714742;-3.017241379310345;;;;;;;;;;;;;;;;;;;;;;;;;;;;;;;;;;;;;;;;;;;;;;;;;;;;;;;;;;;;;;;;;;;;
;;;;;;;;;0.10682730923694776;0.11107531212243253;0.10501403931006817;-3.017241379310345;;;;;;;;;;;;;;;;;;;;;;;;;;;;;;;;;;;;;;;;;;;;;;;;;;;;;;;;;;;;;;;;;;;;
;;;;;;;;;0.10702905342080578;0.1106697087639241;0.10662561906036694;-3.017241379310345;;;;;;;;;;;;;;;;;;;;;;;;;;;;;;;;;;;;;;;;;;;;;;;;;;;;;;;;;;;;;;;;;;;;
;;;;;;;;;0.7708775313404054;0.8092247301275765;0.7666987487969196;;;;;;;;;;;;;;;;;;;;;;;;;;;;;;;;;;;;;;;;;;;;;;;;;;;;;;;;;;;;;;;;;;;;;
;;;;;;;;0.0;0.12149229521492293;0.13581661891117477;0.12396425670186838;-1.4792899408284024;;;;;;;;;;;;;;;;;;;;;;;;;;;;;;;;;;;;;;;;;;;;;;;;;;;;;;;;;;;;;;;;;;;;
;;;;;;;;;0.12334551360129921;0.13330608908868;0.12520325203252033;-1.4792899408284024;;;;;;;;;;;;;;;;;;;;;;;;;;;;;;;;;;;;;;;;;;;;;;;;;;;;;;;;;;;;;;;;;;;;
;;;;;;;;;0.12272727272727273;0.13330608908868;0.1264442636289666;-1.4792899408284024;;;;;;;;;;;;;;;;;;;;;;;;;;;;;;;;;;;;;;;;;;;;;;;;;;;;;;;;;;;;;;;;;;;;
;;;;;;;;;0.12252130393615601;0.1341420198991411;0.12520325203252033;-1.4792899408284024;;;;;;;;;;;;;;;;;;;;;;;;;;;;;;;;;;;;;;;;;;;;;;;;;;;;;;;;;;;;;;;;;;;;
;;;;;;;;;-1.8630193336075707;-1.815197344153447;-1.8509615384615383;;;;;;;;;;;;;;;;;;;;;;;;;;;;;;;;;;;;;;;;;;;;;;;;;;;;;;;;;;;;;;;;;;;;;
;;;;;;;;0.8333333333333331;0.1472164948453608;0.1491329479768786;0.14276315789473681;-1.6166281755196306;;;;;;;;;;;;;;;;;;;;;;;;;;;;;;;;;;;;;;;;;;;;;;;;;;;;;;;;;;;;;;;;;;;;
;;;;;;;;;0.14403292181069957;0.15169561621174524;0.1408624229979466;-1.6166281755196306;;;;;;;;;;;;;;;;;;;;;;;;;;;;;;;;;;;;;;;;;;;;;;;;;;;;;;;;;;;;;;;;;;;;
;;;;;;;;;0.1408624229979466;0.15233760860570952;0.14657873042044517;-1.6166281755196306;;;;;;;;;;;;;;;;;;;;;;;;;;;;;;;;;;;;;;;;;;;;;;;;;;;;;;;;;;;;;;;;;;;;
;;;;;;;;;0.14403292181069957;0.1510541546093427;0.14339777869189632;-1.6166281755196306;;;;;;;;;;;;;;;;;;;;;;;;;;;;;;;;;;;;;;;;;;;;;;;;;;;;;;;;;;;;;;;;;;;;
;;;;;;;;;-3.017241379310345;-2.8771653543307085;-3.0313043478260866;;;;;;;;;;;;;;;;;;;;;;;;;;;;;;;;;;;;;;;;;;;;;;;;;;;;;;;;;;;;;;;;;;;;;
;;;;;;;;4.117647058823528;0.16268221574344022;0.17118927973199324;0.17713324926439677;-1.9125683060109289;;;;;;;;;;;;;;;;;;;;;;;;;;;;;;;;;;;;;;;;;;;;;;;;;;;;;;;;;;;;;;;;;;;;
;;;;;;;;;0.1620316402997502;0.17382550335570465;0.17779646761984857;-1.9125683060109289;;;;;;;;;;;;;;;;;;;;;;;;;;;;;;;;;;;;;;;;;;;;;;;;;;;;;;;;;;;;;;;;;;;;
;;;;;;;;;0.16138160632542656;0.17580848383032335;0.17978947368421053;-1.9125683060109289;;;;;;;;;;;;;;;;;;;;;;;;;;;;;;;;;;;;;;;;;;;;;;;;;;;;;;;;;;;;;;;;;;;;
;;;;;;;;;0.1620316402997502;0.17360548021809052;0.17823892316320827;-1.9125683060109289;;;;;;;;;;;;;;;;;;;;;;;;;;;;;;;;;;;;;;;;;;;;;;;;;;;;;;;;;;;;;;;;;;;;
;;;;;;;;;-38.92000000000013;-14.961445783132367;-12.223076923076825;;;;;;;;;;;;;;;;;;;;;;;;;;;;;;;;;;;;;;;;;;;;;;;;;;;;;;;;;;;;;;;;;;;;;
;;;;;;;;-13.125000000000004;0.09660949341842838;0.1008;0.09900119856172591;-1.9125683060109289;;;;;;;;;;;;;;;;;;;;;;;;;;;;;;;;;;;;;;;;;;;;;;;;;;;;;;;;;;;;;;;;;;;;
;;;;;;;;;0.09840255591054313;0.09780439121756485;0.09900119856172591;-1.9125683060109289;;;;;;;;;;;;;;;;;;;;;;;;;;;;;;;;;;;;;;;;;;;;;;;;;;;;;;;;;;;;;;;;;;;;
;;;;;;;;;0.09660949341842838;0.09720670391061449;0.09900119856172591;-1.9125683060109289;;;;;;;;;;;;;;;;;;;;;;;;;;;;;;;;;;;;;;;;;;;;;;;;;;;;;;;;;;;;;;;;;;;;
;;;;;;;;;0.09720670391061449;0.09860205032618806;0.09900119856172591;-1.9125683060109289;;;;;;;;;;;;;;;;;;;;;;;;;;;;;;;;;;;;;;;;;;;;;;;;;;;;;;;;;;;;;;;;;;;;
;;;;;;;;;2.591489361702127;2.6930909090908943;2.7230769230769223;;;;;;;;;;;;;;;;;;;;;;;;;;;;;;;;;;;;;;;;;;;;;;;;;;;;;;;;;;;;;;;;;;;;;
;;;;;;;;-4.242424242424243;0.11046698872785829;0.11534733441033924;0.10622240064231232;-3.017241379310345;;;;;;;;;;;;;;;;;;;;;;;;;;;;;;;;;;;;;;;;;;;;;;;;;;;;;;;;;;;;;;;;;;;;
;;;;;;;;;0.10985915492957744;0.1135135135135135;0.10803858520900321;-3.017241379310345;;;;;;;;;;;;;;;;;;;;;;;;;;;;;;;;;;;;;;;;;;;;;;;;;;;;;;;;;;;;;;;;;;;;
;;;;;;;;;0.11168412570507655;0.1129032258064516;0.10985915492957744;-3.017241379310345;;;;;;;;;;;;;;;;;;;;;;;;;;;;;;;;;;;;;;;;;;;;;;;;;;;;;;;;;;;;;;;;;;;;
;;;;;;;;;0.1106697087639241;0.11392064559515823;0.10803858520900321;-3.017241379310345;;;;;;;;;;;;;;;;;;;;;;;;;;;;;;;;;;;;;;;;;;;;;;;;;;;;;;;;;;;;;;;;;;;;
;;;;;;;;;0.8092247301275765;0.8444666001993972;0.7813953488372092;;;;;;;;;;;;;;;;;;;;;;;;;;;;;;;;;;;;;;;;;;;;;;;;;;;;;;;;;;;;;;;;;;;;;
;;;;;;;;0.0;0.13581661891117477;0.1529801324503311;0.14022988505747125;-1.4792899408284024;;;;;;;;;;;;;;;;;;;;;;;;;;;;;;;;;;;;;;;;;;;;;;;;;;;;;;;;;;;;;;;;;;;;
;;;;;;;;;0.13581661891117477;0.15362318840579708;0.14276315789473681;-1.4792899408284024;;;;;;;;;;;;;;;;;;;;;;;;;;;;;;;;;;;;;;;;;;;;;;;;;;;;;;;;;;;;;;;;;;;;
;;;;;;;;;0.13393295175797218;0.15233760860570952;0.14212905877517468;-1.4792899408284024;;;;;;;;;;;;;;;;;;;;;;;;;;;;;;;;;;;;;;;;;;;;;;;;;;;;;;;;;;;;;;;;;;;;
;;;;;;;;;0.13518821603927986;0.1529801324503311;0.14170661553211863;-1.4792899408284024;;;;;;;;;;;;;;;;;;;;;;;;;;;;;;;;;;;;;;;;;;;;;;;;;;;;;;;;;;;;;;;;;;;;
;;;;;;;;;-1.8114035087719296;-1.756653992395437;-1.789346246973364;;;;;;;;;;;;;;;;;;;;;;;;;;;;;;;;;;;;;;;;;;;;;;;;;;;;;;;;;;;;;;;;;;;;;
;;;;;;;;0.8333333333333331;0.16268221574344022;0.15813953488372093;0.16073211314475874;-1.6166281755196306;;;;;;;;;;;;;;;;;;;;;;;;;;;;;;;;;;;;;;;;;;;;;;;;;;;;;;;;;;;;;;;;;;;;
;;;;;;;;;0.16268221574344022;0.15813953488372093;0.16268221574344022;-1.6166281755196306;;;;;;;;;;;;;;;;;;;;;;;;;;;;;;;;;;;;;;;;;;;;;;;;;;;;;;;;;;;;;;;;;;;;
;;;;;;;;;0.16659707724425885;0.1549108992954828;0.1620316402997502;-1.6166281755196306;;;;;;;;;;;;;;;;;;;;;;;;;;;;;;;;;;;;;;;;;;;;;;;;;;;;;;;;;;;;;;;;;;;;
;;;;;;;;;0.16398499374739475;0.15706183427859985;0.16181490217843783;-1.6166281755196306;;;;;;;;;;;;;;;;;;;;;;;;;;;;;;;;;;;;;;;;;;;;;;;;;;;;;;;;;;;;;;;;;;;;
;;;;;;;;;-2.676190476190476;-2.776039119804399;-2.7058004640371243;;;;;;;;;;;;;;;;;;;;;;;;;;;;;;;;;;;;;;;;;;;;;;;;;;;;;;;;;;;;;;;;;;;;;
;;;;;;;;4.117647058823528;0.1497728211482858;0.16987447698744768;0.1725062866722548;-1.9125683060109289;;;;;;;;;;;;;;;;;;;;;;;;;;;;;;;;;;;;;;;;;;;;;;;;;;;;;;;;;;;;;;;;;;;;
;;;;;;;;;0.1529801324503311;0.1725062866722548;0.16921790046005852;-1.9125683060109289;;;;;;;;;;;;;;;;;;;;;;;;;;;;;;;;;;;;;;;;;;;;;;;;;;;;;;;;;;;;;;;;;;;;
;;;;;;;;;0.1529801324503311;0.17382550335570465;0.17053160318124733;-1.9125683060109289;;;;;;;;;;;;;;;;;;;;;;;;;;;;;;;;;;;;;;;;;;;;;;;;;;;;;;;;;;;;;;;;;;;;
;;;;;;;;;0.15190955466703407;0.17206703910614501;0.1707507675132568;-1.9125683060109289;;;;;;;;;;;;;;;;;;;;;;;;;;;;;;;;;;;;;;;;;;;;;;;;;;;;;;;;;;;;;;;;;;;;
;;;;;;;;;64.81176470587823;-16.21052631578968;-17.48000000000024;;;;;;;;;;;;;;;;;;;;;;;;;;;;;;;;;;;;;;;;;;;;;;;;;;;;;;;;;;;;;;;;;;;;;
;;;;;;;;-13.125000000000004;0.1008;0.09541650059784773;0.10682730923694776;-1.9125683060109289;;;;;;;;;;;;;;;;;;;;;;;;;;;;;;;;;;;;;;;;;;;;;;;;;;;;;;;;;;;;;;;;;;;;
;;;;;;;;;0.10019992003198719;0.09840255591054313;0.10380761523046092;-1.9125683060109289;;;;;;;;;;;;;;;;;;;;;;;;;;;;;;;;;;;;;;;;;;;;;;;;;;;;;;;;;;;;;;;;;;;;
;;;;;;;;;0.1044105854049719;0.09720670391061449;0.1044105854049719;-1.9125683060109289;;;;;;;;;;;;;;;;;;;;;;;;;;;;;;;;;;;;;;;;;;;;;;;;;;;;;;;;;;;;;;;;;;;;
;;;;;;;;;0.10180120080053388;0.09700758079531871;0.10501403931006817;-1.9125683060109289;;;;;;;;;;;;;;;;;;;;;;;;;;;;;;;;;;;;;;;;;;;;;;;;;;;;;;;;;;;;;;;;;;;;
;;;;;;;;;2.945945945945962;2.577385159010614;3.2320987654320983;;;;;;;;;;;;;;;;;;;;;;;;;;;;;;;;;;;;;;;;;;;;;;;;;;;;;;;;;;;;;;;;;;;;;
;;;;;;;;-4.242424242424243;0.10743270389714742;0.10803858520900321;0.10622240064231232;-3.017241379310345;;;;;;;;;;;;;;;;;;;;;;;;;;;;;;;;;;;;;;;;;;;;;;;;;;;;;;;;;;;;;;;;;;;;
;;;;;;;;;0.1032051282051282;0.1044105854049719;0.10501403931006817;-3.017241379310345;;;;;;;;;;;;;;;;;;;;;;;;;;;;;;;;;;;;;;;;;;;;;;;;;;;;;;;;;;;;;;;;;;;;
;;;;;;;;;0.10561797752808988;0.10682730923694776;0.10380761523046092;-3.017241379310345;;;;;;;;;;;;;;;;;;;;;;;;;;;;;;;;;;;;;;;;;;;;;;;;;;;;;;;;;;;;;;;;;;;;
;;;;;;;;;0.10541661094021686;0.10642398286937879;0.10501403931006817;-3.017241379310345;;;;;;;;;;;;;;;;;;;;;;;;;;;;;;;;;;;;;;;;;;;;;;;;;;;;;;;;;;;;;;;;;;;;
;;;;;;;;;0.7542583732057411;0.7646153846153849;0.7501432664756447;;;;;;;;;;;;;;;;;;;;;;;;;;;;;;;;;;;;;;;;;;;;;;;;;;;;;;;;;;;;;;;;;;;;;
;;;;;;;;0.0;0.12955564614757437;0.1549108992954828;0.15041322314049588;-1.4792899408284024;;;;;;;;;;;;;;;;;;;;;;;;;;;;;;;;;;;;;;;;;;;;;;;;;;;;;;;;;;;;;;;;;;;;
;;;;;;;;;0.13393295175797218;0.1562007465781833;0.15169561621174524;-1.4792899408284024;;;;;;;;;;;;;;;;;;;;;;;;;;;;;;;;;;;;;;;;;;;;;;;;;;;;;;;;;;;;;;;;;;;;
;;;;;;;;;0.13330608908868;0.15426677713338857;0.1491329479768786;-1.4792899408284024;;;;;;;;;;;;;;;;;;;;;;;;;;;;;;;;;;;;;;;;;;;;;;;;;;;;;;;;;;;;;;;;;;;;
;;;;;;;;;0.13226245575823556;0.15512572533849103;0.15041322314049588;-1.4792899408284024;;;;;;;;;;;;;;;;;;;;;;;;;;;;;;;;;;;;;;;;;;;;;;;;;;;;;;;;;;;;;;;;;;;;
;;;;;;;;;-1.822205551387845;-1.7510917030567674;-1.763565891472868;;;;;;;;;;;;;;;;;;;;;;;;;;;;;;;;;;;;;;;;;;;;;;;;;;;;;;;;;;;;;;;;;;;;;
;;;;;;;;0.8333333333333331;0.1472164948453608;0.15878687162442875;0.14657873042044517;-1.6166281755196306;;;;;;;;;;;;;;;;;;;;;;;;;;;;;;;;;;;;;;;;;;;;;;;;;;;;;;;;;;;;;;;;;;;;
;;;;;;;;;0.14657873042044517;0.1594347464671654;0.14657873042044517;-1.6166281755196306;;;;;;;;;;;;;;;;;;;;;;;;;;;;;;;;;;;;;;;;;;;;;;;;;;;;;;;;;;;;;;;;;;;;
;;;;;;;;;0.14785478547854783;0.16073211314475874;0.1472164948453608;-1.6166281755196306;;;;;;;;;;;;;;;;;;;;;;;;;;;;;;;;;;;;;;;;;;;;;;;;;;;;;;;;;;;;;;;;;;;;
;;;;;;;;;0.1472164948453608;0.15965082444228879;0.14679126013467064;-1.6166281755196306;;;;;;;;;;;;;;;;;;;;;;;;;;;;;;;;;;;;;;;;;;;;;;;;;;;;;;;;;;;;;;;;;;;;
;;;;;;;;;-2.950413223140496;-2.7368171021377656;-2.9590027700831008;;;;;;;;;;;;;;;;;;;;;;;;;;;;;;;;;;;;;;;;;;;;;;;;;;;;;;;;;;;;;;;;;;;;;
;;;;;;;;4.117647058823528;0.16073211314475874;0.16008316008316006;0.17118927973199324;-1.9125683060109289;;;;;;;;;;;;;;;;;;;;;;;;;;;;;;;;;;;;;;;;;;;;;;;;;;;;;;;;;;;;;;;;;;;;
;;;;;;;;;0.16398499374739475;0.1620316402997502;0.17118927973199324;-1.9125683060109289;;;;;;;;;;;;;;;;;;;;;;;;;;;;;;;;;;;;;;;;;;;;;;;;;;;;;;;;;;;;;;;;;;;;
;;;;;;;;;0.16138160632542656;0.16073211314475874;0.1731656184486373;-1.9125683060109289;;;;;;;;;;;;;;;;;;;;;;;;;;;;;;;;;;;;;;;;;;;;;;;;;;;;;;;;;;;;;;;;;;;;
;;;;;;;;;0.1620316402997502;0.16094855082512802;0.17184750733137827;-1.9125683060109289;;;;;;;;;;;;;;;;;;;;;;;;;;;;;;;;;;;;;;;;;;;;;;;;;;;;;;;;;;;;;;;;;;;;
;;;;;;;;;-38.92000000000013;-46.42400000000184;-16.408;;;;;;;;;;;;;;;;;;;;;;;;;;;;;;;;;;;;;;;;;;;;;;;;;;;;;;;;;;;;;;;;;;;;;
;;;;;;;;-13.125000000000004;0.0948207171314741;0.09363057324840764;0.09541650059784773;-1.9125683060109289;;;;;;;;;;;;;;;;;;;;;;;;;;;;;;;;;;;;;;;;;;;;;;;;;;;;;;;;;;;;;;;;;;;;
;;;;;;;;;0.0948207171314741;0.0948207171314741;0.0948207171314741;-1.9125683060109289;;;;;;;;;;;;;;;;;;;;;;;;;;;;;;;;;;;;;;;;;;;;;;;;;;;;;;;;;;;;;;;;;;;;
;;;;;;;;;0.0948207171314741;0.09422540820390282;0.0948207171314741;-1.9125683060109289;;;;;;;;;;;;;;;;;;;;;;;;;;;;;;;;;;;;;;;;;;;;;;;;;;;;;;;;;;;;;;;;;;;;
;;;;;;;;;0.0948207171314741;0.09422540820390282;0.09501925886571902;-1.9125683060109289;;;;;;;;;;;;;;;;;;;;;;;;;;;;;;;;;;;;;;;;;;;;;;;;;;;;;;;;;;;;;;;;;;;;
;;;;;;;;;2.428571428571428;2.389898989898989;2.4416382252559594;;;;;;;;;;;;;;;;;;;;;;;;;;;;;;;;;;;;;;;;;;;;;;;;;;;;;;;;;;;;;;;;;;;;;
;;;;;;;;-4.242424242424243;0.10260312374849818;0.1020016012810248;0.09900119856172591;-3.017241379310345;;;;;;;;;;;;;;;;;;;;;;;;;;;;;;;;;;;;;;;;;;;;;;;;;;;;;;;;;;;;;;;;;;;;
;;;;;;;;;0.1008;0.1032051282051282;0.09960031974420462;-3.017241379310345;;;;;;;;;;;;;;;;;;;;;;;;;;;;;;;;;;;;;;;;;;;;;;;;;;;;;;;;;;;;;;;;;;;;
;;;;;;;;;0.09900119856172591;0.10260312374849818;0.10140056022408961;-3.017241379310345;;;;;;;;;;;;;;;;;;;;;;;;;;;;;;;;;;;;;;;;;;;;;;;;;;;;;;;;;;;;;;;;;;;;
;;;;;;;;;0.1008;0.10260312374849818;0.10000000000000017;-3.017241379310345;;;;;;;;;;;;;;;;;;;;;;;;;;;;;;;;;;;;;;;;;;;;;;;;;;;;;;;;;;;;;;;;;;;;
;;;;;;;;;0.7078651685393258;0.7257790368271954;0.6999999999999995;;;;;;;;;;;;;;;;;;;;;;;;;;;;;;;;;;;;;;;;;;;;;;;;;;;;;;;;;;;;;;;;;;;;;
;;;;;;;;0.0;0.14594149155335803;0.14530477759472818;0.1549108992954828;-1.4792899408284024;;;;;;;;;;;;;;;;;;;;;;;;;;;;;;;;;;;;;;;;;;;;;;;;;;;;;;;;;;;;;;;;;;;;
;;;;;;;;;0.14212905877517468;0.15233760860570952;0.15233760860570952;-1.4792899408284024;;;;;;;;;;;;;;;;;;;;;;;;;;;;;;;;;;;;;;;;;;;;;;;;;;;;;;;;;;;;;;;;;;;;
;;;;;;;;;0.14530477759472818;0.15233760860570952;0.1549108992954828;-1.4792899408284024;;;;;;;;;;;;;;;;;;;;;;;;;;;;;;;;;;;;;;;;;;;;;;;;;;;;;;;;;;;;;;;;;;;;
;;;;;;;;;0.14445664105378725;0.14998622968879075;0.15405218831975723;-1.4792899408284024;;;;;;;;;;;;;;;;;;;;;;;;;;;;;;;;;;;;;;;;;;;;;;;;;;;;;;;;;;;;;;;;;;;;
;;;;;;;;;-1.7807848443843042;-1.7647440051847036;-1.7538509902546378;;;;;;;;;;;;;;;;;;;;;;;;;;;;;;;;;;;;;;;;;;;;;;;;;;;;;;;;;;;;;;;;;;;;;
;;;;;;;;0.8333333333333331;0.1472164948453608;0.1562007465781833;0.16268221574344022;-1.6166281755196306;;;;;;;;;;;;;;;;;;;;;;;;;;;;;;;;;;;;;;;;;;;;;;;;;;;;;;;;;;;;;;;;;;;;
;;;;;;;;;0.14276315789473681;0.15041322314049588;0.1652899457655402;-1.6166281755196306;;;;;;;;;;;;;;;;;;;;;;;;;;;;;;;;;;;;;;;;;;;;;;;;;;;;;;;;;;;;;;;;;;;;
;;;;;;;;;0.14212905877517468;0.15169561621174524;0.16268221574344022;-1.6166281755196306;;;;;;;;;;;;;;;;;;;;;;;;;;;;;;;;;;;;;;;;;;;;;;;;;;;;;;;;;;;;;;;;;;;;
;;;;;;;;;0.14403292181069957;0.15276589874465463;0.16355049312404477;-1.6166281755196306;;;;;;;;;;;;;;;;;;;;;;;;;;;;;;;;;;;;;;;;;;;;;;;;;;;;;;;;;;;;;;;;;;;;
;;;;;;;;;-3.017241379310345;-2.846786632390747;-2.6820045558086547;;;;;;;;;;;;;;;;;;;;;;;;;;;;;;;;;;;;;;;;;;;;;;;;;;;;;;;;;;;;;;;;;;;;;
;;;;;;;;4.117647058823528;0.13833538335383352;0.17382550335570465;0.17514693534844666;-1.9125683060109289;;;;;;;;;;;;;;;;;;;;;;;;;;;;;;;;;;;;;;;;;;;;;;;;;;;;;;;;;;;;;;;;;;;;
;;;;;;;;;0.13644553644553642;0.1725062866722548;0.17053160318124733;-1.9125683060109289;;;;;;;;;;;;;;;;;;;;;;;;;;;;;;;;;;;;;;;;;;;;;;;;;;;;;;;;;;;;;;;;;;;;
;;;;;;;;;0.13581661891117477;0.17053160318124733;0.1725062866722548;-1.9125683060109289;;;;;;;;;;;;;;;;;;;;;;;;;;;;;;;;;;;;;;;;;;;;;;;;;;;;;;;;;;;;;;;;;;;;
;;;;;;;;;0.1368651010376845;0.1722866322112029;0.17272600251502002;-1.9125683060109289;;;;;;;;;;;;;;;;;;;;;;;;;;;;;;;;;;;;;;;;;;;;;;;;;;;;;;;;;;;;;;;;;;;;
;;;;;;;;;11.390909090909222;-16.01818181818163;-15.648101265822984;;;;;;;;;;;;;;;;;;;;;;;;;;;;;;;;;;;;;;;;;;;;;;;;;;;;;;;;;;;;;;;;;;;;;
;;;;;;;;-13.125000000000004;0.0960127591706539;0.08652931854199682;0.09960031974420462;-1.9125683060109289;;;;;;;;;;;;;;;;;;;;;;;;;;;;;;;;;;;;;;;;;;;;;;;;;;;;;;;;;;;;;;;;;;;;
;;;;;;;;;0.09900119856172591;0.08829829432764774;0.09960031974420462;-1.9125683060109289;;;;;;;;;;;;;;;;;;;;;;;;;;;;;;;;;;;;;;;;;;;;;;;;;;;;;;;;;;;;;;;;;;;;
;;;;;;;;;0.09660949341842838;0.08770816812053923;0.09840255591054313;-1.9125683060109289;;;;;;;;;;;;;;;;;;;;;;;;;;;;;;;;;;;;;;;;;;;;;;;;;;;;;;;;;;;;;;;;;;;;
;;;;;;;;;0.09720670391061449;0.08751156336725274;0.09920085242408076;-1.9125683060109289;;;;;;;;;;;;;;;;;;;;;;;;;;;;;;;;;;;;;;;;;;;;;;;;;;;;;;;;;;;;;;;;;;;;
;;;;;;;;;2.591489361702127;2.000604229607261;2.7382352941176316;;;;;;;;;;;;;;;;;;;;;;;;;;;;;;;;;;;;;;;;;;;;;;;;;;;;;;;;;;;;;;;;;;;;;
;;;;;;;;-4.242424242424243;0.10019992003198719;0.10803858520900321;0.10019992003198719;-3.017241379310345;;;;;;;;;;;;;;;;;;;;;;;;;;;;;;;;;;;;;;;;;;;;;;;;;;;;;;;;;;;;;;;;;;;;
;;;;;;;;;0.10019992003198719;0.10561797752808988;0.09960031974420462;-3.017241379310345;;;;;;;;;;;;;;;;;;;;;;;;;;;;;;;;;;;;;;;;;;;;;;;;;;;;;;;;;;;;;;;;;;;;
;;;;;;;;;0.1008;0.10501403931006817;0.10140056022408961;-3.017241379310345;;;;;;;;;;;;;;;;;;;;;;;;;;;;;;;;;;;;;;;;;;;;;;;;;;;;;;;;;;;;;;;;;;;;
;;;;;;;;;0.10039989336176999;0.10622240064231232;0.10039989336176999;-3.017241379310345;;;;;;;;;;;;;;;;;;;;;;;;;;;;;;;;;;;;;;;;;;;;;;;;;;;;;;;;;;;;;;;;;;;;
;;;;;;;;;0.70392523364486;0.7625360230547549;0.70392523364486;;;;;;;;;;;;;;;;;;;;;;;;;;;;;;;;;;;;;;;;;;;;;;;;;;;;;;;;;;;;;;;;;;;;;
;;;;;;;;0.0;0.14276315789473681;0.14849360297152292;0.13330608908868;-1.4792899408284024;;;;;;;;;;;;;;;;;;;;;;;;;;;;;;;;;;;;;;;;;;;;;;;;;;;;;;;;;;;;;;;;;;;;
;;;;;;;;;0.14530477759472818;0.15169561621174524;0.13644553644553642;-1.4792899408284024;;;;;;;;;;;;;;;;;;;;;;;;;;;;;;;;;;;;;;;;;;;;;;;;;;;;;;;;;;;;;;;;;;;;
;;;;;;;;;0.14403292181069957;0.14785478547854783;0.13896636587366692;-1.4792899408284024;;;;;;;;;;;;;;;;;;;;;;;;;;;;;;;;;;;;;;;;;;;;;;;;;;;;;;;;;;;;;;;;;;;;
;;;;;;;;;0.14403292181069957;0.14934618031658614;0.13623584004367428;-1.4792899408284024;;;;;;;;;;;;;;;;;;;;;;;;;;;;;;;;;;;;;;;;;;;;;;;;;;;;;;;;;;;;;;;;;;;;
;;;;;;;;;-1.7820773930753564;-1.7665255617062832;-1.8076783773994942;;;;;;;;;;;;;;;;;;;;;;;;;;;;;;;;;;;;;;;;;;;;;;;;;;;;;;;;;;;;;;;;;;;;;
;;;;;;;;0.8333333333333331;0.1446685878962536;0.1472164948453608;0.14149548069022183;-1.6166281755196306;;;;;;;;;;;;;;;;;;;;;;;;;;;;;;;;;;;;;;;;;;;;;;;;;;;;;;;;;;;;;;;;;;;;
;;;;;;;;;0.14212905877517468;0.14849360297152292;0.14276315789473681;-1.6166281755196306;;;;;;;;;;;;;;;;;;;;;;;;;;;;;;;;;;;;;;;;;;;;;;;;;;;;;;;;;;;;;;;;;;;;
;;;;;;;;;0.14594149155335803;0.1446685878962536;0.13581661891117477;-1.6166281755196306;;;;;;;;;;;;;;;;;;;;;;;;;;;;;;;;;;;;;;;;;;;;;;;;;;;;;;;;;;;;;;;;;;;;
;;;;;;;;;0.14424475236657955;0.14679126013467064;0.14001915446709556;-1.6166281755196306;;;;;;;;;;;;;;;;;;;;;;;;;;;;;;;;;;;;;;;;;;;;;;;;;;;;;;;;;;;;;;;;;;;;
;;;;;;;;;-3.0126074498567306;-2.9590027700831008;-3.1106382978723426;;;;;;;;;;;;;;;;;;;;;;;;;;;;;;;;;;;;;;;;;;;;;;;;;;;;;;;;;;;;;;;;;;;;;
;;;;;;;;4.117647058823528;0.15878687162442875;0.16138160632542656;0.1652899457655402;-1.9125683060109289;;;;;;;;;;;;;;;;;;;;;;;;;;;;;;;;;;;;;;;;;;;;;;;;;;;;;;;;;;;;;;;;;;;;
;;;;;;;;;0.1549108992954828;0.16138160632542656;0.1620316402997502;-1.9125683060109289;;;;;;;;;;;;;;;;;;;;;;;;;;;;;;;;;;;;;;;;;;;;;;;;;;;;;;;;;;;;;;;;;;;;
;;;;;;;;;0.15813953488372093;0.1620316402997502;0.14785478547854783;-1.9125683060109289;;;;;;;;;;;;;;;;;;;;;;;;;;;;;;;;;;;;;;;;;;;;;;;;;;;;;;;;;;;;;;;;;;;;
;;;;;;;;;0.15727725511898194;0.16159822419533826;0.15835525404956366;-1.9125683060109289;;;;;;;;;;;;;;;;;;;;;;;;;;;;;;;;;;;;;;;;;;;;;;;;;;;;;;;;;;;;;;;;;;;;
;;;;;;;;;-142.09999999998269;-41.60000000000156;-87.98461538462226;;;;;;;;;;;;;;;;;;;;;;;;;;;;;;;;;;;;;;;;;;;;;;;;;;;;;;;;;;;;;;;;;;;;;
;;;;;;;;-13.125000000000004;0.10260312374849818;0.08947995236204842;0.0871185097106619;-1.9125683060109289;;;;;;;;;;;;;;;;;;;;;;;;;;;;;;;;;;;;;;;;;;;;;;;;;;;;;;;;;;;;;;;;;;;;
;;;;;;;;;0.10260312374849818;0.09363057324840764;0.08594059405940593;-1.9125683060109289;;;;;;;;;;;;;;;;;;;;;;;;;;;;;;;;;;;;;;;;;;;;;;;;;;;;;;;;;;;;;;;;;;;;
;;;;;;;;;0.1020016012810248;0.09125596184419714;0.08947995236204842;-1.9125683060109289;;;;;;;;;;;;;;;;;;;;;;;;;;;;;;;;;;;;;;;;;;;;;;;;;;;;;;;;;;;;;;;;;;;;
;;;;;;;;;0.10240256273358268;0.09145355770504815;0.08751156336725274;-1.9125683060109289;;;;;;;;;;;;;;;;;;;;;;;;;;;;;;;;;;;;;;;;;;;;;;;;;;;;;;;;;;;;;;;;;;;;
;;;;;;;;;2.996875000000016;2.2192926045015957;2.000604229607261;;;;;;;;;;;;;;;;;;;;;;;;;;;;;;;;;;;;;;;;;;;;;;;;;;;;;;;;;;;;;;;;;;;;;
;;;;;;;;-4.242424242424243;0.11718560452891222;0.10260312374849818;0.09720670391061449;-3.017241379310345;;;;;;;;;;;;;;;;;;;;;;;;;;;;;;;;;;;;;;;;;;;;;;;;;;;;;;;;;;;;;;;;;;;;
;;;;;;;;;0.10260312374849818;0.1032051282051282;0.09541650059784773;-3.017241379310345;;;;;;;;;;;;;;;;;;;;;;;;;;;;;;;;;;;;;;;;;;;;;;;;;;;;;;;;;;;;;;;;;;;;
;;;;;;;;;0.10561797752808988;0.10019992003198719;0.0960127591706539;-3.017241379310345;;;;;;;;;;;;;;;;;;;;;;;;;;;;;;;;;;;;;;;;;;;;;;;;;;;;;;;;;;;;;;;;;;;;
;;;;;;;;;0.10844277673545988;0.1020016012810248;0.0962116177057023;-3.017241379310345;;;;;;;;;;;;;;;;;;;;;;;;;;;;;;;;;;;;;;;;;;;;;;;;;;;;;;;;;;;;;;;;;;;;
;;;;;;;;;0.7856310679611646;0.7197740112994351;0.663428047662695;;;;;;;;;;;;;;;;;;;;;;;;;;;;;;;;;;;;;;;;;;;;;;;;;;;;;;;;;;;;;;;;;;;;;
;;;;;;;;0.0;0.1549108992954828;0.1472164948453608;0.1370749692748873;-1.4792899408284024;;;;;;;;;;;;;;;;;;;;;;;;;;;;;;;;;;;;;;;;;;;;;;;;;;;;;;;;;;;;;;;;;;;;
;;;;;;;;;0.1562007465781833;0.14785478547854783;0.13644553644553642;-1.4792899408284024;;;;;;;;;;;;;;;;;;;;;;;;;;;;;;;;;;;;;;;;;;;;;;;;;;;;;;;;;;;;;;;;;;;;
;;;;;;;;;0.15426677713338857;0.14657873042044517;0.13896636587366692;-1.4792899408284024;;;;;;;;;;;;;;;;;;;;;;;;;;;;;;;;;;;;;;;;;;;;;;;;;;;;;;;;;;;;;;;;;;;;
;;;;;;;;;0.15512572533849103;0.1472164948453608;0.1374948777489416;-1.4792899408284024;;;;;;;;;;;;;;;;;;;;;;;;;;;;;;;;;;;;;;;;;;;;;;;;;;;;;;;;;;;;;;;;;;;;
;;;;;;;;;-1.7510917030567674;-1.7725918570009929;-1.8032963095664651;;;;;;;;;;;;;;;;;;;;;;;;;;;;;;;;;;;;;;;;;;;;;;;;;;;;;;;;;;;;;;;;;;;;;
;;;;;;;;0.8333333333333331;0.14785478547854783;0.1497728211482858;0.13644553644553642;-1.6166281755196306;;;;;;;;;;;;;;;;;;;;;;;;;;;;;;;;;;;;;;;;;;;;;;;;;;;;;;;;;;;;;;;;;;;;
;;;;;;;;;0.15041322314049588;0.1491329479768786;0.13456032719836397;-1.6166281755196306;;;;;;;;;;;;;;;;;;;;;;;;;;;;;;;;;;;;;;;;;;;;;;;;;;;;;;;;;;;;;;;;;;;;
;;;;;;;;;0.1491329479768786;0.14849360297152292;0.13518821603927986;-1.6166281755196306;;;;;;;;;;;;;;;;;;;;;;;;;;;;;;;;;;;;;;;;;;;;;;;;;;;;;;;;;;;;;;;;;;;;
;;;;;;;;;0.1491329479768786;0.1491329479768786;0.1353976265175281;-1.6166281755196306;;;;;;;;;;;;;;;;;;;;;;;;;;;;;;;;;;;;;;;;;;;;;;;;;;;;;;;;;;;;;;;;;;;;
;;;;;;;;;-2.9129032258064513;-2.9129032258064513;-3.233224755700323;;;;;;;;;;;;;;;;;;;;;;;;;;;;;;;;;;;;;;;;;;;;;;;;;;;;;;;;;;;;;;;;;;;;;
;;;;;;;;4.117647058823528;0.15813953488372093;0.16856187290969896;0.17713324926439677;-1.9125683060109289;;;;;;;;;;;;;;;;;;;;;;;;;;;;;;;;;;;;;;;;;;;;;;;;;;;;;;;;;;;;;;;;;;;;
;;;;;;;;;0.1594347464671654;0.16594323873121866;0.17053160318124733;-1.9125683060109289;;;;;;;;;;;;;;;;;;;;;;;;;;;;;;;;;;;;;;;;;;;;;;;;;;;;;;;;;;;;;;;;;;;;
;;;;;;;;;0.16008316008316006;0.16463719766472057;0.17779646761984857;-1.9125683060109289;;;;;;;;;;;;;;;;;;;;;;;;;;;;;;;;;;;;;;;;;;;;;;;;;;;;;;;;;;;;;;;;;;;;
;;;;;;;;;0.15921872835572815;0.16637907041469543;0.17514693534844666;-1.9125683060109289;;;;;;;;;;;;;;;;;;;;;;;;;;;;;;;;;;;;;;;;;;;;;;;;;;;;;;;;;;;;;;;;;;;;
;;;;;;;;;-67.61176470587876;-23.9119999999996;-13.906666666666673;;;;;;;;;;;;;;;;;;;;;;;;;;;;;;;;;;;;;;;;;;;;;;;;;;;;;;;;;;;;;;;;;;;;;
;;;;;;;;-13.125000000000004;0.09660949341842838;0.09303621169916433;0.09422540820390282;-1.9125683060109289;;;;;;;;;;;;;;;;;;;;;;;;;;;;;;;;;;;;;;;;;;;;;;;;;;;;;;;;;;;;;;;;;;;;
;;;;;;;;;0.09303621169916433;0.09541650059784773;0.09244232299124899;-1.9125683060109289;;;;;;;;;;;;;;;;;;;;;;;;;;;;;;;;;;;;;;;;;;;;;;;;;;;;;;;;;;;;;;;;;;;;
;;;;;;;;;0.09422540820390282;0.09363057324840764;0.09363057324840764;-1.9125683060109289;;;;;;;;;;;;;;;;;;;;;;;;;;;;;;;;;;;;;;;;;;;;;;;;;;;;;;;;;;;;;;;;;;;;
;;;;;;;;;0.09462222812375533;0.0940270772498011;0.09343240015921471;-1.9125683060109289;;;;;;;;;;;;;;;;;;;;;;;;;;;;;;;;;;;;;;;;;;;;;;;;;;;;;;;;;;;;;;;;;;;;
;;;;;;;;;2.415593220338996;2.377181208053704;2.3395348837209426;;;;;;;;;;;;;;;;;;;;;;;;;;;;;;;;;;;;;;;;;;;;;;;;;;;;;;;;;;;;;;;;;;;;;
;;;;;;;;-4.242424242424243;0.10260312374849818;0.10260312374849818;0.1135135135135135;-3.017241379310345;;;;;;;;;;;;;;;;;;;;;;;;;;;;;;;;;;;;;;;;;;;;;;;;;;;;;;;;;;;;;;;;;;;;
;;;;;;;;;0.10380761523046092;0.10260312374849818;0.11473556721840936;-3.017241379310345;;;;;;;;;;;;;;;;;;;;;;;;;;;;;;;;;;;;;;;;;;;;;;;;;;;;;;;;;;;;;;;;;;;;
;;;;;;;;;0.1044105854049719;0.10140056022408961;0.11168412570507655;-3.017241379310345;;;;;;;;;;;;;;;;;;;;;;;;;;;;;;;;;;;;;;;;;;;;;;;;;;;;;;;;;;;;;;;;;;;;
;;;;;;;;;0.10360673256745945;0.10220205525156789;0.1133100295778437;-3.017241379310345;;;;;;;;;;;;;;;;;;;;;;;;;;;;;;;;;;;;;;;;;;;;;;;;;;;;;;;;;;;;;;;;;;;;
;;;;;;;;;0.7358633776091076;0.72177191328935;0.8377733598409498;;;;;;;;;;;;;;;;;;;;;;;;;;;;;;;;;;;;;;;;;;;;;;;;;;;;;;;;;;;;;;;;;;;;;
;;;;;;;;0.0;0.13205389955083707;0.16790639364814036;0.14403292181069957;-1.4792899408284024;;;;;;;;;;;;;;;;;;;;;;;;;;;;;;;;;;;;;;;;;;;;;;;;;;;;;;;;;;;;;;;;;;;;
;;;;;;;;;0.1289323553382233;0.17118927973199324;0.14403292181069957;-1.4792899408284024;;;;;;;;;;;;;;;;;;;;;;;;;;;;;;;;;;;;;;;;;;;;;;;;;;;;;;;;;;;;;;;;;;;;
;;;;;;;;;0.13644553644553642;0.16659707724425885;0.14212905877517468;-1.4792899408284024;;;;;;;;;;;;;;;;;;;;;;;;;;;;;;;;;;;;;;;;;;;;;;;;;;;;;;;;;;;;;;;;;;;;
;;;;;;;;;0.13247106875425477;0.16856187290969896;0.14339777869189632;-1.4792899408284024;;;;;;;;;;;;;;;;;;;;;;;;;;;;;;;;;;;;;;;;;;;;;;;;;;;;;;;;;;;;;;;;;;;;
;;;;;;;;;-1.8214152002995145;-1.720136518771331;-1.7840327533265095;;;;;;;;;;;;;;;;;;;;;;;;;;;;;;;;;;;;;;;;;;;;;;;;;;;;;;;;;;;;;;;;;;;;;
;;;;;;;;0.8333333333333331;0.1549108992954828;0.15684647302904564;0.1258235054900366;-1.6166281755196306;;;;;;;;;;;;;;;;;;;;;;;;;;;;;;;;;;;;;;;;;;;;;;;;;;;;;;;;;;;;;;;;;;;;
;;;;;;;;;0.1472164948453608;0.16268221574344022;0.12830957230142567;-1.6166281755196306;;;;;;;;;;;;;;;;;;;;;;;;;;;;;;;;;;;;;;;;;;;;;;;;;;;;;;;;;;;;;;;;;;;;
;;;;;;;;;0.1497728211482858;0.15555555555555556;0.1264442636289666;-1.6166281755196306;;;;;;;;;;;;;;;;;;;;;;;;;;;;;;;;;;;;;;;;;;;;;;;;;;;;;;;;;;;;;;;;;;;;
;;;;;;;;;0.15062680810028906;0.15835525404956366;0.12685838307107997;-1.6166281755196306;;;;;;;;;;;;;;;;;;;;;;;;;;;;;;;;;;;;;;;;;;;;;;;;;;;;;;;;;;;;;;;;;;;;
;;;;;;;;;-2.8849604221635867;-2.7561445783132514;-3.5157894736842152;;;;;;;;;;;;;;;;;;;;;;;;;;;;;;;;;;;;;;;;;;;;;;;;;;;;;;;;;;;;;;;;;;;;;
;;;;;;;;4.117647058823528;0.15749273557492735;0.16594323873121866;0.17184750733137827;-1.9125683060109289;;;;;;;;;;;;;;;;;;;;;;;;;;;;;;;;;;;;;;;;;;;;;;;;;;;;;;;;;;;;;;;;;;;;
;;;;;;;;;0.15749273557492735;0.1633333333333333;0.17713324926439677;-1.9125683060109289;;;;;;;;;;;;;;;;;;;;;;;;;;;;;;;;;;;;;;;;;;;;;;;;;;;;;;;;;;;;;;;;;;;;
;;;;;;;;;0.15426677713338857;0.16008316008316006;0.16987447698744768;-1.9125683060109289;;;;;;;;;;;;;;;;;;;;;;;;;;;;;;;;;;;;;;;;;;;;;;;;;;;;;;;;;;;;;;;;;;;;
;;;;;;;;;0.15641592920353958;0.16311623385640903;0.17294577976523218;-1.9125683060109289;;;;;;;;;;;;;;;;;;;;;;;;;;;;;;;;;;;;;;;;;;;;;;;;;;;;;;;;;;;;;;;;;;;;
;;;;;;;;;-282.80000000007783;-33.559999999999135;-15.469999999999837;;;;;;;;;;;;;;;;;;;;;;;;;;;;;;;;;;;;;;;;;;;;;;;;;;;;;;;;;;;;;;;;;;;;;
;;;;;;;;-13.125000000000004;0.09184890656063617;0.0871185097106619;0.08476454293628807;-1.9125683060109289;;;;;;;;;;;;;;;;;;;;;;;;;;;;;;;;;;;;;;;;;;;;;;;;;;;;;;;;;;;;;;;;;;;;
;;;;;;;;;0.09125596184419714;0.08476454293628807;0.08359035191775403;-1.9125683060109289;;;;;;;;;;;;;;;;;;;;;;;;;;;;;;;;;;;;;;;;;;;;;;;;;;;;;;;;;;;;;;;;;;;;
;;;;;;;;;0.09184890656063617;0.08652931854199682;0.08594059405940593;-1.9125683060109289;;;;;;;;;;;;;;;;;;;;;;;;;;;;;;;;;;;;;;;;;;;;;;;;;;;;;;;;;;;;;;;;;;;;
;;;;;;;;;0.0916512059369204;0.08613678373382604;0.08476454293628807;-1.9125683060109289;;;;;;;;;;;;;;;;;;;;;;;;;;;;;;;;;;;;;;;;;;;;;;;;;;;;;;;;;;;;;;;;;;;;
;;;;;;;;;2.2309677419354954;1.9301775147928888;1.8626086956521737;;;;;;;;;;;;;;;;;;;;;;;;;;;;;;;;;;;;;;;;;;;;;;;;;;;;;;;;;;;;;;;;;;;;;
;;;;;;;;-4.242424242424243;0.09422540820390282;0.09840255591054313;0.09720670391061449;-3.017241379310345;;;;;;;;;;;;;;;;;;;;;;;;;;;;;;;;;;;;;;;;;;;;;;;;;;;;;;;;;;;;;;;;;;;;
;;;;;;;;;0.09541650059784773;0.09840255591054313;0.09720670391061449;-3.017241379310345;;;;;;;;;;;;;;;;;;;;;;;;;;;;;;;;;;;;;;;;;;;;;;;;;;;;;;;;;;;;;;;;;;;;
;;;;;;;;;0.09007148530579824;0.0960127591706539;0.09541650059784773;-3.017241379310345;;;;;;;;;;;;;;;;;;;;;;;;;;;;;;;;;;;;;;;;;;;;;;;;;;;;;;;;;;;;;;;;;;;;
;;;;;;;;;0.09323427964977427;0.09760510910058559;0.09660949341842838;-3.017241379310345;;;;;;;;;;;;;;;;;;;;;;;;;;;;;;;;;;;;;;;;;;;;;;;;;;;;;;;;;;;;;;;;;;;;
;;;;;;;;;0.6354430379746838;0.6767527675276748;0.6672176308539943;;;;;;;;;;;;;;;;;;;;;;;;;;;;;;;;;;;;;;;;;;;;;;;;;;;;;;;;;;;;;;;;;;;;;
;;;;;;;;0.0;0.17184750733137827;0.16268221574344022;0.1529801324503311;-1.4792899408284024;;;;;;;;;;;;;;;;;;;;;;;;;;;;;;;;;;;;;;;;;;;;;;;;;;;;;;;;;;;;;;;;;;;;
;;;;;;;;;0.1731656184486373;0.16659707724425885;0.1497728211482858;-1.4792899408284024;;;;;;;;;;;;;;;;;;;;;;;;;;;;;;;;;;;;;;;;;;;;;;;;;;;;;;;;;;;;;;;;;;;;
;;;;;;;;;0.1725062866722548;0.1633333333333333;0.1472164948453608;-1.4792899408284024;;;;;;;;;;;;;;;;;;;;;;;;;;;;;;;;;;;;;;;;;;;;;;;;;;;;;;;;;;;;;;;;;;;;
;;;;;;;;;0.1725062866722548;0.16420233463034994;0.14998622968879075;-1.4792899408284024;;;;;;;;;;;;;;;;;;;;;;;;;;;;;;;;;;;;;;;;;;;;;;;;;;;;;;;;;;;;;;;;;;;;
;;;;;;;;;-1.7121464226289516;-1.7295081967213102;-1.7647440051847036;;;;;;;;;;;;;;;;;;;;;;;;;;;;;;;;;;;;;;;;;;;;;;;;;;;;;;;;;;;;;;;;;;;;;
;;;;;;;;0.8333333333333331;0.13770491803278684;0.14403292181069957;0.14403292181069957;-1.6166281755196306;;;;;;;;;;;;;;;;;;;;;;;;;;;;;;;;;;;;;;;;;;;;;;;;;;;;;;;;;;;;;;;;;;;;
;;;;;;;;;0.14212905877517468;0.14657873042044517;0.14276315789473681;-1.6166281755196306;;;;;;;;;;;;;;;;;;;;;;;;;;;;;;;;;;;;;;;;;;;;;;;;;;;;;;;;;;;;;;;;;;;;
;;;;;;;;;0.14276315789473681;0.14403292181069957;0.14849360297152292;-1.6166281755196306;;;;;;;;;;;;;;;;;;;;;;;;;;;;;;;;;;;;;;;;;;;;;;;;;;;;;;;;;;;;;;;;;;;;
;;;;;;;;;0.1408624229979466;0.14488059291792457;0.1450926561427593;-1.6166281755196306;;;;;;;;;;;;;;;;;;;;;;;;;;;;;;;;;;;;;;;;;;;;;;;;;;;;;;;;;;;;;;;;;;;;
;;;;;;;;;-3.09009009009009;-2.998863636363634;-2.994334277620399;;;;;;;;;;;;;;;;;;;;;;;;;;;;;;;;;;;;;;;;;;;;;;;;;;;;;;;;;;;;;;;;;;;;;
;;;;;;;;4.117647058823528;0.16594323873121866;0.17118927973199324;0.16725146198830404;-1.9125683060109289;;;;;;;;;;;;;;;;;;;;;;;;;;;;;;;;;;;;;;;;;;;;;;;;;;;;;;;;;;;;;;;;;;;;
;;;;;;;;;0.1652899457655402;0.17184750733137827;0.16987447698744768;-1.9125683060109289;;;;;;;;;;;;;;;;;;;;;;;;;;;;;;;;;;;;;;;;;;;;;;;;;;;;;;;;;;;;;;;;;;;;
;;;;;;;;;0.16398499374739475;0.16856187290969896;0.1620316402997502;-1.9125683060109289;;;;;;;;;;;;;;;;;;;;;;;;;;;;;;;;;;;;;;;;;;;;;;;;;;;;;;;;;;;;;;;;;;;;
;;;;;;;;;0.16507230255839841;0.17053160318124733;0.16637907041469543;-1.9125683060109289;;;;;;;;;;;;;;;;;;;;;;;;;;;;;;;;;;;;;;;;;;;;;;;;;;;;;;;;;;;;;;;;;;;;
;;;;;;;;;-26.98181818181759;-17.71304347826087;-23.9119999999996;;;;;;;;;;;;;;;;;;;;;;;;;;;;;;;;;;;;;;;;;;;;;;;;;;;;;;;;;;;;;;;;;;;;;
;;;;;;;;-13.125000000000004;0.08770816812053923;0.08888888888888888;0.0871185097106619;-1.9125683060109289;;;;;;;;;;;;;;;;;;;;;;;;;;;;;;;;;;;;;;;;;;;;;;;;;;;;;;;;;;;;;;;;;;;;
;;;;;;;;;0.0871185097106619;0.08770816812053923;0.08770816812053923;-1.9125683060109289;;;;;;;;;;;;;;;;;;;;;;;;;;;;;;;;;;;;;;;;;;;;;;;;;;;;;;;;;;;;;;;;;;;;
;;;;;;;;;0.08770816812053923;0.08829829432764774;0.08947995236204842;-1.9125683060109289;;;;;;;;;;;;;;;;;;;;;;;;;;;;;;;;;;;;;;;;;;;;;;;;;;;;;;;;;;;;;;;;;;;;
;;;;;;;;;0.08751156336725274;0.08829829432764774;0.08810153358011653;-1.9125683060109289;;;;;;;;;;;;;;;;;;;;;;;;;;;;;;;;;;;;;;;;;;;;;;;;;;;;;;;;;;;;;;;;;;;;
;;;;;;;;;2.000604229607261;2.042201834862385;2.0317073170731805;;;;;;;;;;;;;;;;;;;;;;;;;;;;;;;;;;;;;;;;;;;;;;;;;;;;;;;;;;;;;;;;;;;;;
;;;;;;;;-4.242424242424243;0.0948207171314741;0.1008;0.09422540820390282;-3.017241379310345;;;;;;;;;;;;;;;;;;;;;;;;;;;;;;;;;;;;;;;;;;;;;;;;;;;;;;;;;;;;;;;;;;;;
;;;;;;;;;0.09780439121756485;0.1008;0.09184890656063617;-3.017241379310345;;;;;;;;;;;;;;;;;;;;;;;;;;;;;;;;;;;;;;;;;;;;;;;;;;;;;;;;;;;;;;;;;;;;
;;;;;;;;;0.09422540820390282;0.10019992003198719;0.0948207171314741;-3.017241379310345;;;;;;;;;;;;;;;;;;;;;;;;;;;;;;;;;;;;;;;;;;;;;;;;;;;;;;;;;;;;;;;;;;;;
;;;;;;;;;0.09561520063778879;0.10059992001066542;0.09363057324840764;-3.017241379310345;;;;;;;;;;;;;;;;;;;;;;;;;;;;;;;;;;;;;;;;;;;;;;;;;;;;;;;;;;;;;;;;;;;;
;;;;;;;;;0.657769652650823;0.7058933582787646;0.6391304347826086;;;;;;;;;;;;;;;;;;;;;;;;;;;;;;;;;;;;;;;;;;;;;;;;;;;;;;;;;;;;;;;;;;;;;
;;;;;;;;0.0;0.16594323873121866;0.16073211314475874;0.1529801324503311;-1.4792899408284024;;;;;;;;;;;;;;;;;;;;;;;;;;;;;;;;;;;;;;;;;;;;;;;;;;;;;;;;;;;;;;;;;;;;
;;;;;;;;;0.16659707724425885;0.15878687162442875;0.1446685878962536;-1.4792899408284024;;;;;;;;;;;;;;;;;;;;;;;;;;;;;;;;;;;;;;;;;;;;;;;;;;;;;;;;;;;;;;;;;;;;
;;;;;;;;;0.16463719766472057;0.1549108992954828;0.14594149155335803;-1.4792899408284024;;;;;;;;;;;;;;;;;;;;;;;;;;;;;;;;;;;;;;;;;;;;;;;;;;;;;;;;;;;;;;;;;;;;
;;;;;;;;;0.16572541382667985;0.15813953488372093;0.14785478547854783;-1.4792899408284024;;;;;;;;;;;;;;;;;;;;;;;;;;;;;;;;;;;;;;;;;;;;;;;;;;;;;;;;;;;;;;;;;;;;
;;;;;;;;;-1.7261663286004065;-1.7435897435897436;-1.770750988142292;;;;;;;;;;;;;;;;;;;;;;;;;;;;;;;;;;;;;;;;;;;;;;;;;;;;;;;;;;;;;;;;;;;;;
;;;;;;;;0.8333333333333331;0.15555555555555556;0.15555555555555556;0.1472164948453608;-1.6166281755196306;;;;;;;;;;;;;;;;;;;;;;;;;;;;;;;;;;;;;;;;;;;;;;;;;;;;;;;;;;;;;;;;;;;;
;;;;;;;;;0.15426677713338857;0.15169561621174524;0.14403292181069957;-1.6166281755196306;;;;;;;;;;;;;;;;;;;;;;;;;;;;;;;;;;;;;;;;;;;;;;;;;;;;;;;;;;;;;;;;;;;;
;;;;;;;;;0.15813953488372093;0.15233760860570952;0.14403292181069957;-1.6166281755196306;;;;;;;;;;;;;;;;;;;;;;;;;;;;;;;;;;;;;;;;;;;;;;;;;;;;;;;;;;;;;;;;;;;;
;;;;;;;;;0.15598562344484398;0.15319442527942573;0.1450926561427593;-1.6166281755196306;;;;;;;;;;;;;;;;;;;;;;;;;;;;;;;;;;;;;;;;;;;;;;;;;;;;;;;;;;;;;;;;;;;;
;;;;;;;;;-2.7930693069306947;-2.83938618925831;-2.994334277620399;;;;;;;;;;;;;;;;;;;;;;;;;;;;;;;;;;;;;;;;;;;;;;;;;;;;;;;;;;;;;;;;;;;;;
;;;;;;;;4.117647058823528;0.16008316008316006;0.1652899457655402;0.16856187290969896;-1.9125683060109289;;;;;;;;;;;;;;;;;;;;;;;;;;;;;;;;;;;;;;;;;;;;;;;;;;;;;;;;;;;;;;;;;;;;
;;;;;;;;;0.1633333333333333;0.1620316402997502;0.1620316402997502;-1.9125683060109289;;;;;;;;;;;;;;;;;;;;;;;;;;;;;;;;;;;;;;;;;;;;;;;;;;;;;;;;;;;;;;;;;;;;
;;;;;;;;;0.15878687162442875;0.16659707724425885;0.16463719766472057;-1.9125683060109289;;;;;;;;;;;;;;;;;;;;;;;;;;;;;;;;;;;;;;;;;;;;;;;;;;;;;;;;;;;;;;;;;;;;
;;;;;;;;;0.16073211314475874;0.16463719766472057;0.16507230255839841;-1.9125683060109289;;;;;;;;;;;;;;;;;;;;;;;;;;;;;;;;;;;;;;;;;;;;;;;;;;;;;;;;;;;;;;;;;;;;
;;;;;;;;;-48.30000000000022;-28.20000000000006;-26.98181818181759;;;;;;;;;;;;;;;;;;;;;;;;;;;;;;;;;;;;;;;;;;;;;;;;;;;;;;;;;;;;;;;;;;;;;
;;;;;;;;-13.125000000000004;0.0871185097106619;0.08888888888888888;0.09244232299124899;-1.9125683060109289;;;;;;;;;;;;;;;;;;;;;;;;;;;;;;;;;;;;;;;;;;;;;;;;;;;;;;;;;;;;;;;;;;;;
;;;;;;;;;0.08947995236204842;0.08888888888888888;0.09066348827969803;-1.9125683060109289;;;;;;;;;;;;;;;;;;;;;;;;;;;;;;;;;;;;;;;;;;;;;;;;;;;;;;;;;;;;;;;;;;;;
;;;;;;;;;0.09007148530579824;0.08535233570863023;0.09541650059784773;-1.9125683060109289;;;;;;;;;;;;;;;;;;;;;;;;;;;;;;;;;;;;;;;;;;;;;;;;;;;;;;;;;;;;;;;;;;;;
;;;;;;;;;0.08888888888888888;0.08770816812053923;0.09283819628647233;-1.9125683060109289;;;;;;;;;;;;;;;;;;;;;;;;;;;;;;;;;;;;;;;;;;;;;;;;;;;;;;;;;;;;;;;;;;;;
;;;;;;;;;2.0740740740740735;2.0109090909090903;2.30263157894738;;;;;;;;;;;;;;;;;;;;;;;;;;;;;;;;;;;;;;;;;;;;;;;;;;;;;;;;;;;;;;;;;;;;;
;;;;;;;;-4.242424242424243;0.09125596184419714;0.09541650059784773;0.09184890656063617;-3.017241379310345;;;;;;;;;;;;;;;;;;;;;;;;;;;;;;;;;;;;;;;;;;;;;;;;;;;;;;;;;;;;;;;;;;;;
;;;;;;;;;0.09007148530579824;0.09363057324840764;0.09125596184419714;-3.017241379310345;;;;;;;;;;;;;;;;;;;;;;;;;;;;;;;;;;;;;;;;;;;;;;;;;;;;;;;;;;;;;;;;;;;;
;;;;;;;;;0.09125596184419714;0.09363057324840764;0.09244232299124899;-3.017241379310345;;;;;;;;;;;;;;;;;;;;;;;;;;;;;;;;;;;;;;;;;;;;;;;;;;;;;;;;;;;;;;;;;;;;
;;;;;;;;;0.09086092715231768;0.09422540820390282;0.09184890656063617;-3.017241379310345;;;;;;;;;;;;;;;;;;;;;;;;;;;;;;;;;;;;;;;;;;;;;;;;;;;;;;;;;;;;;;;;;;;;
;;;;;;;;;0.6135957066189627;0.6446866485013623;0.6226415094339621;;;;;;;;;;;;;;;;;;;;;;;;;;;;;;;;;;;;;;;;;;;;;;;;;;;;;;;;;;;;;;;;;;;;;
;;;;;;;;0.0;0.16138160632542656;0.15362318840579708;0.1446685878962536;-1.4792899408284024;;;;;;;;;;;;;;;;;;;;;;;;;;;;;;;;;;;;;;;;;;;;;;;;;;;;;;;;;;;;;;;;;;;;
;;;;;;;;;0.16138160632542656;0.15169561621174524;0.14785478547854783;-1.4792899408284024;;;;;;;;;;;;;;;;;;;;;;;;;;;;;;;;;;;;;;;;;;;;;;;;;;;;;;;;;;;;;;;;;;;;
;;;;;;;;;0.16268221574344022;0.16138160632542656;0.14785478547854783;-1.4792899408284024;;;;;;;;;;;;;;;;;;;;;;;;;;;;;;;;;;;;;;;;;;;;;;;;;;;;;;;;;;;;;;;;;;;;
;;;;;;;;;0.16181490217843783;0.15555555555555556;0.14679126013467064;-1.4792899408284024;;;;;;;;;;;;;;;;;;;;;;;;;;;;;;;;;;;;;;;;;;;;;;;;;;;;;;;;;;;;;;;;;;;;
;;;;;;;;;-1.7349003272835475;-1.7499999999999998;-1.7738292925938213;;;;;;;;;;;;;;;;;;;;;;;;;;;;;;;;;;;;;;;;;;;;;;;;;;;;;;;;;;;;;;;;;;;;;
;;;;;;;;0.8333333333333331;0.1497728211482858;0.15233760860570952;0.13770491803278684;-1.6166281755196306;;;;;;;;;;;;;;;;;;;;;;;;;;;;;;;;;;;;;;;;;;;;;;;;;;;;;;;;;;;;;;;;;;;;
;;;;;;;;;0.15169561621174524;0.15362318840579708;0.14339777869189632;-1.6166281755196306;;;;;;;;;;;;;;;;;;;;;;;;;;;;;;;;;;;;;;;;;;;;;;;;;;;;;;;;;;;;;;;;;;;;
;;;;;;;;;0.15233760860570952;0.15233760860570952;0.1408624229979466;-1.6166281755196306;;;;;;;;;;;;;;;;;;;;;;;;;;;;;;;;;;;;;;;;;;;;;;;;;;;;;;;;;;;;;;;;;;;;
;;;;;;;;;0.15126791620727648;0.15276589874465463;0.14065151929920633;-1.6166281755196306;;;;;;;;;;;;;;;;;;;;;;;;;;;;;;;;;;;;;;;;;;;;;;;;;;;;;;;;;;;;;;;;;;;;
;;;;;;;;;-2.8732984293193695;-2.846786632390747;-3.095180722891569;;;;;;;;;;;;;;;;;;;;;;;;;;;;;;;;;;;;;;;;;;;;;;;;;;;;;;;;;;;;;;;;;;;;;
;;;;;;;;4.117647058823528;0.16008316008316006;0.16268221574344022;0.17580848383032335;-1.9125683060109289;;;;;;;;;;;;;;;;;;;;;;;;;;;;;;;;;;;;;;;;;;;;;;;;;;;;;;;;;;;;;;;;;;;;
;;;;;;;;;0.1633333333333333;0.1652899457655402;0.17118927973199324;-1.9125683060109289;;;;;;;;;;;;;;;;;;;;;;;;;;;;;;;;;;;;;;;;;;;;;;;;;;;;;;;;;;;;;;;;;;;;
;;;;;;;;;0.1620316402997502;0.16463719766472057;0.16725146198830404;-1.9125683060109289;;;;;;;;;;;;;;;;;;;;;;;;;;;;;;;;;;;;;;;;;;;;;;;;;;;;;;;;;;;;;;;;;;;;
;;;;;;;;;0.16181490217843783;0.16420233463034994;0.17140862766997045;-1.9125683060109289;;;;;;;;;;;;;;;;;;;;;;;;;;;;;;;;;;;;;;;;;;;;;;;;;;;;;;;;;;;;;;;;;;;;
;;;;;;;;;-40.213793103447024;-29.540000000000756;-16.819178082192018;;;;;;;;;;;;;;;;;;;;;;;;;;;;;;;;;;;;;;;;;;;;;;;;;;;;;;;;;;;;;;;;;;;;;
;;;;;;;;-13.125000000000004;0.081247532570075;0.07716535433070866;0.07949526813880126;-1.9125683060109289;;;;;;;;;;;;;;;;;;;;;;;;;;;;;;;;;;;;;;;;;;;;;;;;;;;;;;;;;;;;;;;;;;;;
;;;;;;;;;0.08183254344391784;0.0748427672955975;0.07716535433070866;-1.9125683060109289;;;;;;;;;;;;;;;;;;;;;;;;;;;;;;;;;;;;;;;;;;;;;;;;;;;;;;;;;;;;;;;;;;;;
;;;;;;;;;0.07891210090658256;0.07774714454509647;0.08066298342541435;-1.9125683060109289;;;;;;;;;;;;;;;;;;;;;;;;;;;;;;;;;;;;;;;;;;;;;;;;;;;;;;;;;;;;;;;;;;;;
;;;;;;;;;0.08066298342541435;0.07658402203856748;0.07910643889618903;-1.9125683060109289;;;;;;;;;;;;;;;;;;;;;;;;;;;;;;;;;;;;;;;;;;;;;;;;;;;;;;;;;;;;;;;;;;;;
;;;;;;;;;1.6754098360655736;1.5085271317829452;1.6096256684491896;;;;;;;;;;;;;;;;;;;;;;;;;;;;;;;;;;;;;;;;;;;;;;;;;;;;;;;;;;;;;;;;;;;;;
;;;;;;;;-4.242424242424243;0.08183254344391784;0.09184890656063617;0.08770816812053923;-3.017241379310345;;;;;;;;;;;;;;;;;;;;;;;;;;;;;;;;;;;;;;;;;;;;;;;;;;;;;;;;;;;;;;;;;;;;
;;;;;;;;;0.08241801659423152;0.09125596184419714;0.09007148530579824;-3.017241379310345;;;;;;;;;;;;;;;;;;;;;;;;;;;;;;;;;;;;;;;;;;;;;;;;;;;;;;;;;;;;;;;;;;;;
;;;;;;;;;0.08183254344391784;0.09244232299124899;0.09244232299124899;-3.017241379310345;;;;;;;;;;;;;;;;;;;;;;;;;;;;;;;;;;;;;;;;;;;;;;;;;;;;;;;;;;;;;;;;;;;;
;;;;;;;;;0.08202764976958506;0.09184890656063617;0.09007148530579824;-3.017241379310345;;;;;;;;;;;;;;;;;;;;;;;;;;;;;;;;;;;;;;;;;;;;;;;;;;;;;;;;;;;;;;;;;;;;
;;;;;;;;;0.5356835769561482;0.6226415094339621;0.6064171122994652;;;;;;;;;;;;;;;;;;;;;;;;;;;;;;;;;;;;;;;;;;;;;;;;;;;;;;;;;;;;;;;;;;;;;
;;;;;;;;0.0;0.16725146198830404;0.16987447698744768;0.15813953488372093;-1.4792899408284024;;;;;;;;;;;;;;;;;;;;;;;;;;;;;;;;;;;;;;;;;;;;;;;;;;;;;;;;;;;;;;;;;;;;
;;;;;;;;;0.1652899457655402;0.1725062866722548;0.15813953488372093;-1.4792899408284024;;;;;;;;;;;;;;;;;;;;;;;;;;;;;;;;;;;;;;;;;;;;;;;;;;;;;;;;;;;;;;;;;;;;
;;;;;;;;;0.16725146198830404;0.17382550335570465;0.1633333333333333;-1.4792899408284024;;;;;;;;;;;;;;;;;;;;;;;;;;;;;;;;;;;;;;;;;;;;;;;;;;;;;;;;;;;;;;;;;;;;
;;;;;;;;;0.16659707724425885;0.17206703910614501;0.1598669623059869;-1.4792899408284024;;;;;;;;;;;;;;;;;;;;;;;;;;;;;;;;;;;;;;;;;;;;;;;;;;;;;;;;;;;;;;;;;;;;
;;;;;;;;;-1.72428694900605;-1.7130144605116786;-1.7394451145958996;;;;;;;;;;;;;;;;;;;;;;;;;;;;;;;;;;;;;;;;;;;;;;;;;;;;;;;;;;;;;;;;;;;;;
;;;;;;;;0.8333333333333331;0.1446685878962536;0.15749273557492735;0.13518821603927986;-1.6166281755196306;;;;;;;;;;;;;;;;;;;;;;;;;;;;;;;;;;;;;;;;;;;;;;;;;;;;;;;;;;;;;;;;;;;;
;;;;;;;;;0.14594149155335803;0.15555555555555556;0.13959786622897;-1.6166281755196306;;;;;;;;;;;;;;;;;;;;;;;;;;;;;;;;;;;;;;;;;;;;;;;;;;;;;;;;;;;;;;;;;;;;
;;;;;;;;;0.14594149155335803;0.15555555555555556;0.1370749692748873;-1.6166281755196306;;;;;;;;;;;;;;;;;;;;;;;;;;;;;;;;;;;;;;;;;;;;;;;;;;;;;;;;;;;;;;;;;;;;
;;;;;;;;;0.14551695729781663;0.1562007465781833;0.13728489483747588;-1.6166281755196306;;;;;;;;;;;;;;;;;;;;;;;;;;;;;;;;;;;;;;;;;;;;;;;;;;;;;;;;;;;;;;;;;;;;
;;;;;;;;;-2.9853521126760536;-2.7896296296296295;-3.1810126582278455;;;;;;;;;;;;;;;;;;;;;;;;;;;;;;;;;;;;;;;;;;;;;;;;;;;;;;;;;;;;;;;;;;;;;
;;;;;;;;4.117647058823528;0.16790639364814036;0.16073211314475874;0.1652899457655402;-1.9125683060109289;;;;;;;;;;;;;;;;;;;;;;;;;;;;;;;;;;;;;;;;;;;;;;;;;;;;;;;;;;;;;;;;;;;;
;;;;;;;;;0.1620316402997502;0.16398499374739475;0.16790639364814036;-1.9125683060109289;;;;;;;;;;;;;;;;;;;;;;;;;;;;;;;;;;;;;;;;;;;;;;;;;;;;;;;;;;;;;;;;;;;;
;;;;;;;;;0.16398499374739475;0.16594323873121866;0.16725146198830404;-1.9125683060109289;;;;;;;;;;;;;;;;;;;;;;;;;;;;;;;;;;;;;;;;;;;;;;;;;;;;;;;;;;;;;;;;;;;;
;;;;;;;;;0.16463719766472057;0.16355049312404477;0.16681514476614676;-1.9125683060109289;;;;;;;;;;;;;;;;;;;;;;;;;;;;;;;;;;;;;;;;;;;;;;;;;;;;;;;;;;;;;;;;;;;;
;;;;;;;;;-28.20000000000006;-31.821621621622455;-23.046153846154287;;;;;;;;;;;;;;;;;;;;;;;;;;;;;;;;;;;;;;;;;;;;;;;;;;;;;;;;;;;;;;;;;;;;;
;;;;;;;;-13.125000000000004;0.08476454293628807;0.08535233570863023;0.08417721518987341;-1.9125683060109289;;;;;;;;;;;;;;;;;;;;;;;;;;;;;;;;;;;;;;;;;;;;;;;;;;;;;;;;;;;;;;;;;;;;
;;;;;;;;;0.08535233570863023;0.08594059405940593;0.08535233570863023;-1.9125683060109289;;;;;;;;;;;;;;;;;;;;;;;;;;;;;;;;;;;;;;;;;;;;;;;;;;;;;;;;;;;;;;;;;;;;
;;;;;;;;;0.0871185097106619;0.08535233570863023;0.08417721518987341;-1.9125683060109289;;;;;;;;;;;;;;;;;;;;;;;;;;;;;;;;;;;;;;;;;;;;;;;;;;;;;;;;;;;;;;;;;;;;
;;;;;;;;;0.0857444561774025;0.08554837006730875;0.0845687153785283;-1.9125683060109289;;;;;;;;;;;;;;;;;;;;;;;;;;;;;;;;;;;;;;;;;;;;;;;;;;;;;;;;;;;;;;;;;;;;
;;;;;;;;;1.9105882352941268;1.9008797653958842;1.8531791907514539;;;;;;;;;;;;;;;;;;;;;;;;;;;;;;;;;;;;;;;;;;;;;;;;;;;;;;;;;;;;;;;;;;;;;
;;;;;;;;-4.242424242424243;0.08829829432764774;0.09541650059784773;0.09007148530579824;-3.017241379310345;;;;;;;;;;;;;;;;;;;;;;;;;;;;;;;;;;;;;;;;;;;;;;;;;;;;;;;;;;;;;;;;;;;;
;;;;;;;;;0.09184890656063617;0.09184890656063617;0.09007148530579824;-3.017241379310345;;;;;;;;;;;;;;;;;;;;;;;;;;;;;;;;;;;;;;;;;;;;;;;;;;;;;;;;;;;;;;;;;;;;
;;;;;;;;;0.09541650059784773;0.09422540820390282;0.09363057324840764;-3.017241379310345;;;;;;;;;;;;;;;;;;;;;;;;;;;;;;;;;;;;;;;;;;;;;;;;;;;;;;;;;;;;;;;;;;;;
;;;;;;;;;0.09184890656063617;0.09382879893828779;0.09125596184419714;-3.017241379310345;;;;;;;;;;;;;;;;;;;;;;;;;;;;;;;;;;;;;;;;;;;;;;;;;;;;;;;;;;;;;;;;;;;;
;;;;;;;;;0.6226415094339621;0.6409791477787854;0.6172043010752687;;;;;;;;;;;;;;;;;;;;;;;;;;;;;;;;;;;;;;;;;;;;;;;;;;;;;;;;;;;;;;;;;;;;;
;;;;;;;;0.0;0.16463719766472057;0.15041322314049588;0.1491329479768786;-1.4792899408284024;;;;;;;;;;;;;;;;;;;;;;;;;;;;;;;;;;;;;;;;;;;;;;;;;;;;;;;;;;;;;;;;;;;;
;;;;;;;;;0.16659707724425885;0.1529801324503311;0.15041322314049588;-1.4792899408284024;;;;;;;;;;;;;;;;;;;;;;;;;;;;;;;;;;;;;;;;;;;;;;;;;;;;;;;;;;;;;;;;;;;;
;;;;;;;;;0.16594323873121866;0.14785478547854783;0.15041322314049588;-1.4792899408284024;;;;;;;;;;;;;;;;;;;;;;;;;;;;;;;;;;;;;;;;;;;;;;;;;;;;;;;;;;;;;;;;;;;;
;;;;;;;;;0.16572541382667985;0.15041322314049588;0.14998622968879075;-1.4792899408284024;;;;;;;;;;;;;;;;;;;;;;;;;;;;;;;;;;;;;;;;;;;;;;;;;;;;;;;;;;;;;;;;;;;;
;;;;;;;;;-1.7261663286004065;-1.763565891472868;-1.7647440051847036;;;;;;;;;;;;;;;;;;;;;;;;;;;;;;;;;;;;;;;;;;;;;;;;;;;;;;;;;;;;;;;;;;;;;
;;;;;;;;0.8333333333333331;0.15426677713338857;0.16398499374739475;0.1408624229979466;-1.6166281755196306;;;;;;;;;;;;;;;;;;;;;;;;;;;;;;;;;;;;;;;;;;;;;;;;;;;;;;;;;;;;;;;;;;;;
;;;;;;;;;0.1549108992954828;0.1620316402997502;0.14149548069022183;-1.6166281755196306;;;;;;;;;;;;;;;;;;;;;;;;;;;;;;;;;;;;;;;;;;;;;;;;;;;;;;;;;;;;;;;;;;;;
;;;;;;;;;0.1549108992954828;0.1594347464671654;0.14212905877517468;-1.6166281755196306;;;;;;;;;;;;;;;;;;;;;;;;;;;;;;;;;;;;;;;;;;;;;;;;;;;;;;;;;;;;;;;;;;;;
;;;;;;;;;0.1546961325966853;0.16181490217843783;0.14149548069022183;-1.6166281755196306;;;;;;;;;;;;;;;;;;;;;;;;;;;;;;;;;;;;;;;;;;;;;;;;;;;;;;;;;;;;;;;;;;;;
;;;;;;;;;-2.8140703517587955;-2.7058004640371243;-3.075;;;;;;;;;;;;;;;;;;;;;;;;;;;;;;;;;;;;;;;;;;;;;;;;;;;;;;;;;;;;;;;;;;;;;
;;;;;;;;4.117647058823528;0.14594149155335803;0.1652899457655402;0.1510541546093427;-1.9125683060109289;;;;;;;;;;;;;;;;;;;;;;;;;;;;;;;;;;;;;;;;;;;;;;;;;;;;;;;;;;;;;;;;;;;;
;;;;;;;;;0.1472164948453608;0.16790639364814036;0.15169561621174524;-1.9125683060109289;;;;;;;;;;;;;;;;;;;;;;;;;;;;;;;;;;;;;;;;;;;;;;;;;;;;;;;;;;;;;;;;;;;;
;;;;;;;;;0.14403292181069957;0.16594323873121866;0.15169561621174524;-1.9125683060109289;;;;;;;;;;;;;;;;;;;;;;;;;;;;;;;;;;;;;;;;;;;;;;;;;;;;;;;;;;;;;;;;;;;;
;;;;;;;;;0.14572919527602324;0.16637907041469543;0.1514817367332876;-1.9125683060109289;;;;;;;;;;;;;;;;;;;;;;;;;;;;;;;;;;;;;;;;;;;;;;;;;;;;;;;;;;;;;;;;;;;;
;;;;;;;;;23.0695652173918;-23.9119999999996;57.84210526316068;;;;;;;;;;;;;;;;;;;;;;;;;;;;;;;;;;;;;;;;;;;;;;;;;;;;;;;;;;;;;;;;;;;;;
;;;;;;;;-13.125000000000004;0.07891210090658256;0.07891210090658256;0.07774714454509647;-1.9125683060109289;;;;;;;;;;;;;;;;;;;;;;;;;;;;;;;;;;;;;;;;;;;;;;;;;;;;;;;;;;;;;;;;;;;;
;;;;;;;;;0.07891210090658256;0.07832939322301023;0.07716535433070866;-1.9125683060109289;;;;;;;;;;;;;;;;;;;;;;;;;;;;;;;;;;;;;;;;;;;;;;;;;;;;;;;;;;;;;;;;;;;;
;;;;;;;;;0.07949526813880126;0.08066298342541435;0.07949526813880126;-1.9125683060109289;;;;;;;;;;;;;;;;;;;;;;;;;;;;;;;;;;;;;;;;;;;;;;;;;;;;;;;;;;;;;;;;;;;;
;;;;;;;;;0.07910643889618903;0.0793008279668815;0.07813525935653334;-1.9125683060109289;;;;;;;;;;;;;;;;;;;;;;;;;;;;;;;;;;;;;;;;;;;;;;;;;;;;;;;;;;;;;;;;;;;;
;;;;;;;;;1.6096256684491896;1.6176943699731983;1.5699208443271846;;;;;;;;;;;;;;;;;;;;;;;;;;;;;;;;;;;;;;;;;;;;;;;;;;;;;;;;;;;;;;;;;;;;;
;;;;;;;;-4.242424242424243;0.07891210090658256;0.08652931854199682;0.08241801659423152;-3.017241379310345;;;;;;;;;;;;;;;;;;;;;;;;;;;;;;;;;;;;;;;;;;;;;;;;;;;;;;;;;;;;;;;;;;;;
;;;;;;;;;0.08300395256916995;0.08829829432764774;0.08300395256916995;-3.017241379310345;;;;;;;;;;;;;;;;;;;;;;;;;;;;;;;;;;;;;;;;;;;;;;;;;;;;;;;;;;;;;;;;;;;;
;;;;;;;;;0.08066298342541435;0.08770816812053923;0.08359035191775403;-3.017241379310345;;;;;;;;;;;;;;;;;;;;;;;;;;;;;;;;;;;;;;;;;;;;;;;;;;;;;;;;;;;;;;;;;;;;
;;;;;;;;;0.08085778187080628;0.08751156336725274;0.08300395256916995;-3.017241379310345;;;;;;;;;;;;;;;;;;;;;;;;;;;;;;;;;;;;;;;;;;;;;;;;;;;;;;;;;;;;;;;;;;;;
;;;;;;;;;0.5257485029940122;0.5834361233480172;0.5440414507772019;;;;;;;;;;;;;;;;;;;;;;;;;;;;;;;;;;;;;;;;;;;;;;;;;;;;;;;;;;;;;;;;;;;;;
;;;;;;;;0.0;0.16463719766472057;0.15426677713338857;0.14339777869189632;-1.4792899408284024;;;;;;;;;;;;;;;;;;;;;;;;;;;;;;;;;;;;;;;;;;;;;;;;;;;;;;;;;;;;;;;;;;;;
;;;;;;;;;0.16856187290969896;0.15684647302904564;0.14594149155335803;-1.4792899408284024;;;;;;;;;;;;;;;;;;;;;;;;;;;;;;;;;;;;;;;;;;;;;;;;;;;;;;;;;;;;;;;;;;;;
;;;;;;;;;0.17382550335570465;0.15684647302904564;0.14594149155335803;-1.4792899408284024;;;;;;;;;;;;;;;;;;;;;;;;;;;;;;;;;;;;;;;;;;;;;;;;;;;;;;;;;;;;;;;;;;;;
;;;;;;;;;0.16899916364650144;0.15598562344484398;0.1450926561427593;-1.4792899408284024;;;;;;;;;;;;;;;;;;;;;;;;;;;;;;;;;;;;;;;;;;;;;;;;;;;;;;;;;;;;;;;;;;;;
;;;;;;;;;-1.7192285876347142;-1.7489150650960952;-1.7788623359138347;;;;;;;;;;;;;;;;;;;;;;;;;;;;;;;;;;;;;;;;;;;;;;;;;;;;;;;;;;;;;;;;;;;;;
;;;;;;;;0.8333333333333331;0.14785478547854783;0.16268221574344022;0.14276315789473681;-1.6166281755196306;;;;;;;;;;;;;;;;;;;;;;;;;;;;;;;;;;;;;;;;;;;;;;;;;;;;;;;;;;;;;;;;;;;;
;;;;;;;;;0.1472164948453608;0.15749273557492735;0.13770491803278684;-1.6166281755196306;;;;;;;;;;;;;;;;;;;;;;;;;;;;;;;;;;;;;;;;;;;;;;;;;;;;;;;;;;;;;;;;;;;;
;;;;;;;;;0.1510541546093427;0.1633333333333333;0.13518821603927986;-1.6166281755196306;;;;;;;;;;;;;;;;;;;;;;;;;;;;;;;;;;;;;;;;;;;;;;;;;;;;;;;;;;;;;;;;;;;;
;;;;;;;;;0.14870665932856336;0.16116504854368952;0.13854565336249294;-1.6166281755196306;;;;;;;;;;;;;;;;;;;;;;;;;;;;;;;;;;;;;;;;;;;;;;;;;;;;;;;;;;;;;;;;;;;;
;;;;;;;;;-2.921081081081079;-2.714953271028039;-3.147826086956519;;;;;;;;;;;;;;;;;;;;;;;;;;;;;;;;;;;;;;;;;;;;;;;;;;;;;;;;;;;;;;;;;;;;;
;;;;;;;;4.117647058823528;0.16008316008316006;0.15555555555555556;0.15684647302904564;-1.9125683060109289;;;;;;;;;;;;;;;;;;;;;;;;;;;;;;;;;;;;;;;;;;;;;;;;;;;;;;;;;;;;;;;;;;;;
;;;;;;;;;0.16398499374739475;0.16008316008316006;0.15169561621174524;-1.9125683060109289;;;;;;;;;;;;;;;;;;;;;;;;;;;;;;;;;;;;;;;;;;;;;;;;;;;;;;;;;;;;;;;;;;;;
;;;;;;;;;0.16073211314475874;0.15555555555555556;0.1549108992954828;-1.9125683060109289;;;;;;;;;;;;;;;;;;;;;;;;;;;;;;;;;;;;;;;;;;;;;;;;;;;;;;;;;;;;;;;;;;;;
;;;;;;;;;0.16159822419533826;0.15706183427859985;0.15448142521751113;-1.9125683060109289;;;;;;;;;;;;;;;;;;;;;;;;;;;;;;;;;;;;;;;;;;;;;;;;;;;;;;;;;;;;;;;;;;;;
;;;;;;;;;-41.60000000000156;-162.20000000002383;223.71999999995282;;;;;;;;;;;;;;;;;;;;;;;;;;;;;;;;;;;;;;;;;;;;;;;;;;;;;;;;;;;;;;;;;;;;;
;;;;;;;;-13.125000000000004;0.07774714454509647;0.07600314712824548;0.07194978422910944;-1.9125683060109289;;;;;;;;;;;;;;;;;;;;;;;;;;;;;;;;;;;;;;;;;;;;;;;;;;;;;;;;;;;;;;;;;;;;
;;;;;;;;;0.07832939322301023;0.07542272906016516;0.07716535433070866;-1.9125683060109289;;;;;;;;;;;;;;;;;;;;;;;;;;;;;;;;;;;;;;;;;;;;;;;;;;;;;;;;;;;;;;;;;;;;
;;;;;;;;;0.07774714454509647;0.07310561444837063;0.07600314712824548;-1.9125683060109289;;;;;;;;;;;;;;;;;;;;;;;;;;;;;;;;;;;;;;;;;;;;;;;;;;;;;;;;;;;;;;;;;;;;
;;;;;;;;;0.07794117647058803;0.0748427672955975;0.07503603721661622;-1.9125683060109289;;;;;;;;;;;;;;;;;;;;;;;;;;;;;;;;;;;;;;;;;;;;;;;;;;;;;;;;;;;;;;;;;;;;
;;;;;;;;;1.5621052631578867;1.4424242424242424;1.4496202531645495;;;;;;;;;;;;;;;;;;;;;;;;;;;;;;;;;;;;;;;;;;;;;;;;;;;;;;;;;;;;;;;;;;;;;
;;;;;;;;-4.242424242424243;0.07832939322301023;0.08888888888888888;0.08183254344391784;-3.017241379310345;;;;;;;;;;;;;;;;;;;;;;;;;;;;;;;;;;;;;;;;;;;;;;;;;;;;;;;;;;;;;;;;;;;;
;;;;;;;;;0.08007889546351084;0.08652931854199682;0.081247532570075;-3.017241379310345;;;;;;;;;;;;;;;;;;;;;;;;;;;;;;;;;;;;;;;;;;;;;;;;;;;;;;;;;;;;;;;;;;;;
;;;;;;;;;0.08007889546351084;0.08417721518987341;0.08359035191775403;-3.017241379310345;;;;;;;;;;;;;;;;;;;;;;;;;;;;;;;;;;;;;;;;;;;;;;;;;;;;;;;;;;;;;;;;;;;;
;;;;;;;;;0.07949526813880126;0.08652931854199682;0.08222280747958934;-3.017241379310345;;;;;;;;;;;;;;;;;;;;;;;;;;;;;;;;;;;;;;;;;;;;;;;;;;;;;;;;;;;;;;;;;;;;
;;;;;;;;;0.5142857142857142;0.574736842105263;0.537349397590361;;;;;;;;;;;;;;;;;;;;;;;;;;;;;;;;;;;;;;;;;;;;;;;;;;;;;;;;;;;;;;;;;;;;;
;;;;;;;;0.0;0.17514693534844666;0.1804549283909014;0.15813953488372093;-1.4792899408284024;;;;;;;;;;;;;;;;;;;;;;;;;;;;;;;;;;;;;;;;;;;;;;;;;;;;;;;;;;;;;;;;;;;;
;;;;;;;;;0.17514693534844666;0.1804549283909014;0.15749273557492735;-1.4792899408284024;;;;;;;;;;;;;;;;;;;;;;;;;;;;;;;;;;;;;;;;;;;;;;;;;;;;;;;;;;;;;;;;;;;;
;;;;;;;;;0.17713324926439677;0.1804549283909014;0.15813953488372093;-1.4792899408284024;;;;;;;;;;;;;;;;;;;;;;;;;;;;;;;;;;;;;;;;;;;;;;;;;;;;;;;;;;;;;;;;;;;;
;;;;;;;;;0.17580848383032335;0.1804549283909014;0.15792387543252615;-1.4792899408284024;;;;;;;;;;;;;;;;;;;;;;;;;;;;;;;;;;;;;;;;;;;;;;;;;;;;;;;;;;;;;;;;;;;;
;;;;;;;;;-1.7057864710676445;-1.697305863708399;-1.7441149495567114;;;;;;;;;;;;;;;;;;;;;;;;;;;;;;;;;;;;;;;;;;;;;;;;;;;;;;;;;;;;;;;;;;;;;
;;;;;;;;0.8333333333333331;0.1472164948453608;0.1633333333333333;0.13330608908868;-1.6166281755196306;;;;;;;;;;;;;;;;;;;;;;;;;;;;;;;;;;;;;;;;;;;;;;;;;;;;;;;;;;;;;;;;;;;;
;;;;;;;;;0.1491329479768786;0.1633333333333333;0.13518821603927986;-1.6166281755196306;;;;;;;;;;;;;;;;;;;;;;;;;;;;;;;;;;;;;;;;;;;;;;;;;;;;;;;;;;;;;;;;;;;;
;;;;;;;;;0.14785478547854783;0.16138160632542656;0.13330608908868;-1.6166281755196306;;;;;;;;;;;;;;;;;;;;;;;;;;;;;;;;;;;;;;;;;;;;;;;;;;;;;;;;;;;;;;;;;;;;
;;;;;;;;;0.14806766607069158;0.16268221574344022;0.13393295175797218;-1.6166281755196306;;;;;;;;;;;;;;;;;;;;;;;;;;;;;;;;;;;;;;;;;;;;;;;;;;;;;;;;;;;;;;;;;;;;
;;;;;;;;;-2.93351498637602;-2.6937931034482756;-3.2760000000000007;;;;;;;;;;;;;;;;;;;;;;;;;;;;;;;;;;;;;;;;;;;;;;;;;;;;;;;;;;;;;;;;;;;;;
;;;;;;;;4.117647058823528;0.15878687162442875;0.1633333333333333;0.16463719766472057;-1.9125683060109289;;;;;;;;;;;;;;;;;;;;;;;;;;;;;;;;;;;;;;;;;;;;;;;;;;;;;;;;;;;;;;;;;;;;
;;;;;;;;;0.15684647302904564;0.16138160632542656;0.16398499374739475;-1.9125683060109289;;;;;;;;;;;;;;;;;;;;;;;;;;;;;;;;;;;;;;;;;;;;;;;;;;;;;;;;;;;;;;;;;;;;
;;;;;;;;;0.15684647302904564;0.16008316008316006;0.15878687162442875;-1.9125683060109289;;;;;;;;;;;;;;;;;;;;;;;;;;;;;;;;;;;;;;;;;;;;;;;;;;;;;;;;;;;;;;;;;;;;
;;;;;;;;;0.15749273557492735;0.16159822419533826;0.16246529705719065;-1.9125683060109289;;;;;;;;;;;;;;;;;;;;;;;;;;;;;;;;;;;;;;;;;;;;;;;;;;;;;;;;;;;;;;;;;;;;
;;;;;;;;;-126.46666666666748;-41.60000000000156;-36.574999999998894;;;;;;;;;;;;;;;;;;;;;;;;;;;;;;;;;;;;;;;;;;;;;;;;;;;;;;;;;;;;;;;;;;;;;
;;;;;;;;-13.125000000000004;0.0748427672955975;0.07079576636613091;0.07021943573667712;-1.9125683060109289;;;;;;;;;;;;;;;;;;;;;;;;;;;;;;;;;;;;;;;;;;;;;;;;;;;;;;;;;;;;;;;;;;;;
;;;;;;;;;0.07426326129666012;0.07310561444837063;0.07252747252747252;-1.9125683060109289;;;;;;;;;;;;;;;;;;;;;;;;;;;;;;;;;;;;;;;;;;;;;;;;;;;;;;;;;;;;;;;;;;;;
;;;;;;;;;0.07716535433070866;0.07426326129666012;0.07252747252747252;-1.9125683060109289;;;;;;;;;;;;;;;;;;;;;;;;;;;;;;;;;;;;;;;;;;;;;;;;;;;;;;;;;;;;;;;;;;;;
;;;;;;;;;0.07542272906016516;0.07272013607222275;0.0717573221757324;-1.9125683060109289;;;;;;;;;;;;;;;;;;;;;;;;;;;;;;;;;;;;;;;;;;;;;;;;;;;;;;;;;;;;;;;;;;;;
;;;;;;;;;1.46412213740458;1.3656019656019585;1.3320388349514627;;;;;;;;;;;;;;;;;;;;;;;;;;;;;;;;;;;;;;;;;;;;;;;;;;;;;;;;;;;;;;;;;;;;;
;;;;;;;;-4.242424242424243;0.07774714454509647;0.08652931854199682;0.08417721518987341;-3.017241379310345;;;;;;;;;;;;;;;;;;;;;;;;;;;;;;;;;;;;;;;;;;;;;;;;;;;;;;;;;;;;;;;;;;;;
;;;;;;;;;0.07658402203856748;0.0871185097106619;0.08300395256916995;-3.017241379310345;;;;;;;;;;;;;;;;;;;;;;;;;;;;;;;;;;;;;;;;;;;;;;;;;;;;;;;;;;;;;;;;;;;;
;;;;;;;;;0.07600314712824548;0.08476454293628807;0.081247532570075;-3.017241379310345;;;;;;;;;;;;;;;;;;;;;;;;;;;;;;;;;;;;;;;;;;;;;;;;;;;;;;;;;;;;;;;;;;;;
;;;;;;;;;0.07677774862240862;0.08613678373382604;0.08280858911869338;-3.017241379310345;;;;;;;;;;;;;;;;;;;;;;;;;;;;;;;;;;;;;;;;;;;;;;;;;;;;;;;;;;;;;;;;;;;;
;;;;;;;;;0.49176470588235316;0.5712784588441333;0.542364106988783;;;;;;;;;;;;;;;;;;;;;;;;;;;;;;;;;;;;;;;;;;;;;;;;;;;;;;;;;;;;;;;;;;;;;
;;;;;;;;0.0;0.16594323873121866;0.17846024400504834;0.17647058823529407;-1.4792899408284024;;;;;;;;;;;;;;;;;;;;;;;;;;;;;;;;;;;;;;;;;;;;;;;;;;;;;;;;;;;;;;;;;;;;
;;;;;;;;;0.16594323873121866;0.17713324926439677;0.17846024400504834;-1.4792899408284024;;;;;;;;;;;;;;;;;;;;;;;;;;;;;;;;;;;;;;;;;;;;;;;;;;;;;;;;;;;;;;;;;;;;
;;;;;;;;;0.16790639364814036;0.1731656184486373;0.1804549283909014;-1.4792899408284024;;;;;;;;;;;;;;;;;;;;;;;;;;;;;;;;;;;;;;;;;;;;;;;;;;;;;;;;;;;;;;;;;;;;
;;;;;;;;;0.16659707724425885;0.17624982495448838;0.17846024400504834;-1.4792899408284024;;;;;;;;;;;;;;;;;;;;;;;;;;;;;;;;;;;;;;;;;;;;;;;;;;;;;;;;;;;;;;;;;;;;
;;;;;;;;;-1.72428694900605;-1.704958005960445;-1.7008821170809945;;;;;;;;;;;;;;;;;;;;;;;;;;;;;;;;;;;;;;;;;;;;;;;;;;;;;;;;;;;;;;;;;;;;;
;;;;;;;;0.8333333333333331;0.15878687162442875;0.1725062866722548;0.15426677713338857;-1.6166281755196306;;;;;;;;;;;;;;;;;;;;;;;;;;;;;;;;;;;;;;;;;;;;;;;;;;;;;;;;;;;;;;;;;;;;
;;;;;;;;;0.1594347464671654;0.16268221574344022;0.15362318840579708;-1.6166281755196306;;;;;;;;;;;;;;;;;;;;;;;;;;;;;;;;;;;;;;;;;;;;;;;;;;;;;;;;;;;;;;;;;;;;
;;;;;;;;;0.1562007465781833;0.16398499374739475;0.1549108992954828;-1.6166281755196306;;;;;;;;;;;;;;;;;;;;;;;;;;;;;;;;;;;;;;;;;;;;;;;;;;;;;;;;;;;;;;;;;;;;
;;;;;;;;;0.15813953488372093;0.16637907041469543;0.15426677713338857;-1.6166281755196306;;;;;;;;;;;;;;;;;;;;;;;;;;;;;;;;;;;;;;;;;;;;;;;;;;;;;;;;;;;;;;;;;;;;
;;;;;;;;;-2.759420289855072;-2.6451327433628333;-2.821212121212121;;;;;;;;;;;;;;;;;;;;;;;;;;;;;;;;;;;;;;;;;;;;;;;;;;;;;;;;;;;;;;;;;;;;;
;;;;;;;;4.117647058823528;0.15362318840579708;0.1472164948453608;0.1408624229979466;-1.9125683060109289;;;;;;;;;;;;;;;;;;;;;;;;;;;;;;;;;;;;;;;;;;;;;;;;;;;;;;;;;;;;;;;;;;;;
;;;;;;;;;0.15233760860570952;0.14594149155335803;0.14212905877517468;-1.9125683060109289;;;;;;;;;;;;;;;;;;;;;;;;;;;;;;;;;;;;;;;;;;;;;;;;;;;;;;;;;;;;;;;;;;;;
;;;;;;;;;0.15362318840579708;0.1446685878962536;0.1446685878962536;-1.9125683060109289;;;;;;;;;;;;;;;;;;;;;;;;;;;;;;;;;;;;;;;;;;;;;;;;;;;;;;;;;;;;;;;;;;;;
;;;;;;;;;0.15319442527942573;0.14594149155335803;0.1425517335891464;-1.9125683060109289;;;;;;;;;;;;;;;;;;;;;;;;;;;;;;;;;;;;;;;;;;;;;;;;;;;;;;;;;;;;;;;;;;;;
;;;;;;;;;100.92727272726293;23.613333333333273;17.05245901639374;;;;;;;;;;;;;;;;;;;;;;;;;;;;;;;;;;;;;;;;;;;;;;;;;;;;;;;;;;;;;;;;;;;;;
;;;;;;;;-13.125000000000004;0.06964355660007833;0.06390948107686305;0.0684931506849315;-1.9125683060109289;;;;;;;;;;;;;;;;;;;;;;;;;;;;;;;;;;;;;;;;;;;;;;;;;;;;;;;;;;;;;;;;;;;;
;;;;;;;;;0.07194978422910944;0.06619773348964439;0.06619773348964439;-1.9125683060109289;;;;;;;;;;;;;;;;;;;;;;;;;;;;;;;;;;;;;;;;;;;;;;;;;;;;;;;;;;;;;;;;;;;;
;;;;;;;;;0.07194978422910944;0.06562499999999999;0.06734454438795462;-1.9125683060109289;;;;;;;;;;;;;;;;;;;;;;;;;;;;;;;;;;;;;;;;;;;;;;;;;;;;;;;;;;;;;;;;;;;;
;;;;;;;;;0.07118023787740184;0.06524342619109587;0.06734454438795462;-1.9125683060109289;;;;;;;;;;;;;;;;;;;;;;;;;;;;;;;;;;;;;;;;;;;;;;;;;;;;;;;;;;;;;;;;;;;;
;;;;;;;;;1.3122891566265122;1.123766816143492;1.1875862068965515;;;;;;;;;;;;;;;;;;;;;;;;;;;;;;;;;;;;;;;;;;;;;;;;;;;;;;;;;;;;;;;;;;;;;
;;;;;;;;-4.242424242424243;0.07021943573667712;0.08066298342541435;0.07832939322301023;-3.017241379310345;;;;;;;;;;;;;;;;;;;;;;;;;;;;;;;;;;;;;;;;;;;;;;;;;;;;;;;;;;;;;;;;;;;;
;;;;;;;;;0.06906812842599842;0.08417721518987341;0.07658402203856748;-3.017241379310345;;;;;;;;;;;;;;;;;;;;;;;;;;;;;;;;;;;;;;;;;;;;;;;;;;;;;;;;;;;;;;;;;;;;
;;;;;;;;;0.07137254901960784;0.08007889546351084;0.07774714454509647;-3.017241379310345;;;;;;;;;;;;;;;;;;;;;;;;;;;;;;;;;;;;;;;;;;;;;;;;;;;;;;;;;;;;;;;;;;;;
;;;;;;;;;0.07021943573667712;0.08163748848229582;0.07755316355998969;-3.017241379310345;;;;;;;;;;;;;;;;;;;;;;;;;;;;;;;;;;;;;;;;;;;;;;;;;;;;;;;;;;;;;;;;;;;;
;;;;;;;;;0.43921568627450974;0.5323605150214588;0.49814502529510923;;;;;;;;;;;;;;;;;;;;;;;;;;;;;;;;;;;;;;;;;;;;;;;;;;;;;;;;;;;;;;;;;;;;;
