Start;04/11/2024;9h30;End;;;Day;Hour;;A;B;C;Dilution;Day;Time (h);Time (s);OD 0A;Std 0A;OD 0B;Std 0B;OD 0C;Std 0C;OD 1A;Std 1A;OD 1B;Std 1B;OD 1C;Std 1C;OD 2A;Std 2A;OD 2B;Std 2B;OD 2C;Std 2C;OD 3A;Std 3A;OD 3B;Std 3B;OD 3C;Std 3C;OD 4A;Std 4A;OD 4B;Std 4B;OD 4C;Std 4C;mean 0;std 0;mean 1;std 1;mean 2;std 2;mean 3;std 3;mean 4;std 4;dilution 0;dilution 1;dilution 2;dilution 3;dilution 4;OD 0A NC;OD 0B NC;OD 0C NC;OD 1A NC;OD 1B NC;OD 1C NC;OD 2A NC;OD 2B NC;OD 2C NC;OD 3A NC;OD 3B NC;OD 3C NC;OD 4A NC;OD 4B NC;OD 4C NC;mean 0 NC;mean 1 NC;mean 2 NC;mean 3 NC;mean 4 NC
;;;;;;04/11/2024;18h40;0;0.027;0.023;0.035;1;04/11/2024;9h30;;;;;;;;;;;;;;;;;;;;;;;;;;;;;;;;;;;;;;;;;;;;;;;;;;;;;;;;;;;;;;;;;;
;;;;;;;;;0.027;0.021;0.03;1;04/11/2024;18h40;33000;0.026;0.00173205080756888;0.0223333333333333;0.00115470053837925;0.03;0.005;0.0263333333333333;0.000577350269189626;0.0236666666666667;0.00305505046330389;0.0256666666666667;0.00115470053837925;0.023;0.00173205080756888;0.0276666666666667;0.00208166599946613;0.0266666666666667;0.000577350269189626;0.0203333333333333;0.00288675134594813;0.0283333333333333;0.000577350269189626;0.026;0.002;0.0263333333333333;0.000577350269189626;0.0223333333333333;0.000577350269189626;0.0326666666666667;0.00152752523165195;0.0261111111111111;0.00383454087260831;0.0252222222222222;0.00138777733297742;0.0257777777777778;0.00245703826527733;0.0248888888888889;0.00411411301812747;0.0271111111111111;0.00521038848341926;1;1;1;1;1;0.026;0.0223333333333333;0.03;0.0263333333333333;0.0236666666666667;0.0256666666666667;0.023;0.0276666666666667;0.0266666666666667;0.0203333333333333;0.0283333333333333;0.026;0.0263333333333333;0.0223333333333333;0.0326666666666667;0.0261111111111111;0.0252222222222222;0.0257777777777778;0.0248888888888889;0.0271111111111111
;;;;;;;;;0.024;0.023;0.025;1;04/11/2024;20h26;39360;0.024;0.00264575131106459;0.028;0.00264575131106459;0.0286666666666667;0.00288675134594813;0.028;0.001;0.0296666666666667;0.00115470053837925;0.0316666666666667;0.000577350269189626;0.0226666666666667;0.00115470053837925;0.0313333333333333;0.000577350269189626;0.0396666666666667;0.00208166599946613;0.0343333333333333;0.0023094010767585;0.0376666666666667;0.00152752523165195;0.0333333333333333;0.00321455025366432;0.0323333333333333;0.000577350269189626;0.0273333333333333;0.000577350269189626;0.0306666666666667;0.00208166599946613;0.0268888888888889;0.00252395926480012;0.0297777777777778;0.00183585684909537;0.0312222222222222;0.00850054464486008;0.0351111111111111;0.00226895309518468;0.0301111111111111;0.00254587538608658;1;1;1;1;1;0.024;0.028;0.0286666666666667;0.028;0.0296666666666667;0.0316666666666667;0.0226666666666667;0.0313333333333333;0.0396666666666667;0.0343333333333333;0.0376666666666667;0.0333333333333333;0.0323333333333333;0.0273333333333333;0.0306666666666667;0.0268888888888889;0.0297777777777778;0.0312222222222222;0.0351111111111111;0.0301111111111111
;;;;;;;;mean 0;0.026;0.0223333333333333;0.03;1;05/11/2024;07h59;80940;0.0766666666666667;0.00208166599946613;0.0906666666666667;0.00208166599946613;0.0923333333333333;0.000577350269189626;0.0706666666666667;0.000577350269189618;0.0656666666666667;0.00115470053837925;0.092;0.00173205080756888;0.0746666666666667;0.000577350269189626;0.088;0.00360555127546399;0.094;0.00360555127546399;0.0663333333333333;0.00152752523165195;0.0913333333333333;0.00208166599946613;0.0843333333333333;0.00251661147842358;0.0633333333333333;0.00152752523165195;0.0636666666666667;0.00152752523165195;0.0646666666666667;0.00152752523165195;0.0865555555555556;0.00860447773179971;0.0761111111111111;0.0139854421665027;0.0855555555555556;0.00989575292364993;0.0806666666666667;0.0128970280814354;0.0638888888888889;0.000693888666488708;1;1;1;1;1;0.0766666666666667;0.0906666666666667;0.0923333333333333;0.0706666666666667;0.0656666666666667;0.092;0.0746666666666667;0.088;0.094;0.0663333333333333;0.0913333333333333;0.0843333333333333;0.0633333333333333;0.0636666666666667;0.0646666666666667;0.0865555555555556;0.0761111111111111;0.0855555555555556;0.0806666666666667;0.0638888888888889
;;;;;;;;dilution 0;0.026;0.0223333333333333;0.03;;05/11/2024;9h10;85200;0.089;0.004;0.0826666666666667;0.00152752523165195;0.096;0.002;0.0843333333333333;0.00208166599946613;0.0903333333333333;0.00152752523165195;0.110333333333333;0.00208166599946613;0.0913333333333333;0.00230940107675851;0.100333333333333;0.00208166599946613;0.107;0.001;0.081;0.001;0.095;0.00173205080756888;0.103333333333333;0.00416333199893226;0.0756666666666667;0.00152752523165195;0.075;0.00264575131106459;0.0706666666666667;0.00115470053837924;0.0892222222222222;0.00666944386598175;0.095;0.013613718571108;0.0995555555555555;0.00786223980903755;0.0931111111111111;0.0112858482344204;0.0737777777777778;0.00271484260508235;1;1;1;1;1;0.089;0.0826666666666667;0.096;0.0843333333333333;0.0903333333333333;0.110333333333333;0.0913333333333333;0.100333333333333;0.107;0.081;0.095;0.103333333333333;0.0756666666666667;0.075;0.0706666666666667;0.0892222222222222;0.095;0.0995555555555555;0.0931111111111111;0.0737777777777778
;;;;;;;;1;0.026;0.021;0.027;1;05/11/2024;10h30;90000;0.102;0.000999999999999994;0.106;0.001;0.0996666666666667;0.00321455025366432;0.0913333333333333;0.00208166599946613;0.0736666666666667;0.00152752523165195;0.102666666666667;0.00288675134594812;0.100333333333333;0.00568624070307732;0.105666666666667;0.000577350269189626;0.110333333333333;0.00152752523165195;0.0856666666666667;0.00321455025366431;0.106;0.00173205080756888;0.103333333333333;0.00230940107675851;0.0753333333333333;0.00321455025366431;0.0663333333333333;0.00378593889720019;0.0676666666666667;0.00208166599946613;0.102555555555556;0.00320300784564434;0.0892222222222222;0.0146148073060371;0.105444444444444;0.00500370233297676;0.0983333333333333;0.0110503896361672;0.0697777777777778;0.00485722066542097;1;1;1;1;1;0.102;0.106;0.0996666666666667;0.0913333333333333;0.0736666666666667;0.102666666666667;0.100333333333333;0.105666666666667;0.110333333333333;0.0856666666666667;0.106;0.103333333333333;0.0753333333333333;0.0663333333333333;0.0676666666666667;0.102555555555556;0.0892222222222222;0.105444444444444;0.0983333333333333;0.0697777777777778
;;;;;;;;;0.026;0.027;0.025;1;05/11/2024;13h25;100500;0.131666666666667;0.00351188458428425;0.130666666666667;0.00152752523165195;0.144666666666667;0.00404145188432738;0.131;0.00173205080756888;0.130333333333333;0.00351188458428425;0.152333333333333;0.00152752523165195;0.128;0.00152752523165195;0.138333333333333;0.00416333199893225;0.147;0.001;0.114333333333333;0.00321455025366431;0.126666666666667;0.0030550504633039;0.118;0.00346410161513775;0.0933333333333333;0.00115470053837925;0.087;0.00346410161513775;0.091;0.00264575131106459;0.135666666666667;0.00781024967590663;0.137888888888889;0.0125136962002676;0.137777777777778;0.00951217543369977;0.119666666666667;0.00633333333333334;0.0904444444444445;0.00320300784564435;1;1;1;1;1;0.131666666666667;0.130666666666667;0.144666666666667;0.131;0.130333333333333;0.152333333333333;0.128;0.138333333333333;0.147;0.114333333333333;0.126666666666667;0.118;0.0933333333333333;0.087;0.091;0.135666666666667;0.137888888888889;0.137777777777778;0.119666666666667;0.0904444444444445
;;;;;;;;;0.027;0.023;0.025;1;05/11/2024;15h03;106380;0.154666666666667;0.00321455025366432;0.153666666666667;0.0066583281184794;0.173;0.001;0.140666666666667;0.00115470053837924;0.138666666666667;0.00450924975282288;0.156333333333333;0.000577350269189626;0.128666666666667;0.00152752523165195;0.16;0.002;0.163666666666667;0.00378593889720019;0.112;0.00360555127546399;0.147666666666667;0.0030550504633039;0.159333333333333;0.0030550504633039;0.102;0;0.0973333333333333;0.00152752523165195;0.0973333333333333;0.00665832811847939;0.160444444444444;0.0108849199115786;0.145222222222222;0.00967432646712898;0.150777777777778;0.019236346769515;0.139666666666667;0.0246599089842422;0.0988888888888889;0.00269430125621825;1;1;1;1;1;0.154666666666667;0.153666666666667;0.173;0.140666666666667;0.138666666666667;0.156333333333333;0.128666666666667;0.16;0.163666666666667;0.112;0.147666666666667;0.159333333333333;0.102;0.0973333333333333;0.0973333333333333;0.160444444444444;0.145222222222222;0.150777777777778;0.139666666666667;0.0988888888888889
;;;;;;;;mean 1;0.0263333333333333;0.0236666666666667;0.0256666666666667;1;05/11/2024;16h49;112740;0.161333333333333;0.000577350269189626;0.175666666666667;0.00680685928555404;0.171333333333333;0.00115470053837924;0.146666666666667;0.00251661147842359;0.159333333333333;0.00230940107675851;0.186;0.00360555127546399;0.143666666666667;0.00152752523165195;0.145333333333333;0.00115470053837925;0.172;0.00264575131106458;0.128333333333333;0.0030550504633039;0.165666666666667;0.000577350269189626;0.174666666666667;0.000577350269189626;0.117;0.00173205080756887;0.101666666666667;0.00115470053837924;0.0963333333333333;0.00321455025366432;0.169444444444444;0.00735098884756581;0.164;0.0200776271285008;0.153666666666667;0.0158989866902824;0.156222222222222;0.024568121470568;0.105;0.0107289846262874;1;1;1;1;1;0.161333333333333;0.175666666666667;0.171333333333333;0.146666666666667;0.159333333333333;0.186;0.143666666666667;0.145333333333333;0.172;0.128333333333333;0.165666666666667;0.174666666666667;0.117;0.101666666666667;0.0963333333333333;0.169444444444444;0.164;0.153666666666667;0.156222222222222;0.105
;;;;;;;;dilution 1;0.0263333333333333;0.0236666666666667;0.0256666666666667;;05/11/2024;18h02;117120;0.189;0.00556776436283003;0.172333333333333;0.0153731367434669;0.190666666666667;0.00251661147842359;0.179666666666667;0.00493288286231625;0.175;0.00556776436283001;0.198666666666667;0.00404145188432738;0.185;0.002;0.183333333333333;0.000577350269189626;0.199;0.003;0.157;0.001;0.192;3.3993498887763E-17;0.188666666666667;0.000577350269189626;0.13;0.001;0.117;0.00360555127546398;0.109666666666667;0.00251661147842359;0.184;0.010137937550497;0.184444444444444;0.0125358744468884;0.189111111111111;0.0086044777317997;0.179222222222222;0.0193170429452375;0.118888888888889;0.0102974286614201;1;1;1;1;1;0.189;0.172333333333333;0.190666666666667;0.179666666666667;0.175;0.198666666666667;0.185;0.183333333333333;0.199;0.157;0.192;0.188666666666667;0.13;0.117;0.109666666666667;0.184;0.184444444444444;0.189111111111111;0.179222222222222;0.118888888888889
;;;;;;;;2;0.022;0.03;0.027;1;05/11/2024;19h22;121920;0.193666666666667;0.00152752523165195;0.182;0.00264575131106459;0.187666666666667;0.00208166599946613;0.195;0.00529150262212919;0.186333333333333;0.00503322295684717;0.227666666666667;0.00152752523165195;0.191333333333333;0.00115470053837925;0.196333333333333;0.000577350269189626;0.241666666666667;0.00321455025366432;0.176666666666667;0.00251661147842359;0.202;0.00360555127546398;0.206666666666667;0.00208166599946613;0.143;0.00299999999999999;0.125666666666667;0.00208166599946613;0.123;0.001;0.187777777777778;0.00583412693014446;0.203;0.0217970436323624;0.209777777777778;0.0277295136258447;0.195111111111111;0.016142880554368;0.130555555555556;0.0108593704203294;1;1;1;1;1;0.193666666666667;0.182;0.187666666666667;0.195;0.186333333333333;0.227666666666667;0.191333333333333;0.196333333333333;0.241666666666667;0.176666666666667;0.202;0.206666666666667;0.143;0.125666666666667;0.123;0.187777777777778;0.203;0.209777777777778;0.195111111111111;0.130555555555556
;;;;;;;;;0.025;0.027;0.027;1;06/11/2024;8h09;167940;0.446666666666667;0.00115470053837925;0.473333333333333;0.000999999999999973;0.497333333333333;0.003;0.520666666666667;0.00115470053837925;0.564;0.000999999999999973;0.596;0.003;0.57;0.001;0.644;0.00435889894354068;0.772666666666667;0.0066583281184794;0.484666666666667;0.00115470053837925;0.610666666666667;0.00404145188432738;0.656666666666667;0.00472581562625261;0.362666666666667;0.00152752523165195;0.286666666666667;0.00305505046330388;0.280666666666667;0.00057735026918961;0.472444444444444;0.0253450265411258;0.560222222222222;0.0378084842526314;0.662222222222222;0.102554773079956;0.584;0.0890468041724875;0.31;0.0457092259104588;2;2;2;2;2;0.223333333333333;0.236666666666667;0.248666666666667;0.260333333333333;0.282;0.298;0.285;0.322;0.386333333333333;0.242333333333333;0.305333333333333;0.328333333333333;0.181333333333333;0.143333333333333;0.140333333333333;0.236222222222222;0.280111111111111;0.331111111111111;0.292;0.155
;;;;;;;;;0.022;0.026;0.026;1;06/11/2024;9h31;172860;0.452;0.00458257569495584;0.472;0.00199999999999999;0.503333333333333;0.00251661147842359;0.54;0.00173205080756888;0.55;0.001;0.786;0.001;0.663333333333333;0.00503322295684717;0.701333333333333;0.00757187779440034;0.860666666666667;0.00550757054728611;0.534666666666667;0.00416333199893227;0.668666666666667;0.00230940107675851;0.712;0.00458257569495584;0.382;0.00173205080756888;0.313333333333333;0.00208166599946613;0.312;0.00346410161513776;0.475777777777778;0.0258743402134524;0.625333333333333;0.139231222552032;0.741777777777778;0.104699216453256;0.638444444444445;0.0924489849312294;0.335777777777778;0.0400351697238167;2;2;2;2;2;0.226;0.236;0.251666666666667;0.27;0.275;0.393;0.331666666666667;0.350666666666667;0.430333333333333;0.267333333333333;0.334333333333333;0.356;0.191;0.156666666666667;0.156;0.237888888888889;0.312666666666667;0.370888888888889;0.319222222222222;0.167888888888889
;;;;;;;;mean 2;0.023;0.0276666666666667;0.0266666666666667;1;06/11/2024;10h50;177600;0.525333333333333;0.00115470053837925;0.515333333333333;0.000577350269189626;0.565333333333333;0.00585946527708229;0.598666666666667;0.00378593889720019;0.481333333333333;0.000577350269189626;0.825333333333333;0.00404145188432738;0.724;0.003;0.826666666666667;0.00351188458428425;0.947333333333333;0.00665832811847938;0.57;0.002;0.746;0.00360555127546399;0.798;0.00608276253029822;0.416666666666667;0.000577350269189626;0.322;0.00173205080756888;0.331333333333333;0.00416333199893227;0.535333333333333;0.0264575131106459;0.635111111111111;0.174871804897612;0.832666666666667;0.111787496816256;0.704666666666667;0.119487795750584;0.356666666666667;0.0521706601240371;2;2;2;2;2;0.262666666666667;0.257666666666667;0.282666666666667;0.299333333333333;0.240666666666667;0.412666666666667;0.362;0.413333333333333;0.473666666666667;0.285;0.373;0.399;0.208333333333333;0.161;0.165666666666667;0.267666666666667;0.317555555555556;0.416333333333333;0.352333333333333;0.178333333333333
;;;;;;;;dilution 2;0.023;0.0276666666666667;0.0266666666666667;;06/11/2024;13h45;188700;0.88;0.00360555127546399;1.128;0.00199999999999997;0.968;0.00173205080756888;0.888;0.002;0.929333333333333;0.00251661147842357;1.22266666666667;0.00230940107675851;0.894666666666667;0.00288675134594813;1.06933333333333;0.00802080627701065;1.23066666666667;0.0045092497528229;0.74;0.001;0.944;0.00264575131106458;0.964;0.0062449979983984;0.489333333333333;0.00351188458428425;0.393333333333333;0.00208166599946613;0.396666666666667;0.00351188458428425;0.992;0.125729869164014;1.01333333333333;0.182462172639823;1.06488888888889;0.168044085926327;0.882666666666667;0.123956981785349;0.426444444444444;0.0544888707630925;4;4;4;4;2;0.22;0.282;0.242;0.222;0.232333333333333;0.305666666666667;0.223666666666667;0.267333333333333;0.307666666666667;0.185;0.236;0.241;0.244666666666667;0.196666666666667;0.198333333333333;0.248;0.253333333333333;0.266222222222222;0.220666666666667;0.213222222222222
;;;;;;;;3;0.017;0.029;0.024;1;06/11/2024;14h59;193740;1.01733333333333;0.00642910050732864;1.12933333333333;0.00251661147842356;1.15066666666667;0.00230940107675851;0.930666666666667;0.00152752523165195;1.09866666666667;0.00208166599946613;1.248;0.004;0.984;0.00264575131106459;1.16;0.001;1.308;0.001;0.790666666666667;0.000577350269189626;0.976;0.003;1.01066666666667;0.00585946527708232;0.532;0.00264575131106459;0.438;0.004;0.432666666666667;0.00351188458428425;1.09911111111111;0.0716203985012753;1.09244444444444;0.158758143564819;1.15066666666667;0.162201520749139;0.925777777777778;0.118286532216072;0.467555555555556;0.0558741973179564;4;4;4;4;2;0.254333333333333;0.282333333333333;0.287666666666667;0.232666666666667;0.274666666666667;0.312;0.246;0.29;0.327;0.197666666666667;0.244;0.252666666666667;0.266;0.219;0.216333333333333;0.274777777777778;0.273111111111111;0.287666666666667;0.231444444444444;0.233777777777778
;;;;;;;;;0.022;0.028;0.026;1;06/11/2024;16h06;197160;1.15466666666667;0.0045092497528229;1.13466666666667;0.00321455025366429;1.05466666666667;0.00513160143944689;1.02666666666667;0.00568624070307733;1.156;0.00556776436283003;1.42533333333333;0.00577350269189626;1.076;0.00435889894354068;1.19866666666667;0.00208166599946613;1.36533333333333;0.00650640709864769;0.826666666666667;0.00208166599946613;0.993333333333333;0.00208166599946613;1.06266666666667;0.0195021366350801;0.560666666666667;0.00321455025366429;0.448;0.00173205080756888;0.442;0.00264575131106459;1.11466666666667;0.0529150262212918;1.20266666666667;0.20338906340094;1.21333333333333;0.145223199860689;0.960888888888889;0.121299140481216;0.483555555555556;0.0668475324345831;4;4;4;4;2;0.288666666666667;0.283666666666667;0.263666666666667;0.256666666666667;0.289;0.356333333333333;0.269;0.299666666666667;0.341333333333333;0.206666666666667;0.248333333333333;0.265666666666667;0.280333333333333;0.224;0.221;0.278666666666667;0.300666666666667;0.303333333333333;0.240222222222222;0.241777777777778
;;;;;;;;;0.022;0.028;0.028;1;06/11/2024;16h52;199920;1.05333333333333;0.00321455025366432;0.736;0.003;0.850666666666667;0.00416333199893227;0.902666666666667;0.00321455025366432;1.16533333333333;0.00550757054728611;1.36666666666667;0.00450924975282287;1.084;0.004;1.25066666666667;0.00493288286231625;1.39466666666667;0.000577350269189626;0.848;0.00435889894354068;1.024;0;1.04;0.00360555127546399;0.530666666666667;0.00680685928555405;0.437333333333333;0.0030550504633039;0.425333333333333;0.00152752523165195;0.88;0.160687412215284;1.14488888888889;0.232674625779181;1.24311111111111;0.155471088178025;0.970666666666667;0.10653324989567;0.464444444444444;0.0576631341243;4;4;4;4;2;0.263333333333333;0.184;0.212666666666667;0.225666666666667;0.291333333333333;0.341666666666667;0.271;0.312666666666667;0.348666666666667;0.212;0.256;0.26;0.265333333333333;0.218666666666667;0.212666666666667;0.22;0.286222222222222;0.310777777777778;0.242666666666667;0.232222222222222
;;;;;;;;mean 3;0.0203333333333333;0.0283333333333333;0.026;1;06/11/2024;19h30;208200;1.416;0.003;1.356;0.00360555127546399;1.51066666666667;0.00493288286231625;1.28933333333333;0.00208166599946613;1.428;0.00264575131106459;1.69466666666667;0.00513160143944689;1.31333333333333;0.00404145188432738;1.46;0.00264575131106459;1.62933333333333;0.00251661147842356;1.02933333333333;0.00208166599946613;1.13066666666667;0.0028867513459481;1.164;0.004;0.601333333333333;0.000577350269189626;0.501333333333333;0.00115470053837925;0.504;0.001;1.42755555555556;0.0779781545857081;1.47066666666667;0.206007551102164;1.46755555555556;0.158135431876651;1.108;0.0701363750924661;0.535555555555555;0.0569808284848054;4;4;4;4;4;0.354;0.339;0.377666666666667;0.322333333333333;0.357;0.423666666666667;0.328333333333333;0.365;0.407333333333333;0.257333333333333;0.282666666666667;0.291;0.150333333333333;0.125333333333333;0.126;0.356888888888889;0.367666666666667;0.366888888888889;0.277;0.133888888888889
;;;;;;;;dilution 3;0.0203333333333333;0.0283333333333333;0.026;;07/11/2024;8h17;254220;3.43;0.000999999999999973;3.74;0.003;4.43333333333333;0.00321455025366432;2.37666666666667;0.00351188458428423;2.72;0.00264575131106459;2.78;0.001;1.96333333333333;0.00115470053837925;2.12;0.00264575131106459;2.16666666666667;0.00251661147842359;1.33166666666667;0.00472581562625261;1.46833333333333;0.00152752523165195;1.515;0.002;0.786666666666667;0.00378593889720019;0.726666666666667;0.00230940107675851;0.726666666666667;0.00404145188432738;3.86777777777778;0.513726400737605;2.62555555555556;0.217621826247413;2.08333333333333;0.106510302057803;1.43833333333333;0.0952773728530429;0.746666666666667;0.0346410161513776;10;10;10;5;5;0.343;0.374;0.443333333333333;0.237666666666667;0.272;0.278;0.196333333333333;0.212;0.216666666666667;0.266333333333333;0.293666666666667;0.303;0.157333333333333;0.145333333333333;0.145333333333333;0.386777777777778;0.262555555555556;0.208333333333333;0.287666666666667;0.149333333333333
;;;;;;;;4;0.026;0.022;0.031;1;07/11/2024;9h14;257040;3.88666666666667;0.000577350269189626;4.51333333333333;0.00763762615825974;4.70333333333333;0.0020816659994661;2.72;0.00173205080756888;2.85333333333333;0.00208166599946613;3.19;0.003;2.14333333333333;0.00288675134594813;2.31666666666667;0.00288675134594812;2.31666666666667;0.00152752523165195;1.415;0.00199999999999997;1.545;0.003;1.60333333333333;0.0045092497528229;0.788333333333333;0.00152752523165195;0.801666666666667;0.00404145188432738;0.77;0.00173205080756888;4.36777777777778;0.42734754699884;2.92111111111111;0.242219673788836;2.25888888888889;0.100074046659535;1.52111111111111;0.0964125011104389;0.786666666666667;0.0158989866902824;10;10;10;5;5;0.388666666666667;0.451333333333333;0.470333333333333;0.272;0.285333333333333;0.319;0.214333333333333;0.231666666666667;0.231666666666667;0.283;0.309;0.320666666666667;0.157666666666667;0.160333333333333;0.154;0.436777777777778;0.292111111111111;0.225888888888889;0.304222222222222;0.157333333333333
;;;;;;;;;0.026;0.022;0.033;1;07/11/2024;13h42;273720;4.38;0.002;4.56;0.00264575131106459;5.30666666666667;0.00321455025366432;2.90666666666667;0.00493288286231625;3.14666666666667;0.00404145188432738;3.55333333333333;0.00230940107675851;2.13;0.00556776436283003;2.28;0.001;2.20666666666667;0.00251661147842359;1.49;0.003;1.54666666666667;0.00585946527708232;1.72;0.00435889894354066;0.86;0.00360555127546398;0.79;0.00360555127546399;0.775;0.001;4.74888888888889;0.491362429411364;3.20222222222222;0.32689334538846;2.20555555555556;0.0750061725855009;1.58555555555556;0.119830126676305;0.808333333333333;0.0453688586293874;20;20;10;10;5;0.219;0.228;0.265333333333333;0.145333333333333;0.157333333333333;0.177666666666667;0.213;0.228;0.220666666666667;0.149;0.154666666666667;0.172;0.172;0.158;0.155;0.237444444444444;0.160111111111111;0.220555555555556;0.158555555555556;0.161666666666667
;;;;;;;;;0.027;0.023;0.034;1;07/11/2024;15h03;278580;4.72;0.00360555127546398;5.13333333333333;0.00208166599946613;5.42;0.00173205080756888;3.1;0.003;3.08666666666667;0.00115470053837925;3.24666666666667;0.000577350269189626;2.17666666666667;0.000577350269189626;2.32666666666667;0.00493288286231624;2.44666666666667;0.00351188458428425;1.5;0.002;1.68333333333333;0.00208166599946613;1.72666666666667;0.000577350269189626;0.895;0.00173205080756888;0.831666666666667;0.00251661147842359;0.813333333333333;0.00230940107675851;5.09111111111111;0.351904869299982;3.14444444444444;0.0887777082463919;2.31666666666667;0.135277492584687;1.63666666666667;0.120323637651867;0.846666666666667;0.0428498671072747;20;20;10;10;5;0.236;0.256666666666667;0.271;0.155;0.154333333333333;0.162333333333333;0.217666666666667;0.232666666666667;0.244666666666667;0.15;0.168333333333333;0.172666666666667;0.179;0.166333333333333;0.162666666666667;0.254555555555556;0.157222222222222;0.231666666666667;0.163666666666667;0.169333333333333
;;;;;;;;mean 4;0.0263333333333333;0.0223333333333333;0.0326666666666667;1;07/11/2024;16h13;282780;4.49333333333333;0.00378593889720019;4.76666666666667;0.00208166599946613;5.33333333333333;0.00208166599946613;2.83333333333333;0.000577350269189626;3.04;0.00173205080756888;3.38;0.00360555127546398;2.20666666666667;0.00251661147842359;2.4;0;2.52666666666667;0.00416333199893227;1.41333333333333;0.00321455025366431;1.6;0.00173205080756888;1.57333333333333;0.00288675134594813;0.886666666666667;0.00208166599946613;0.786666666666667;0.00115470053837925;0.786666666666667;0.00208166599946613;4.86444444444444;0.428451129500635;3.08444444444444;0.276030057407872;2.37777777777778;0.161153251193919;1.52888888888889;0.100958370592005;0.82;0.0577350269189626;20;20;10;10;5;0.224666666666667;0.238333333333333;0.266666666666667;0.141666666666667;0.152;0.169;0.220666666666667;0.24;0.252666666666667;0.141333333333333;0.16;0.157333333333333;0.177333333333333;0.157333333333333;0.157333333333333;0.243222222222222;0.154222222222222;0.237777777777778;0.152888888888889;0.164
;;;;;;;;dilution 4 ;0.0263333333333333;0.0223333333333333;0.0326666666666667;;07/11/2024;17h17;286620;4.49333333333333;0.00152752523165195;4.96666666666667;0.00472581562625261;4.95333333333333;0.00152752523165195;3.04;0.00264575131106459;2.74;0.00264575131106459;3.32666666666667;0.00115470053837925;2.13;0.00360555127546399;2.27;0.00346410161513776;2.44666666666667;0.00152752523165195;1.52333333333333;0.0030550504633039;1.67;0.003;1.7;0.00299999999999999;0.873333333333333;0.00351188458428423;0.798333333333333;0.00152752523165195;0.823333333333333;0.00351188458428425;4.80444444444444;0.269512591611295;3.03555555555556;0.293358584771708;2.28222222222222;0.158686740093435;1.63111111111111;0.0945359034284703;0.831666666666667;0.0381881307912987;20;20;10;10;5;0.224666666666667;0.248333333333333;0.247666666666667;0.152;0.137;0.166333333333333;0.213;0.227;0.244666666666667;0.152333333333333;0.167;0.17;0.174666666666667;0.159666666666667;0.164666666666667;0.240222222222222;0.151777777777778;0.228222222222222;0.163111111111111;0.166333333333333
;;;;;;04/11/2024;20h26;0;0.022;0.027;0.027;1;08/11/2024;8h21;332040;4.84666666666667;0.0030550504633039;6.71333333333333;0.0030550504633039;6.66666666666667;0.00404145188432738;3.24;0.00264575131106459;3.90666666666667;0.00472581562625261;4.09333333333333;0.00208166599946612;2.42666666666667;0.00115470053837925;2.73666666666667;0.000577350269189626;2.82333333333333;0.0028867513459481;1.64;0.001;1.77;0.00264575131106459;1.98;0.00529150262212917;0.95;0.001;0.941666666666667;0.00208166599946613;0.92;0.002;6.07555555555556;1.06450475356871;3.74666666666667;0.448602769100286;2.66222222222222;0.208548777490046;1.79666666666667;0.17156145643277;0.937222222222222;0.0154859554052959;20;20;10;10;5;0.242333333333333;0.335666666666667;0.333333333333333;0.162;0.195333333333333;0.204666666666667;0.242666666666667;0.273666666666667;0.282333333333333;0.164;0.177;0.198;0.19;0.188333333333333;0.184;0.303777777777778;0.187333333333333;0.266222222222222;0.179666666666667;0.187444444444444
;;;;;;;;;0.023;0.031;0.032;1;08/11/2024;9h08;334920;5.74;0.001;6.42666666666667;0.00750555349946514;7.62666666666667;0.00115470053837925;3.67333333333333;0.00416333199893227;4.1;0.001;3.88;0.00173205080756888;2.47;0.00264575131106459;2.67333333333333;0.00152752523165195;2.75;0.00264575131106459;1.70333333333333;0.00351188458428423;1.67666666666667;0.000577350269189626;1.73;0.00346410161513774;0.938333333333333;0.00152752523165195;0.945;0.00264575131106459;0.931666666666667;0.00152752523165195;6.59777777777778;0.95490158500081;3.88444444444444;0.213368052730314;2.63111111111111;0.144696361519691;1.70333333333333;0.0266666666666665;0.938333333333333;0.0066666666666666;20;20;10;10;5;0.287;0.321333333333333;0.381333333333333;0.183666666666667;0.205;0.194;0.247;0.267333333333333;0.275;0.170333333333333;0.167666666666667;0.173;0.187666666666667;0.189;0.186333333333333;0.329888888888889;0.194222222222222;0.263111111111111;0.170333333333333;0.187666666666667
;;;;;;;;;0.027;0.026;0.027;1;08/11/2024;11h44;343440;5.59333333333333;0.00152752523165195;6.34;0.00264575131106459;6.99333333333333;0.00152752523165195;4.28;0.00435889894354068;3.80666666666667;0.00351188458428425;4.20666666666667;0.0101159939369957;2.5;0.001;2.86666666666667;0.00208166599946613;2.62666666666667;0.00208166599946613;1.64333333333333;0.00152752523165195;1.73;0.00199999999999999;1.73;0.00346410161513774;0.921666666666667;0.00115470053837925;0.955;0.00173205080756888;0.941666666666667;0.00208166599946613;6.30888888888889;0.700518326616745;4.09777777777778;0.254762053107804;2.66444444444444;0.186229647160385;1.70111111111111;0.0500370233297675;0.939444444444444;0.0167774098561572;20;20;10;10;5;0.279666666666667;0.317;0.349666666666667;0.214;0.190333333333333;0.210333333333333;0.25;0.286666666666667;0.262666666666667;0.164333333333333;0.173;0.173;0.184333333333333;0.191;0.188333333333333;0.315444444444444;0.204888888888889;0.266444444444444;0.170111111111111;0.187888888888889
;;;;;;;;mean 0;0.024;0.028;0.0286666666666667;1;08/11/2024;14h46;354360;5.9;0.00360555127546399;6.58666666666667;0.00378593889720019;7.21333333333333;0.00550757054728611;3.84;0.00173205080756888;4.22;0.004;3.80666666666667;0.00378593889720019;2.67;0.00173205080756888;2.75333333333333;0.00585946527708229;2.93;0.00264575131106459;1.76333333333333;0.00230940107675851;1.83666666666667;0.00230940107675851;1.84;0.001;1.01;0.00519615242270662;0.963333333333333;0.00230940107675851;0.951666666666667;0.000577350269189626;6.56666666666667;0.656895053346508;3.95555555555556;0.229621266275417;2.78444444444444;0.132762667666501;1.81333333333333;0.0433333333333334;0.975;0.030867098629087;20;20;10;10;5;0.295;0.329333333333333;0.360666666666667;0.192;0.211;0.190333333333333;0.267;0.275333333333333;0.293;0.176333333333333;0.183666666666667;0.184;0.202;0.192666666666667;0.190333333333333;0.328333333333333;0.197777777777778;0.278444444444444;0.181333333333333;0.195
;;;;;;;;dilution 0;0.024;0.028;0.0286666666666667;;08/11/2024;17h16;362760;6.22666666666667;0.00288675134594813;7.32;0.00264575131106459;7.44666666666667;0.00550757054728611;3.84;0.00264575131106459;4.14;0.00264575131106459;3.95333333333333;0.00152752523165195;2.75333333333333;0.00230940107675851;2.93;0.001;3.03;0.00360555127546399;1.76666666666667;0.000577350269189626;1.79333333333333;0.000577350269189626;1.81666666666667;0.00152752523165195;0.981666666666667;0.00513160143944689;0.963333333333333;0.00152752523165195;0.943333333333333;0.00585946527708232;6.99777777777778;0.670798308264392;3.97777777777778;0.15148646193026;2.90444444444444;0.140092561993583;1.79222222222222;0.0250185116648837;0.962777777777778;0.0191727043630416;20;20;10;10;5;0.311333333333333;0.366;0.372333333333333;0.192;0.207;0.197666666666667;0.275333333333333;0.293;0.303;0.176666666666667;0.179333333333333;0.181666666666667;0.196333333333333;0.192666666666667;0.188666666666667;0.349888888888889;0.198888888888889;0.290444444444444;0.179222222222222;0.192555555555556
;;;;;;;;1;0.029;0.029;0.032;1;08/11/2024;19h33;363780;6.16666666666667;0.00513160143944689;7.81333333333333;0.00493288286231625;7.77333333333333;0.00115470053837925;4.16666666666667;0.00404145188432738;4.05333333333333;0.00152752523165194;4.21333333333333;0.00115470053837925;2.71666666666667;0.00251661147842359;2.86;0.00173205080756888;3.09333333333333;0.00230940107675851;1.74333333333333;0.00378593889720017;1.81;0.00173205080756888;1.78666666666667;0.00251661147842359;0.966666666666667;0.00321455025366432;0.935;0.00346410161513776;0.978333333333333;0.00230940107675851;7.25111111111111;0.939369370809386;4.14444444444444;0.0822822603625491;2.89;0.190116923087989;1.78;0.0338296385503073;0.96;0.0224227067451229;20;20;10;10;5;0.308333333333333;0.390666666666667;0.388666666666667;0.208333333333333;0.202666666666667;0.210666666666667;0.271666666666667;0.286;0.309333333333333;0.174333333333333;0.181;0.178666666666667;0.193333333333333;0.187;0.195666666666667;0.362555555555556;0.207222222222222;0.289;0.178;0.192
;;;;;;;;;0.027;0.031;0.031;1;09/11/2024;12h36;398760;9.13333333333333;0.00351188458428425;9.96666666666667;0.00404145188432738;10.3166666666667;0.00305505046330388;4.3;0.00264575131106459;4.48;0.00435889894354068;4.55333333333333;0.00404145188432738;2.92666666666667;0.00251661147842359;3.07666666666667;0.00351188458428425;3.12666666666667;0.00208166599946613;1.86333333333333;0.00378593889720019;1.82333333333333;0.00288675134594813;1.82333333333333;0.000577350269189626;0.971666666666667;0.00152752523165195;1.02666666666667;0.00378593889720017;0.966666666666667;0.00288675134594813;9.80555555555556;0.607895580702013;4.44444444444445;0.130355638898333;3.04333333333333;0.104083299973307;1.83666666666667;0.023094010767585;0.988333333333333;0.0332916405923969;50;20;10;10;5;0.182666666666667;0.199333333333333;0.206333333333333;0.215;0.224;0.227666666666667;0.292666666666667;0.307666666666667;0.312666666666667;0.186333333333333;0.182333333333333;0.182333333333333;0.194333333333333;0.205333333333333;0.193333333333333;0.196111111111111;0.222222222222222;0.304333333333333;0.183666666666667;0.197666666666667
;;;;;;;;;0.028;0.029;0.032;1;09/11/2024;20h25;422700;8.81666666666667;0.00611010092660778;9.65;0.003;10.9666666666667;0.000577350269189626;4.65333333333333;0.00404145188432737;4.75333333333333;0.00416333199893225;4.54;0.001;2.93333333333333;0.00208166599946613;2.98333333333333;0.00230940107675851;2.81;0.00360555127546396;1.76;0.002;1.74333333333333;0.00152752523165195;1.89333333333333;0.00321455025366432;0.941666666666667;0.000577350269189626;0.971666666666667;0.00115470053837925;0.938333333333333;0.00472581562625261;9.81111111111111;1.08401687837072;4.64888888888889;0.106736088520203;2.90888888888889;0.089214680738426;1.79888888888889;0.0822147143719376;0.950555555555555;0.0183585684909537;50;20;10;10;5;0.176333333333333;0.193;0.219333333333333;0.232666666666667;0.237666666666667;0.227;0.293333333333333;0.298333333333333;0.281;0.176;0.174333333333333;0.189333333333333;0.188333333333333;0.194333333333333;0.187666666666667;0.196222222222222;0.232444444444444;0.290888888888889;0.179888888888889;0.190111111111111
;;;;;;;;mean 1;0.028;0.0296666666666667;0.0316666666666667;1;10/11/2024;11h58;459480;10.3;0.00529150262212918;11.25;0.00754983443527076;10.8333333333333;0.00152752523165195;4.76666666666667;0.00404145188432737;5.13333333333333;0.00208166599946613;4.85333333333333;0.00208166599946613;2.85;0.001;2.98666666666667;0.00493288286231625;2.97;0.00360555127546399;1.73333333333333;0.0058594652770823;1.79333333333333;0.00230940107675851;1.77;0.00264575131106459;0.951666666666667;0.00251661147842359;0.981666666666667;0.00115470053837925;0.948333333333333;0.00230940107675851;10.7944444444444;0.476192460313327;4.91777777777778;0.191640094776448;2.93555555555555;0.0745604403102561;1.76555555555556;0.0302459057529249;0.960555555555556;0.0183585684909537;50;20;10;10;5;0.206;0.225;0.216666666666667;0.238333333333333;0.256666666666667;0.242666666666667;0.285;0.298666666666667;0.297;0.173333333333333;0.179333333333333;0.177;0.190333333333333;0.196333333333333;0.189666666666667;0.215888888888889;0.245888888888889;0.293555555555556;0.176555555555556;0.192111111111111
;;;;;;;;dilution 1;0.028;0.0296666666666667;0.0316666666666667;;10/11/2024;18h06;481560;10.7833333333333;0.00152752523165195;11.7166666666667;0.00230940107675849;11;0.002;5;0.005;5.22;0.00264575131106459;4.98;0.00458257569495584;2.78;0.001;2.95666666666667;0.00351188458428425;3.02666666666667;0.00208166599946613;1.74;0.00173205080756888;1.76333333333333;0.00321455025366432;1.77;3.3993498887763E-17;0.981666666666667;0.00152752523165195;1.00833333333333;0.00208166599946612;0.96;0.003;11.1666666666667;0.488478362991761;5.06666666666667;0.133166562369588;2.92111111111111;0.127119075119587;1.75777777777778;0.0157527187541751;0.983333333333333;0.0242097317438898;50;20;10;10;5;0.215666666666667;0.234333333333333;0.22;0.25;0.261;0.249;0.278;0.295666666666667;0.302666666666667;0.174;0.176333333333333;0.177;0.196333333333333;0.201666666666667;0.192;0.223333333333333;0.253333333333333;0.292111111111111;0.175777777777778;0.196666666666667
;;;;;;;;2;0.022;0.031;0.042;1;11/11/2024;13h00;522600;11.8;0.00173205080756886;13.2;0.001;12.3166666666667;0.00208166599946613;5.62;0.00346410161513773;5.40666666666667;0.00288675134594813;5.55333333333333;0.00152752523165195;2.62333333333333;0.00288675134594813;2.93333333333333;0.0030550504633039;2.91333333333333;0.00251661147842359;1.81666666666667;0.00378593889720019;1.73666666666667;0.00251661147842357;1.87;0.00264575131106459;0.938333333333333;0.00351188458428425;0.946666666666667;0.0030550504633039;0.935;0.002;12.4388888888889;0.707957416589236;5.52666666666667;0.109138036958299;2.82333333333333;0.173493515728974;1.80777777777778;0.0671096394246289;0.94;0.00600925212577345;50;20;10;10;5;0.236;0.264;0.246333333333333;0.281;0.270333333333333;0.277666666666667;0.262333333333333;0.293333333333333;0.291333333333333;0.181666666666667;0.173666666666667;0.187;0.187666666666667;0.189333333333333;0.187;0.248777777777778;0.276333333333333;0.282333333333333;0.180777777777778;0.188
;;;;;;;;;0.022;0.031;0.038;1;11/11/2024;17h27;538620;11.5666666666667;0.00378593889720019;13.3666666666667;0.00152752523165195;13;0.002;5.1;0.001;5.48666666666667;0.00152752523165195;5.08666666666667;0.000577350269189626;2.78;0.00264575131106459;2.76333333333333;0.00152752523165195;2.93;0.00173205080756888;1.7;0;1.69;0.001;1.70333333333333;0.000577350269189626;0.9;0.003;0.915;0.001;0.893333333333333;0.00208166599946613;12.6444444444444;0.951217543369977;5.22444444444444;0.22718894078457;2.82444444444444;0.091792842454768;1.69777777777778;0.00693888666488706;0.902777777777778;0.0110972135307989;50;20;10;10;5;0.231333333333333;0.267333333333333;0.26;0.255;0.274333333333333;0.254333333333333;0.278;0.276333333333333;0.293;0.17;0.169;0.170333333333333;0.18;0.183;0.178666666666667;0.252888888888889;0.261222222222222;0.282444444444444;0.169777777777778;0.180555555555556
;;;;;;;;;0.024;0.032;0.039;1;12/11/2024;8h18;686880;12.5333333333333;0.00321455025366432;12.9666666666667;0.00635085296108589;13.2833333333333;0.00230940107675851;5;0.00435889894354068;5.27333333333333;0.00472581562625261;5.60666666666667;0.00230940107675847;2.38666666666667;0.00208166599946613;2.93666666666667;0.00251661147842359;2.94333333333333;0.00351188458428425;1.74;0.00264575131106459;1.57666666666667;0.00152752523165195;1.77333333333333;0.00115470053837925;0.896666666666667;0.000577350269189626;0.945;0.00264575131106459;0.896666666666667;0.00152752523165195;12.9277777777778;0.376509308330165;5.29333333333333;0.303827436402823;2.75555555555556;0.319484538546657;1.69666666666667;0.105251022692313;0.912777777777778;0.0279052630108318;50;20;10;10;5;0.250666666666667;0.259333333333333;0.265666666666667;0.25;0.263666666666667;0.280333333333333;0.238666666666667;0.293666666666667;0.294333333333333;0.174;0.157666666666667;0.177333333333333;0.179333333333333;0.189;0.179333333333333;0.258555555555556;0.264666666666667;0.275555555555556;0.169666666666667;0.182555555555556
;;;;;;;;mean 2;0.0226666666666667;0.0313333333333333;0.0396666666666667;1;12/11/2024;13h50;706800;12.5;0.002;12.9166666666667;0.00321455025366432;11.8833333333333;0.00450924975282288;5.00666666666667;0.0030550504633039;5.08666666666667;0.0030550504633039;4.87333333333333;0.00585946527708232;2.70666666666667;0.00321455025366432;2.77333333333333;0.000577350269189626;2.72333333333333;0.0143643076176102;1.82666666666667;0.000577350269189626;1.64333333333333;0.00351188458428425;1.57666666666667;0.0030550504633039;0.963333333333333;0.0126622799421484;0.91;0.00264575131106459;0.861666666666667;0.00152752523165194;12.4333333333333;0.519882465349408;4.98888888888889;0.10777205024873;2.73444444444444;0.0346944333244359;1.68222222222222;0.129457557752567;0.911666666666667;0.0508538210079746;50;20;10;10;5;0.25;0.258333333333333;0.237666666666667;0.250333333333333;0.254333333333333;0.243666666666667;0.270666666666667;0.277333333333333;0.272333333333333;0.182666666666667;0.164333333333333;0.157666666666667;0.192666666666667;0.182;0.172333333333333;0.248666666666667;0.249444444444444;0.273444444444444;0.168222222222222;0.182333333333333
;;;;;;;;dilution 2;0.0226666666666667;0.0313333333333333;0.0396666666666667;;12/11/2024;16h36;716760;13.3666666666667;0.00152752523165195;12.75;0.001;11.9833333333333;0.00208166599946613;5.16;0.002;5.16;0.001;4.72666666666667;0.00152752523165195;2.73666666666667;0.00152752523165195;2.84666666666667;0.0030550504633039;2.98;0.00608276253029822;1.69666666666667;0.00305505046330388;1.68666666666667;0.00208166599946613;1.67666666666667;0.00152752523165195;0.923333333333333;0.00152752523165195;0.911666666666667;0.00115470053837925;1.00333333333333;0.00251661147842359;12.7;0.693020762876395;5.01555555555556;0.250185116648838;2.85444444444444;0.121852977592458;1.68666666666667;0.01;0.946111111111111;0.0498980441982932;50;20;10;10;5;0.267333333333333;0.255;0.239666666666667;0.258;0.258;0.236333333333333;0.273666666666667;0.284666666666667;0.298;0.169666666666667;0.168666666666667;0.167666666666667;0.184666666666667;0.182333333333333;0.200666666666667;0.254;0.250777777777778;0.285444444444444;0.168666666666667;0.189222222222222
;;;;;;;;3;0.033;0.038;0.032;1;13/11/2024;8h30;774000;11.5833333333333;0.0060277137733417;14.4;0.00360555127546399;12.45;0.00173205080756888;5.20666666666667;0.00611010092660779;5.44666666666667;0.00585946527708232;4.45333333333333;0.00208166599946613;2.69333333333333;0.00288675134594813;2.79666666666667;0.00450924975282287;2.94666666666667;0.00568624070307733;1.64666666666667;0.000577350269189626;1.55333333333333;0.00208166599946613;1.53;0.002;0.836666666666667;0.00472581562625261;0.873333333333333;0.00230940107675851;0.865;0.00173205080756886;12.8111111111111;1.44263775900387;5.03555555555556;0.51830207122588;2.81222222222222;0.127381026553902;1.57666666666667;0.0617341972581737;0.858333333333333;0.0192209376577847;50;20;10;10;5;0.231666666666667;0.288;0.249;0.260333333333333;0.272333333333333;0.222666666666667;0.269333333333333;0.279666666666667;0.294666666666667;0.164666666666667;0.155333333333333;0.153;0.167333333333333;0.174666666666667;0.173;0.256222222222222;0.251777777777778;0.281222222222222;0.157666666666667;0.171666666666667
;;;;;;;;;0.037;0.036;0.037;1;13/11/2024;11h25;784500;14.7;0.001;14.0666666666667;0.00321455025366429;12.9666666666667;0.0045092497528229;4.9;0.00435889894354068;5.02666666666667;0.00230940107675851;5.03333333333333;0.00472581562625261;2.82666666666667;0.00152752523165192;2.91;0.00264575131106459;2.84666666666667;0.00611010092660776;1.57666666666667;0.000577350269189626;1.59;0.001;1.58666666666667;0.00208166599946613;0.856666666666667;0.00321455025366431;0.898333333333333;0.000577350269189626;0.84;0.00264575131106459;13.9111111111111;0.877074260971816;4.98666666666667;0.0751295177972309;2.86111111111111;0.0435039376676707;1.58444444444444;0.00693888666488723;0.865;0.0300462606288665;50;20;10;10;5;0.294;0.281333333333333;0.259333333333333;0.245;0.251333333333333;0.251666666666667;0.282666666666667;0.291;0.284666666666667;0.157666666666667;0.159;0.158666666666667;0.171333333333333;0.179666666666667;0.168;0.278222222222222;0.249333333333333;0.286111111111111;0.158444444444444;0.173
;;;;;;;;;0.033;0.039;0.031;1;13/11/2024;16h34;803040;14.1833333333333;0.00152752523165195;13.6;0.00458257569495584;12.8;0.00700000000000001;5.37333333333333;0.0030550504633039;5.28666666666667;0.00321455025366432;5.03333333333333;0.00288675134594813;2.76;0.00360555127546399;2.82;0.00360555127546396;2.82666666666667;0.00503322295684715;1.6;0.00264575131106459;1.58;0.00346410161513776;1.66666666666667;0.00404145188432738;0.816666666666667;0.00115470053837925;0.845;0.00173205080756888;0.825;0.001;13.5277777777778;0.694488887466758;5.23111111111111;0.176677148536009;2.80222222222222;0.0367171369819072;1.61555555555556;0.0453790619036935;0.828888888888889;0.0145614915800902;50;20;10;10;5;0.283666666666667;0.272;0.256;0.268666666666667;0.264333333333333;0.251666666666667;0.276;0.282;0.282666666666667;0.16;0.158;0.166666666666667;0.163333333333333;0.169;0.165;0.270555555555556;0.261555555555556;0.280222222222222;0.161555555555556;0.165777777777778
;;;;;;;;mean 3;0.0343333333333333;0.0376666666666667;0.0333333333333333;1;14/11/2024;8h30;860400;13.8833333333333;0.00115470053837925;13.4;0.00793725393319378;12.7166666666667;0.00288675134594813;5.22666666666667;0.00208166599946613;5.27333333333333;0.00115470053837925;4.89333333333333;0.0045092497528229;2.77666666666667;0.00251661147842359;2.81333333333333;0.0020816659994661;2.92333333333333;0.00650640709864772;1.46;0.00264575131106459;1.39;0.00264575131106458;1.43333333333333;0.00305505046330388;0.741666666666667;0.000577350269189626;0.825;0.001;0.81;0.004;13.3333333333333;0.586183513168965;5.13111111111111;0.207239349902831;2.83777777777778;0.076327753313758;1.42777777777778;0.0353291402124102;0.792222222222222;0.0444201322392016;50;20;10;10;5;0.277666666666667;0.268;0.254333333333333;0.261333333333333;0.263666666666667;0.244666666666667;0.277666666666667;0.281333333333333;0.292333333333333;0.146;0.139;0.143333333333333;0.148333333333333;0.165;0.162;0.266666666666667;0.256555555555556;0.283777777777778;0.142777777777778;0.158444444444444
;;;;;;;;dilution 3;0.0343333333333333;0.0376666666666667;0.0333333333333333;;14/11/2024;20h31;903660;14.25;0.00173205080756888;14.6666666666667;0.0030550504633039;13.7333333333333;0.00461880215351701;5.04666666666667;0.00115470053837925;5.38;0.00173205080756888;4.78666666666667;0.00351188458428425;2.82;0.00458257569495581;2.80333333333333;0.00404145188432736;2.85333333333333;0.00208166599946613;1.54666666666667;0.00208166599946613;1.54333333333333;0.000577350269189626;1.52666666666667;0.00115470053837925;0.825;0.00600000000000001;0.841666666666667;0.0030550504633039;0.82;0.00346410161513776;14.2166666666667;0.467558671303516;5.07111111111111;0.297421013479646;2.82555555555556;0.0254587538608654;1.53888888888889;0.0107151675122144;0.828888888888889;0.0113447654759234;50;20;10;10;5;0.285;0.293333333333333;0.274666666666667;0.252333333333333;0.269;0.239333333333333;0.282;0.280333333333333;0.285333333333333;0.154666666666667;0.154333333333333;0.152666666666667;0.165;0.168333333333333;0.164;0.284333333333333;0.253555555555556;0.282555555555556;0.153888888888889;0.165777777777778
;;;;;;;;4;0.032;0.027;0.03;1;15/11/2024;8h30;946800;14.1833333333333;0.00152752523165195;13;0.004;12.9666666666667;0.00115470053837925;5.33333333333333;0.000577350269189626;5.55333333333333;0.00351188458428425;4.92;0.001;2.52666666666667;0.00251661147842359;2.84666666666667;0.00208166599946613;2.61666666666667;0.000577350269189626;1.43333333333333;0.000577350269189626;1.43666666666667;0.00208166599946613;1.41666666666667;0.00208166599946612;0.731666666666667;0.00351188458428425;0.788333333333333;0.00152752523165195;0.75;0.001;13.3833333333333;0.693020762876393;5.26888888888889;0.321547185639359;2.66333333333333;0.165025250593154;1.42888888888889;0.0107151675122141;0.756666666666666;0.0289155859548291;50;20;10;10;5;0.283666666666667;0.26;0.259333333333333;0.266666666666667;0.277666666666667;0.246;0.252666666666667;0.284666666666667;0.261666666666667;0.143333333333333;0.143666666666667;0.141666666666667;0.146333333333333;0.157666666666667;0.15;0.267666666666667;0.263444444444444;0.266333333333333;0.142888888888889;0.151333333333333
;;;;;;;;;0.033;0.027;0.029;1;15/11/2024;14h44;969240;14.4333333333333;0.0070237691685685;13.4333333333333;0.00230940107675851;12.5833333333333;0.00230940107675851;5.14666666666667;0.00321455025366432;5.53333333333333;0.00493288286231625;4.82666666666667;0.00611010092660779;2.77333333333333;0.00321455025366432;2.70333333333333;0.00404145188432738;2.66333333333333;0.00404145188432738;1.41333333333333;0.000577350269189626;1.36;0.00264575131106459;1.36333333333333;0.00472581562625261;0.72;0.00173205080756888;0.78;0.004;0.743333333333333;0.00208166599946613;13.4833333333333;0.926012958872606;5.16888888888889;0.353857054210899;2.71333333333333;0.0556776436283004;1.37888888888889;0.0298762881327749;0.747777777777778;0.0302459057529249;50;20;10;10;5;0.288666666666667;0.268666666666667;0.251666666666667;0.257333333333333;0.276666666666667;0.241333333333333;0.277333333333333;0.270333333333333;0.266333333333333;0.141333333333333;0.136;0.136333333333333;0.144;0.156;0.148666666666667;0.269666666666667;0.258444444444444;0.271333333333333;0.137888888888889;0.149555555555556
;;;;;;;;;0.032;0.028;0.033;1;15/11/2024;17h34;979440;14.95;0.00173205080756888;15.3;0;13.5833333333333;0.000577350269189626;5.12666666666667;0.00152752523165195;5.58;0.00173205080756888;4.68;0.00173205080756886;2.71;0.00173205080756888;2.77333333333333;0.00251661147842359;2.78666666666667;0.00493288286231623;1.37;0.00264575131106459;1.32333333333333;0.0030550504633039;1.30666666666667;0.00230940107675851;0.696666666666667;0.00152752523165193;0.776666666666667;0.00208166599946613;0.748333333333333;0.00251661147842359;14.6111111111111;0.907122026174191;5.12888888888889;0.450004115207521;2.75666666666667;0.0409606857581485;1.33333333333333;0.032829526005987;0.740555555555555;0.0405631651917151;50;20;10;10;5;0.299;0.306;0.271666666666667;0.256333333333333;0.279;0.234;0.271;0.277333333333333;0.278666666666667;0.137;0.132333333333333;0.130666666666667;0.139333333333333;0.155333333333333;0.149666666666667;0.292222222222222;0.256444444444444;0.275666666666667;0.133333333333333;0.148111111111111
;;;;;;;;mean 4;0.0323333333333333;0.0273333333333333;0.0306666666666667;1;18/11/2024;8h04;1204440;14.25;0.00173205080756888;14.9833333333333;0.00416333199893227;15.15;0.003;5.44;0.00264575131106459;5.69333333333333;0.00814452781524705;5.32;0.001;2.64333333333333;0.00115470053837925;2.53;0.002;2.47666666666667;0.0030550504633039;1.29666666666667;0.00230940107675851;1.19333333333333;0.00208166599946613;1.23;0.002;0.64;0.002;0.738333333333333;0.00378593889720019;0.703333333333333;0.00152752523165193;14.7944444444444;0.47881025392034;5.48444444444444;0.190593614599036;2.55;0.0851143022320248;1.24;0.0523874454850058;0.693888888888889;0.0498423440385708;50;20;10;10;5;0.285;0.299666666666667;0.303;0.272;0.284666666666667;0.266;0.264333333333333;0.253;0.247666666666667;0.129666666666667;0.119333333333333;0.123;0.128;0.147666666666667;0.140666666666667;0.295888888888889;0.274222222222222;0.255;0.124;0.138777777777778
;;;;;;;;dilution 4 ;0.0323333333333333;0.0273333333333333;0.0306666666666667;;;;;;;;;;;;;;;;;;;;;;;;;;;;;;;;;;;;;;;;;;;;;;;;;;;;;;;;;;;;;;;;;;;;;
;;;;;;05/11/2024;7h59;0;0.079;0.093;0.092;1;;;;;;;;;;;;;;;;;;;;;;;;;;;;;;;;;;;;;;;;;;;;;;;;;;;;;;;;;;;;;;;;;;;;
;;;;;;;;;0.076;0.089;0.093;1;;;;;;;;;;;;;;;;;;;;;;;;;;;;;;;;;;;;;;;;;;;;;;;;;;;;;;;;;;;;;;;;;;;;
;;;;;;;;;0.075;0.09;0.092;1;;;;;;;;;;;;;;;;;;;;;;;;;;;;;;;;;;;;;;;;;;;;;;;;;;;;;;;;;;;;;;;;;;;;
;;;;;;;;mean 0;0.0766666666666667;0.0906666666666667;0.0923333333333333;1;;;;;;;;;;;;;;;;;;;;;;;;;;;;;;;;;;;;;;;;;;;;;;;;;;;;;;;;;;;;;;;;;;;;
;;;;;;;;dilution 0;0.0766666666666667;0.0906666666666667;0.0923333333333333;;;;;;;;;;;;;;;;;;;;;;;;;;;;;;;;;;;;;;;;;;;;;;;;;;;;;;;;;;;;;;;;;;;;;
;;;;;;;;1;0.071;0.065;0.09;1;;;;;;;;;;;;;;;;;;;;;;;;;;;;;;;;;;;;;;;;;;;;;;;;;;;;;;;;;;;;;;;;;;;;
;;;;;;;;;0.07;0.065;0.093;1;;;;;;;;;;;;;;;;;;;;;;;;;;;;;;;;;;;;;;;;;;;;;;;;;;;;;;;;;;;;;;;;;;;;
;;;;;;;;;0.071;0.067;0.093;1;;;;;;;;;;;;;;;;;;;;;;;;;;;;;;;;;;;;;;;;;;;;;;;;;;;;;;;;;;;;;;;;;;;;
;;;;;;;;mean 1;0.0706666666666667;0.0656666666666667;0.092;1;;;;;;;;;;;;;;;;;;;;;;;;;;;;;;;;;;;;;;;;;;;;;;;;;;;;;;;;;;;;;;;;;;;;
;;;;;;;;dilution 1;0.0706666666666667;0.0656666666666667;0.092;;;;;;;;;;;;;;;;;;;;;;;;;;;;;;;;;;;;;;;;;;;;;;;;;;;;;;;;;;;;;;;;;;;;;
;;;;;;;;2;0.074;0.085;0.098;1;;;;;;;;;;;;;;;;;;;;;;;;;;;;;;;;;;;;;;;;;;;;;;;;;;;;;;;;;;;;;;;;;;;;
;;;;;;;;;0.075;0.087;0.091;1;;;;;;;;;;;;;;;;;;;;;;;;;;;;;;;;;;;;;;;;;;;;;;;;;;;;;;;;;;;;;;;;;;;;
;;;;;;;;;0.075;0.092;0.093;1;;;;;;;;;;;;;;;;;;;;;;;;;;;;;;;;;;;;;;;;;;;;;;;;;;;;;;;;;;;;;;;;;;;;
;;;;;;;;mean 2;0.0746666666666667;0.088;0.094;1;;;;;;;;;;;;;;;;;;;;;;;;;;;;;;;;;;;;;;;;;;;;;;;;;;;;;;;;;;;;;;;;;;;;
;;;;;;;;dilution 2;0.0746666666666667;0.088;0.094;;;;;;;;;;;;;;;;;;;;;;;;;;;;;;;;;;;;;;;;;;;;;;;;;;;;;;;;;;;;;;;;;;;;;
;;;;;;;;3;0.068;0.092;0.087;1;;;;;;;;;;;;;;;;;;;;;;;;;;;;;;;;;;;;;;;;;;;;;;;;;;;;;;;;;;;;;;;;;;;;
;;;;;;;;;0.065;0.093;0.082;1;;;;;;;;;;;;;;;;;;;;;;;;;;;;;;;;;;;;;;;;;;;;;;;;;;;;;;;;;;;;;;;;;;;;
;;;;;;;;;0.066;0.089;0.084;1;;;;;;;;;;;;;;;;;;;;;;;;;;;;;;;;;;;;;;;;;;;;;;;;;;;;;;;;;;;;;;;;;;;;
;;;;;;;;mean 3;0.0663333333333333;0.0913333333333333;0.0843333333333333;1;;;;;;;;;;;;;;;;;;;;;;;;;;;;;;;;;;;;;;;;;;;;;;;;;;;;;;;;;;;;;;;;;;;;
;;;;;;;;dilution 3;0.0663333333333333;0.0913333333333333;0.0843333333333333;;;;;;;;;;;;;;;;;;;;;;;;;;;;;;;;;;;;;;;;;;;;;;;;;;;;;;;;;;;;;;;;;;;;;
;;;;;;;;4;0.065;0.062;0.065;1;;;;;;;;;;;;;;;;;;;;;;;;;;;;;;;;;;;;;;;;;;;;;;;;;;;;;;;;;;;;;;;;;;;;
;;;;;;;;;0.062;0.065;0.066;1;;;;;;;;;;;;;;;;;;;;;;;;;;;;;;;;;;;;;;;;;;;;;;;;;;;;;;;;;;;;;;;;;;;;
;;;;;;;;;0.063;0.064;0.063;1;;;;;;;;;;;;;;;;;;;;;;;;;;;;;;;;;;;;;;;;;;;;;;;;;;;;;;;;;;;;;;;;;;;;
;;;;;;;;mean 4;0.0633333333333333;0.0636666666666667;0.0646666666666667;1;;;;;;;;;;;;;;;;;;;;;;;;;;;;;;;;;;;;;;;;;;;;;;;;;;;;;;;;;;;;;;;;;;;;
;;;;;;;;dilution 4 ;0.0633333333333333;0.0636666666666667;0.0646666666666667;;;;;;;;;;;;;;;;;;;;;;;;;;;;;;;;;;;;;;;;;;;;;;;;;;;;;;;;;;;;;;;;;;;;;
;;;;;;05/11/2024;9h10;0;0.093;0.081;0.098;1;;;;;;;;;;;;;;;;;;;;;;;;;;;;;;;;;;;;;;;;;;;;;;;;;;;;;;;;;;;;;;;;;;;;
;;;;;;;;;0.089;0.083;0.094;1;;;;;;;;;;;;;;;;;;;;;;;;;;;;;;;;;;;;;;;;;;;;;;;;;;;;;;;;;;;;;;;;;;;;
;;;;;;;;;0.085;0.084;0.096;1;;;;;;;;;;;;;;;;;;;;;;;;;;;;;;;;;;;;;;;;;;;;;;;;;;;;;;;;;;;;;;;;;;;;
;;;;;;;;mean 0;0.089;0.0826666666666667;0.096;1;;;;;;;;;;;;;;;;;;;;;;;;;;;;;;;;;;;;;;;;;;;;;;;;;;;;;;;;;;;;;;;;;;;;
;;;;;;;;dilution 0;0.089;0.0826666666666667;0.096;;;;;;;;;;;;;;;;;;;;;;;;;;;;;;;;;;;;;;;;;;;;;;;;;;;;;;;;;;;;;;;;;;;;;
;;;;;;;;1;0.082;0.092;0.112;1;;;;;;;;;;;;;;;;;;;;;;;;;;;;;;;;;;;;;;;;;;;;;;;;;;;;;;;;;;;;;;;;;;;;
;;;;;;;;;0.086;0.089;0.111;1;;;;;;;;;;;;;;;;;;;;;;;;;;;;;;;;;;;;;;;;;;;;;;;;;;;;;;;;;;;;;;;;;;;;
;;;;;;;;;0.085;0.09;0.108;1;;;;;;;;;;;;;;;;;;;;;;;;;;;;;;;;;;;;;;;;;;;;;;;;;;;;;;;;;;;;;;;;;;;;
;;;;;;;;mean 1;0.0843333333333333;0.0903333333333333;0.110333333333333;1;;;;;;;;;;;;;;;;;;;;;;;;;;;;;;;;;;;;;;;;;;;;;;;;;;;;;;;;;;;;;;;;;;;;
;;;;;;;;dilution 1;0.0843333333333333;0.0903333333333333;0.110333333333333;;;;;;;;;;;;;;;;;;;;;;;;;;;;;;;;;;;;;;;;;;;;;;;;;;;;;;;;;;;;;;;;;;;;;
;;;;;;;;2;0.09;0.098;0.107;1;;;;;;;;;;;;;;;;;;;;;;;;;;;;;;;;;;;;;;;;;;;;;;;;;;;;;;;;;;;;;;;;;;;;
;;;;;;;;;0.09;0.101;0.106;1;;;;;;;;;;;;;;;;;;;;;;;;;;;;;;;;;;;;;;;;;;;;;;;;;;;;;;;;;;;;;;;;;;;;
;;;;;;;;;0.094;0.102;0.108;1;;;;;;;;;;;;;;;;;;;;;;;;;;;;;;;;;;;;;;;;;;;;;;;;;;;;;;;;;;;;;;;;;;;;
;;;;;;;;mean 2;0.0913333333333333;0.100333333333333;0.107;1;;;;;;;;;;;;;;;;;;;;;;;;;;;;;;;;;;;;;;;;;;;;;;;;;;;;;;;;;;;;;;;;;;;;
;;;;;;;;dilution 2;0.0913333333333333;0.100333333333333;0.107;;;;;;;;;;;;;;;;;;;;;;;;;;;;;;;;;;;;;;;;;;;;;;;;;;;;;;;;;;;;;;;;;;;;;
;;;;;;;;3;0.081;0.094;0.108;1;;;;;;;;;;;;;;;;;;;;;;;;;;;;;;;;;;;;;;;;;;;;;;;;;;;;;;;;;;;;;;;;;;;;
;;;;;;;;;0.082;0.094;0.102;1;;;;;;;;;;;;;;;;;;;;;;;;;;;;;;;;;;;;;;;;;;;;;;;;;;;;;;;;;;;;;;;;;;;;
;;;;;;;;;0.08;0.097;0.1;1;;;;;;;;;;;;;;;;;;;;;;;;;;;;;;;;;;;;;;;;;;;;;;;;;;;;;;;;;;;;;;;;;;;;
;;;;;;;;mean 3;0.081;0.095;0.103333333333333;1;;;;;;;;;;;;;;;;;;;;;;;;;;;;;;;;;;;;;;;;;;;;;;;;;;;;;;;;;;;;;;;;;;;;
;;;;;;;;dilution 3;0.081;0.095;0.103333333333333;;;;;;;;;;;;;;;;;;;;;;;;;;;;;;;;;;;;;;;;;;;;;;;;;;;;;;;;;;;;;;;;;;;;;
;;;;;;;;4;0.077;0.073;0.07;1;;;;;;;;;;;;;;;;;;;;;;;;;;;;;;;;;;;;;;;;;;;;;;;;;;;;;;;;;;;;;;;;;;;;
;;;;;;;;;0.076;0.074;0.07;1;;;;;;;;;;;;;;;;;;;;;;;;;;;;;;;;;;;;;;;;;;;;;;;;;;;;;;;;;;;;;;;;;;;;
;;;;;;;;;0.074;0.078;0.072;1;;;;;;;;;;;;;;;;;;;;;;;;;;;;;;;;;;;;;;;;;;;;;;;;;;;;;;;;;;;;;;;;;;;;
;;;;;;;;mean 4;0.0756666666666667;0.075;0.0706666666666667;1;;;;;;;;;;;;;;;;;;;;;;;;;;;;;;;;;;;;;;;;;;;;;;;;;;;;;;;;;;;;;;;;;;;;
;;;;;;;;dilution 4 ;0.0756666666666667;0.075;0.0706666666666667;;;;;;;;;;;;;;;;;;;;;;;;;;;;;;;;;;;;;;;;;;;;;;;;;;;;;;;;;;;;;;;;;;;;;
;;;;;;05/11/2024;10h30;0;0.103;0.105;0.102;1;;;;;;;;;;;;;;;;;;;;;;;;;;;;;;;;;;;;;;;;;;;;;;;;;;;;;;;;;;;;;;;;;;;;
;;;;;;;;;0.101;0.106;0.101;1;;;;;;;;;;;;;;;;;;;;;;;;;;;;;;;;;;;;;;;;;;;;;;;;;;;;;;;;;;;;;;;;;;;;
;;;;;;;;;0.102;0.107;0.096;1;;;;;;;;;;;;;;;;;;;;;;;;;;;;;;;;;;;;;;;;;;;;;;;;;;;;;;;;;;;;;;;;;;;;
;;;;;;;;mean 0;0.102;0.106;0.0996666666666667;1;;;;;;;;;;;;;;;;;;;;;;;;;;;;;;;;;;;;;;;;;;;;;;;;;;;;;;;;;;;;;;;;;;;;
;;;;;;;;dilution 0;0.102;0.106;0.0996666666666667;;;;;;;;;;;;;;;;;;;;;;;;;;;;;;;;;;;;;;;;;;;;;;;;;;;;;;;;;;;;;;;;;;;;;
;;;;;;;;1;0.092;0.075;0.106;1;;;;;;;;;;;;;;;;;;;;;;;;;;;;;;;;;;;;;;;;;;;;;;;;;;;;;;;;;;;;;;;;;;;;
;;;;;;;;;0.089;0.072;0.101;1;;;;;;;;;;;;;;;;;;;;;;;;;;;;;;;;;;;;;;;;;;;;;;;;;;;;;;;;;;;;;;;;;;;;
;;;;;;;;;0.093;0.074;0.101;1;;;;;;;;;;;;;;;;;;;;;;;;;;;;;;;;;;;;;;;;;;;;;;;;;;;;;;;;;;;;;;;;;;;;
;;;;;;;;mean 1;0.0913333333333333;0.0736666666666667;0.102666666666667;1;;;;;;;;;;;;;;;;;;;;;;;;;;;;;;;;;;;;;;;;;;;;;;;;;;;;;;;;;;;;;;;;;;;;
;;;;;;;;dilution 1;0.0913333333333333;0.0736666666666667;0.102666666666667;;;;;;;;;;;;;;;;;;;;;;;;;;;;;;;;;;;;;;;;;;;;;;;;;;;;;;;;;;;;;;;;;;;;;
;;;;;;;;2;0.094;0.105;0.11;1;;;;;;;;;;;;;;;;;;;;;;;;;;;;;;;;;;;;;;;;;;;;;;;;;;;;;;;;;;;;;;;;;;;;
;;;;;;;;;0.105;0.106;0.109;1;;;;;;;;;;;;;;;;;;;;;;;;;;;;;;;;;;;;;;;;;;;;;;;;;;;;;;;;;;;;;;;;;;;;
;;;;;;;;;0.102;0.106;0.112;1;;;;;;;;;;;;;;;;;;;;;;;;;;;;;;;;;;;;;;;;;;;;;;;;;;;;;;;;;;;;;;;;;;;;
;;;;;;;;mean 2;0.100333333333333;0.105666666666667;0.110333333333333;1;;;;;;;;;;;;;;;;;;;;;;;;;;;;;;;;;;;;;;;;;;;;;;;;;;;;;;;;;;;;;;;;;;;;
;;;;;;;;dilution 2;0.100333333333333;0.105666666666667;0.110333333333333;;;;;;;;;;;;;;;;;;;;;;;;;;;;;;;;;;;;;;;;;;;;;;;;;;;;;;;;;;;;;;;;;;;;;
;;;;;;;;3;0.088;0.107;0.102;1;;;;;;;;;;;;;;;;;;;;;;;;;;;;;;;;;;;;;;;;;;;;;;;;;;;;;;;;;;;;;;;;;;;;
;;;;;;;;;0.082;0.104;0.102;1;;;;;;;;;;;;;;;;;;;;;;;;;;;;;;;;;;;;;;;;;;;;;;;;;;;;;;;;;;;;;;;;;;;;
;;;;;;;;;0.087;0.107;0.106;1;;;;;;;;;;;;;;;;;;;;;;;;;;;;;;;;;;;;;;;;;;;;;;;;;;;;;;;;;;;;;;;;;;;;
;;;;;;;;mean 3;0.0856666666666667;0.106;0.103333333333333;1;;;;;;;;;;;;;;;;;;;;;;;;;;;;;;;;;;;;;;;;;;;;;;;;;;;;;;;;;;;;;;;;;;;;
;;;;;;;;dilution 3;0.0856666666666667;0.106;0.103333333333333;;;;;;;;;;;;;;;;;;;;;;;;;;;;;;;;;;;;;;;;;;;;;;;;;;;;;;;;;;;;;;;;;;;;;
;;;;;;;;4;0.075;0.069;0.07;1;;;;;;;;;;;;;;;;;;;;;;;;;;;;;;;;;;;;;;;;;;;;;;;;;;;;;;;;;;;;;;;;;;;;
;;;;;;;;;0.075;0.062;0.067;1;;;;;;;;;;;;;;;;;;;;;;;;;;;;;;;;;;;;;;;;;;;;;;;;;;;;;;;;;;;;;;;;;;;;
;;;;;;;;;0.076;0.068;0.066;1;;;;;;;;;;;;;;;;;;;;;;;;;;;;;;;;;;;;;;;;;;;;;;;;;;;;;;;;;;;;;;;;;;;;
;;;;;;;;mean 4;0.0753333333333333;0.0663333333333333;0.0676666666666667;1;;;;;;;;;;;;;;;;;;;;;;;;;;;;;;;;;;;;;;;;;;;;;;;;;;;;;;;;;;;;;;;;;;;;
;;;;;;;;dilution 4 ;0.0753333333333333;0.0663333333333333;0.0676666666666667;;;;;;;;;;;;;;;;;;;;;;;;;;;;;;;;;;;;;;;;;;;;;;;;;;;;;;;;;;;;;;;;;;;;;
;;;;;;05/11/2024;13h25;0;0.128;0.131;0.144;1;;;;;;;;;;;;;;;;;;;;;;;;;;;;;;;;;;;;;;;;;;;;;;;;;;;;;;;;;;;;;;;;;;;;
;;;;;;;;;0.132;0.129;0.141;1;;;;;;;;;;;;;;;;;;;;;;;;;;;;;;;;;;;;;;;;;;;;;;;;;;;;;;;;;;;;;;;;;;;;
;;;;;;;;;0.135;0.132;0.149;1;;;;;;;;;;;;;;;;;;;;;;;;;;;;;;;;;;;;;;;;;;;;;;;;;;;;;;;;;;;;;;;;;;;;
;;;;;;;;mean 0;0.131666666666667;0.130666666666667;0.144666666666667;1;;;;;;;;;;;;;;;;;;;;;;;;;;;;;;;;;;;;;;;;;;;;;;;;;;;;;;;;;;;;;;;;;;;;
;;;;;;;;dilution 0;0.131666666666667;0.130666666666667;0.144666666666667;;;;;;;;;;;;;;;;;;;;;;;;;;;;;;;;;;;;;;;;;;;;;;;;;;;;;;;;;;;;;;;;;;;;;
;;;;;;;;1;0.132;0.13;0.154;1;;;;;;;;;;;;;;;;;;;;;;;;;;;;;;;;;;;;;;;;;;;;;;;;;;;;;;;;;;;;;;;;;;;;
;;;;;;;;;0.129;0.127;0.151;1;;;;;;;;;;;;;;;;;;;;;;;;;;;;;;;;;;;;;;;;;;;;;;;;;;;;;;;;;;;;;;;;;;;;
;;;;;;;;;0.132;0.134;0.152;1;;;;;;;;;;;;;;;;;;;;;;;;;;;;;;;;;;;;;;;;;;;;;;;;;;;;;;;;;;;;;;;;;;;;
;;;;;;;;mean 1;0.131;0.130333333333333;0.152333333333333;1;;;;;;;;;;;;;;;;;;;;;;;;;;;;;;;;;;;;;;;;;;;;;;;;;;;;;;;;;;;;;;;;;;;;
;;;;;;;;dilution 1;0.131;0.130333333333333;0.152333333333333;;;;;;;;;;;;;;;;;;;;;;;;;;;;;;;;;;;;;;;;;;;;;;;;;;;;;;;;;;;;;;;;;;;;;
;;;;;;;;2;0.129;0.137;0.147;1;;;;;;;;;;;;;;;;;;;;;;;;;;;;;;;;;;;;;;;;;;;;;;;;;;;;;;;;;;;;;;;;;;;;
;;;;;;;;;0.128;0.143;0.146;1;;;;;;;;;;;;;;;;;;;;;;;;;;;;;;;;;;;;;;;;;;;;;;;;;;;;;;;;;;;;;;;;;;;;
;;;;;;;;;0.127;0.135;0.148;1;;;;;;;;;;;;;;;;;;;;;;;;;;;;;;;;;;;;;;;;;;;;;;;;;;;;;;;;;;;;;;;;;;;;
;;;;;;;;mean 2;0.128;0.138333333333333;0.147;1;;;;;;;;;;;;;;;;;;;;;;;;;;;;;;;;;;;;;;;;;;;;;;;;;;;;;;;;;;;;;;;;;;;;
;;;;;;;;dilution 2;0.128;0.138333333333333;0.147;;;;;;;;;;;;;;;;;;;;;;;;;;;;;;;;;;;;;;;;;;;;;;;;;;;;;;;;;;;;;;;;;;;;;
;;;;;;;;3;0.118;0.13;0.116;1;;;;;;;;;;;;;;;;;;;;;;;;;;;;;;;;;;;;;;;;;;;;;;;;;;;;;;;;;;;;;;;;;;;;
;;;;;;;;;0.113;0.124;0.116;1;;;;;;;;;;;;;;;;;;;;;;;;;;;;;;;;;;;;;;;;;;;;;;;;;;;;;;;;;;;;;;;;;;;;
;;;;;;;;;0.112;0.126;0.122;1;;;;;;;;;;;;;;;;;;;;;;;;;;;;;;;;;;;;;;;;;;;;;;;;;;;;;;;;;;;;;;;;;;;;
;;;;;;;;mean 3;0.114333333333333;0.126666666666667;0.118;1;;;;;;;;;;;;;;;;;;;;;;;;;;;;;;;;;;;;;;;;;;;;;;;;;;;;;;;;;;;;;;;;;;;;
;;;;;;;;dilution 3;0.114333333333333;0.126666666666667;0.118;;;;;;;;;;;;;;;;;;;;;;;;;;;;;;;;;;;;;;;;;;;;;;;;;;;;;;;;;;;;;;;;;;;;;
;;;;;;;;4;0.094;0.091;0.088;1;;;;;;;;;;;;;;;;;;;;;;;;;;;;;;;;;;;;;;;;;;;;;;;;;;;;;;;;;;;;;;;;;;;;
;;;;;;;;;0.094;0.085;0.092;1;;;;;;;;;;;;;;;;;;;;;;;;;;;;;;;;;;;;;;;;;;;;;;;;;;;;;;;;;;;;;;;;;;;;
;;;;;;;;;0.092;0.085;0.093;1;;;;;;;;;;;;;;;;;;;;;;;;;;;;;;;;;;;;;;;;;;;;;;;;;;;;;;;;;;;;;;;;;;;;
;;;;;;;;mean 4;0.0933333333333333;0.087;0.091;1;;;;;;;;;;;;;;;;;;;;;;;;;;;;;;;;;;;;;;;;;;;;;;;;;;;;;;;;;;;;;;;;;;;;
;;;;;;;;dilution 4 ;0.0933333333333333;0.087;0.091;;;;;;;;;;;;;;;;;;;;;;;;;;;;;;;;;;;;;;;;;;;;;;;;;;;;;;;;;;;;;;;;;;;;;
;;;;;;05/11/2024;15h03;0;0.157;0.146;0.172;1;;;;;;;;;;;;;;;;;;;;;;;;;;;;;;;;;;;;;;;;;;;;;;;;;;;;;;;;;;;;;;;;;;;;
;;;;;;;;;0.156;0.157;0.174;1;;;;;;;;;;;;;;;;;;;;;;;;;;;;;;;;;;;;;;;;;;;;;;;;;;;;;;;;;;;;;;;;;;;;
;;;;;;;;;0.151;0.158;0.173;1;;;;;;;;;;;;;;;;;;;;;;;;;;;;;;;;;;;;;;;;;;;;;;;;;;;;;;;;;;;;;;;;;;;;
;;;;;;;;mean 0;0.154666666666667;0.153666666666667;0.173;1;;;;;;;;;;;;;;;;;;;;;;;;;;;;;;;;;;;;;;;;;;;;;;;;;;;;;;;;;;;;;;;;;;;;
;;;;;;;;dilution 0;0.154666666666667;0.153666666666667;0.173;;;;;;;;;;;;;;;;;;;;;;;;;;;;;;;;;;;;;;;;;;;;;;;;;;;;;;;;;;;;;;;;;;;;;
;;;;;;;;1;0.14;0.143;0.157;1;;;;;;;;;;;;;;;;;;;;;;;;;;;;;;;;;;;;;;;;;;;;;;;;;;;;;;;;;;;;;;;;;;;;
;;;;;;;;;0.142;0.139;0.156;1;;;;;;;;;;;;;;;;;;;;;;;;;;;;;;;;;;;;;;;;;;;;;;;;;;;;;;;;;;;;;;;;;;;;
;;;;;;;;;0.14;0.134;0.156;1;;;;;;;;;;;;;;;;;;;;;;;;;;;;;;;;;;;;;;;;;;;;;;;;;;;;;;;;;;;;;;;;;;;;
;;;;;;;;mean 1;0.140666666666667;0.138666666666667;0.156333333333333;1;;;;;;;;;;;;;;;;;;;;;;;;;;;;;;;;;;;;;;;;;;;;;;;;;;;;;;;;;;;;;;;;;;;;
;;;;;;;;dilution 1;0.140666666666667;0.138666666666667;0.156333333333333;;;;;;;;;;;;;;;;;;;;;;;;;;;;;;;;;;;;;;;;;;;;;;;;;;;;;;;;;;;;;;;;;;;;;
;;;;;;;;2;0.127;0.16;0.168;1;;;;;;;;;;;;;;;;;;;;;;;;;;;;;;;;;;;;;;;;;;;;;;;;;;;;;;;;;;;;;;;;;;;;
;;;;;;;;;0.13;0.158;0.162;1;;;;;;;;;;;;;;;;;;;;;;;;;;;;;;;;;;;;;;;;;;;;;;;;;;;;;;;;;;;;;;;;;;;;
;;;;;;;;;0.129;0.162;0.161;1;;;;;;;;;;;;;;;;;;;;;;;;;;;;;;;;;;;;;;;;;;;;;;;;;;;;;;;;;;;;;;;;;;;;
;;;;;;;;mean 2;0.128666666666667;0.16;0.163666666666667;1;;;;;;;;;;;;;;;;;;;;;;;;;;;;;;;;;;;;;;;;;;;;;;;;;;;;;;;;;;;;;;;;;;;;
;;;;;;;;dilution 2;0.128666666666667;0.16;0.163666666666667;;;;;;;;;;;;;;;;;;;;;;;;;;;;;;;;;;;;;;;;;;;;;;;;;;;;;;;;;;;;;;;;;;;;;
;;;;;;;;3;0.108;0.151;0.156;1;;;;;;;;;;;;;;;;;;;;;;;;;;;;;;;;;;;;;;;;;;;;;;;;;;;;;;;;;;;;;;;;;;;;
;;;;;;;;;0.115;0.147;0.16;1;;;;;;;;;;;;;;;;;;;;;;;;;;;;;;;;;;;;;;;;;;;;;;;;;;;;;;;;;;;;;;;;;;;;
;;;;;;;;;0.113;0.145;0.162;1;;;;;;;;;;;;;;;;;;;;;;;;;;;;;;;;;;;;;;;;;;;;;;;;;;;;;;;;;;;;;;;;;;;;
;;;;;;;;mean 3;0.112;0.147666666666667;0.159333333333333;1;;;;;;;;;;;;;;;;;;;;;;;;;;;;;;;;;;;;;;;;;;;;;;;;;;;;;;;;;;;;;;;;;;;;
;;;;;;;;dilution 3;0.112;0.147666666666667;0.159333333333333;;;;;;;;;;;;;;;;;;;;;;;;;;;;;;;;;;;;;;;;;;;;;;;;;;;;;;;;;;;;;;;;;;;;;
;;;;;;;;4;0.102;0.096;0.094;1;;;;;;;;;;;;;;;;;;;;;;;;;;;;;;;;;;;;;;;;;;;;;;;;;;;;;;;;;;;;;;;;;;;;
;;;;;;;;;0.102;0.097;0.093;1;;;;;;;;;;;;;;;;;;;;;;;;;;;;;;;;;;;;;;;;;;;;;;;;;;;;;;;;;;;;;;;;;;;;
;;;;;;;;;0.102;0.099;0.105;1;;;;;;;;;;;;;;;;;;;;;;;;;;;;;;;;;;;;;;;;;;;;;;;;;;;;;;;;;;;;;;;;;;;;
;;;;;;;;mean 4;0.102;0.0973333333333333;0.0973333333333333;1;;;;;;;;;;;;;;;;;;;;;;;;;;;;;;;;;;;;;;;;;;;;;;;;;;;;;;;;;;;;;;;;;;;;
;;;;;;;;dilution 4 ;0.102;0.0973333333333333;0.0973333333333333;;;;;;;;;;;;;;;;;;;;;;;;;;;;;;;;;;;;;;;;;;;;;;;;;;;;;;;;;;;;;;;;;;;;;
;;;;;;05/11/2024;16h49;0;0.161;0.168;0.172;1;;;;;;;;;;;;;;;;;;;;;;;;;;;;;;;;;;;;;;;;;;;;;;;;;;;;;;;;;;;;;;;;;;;;
;;;;;;;;;0.161;0.178;0.172;1;;;;;;;;;;;;;;;;;;;;;;;;;;;;;;;;;;;;;;;;;;;;;;;;;;;;;;;;;;;;;;;;;;;;
;;;;;;;;;0.162;0.181;0.17;1;;;;;;;;;;;;;;;;;;;;;;;;;;;;;;;;;;;;;;;;;;;;;;;;;;;;;;;;;;;;;;;;;;;;
;;;;;;;;mean 0;0.161333333333333;0.175666666666667;0.171333333333333;1;;;;;;;;;;;;;;;;;;;;;;;;;;;;;;;;;;;;;;;;;;;;;;;;;;;;;;;;;;;;;;;;;;;;
;;;;;;;;dilution 0;0.161333333333333;0.175666666666667;0.171333333333333;;;;;;;;;;;;;;;;;;;;;;;;;;;;;;;;;;;;;;;;;;;;;;;;;;;;;;;;;;;;;;;;;;;;;
;;;;;;;;1;0.149;0.162;0.185;1;;;;;;;;;;;;;;;;;;;;;;;;;;;;;;;;;;;;;;;;;;;;;;;;;;;;;;;;;;;;;;;;;;;;
;;;;;;;;;0.144;0.158;0.19;1;;;;;;;;;;;;;;;;;;;;;;;;;;;;;;;;;;;;;;;;;;;;;;;;;;;;;;;;;;;;;;;;;;;;
;;;;;;;;;0.147;0.158;0.183;1;;;;;;;;;;;;;;;;;;;;;;;;;;;;;;;;;;;;;;;;;;;;;;;;;;;;;;;;;;;;;;;;;;;;
;;;;;;;;mean 1;0.146666666666667;0.159333333333333;0.186;1;;;;;;;;;;;;;;;;;;;;;;;;;;;;;;;;;;;;;;;;;;;;;;;;;;;;;;;;;;;;;;;;;;;;
;;;;;;;;dilution 1;0.146666666666667;0.159333333333333;0.186;;;;;;;;;;;;;;;;;;;;;;;;;;;;;;;;;;;;;;;;;;;;;;;;;;;;;;;;;;;;;;;;;;;;;
;;;;;;;;2;0.142;0.146;0.17;1;;;;;;;;;;;;;;;;;;;;;;;;;;;;;;;;;;;;;;;;;;;;;;;;;;;;;;;;;;;;;;;;;;;;
;;;;;;;;;0.145;0.144;0.171;1;;;;;;;;;;;;;;;;;;;;;;;;;;;;;;;;;;;;;;;;;;;;;;;;;;;;;;;;;;;;;;;;;;;;
;;;;;;;;;0.144;0.146;0.175;1;;;;;;;;;;;;;;;;;;;;;;;;;;;;;;;;;;;;;;;;;;;;;;;;;;;;;;;;;;;;;;;;;;;;
;;;;;;;;mean 2;0.143666666666667;0.145333333333333;0.172;1;;;;;;;;;;;;;;;;;;;;;;;;;;;;;;;;;;;;;;;;;;;;;;;;;;;;;;;;;;;;;;;;;;;;
;;;;;;;;dilution 2;0.143666666666667;0.145333333333333;0.172;;;;;;;;;;;;;;;;;;;;;;;;;;;;;;;;;;;;;;;;;;;;;;;;;;;;;;;;;;;;;;;;;;;;;
;;;;;;;;3;0.129;0.165;0.175;1;;;;;;;;;;;;;;;;;;;;;;;;;;;;;;;;;;;;;;;;;;;;;;;;;;;;;;;;;;;;;;;;;;;;
;;;;;;;;;0.125;0.166;0.174;1;;;;;;;;;;;;;;;;;;;;;;;;;;;;;;;;;;;;;;;;;;;;;;;;;;;;;;;;;;;;;;;;;;;;
;;;;;;;;;0.131;0.166;0.175;1;;;;;;;;;;;;;;;;;;;;;;;;;;;;;;;;;;;;;;;;;;;;;;;;;;;;;;;;;;;;;;;;;;;;
;;;;;;;;mean 3;0.128333333333333;0.165666666666667;0.174666666666667;1;;;;;;;;;;;;;;;;;;;;;;;;;;;;;;;;;;;;;;;;;;;;;;;;;;;;;;;;;;;;;;;;;;;;
;;;;;;;;dilution 3;0.128333333333333;0.165666666666667;0.174666666666667;;;;;;;;;;;;;;;;;;;;;;;;;;;;;;;;;;;;;;;;;;;;;;;;;;;;;;;;;;;;;;;;;;;;;
;;;;;;;;4;0.115;0.101;0.095;1;;;;;;;;;;;;;;;;;;;;;;;;;;;;;;;;;;;;;;;;;;;;;;;;;;;;;;;;;;;;;;;;;;;;
;;;;;;;;;0.118;0.103;0.094;1;;;;;;;;;;;;;;;;;;;;;;;;;;;;;;;;;;;;;;;;;;;;;;;;;;;;;;;;;;;;;;;;;;;;
;;;;;;;;;0.118;0.101;0.1;1;;;;;;;;;;;;;;;;;;;;;;;;;;;;;;;;;;;;;;;;;;;;;;;;;;;;;;;;;;;;;;;;;;;;
;;;;;;;;mean 4;0.117;0.101666666666667;0.0963333333333333;1;;;;;;;;;;;;;;;;;;;;;;;;;;;;;;;;;;;;;;;;;;;;;;;;;;;;;;;;;;;;;;;;;;;;
;;;;;;;;dilution 4 ;0.117;0.101666666666667;0.0963333333333333;;;;;;;;;;;;;;;;;;;;;;;;;;;;;;;;;;;;;;;;;;;;;;;;;;;;;;;;;;;;;;;;;;;;;
;;;;;;05/11/2024;18h02;0;0.183;0.19;0.188;1;;;;;;;;;;;;;;;;;;;;;;;;;;;;;;;;;;;;;;;;;;;;;;;;;;;;;;;;;;;;;;;;;;;;
;;;;;;;;;0.194;0.162;0.191;1;;;;;;;;;;;;;;;;;;;;;;;;;;;;;;;;;;;;;;;;;;;;;;;;;;;;;;;;;;;;;;;;;;;;
;;;;;;;;;0.19;0.165;0.193;1;;;;;;;;;;;;;;;;;;;;;;;;;;;;;;;;;;;;;;;;;;;;;;;;;;;;;;;;;;;;;;;;;;;;
;;;;;;;;mean 0;0.189;0.172333333333333;0.190666666666667;1;;;;;;;;;;;;;;;;;;;;;;;;;;;;;;;;;;;;;;;;;;;;;;;;;;;;;;;;;;;;;;;;;;;;
;;;;;;;;dilution 0;0.189;0.172333333333333;0.190666666666667;;;;;;;;;;;;;;;;;;;;;;;;;;;;;;;;;;;;;;;;;;;;;;;;;;;;;;;;;;;;;;;;;;;;;
;;;;;;;;1;0.182;0.174;0.203;1;;;;;;;;;;;;;;;;;;;;;;;;;;;;;;;;;;;;;;;;;;;;;;;;;;;;;;;;;;;;;;;;;;;;
;;;;;;;;;0.174;0.181;0.198;1;;;;;;;;;;;;;;;;;;;;;;;;;;;;;;;;;;;;;;;;;;;;;;;;;;;;;;;;;;;;;;;;;;;;
;;;;;;;;;0.183;0.17;0.195;1;;;;;;;;;;;;;;;;;;;;;;;;;;;;;;;;;;;;;;;;;;;;;;;;;;;;;;;;;;;;;;;;;;;;
;;;;;;;;mean 1;0.179666666666667;0.175;0.198666666666667;1;;;;;;;;;;;;;;;;;;;;;;;;;;;;;;;;;;;;;;;;;;;;;;;;;;;;;;;;;;;;;;;;;;;;
;;;;;;;;dilution 1;0.179666666666667;0.175;0.198666666666667;;;;;;;;;;;;;;;;;;;;;;;;;;;;;;;;;;;;;;;;;;;;;;;;;;;;;;;;;;;;;;;;;;;;;
;;;;;;;;2;0.183;0.184;0.196;1;;;;;;;;;;;;;;;;;;;;;;;;;;;;;;;;;;;;;;;;;;;;;;;;;;;;;;;;;;;;;;;;;;;;
;;;;;;;;;0.187;0.183;0.202;1;;;;;;;;;;;;;;;;;;;;;;;;;;;;;;;;;;;;;;;;;;;;;;;;;;;;;;;;;;;;;;;;;;;;
;;;;;;;;;0.185;0.183;0.199;1;;;;;;;;;;;;;;;;;;;;;;;;;;;;;;;;;;;;;;;;;;;;;;;;;;;;;;;;;;;;;;;;;;;;
;;;;;;;;mean 2;0.185;0.183333333333333;0.199;1;;;;;;;;;;;;;;;;;;;;;;;;;;;;;;;;;;;;;;;;;;;;;;;;;;;;;;;;;;;;;;;;;;;;
;;;;;;;;dilution 2;0.185;0.183333333333333;0.199;;;;;;;;;;;;;;;;;;;;;;;;;;;;;;;;;;;;;;;;;;;;;;;;;;;;;;;;;;;;;;;;;;;;;
;;;;;;;;3;0.156;0.192;0.189;1;;;;;;;;;;;;;;;;;;;;;;;;;;;;;;;;;;;;;;;;;;;;;;;;;;;;;;;;;;;;;;;;;;;;
;;;;;;;;;0.157;0.192;0.189;1;;;;;;;;;;;;;;;;;;;;;;;;;;;;;;;;;;;;;;;;;;;;;;;;;;;;;;;;;;;;;;;;;;;;
;;;;;;;;;0.158;0.192;0.188;1;;;;;;;;;;;;;;;;;;;;;;;;;;;;;;;;;;;;;;;;;;;;;;;;;;;;;;;;;;;;;;;;;;;;
;;;;;;;;mean 3;0.157;0.192;0.188666666666667;1;;;;;;;;;;;;;;;;;;;;;;;;;;;;;;;;;;;;;;;;;;;;;;;;;;;;;;;;;;;;;;;;;;;;
;;;;;;;;dilution 3;0.157;0.192;0.188666666666667;;;;;;;;;;;;;;;;;;;;;;;;;;;;;;;;;;;;;;;;;;;;;;;;;;;;;;;;;;;;;;;;;;;;;
;;;;;;;;4;0.129;0.114;0.11;1;;;;;;;;;;;;;;;;;;;;;;;;;;;;;;;;;;;;;;;;;;;;;;;;;;;;;;;;;;;;;;;;;;;;
;;;;;;;;;0.131;0.116;0.107;1;;;;;;;;;;;;;;;;;;;;;;;;;;;;;;;;;;;;;;;;;;;;;;;;;;;;;;;;;;;;;;;;;;;;
;;;;;;;;;0.13;0.121;0.112;1;;;;;;;;;;;;;;;;;;;;;;;;;;;;;;;;;;;;;;;;;;;;;;;;;;;;;;;;;;;;;;;;;;;;
;;;;;;;;mean 4;0.13;0.117;0.109666666666667;1;;;;;;;;;;;;;;;;;;;;;;;;;;;;;;;;;;;;;;;;;;;;;;;;;;;;;;;;;;;;;;;;;;;;
;;;;;;;;dilution 4 ;0.13;0.117;0.109666666666667;;;;;;;;;;;;;;;;;;;;;;;;;;;;;;;;;;;;;;;;;;;;;;;;;;;;;;;;;;;;;;;;;;;;;
;;;;;;05/11/2024;19h22;0;0.192;0.18;0.187;1;;;;;;;;;;;;;;;;;;;;;;;;;;;;;;;;;;;;;;;;;;;;;;;;;;;;;;;;;;;;;;;;;;;;
;;;;;;;;;0.194;0.185;0.186;1;;;;;;;;;;;;;;;;;;;;;;;;;;;;;;;;;;;;;;;;;;;;;;;;;;;;;;;;;;;;;;;;;;;;
;;;;;;;;;0.195;0.181;0.19;1;;;;;;;;;;;;;;;;;;;;;;;;;;;;;;;;;;;;;;;;;;;;;;;;;;;;;;;;;;;;;;;;;;;;
;;;;;;;;mean 0;0.193666666666667;0.182;0.187666666666667;1;;;;;;;;;;;;;;;;;;;;;;;;;;;;;;;;;;;;;;;;;;;;;;;;;;;;;;;;;;;;;;;;;;;;
;;;;;;;;dilution 0;0.193666666666667;0.182;0.187666666666667;;;;;;;;;;;;;;;;;;;;;;;;;;;;;;;;;;;;;;;;;;;;;;;;;;;;;;;;;;;;;;;;;;;;;
;;;;;;;;1;0.199;0.181;0.229;1;;;;;;;;;;;;;;;;;;;;;;;;;;;;;;;;;;;;;;;;;;;;;;;;;;;;;;;;;;;;;;;;;;;;
;;;;;;;;;0.189;0.187;0.226;1;;;;;;;;;;;;;;;;;;;;;;;;;;;;;;;;;;;;;;;;;;;;;;;;;;;;;;;;;;;;;;;;;;;;
;;;;;;;;;0.197;0.191;0.228;1;;;;;;;;;;;;;;;;;;;;;;;;;;;;;;;;;;;;;;;;;;;;;;;;;;;;;;;;;;;;;;;;;;;;
;;;;;;;;mean 1;0.195;0.186333333333333;0.227666666666667;1;;;;;;;;;;;;;;;;;;;;;;;;;;;;;;;;;;;;;;;;;;;;;;;;;;;;;;;;;;;;;;;;;;;;
;;;;;;;;dilution 1;0.195;0.186333333333333;0.227666666666667;;;;;;;;;;;;;;;;;;;;;;;;;;;;;;;;;;;;;;;;;;;;;;;;;;;;;;;;;;;;;;;;;;;;;
;;;;;;;;2;0.192;0.196;0.244;1;;;;;;;;;;;;;;;;;;;;;;;;;;;;;;;;;;;;;;;;;;;;;;;;;;;;;;;;;;;;;;;;;;;;
;;;;;;;;;0.19;0.196;0.243;1;;;;;;;;;;;;;;;;;;;;;;;;;;;;;;;;;;;;;;;;;;;;;;;;;;;;;;;;;;;;;;;;;;;;
;;;;;;;;;0.192;0.197;0.238;1;;;;;;;;;;;;;;;;;;;;;;;;;;;;;;;;;;;;;;;;;;;;;;;;;;;;;;;;;;;;;;;;;;;;
;;;;;;;;mean 2;0.191333333333333;0.196333333333333;0.241666666666667;1;;;;;;;;;;;;;;;;;;;;;;;;;;;;;;;;;;;;;;;;;;;;;;;;;;;;;;;;;;;;;;;;;;;;
;;;;;;;;dilution 2;0.191333333333333;0.196333333333333;0.241666666666667;;;;;;;;;;;;;;;;;;;;;;;;;;;;;;;;;;;;;;;;;;;;;;;;;;;;;;;;;;;;;;;;;;;;;
;;;;;;;;3;0.174;0.205;0.209;1;;;;;;;;;;;;;;;;;;;;;;;;;;;;;;;;;;;;;;;;;;;;;;;;;;;;;;;;;;;;;;;;;;;;
;;;;;;;;;0.179;0.198;0.206;1;;;;;;;;;;;;;;;;;;;;;;;;;;;;;;;;;;;;;;;;;;;;;;;;;;;;;;;;;;;;;;;;;;;;
;;;;;;;;;0.177;0.203;0.205;1;;;;;;;;;;;;;;;;;;;;;;;;;;;;;;;;;;;;;;;;;;;;;;;;;;;;;;;;;;;;;;;;;;;;
;;;;;;;;mean 3;0.176666666666667;0.202;0.206666666666667;1;;;;;;;;;;;;;;;;;;;;;;;;;;;;;;;;;;;;;;;;;;;;;;;;;;;;;;;;;;;;;;;;;;;;
;;;;;;;;dilution 3;0.176666666666667;0.202;0.206666666666667;;;;;;;;;;;;;;;;;;;;;;;;;;;;;;;;;;;;;;;;;;;;;;;;;;;;;;;;;;;;;;;;;;;;;
;;;;;;;;4;0.14;0.128;0.124;1;;;;;;;;;;;;;;;;;;;;;;;;;;;;;;;;;;;;;;;;;;;;;;;;;;;;;;;;;;;;;;;;;;;;
;;;;;;;;;0.143;0.124;0.122;1;;;;;;;;;;;;;;;;;;;;;;;;;;;;;;;;;;;;;;;;;;;;;;;;;;;;;;;;;;;;;;;;;;;;
;;;;;;;;;0.146;0.125;0.123;1;;;;;;;;;;;;;;;;;;;;;;;;;;;;;;;;;;;;;;;;;;;;;;;;;;;;;;;;;;;;;;;;;;;;
;;;;;;;;mean 4;0.143;0.125666666666667;0.123;1;;;;;;;;;;;;;;;;;;;;;;;;;;;;;;;;;;;;;;;;;;;;;;;;;;;;;;;;;;;;;;;;;;;;
;;;;;;;;dilution 4 ;0.143;0.125666666666667;0.123;;;;;;;;;;;;;;;;;;;;;;;;;;;;;;;;;;;;;;;;;;;;;;;;;;;;;;;;;;;;;;;;;;;;;
;;;;;;06/11/2024;8h09;0;0.224;0.233;0.251;2;;;;;;;;;;;;;;;;;;;;;;;;;;;;;;;;;;;;;;;;;;;;;;;;;;;;;;;;;;;;;;;;;;;;
;;;;;;;;;0.223;0.242;0.245;2;;;;;;;;;;;;;;;;;;;;;;;;;;;;;;;;;;;;;;;;;;;;;;;;;;;;;;;;;;;;;;;;;;;;
;;;;;;;;;0.223;0.235;0.25;2;;;;;;;;;;;;;;;;;;;;;;;;;;;;;;;;;;;;;;;;;;;;;;;;;;;;;;;;;;;;;;;;;;;;
;;;;;;;;mean 0;0.223333333333333;0.236666666666667;0.248666666666667;2;;;;;;;;;;;;;;;;;;;;;;;;;;;;;;;;;;;;;;;;;;;;;;;;;;;;;;;;;;;;;;;;;;;;
;;;;;;;;dilution 0;0.446666666666667;0.473333333333333;0.497333333333333;;;;;;;;;;;;;;;;;;;;;;;;;;;;;;;;;;;;;;;;;;;;;;;;;;;;;;;;;;;;;;;;;;;;;
;;;;;;;;1;0.261;0.282;0.301;2;;;;;;;;;;;;;;;;;;;;;;;;;;;;;;;;;;;;;;;;;;;;;;;;;;;;;;;;;;;;;;;;;;;;
;;;;;;;;;0.261;0.281;0.298;2;;;;;;;;;;;;;;;;;;;;;;;;;;;;;;;;;;;;;;;;;;;;;;;;;;;;;;;;;;;;;;;;;;;;
;;;;;;;;;0.259;0.283;0.295;2;;;;;;;;;;;;;;;;;;;;;;;;;;;;;;;;;;;;;;;;;;;;;;;;;;;;;;;;;;;;;;;;;;;;
;;;;;;;;mean 1;0.260333333333333;0.282;0.298;2;;;;;;;;;;;;;;;;;;;;;;;;;;;;;;;;;;;;;;;;;;;;;;;;;;;;;;;;;;;;;;;;;;;;
;;;;;;;;dilution 1;0.520666666666667;0.564;0.596;;;;;;;;;;;;;;;;;;;;;;;;;;;;;;;;;;;;;;;;;;;;;;;;;;;;;;;;;;;;;;;;;;;;;
;;;;;;;;2;0.284;0.319;0.394;2;;;;;;;;;;;;;;;;;;;;;;;;;;;;;;;;;;;;;;;;;;;;;;;;;;;;;;;;;;;;;;;;;;;;
;;;;;;;;;0.286;0.32;0.382;2;;;;;;;;;;;;;;;;;;;;;;;;;;;;;;;;;;;;;;;;;;;;;;;;;;;;;;;;;;;;;;;;;;;;
;;;;;;;;;0.285;0.327;0.383;2;;;;;;;;;;;;;;;;;;;;;;;;;;;;;;;;;;;;;;;;;;;;;;;;;;;;;;;;;;;;;;;;;;;;
;;;;;;;;mean 2;0.285;0.322;0.386333333333333;2;;;;;;;;;;;;;;;;;;;;;;;;;;;;;;;;;;;;;;;;;;;;;;;;;;;;;;;;;;;;;;;;;;;;
;;;;;;;;dilution 2;0.57;0.644;0.772666666666667;;;;;;;;;;;;;;;;;;;;;;;;;;;;;;;;;;;;;;;;;;;;;;;;;;;;;;;;;;;;;;;;;;;;;
;;;;;;;;3;0.243;0.309;0.33;2;;;;;;;;;;;;;;;;;;;;;;;;;;;;;;;;;;;;;;;;;;;;;;;;;;;;;;;;;;;;;;;;;;;;
;;;;;;;;;0.243;0.306;0.332;2;;;;;;;;;;;;;;;;;;;;;;;;;;;;;;;;;;;;;;;;;;;;;;;;;;;;;;;;;;;;;;;;;;;;
;;;;;;;;;0.241;0.301;0.323;2;;;;;;;;;;;;;;;;;;;;;;;;;;;;;;;;;;;;;;;;;;;;;;;;;;;;;;;;;;;;;;;;;;;;
;;;;;;;;mean 3;0.242333333333333;0.305333333333333;0.328333333333333;2;;;;;;;;;;;;;;;;;;;;;;;;;;;;;;;;;;;;;;;;;;;;;;;;;;;;;;;;;;;;;;;;;;;;
;;;;;;;;dilution 3;0.484666666666667;0.610666666666667;0.656666666666667;;;;;;;;;;;;;;;;;;;;;;;;;;;;;;;;;;;;;;;;;;;;;;;;;;;;;;;;;;;;;;;;;;;;;
;;;;;;;;4;0.183;0.144;0.14;2;;;;;;;;;;;;;;;;;;;;;;;;;;;;;;;;;;;;;;;;;;;;;;;;;;;;;;;;;;;;;;;;;;;;
;;;;;;;;;0.18;0.146;0.14;2;;;;;;;;;;;;;;;;;;;;;;;;;;;;;;;;;;;;;;;;;;;;;;;;;;;;;;;;;;;;;;;;;;;;
;;;;;;;;;0.181;0.14;0.141;2;;;;;;;;;;;;;;;;;;;;;;;;;;;;;;;;;;;;;;;;;;;;;;;;;;;;;;;;;;;;;;;;;;;;
;;;;;;;;mean 4;0.181333333333333;0.143333333333333;0.140333333333333;2;;;;;;;;;;;;;;;;;;;;;;;;;;;;;;;;;;;;;;;;;;;;;;;;;;;;;;;;;;;;;;;;;;;;
;;;;;;;;dilution 4 ;0.362666666666667;0.286666666666667;0.280666666666667;;;;;;;;;;;;;;;;;;;;;;;;;;;;;;;;;;;;;;;;;;;;;;;;;;;;;;;;;;;;;;;;;;;;;
;;;;;;06/11/2024;9h31;0;0.227;0.236;0.254;2;;;;;;;;;;;;;;;;;;;;;;;;;;;;;;;;;;;;;;;;;;;;;;;;;;;;;;;;;;;;;;;;;;;;
;;;;;;;;;0.221;0.238;0.249;2;;;;;;;;;;;;;;;;;;;;;;;;;;;;;;;;;;;;;;;;;;;;;;;;;;;;;;;;;;;;;;;;;;;;
;;;;;;;;;0.23;0.234;0.252;2;;;;;;;;;;;;;;;;;;;;;;;;;;;;;;;;;;;;;;;;;;;;;;;;;;;;;;;;;;;;;;;;;;;;
;;;;;;;;mean 0;0.226;0.236;0.251666666666667;2;;;;;;;;;;;;;;;;;;;;;;;;;;;;;;;;;;;;;;;;;;;;;;;;;;;;;;;;;;;;;;;;;;;;
;;;;;;;;dilution 0;0.452;0.472;0.503333333333333;;;;;;;;;;;;;;;;;;;;;;;;;;;;;;;;;;;;;;;;;;;;;;;;;;;;;;;;;;;;;;;;;;;;;
;;;;;;;;1;0.271;0.274;0.392;2;;;;;;;;;;;;;;;;;;;;;;;;;;;;;;;;;;;;;;;;;;;;;;;;;;;;;;;;;;;;;;;;;;;;
;;;;;;;;;0.268;0.276;0.394;2;;;;;;;;;;;;;;;;;;;;;;;;;;;;;;;;;;;;;;;;;;;;;;;;;;;;;;;;;;;;;;;;;;;;
;;;;;;;;;0.271;0.275;0.393;2;;;;;;;;;;;;;;;;;;;;;;;;;;;;;;;;;;;;;;;;;;;;;;;;;;;;;;;;;;;;;;;;;;;;
;;;;;;;;mean 1;0.27;0.275;0.393;2;;;;;;;;;;;;;;;;;;;;;;;;;;;;;;;;;;;;;;;;;;;;;;;;;;;;;;;;;;;;;;;;;;;;
;;;;;;;;dilution 1;0.54;0.55;0.786;;;;;;;;;;;;;;;;;;;;;;;;;;;;;;;;;;;;;;;;;;;;;;;;;;;;;;;;;;;;;;;;;;;;;
;;;;;;;;2;0.327;0.354;0.433;2;;;;;;;;;;;;;;;;;;;;;;;;;;;;;;;;;;;;;;;;;;;;;;;;;;;;;;;;;;;;;;;;;;;;
;;;;;;;;;0.337;0.356;0.434;2;;;;;;;;;;;;;;;;;;;;;;;;;;;;;;;;;;;;;;;;;;;;;;;;;;;;;;;;;;;;;;;;;;;;
;;;;;;;;;0.331;0.342;0.424;2;;;;;;;;;;;;;;;;;;;;;;;;;;;;;;;;;;;;;;;;;;;;;;;;;;;;;;;;;;;;;;;;;;;;
;;;;;;;;mean 2;0.331666666666667;0.350666666666667;0.430333333333333;2;;;;;;;;;;;;;;;;;;;;;;;;;;;;;;;;;;;;;;;;;;;;;;;;;;;;;;;;;;;;;;;;;;;;
;;;;;;;;dilution 2;0.663333333333333;0.701333333333333;0.860666666666667;;;;;;;;;;;;;;;;;;;;;;;;;;;;;;;;;;;;;;;;;;;;;;;;;;;;;;;;;;;;;;;;;;;;;
;;;;;;;;3;0.272;0.337;0.357;2;;;;;;;;;;;;;;;;;;;;;;;;;;;;;;;;;;;;;;;;;;;;;;;;;;;;;;;;;;;;;;;;;;;;
;;;;;;;;;0.266;0.333;0.36;2;;;;;;;;;;;;;;;;;;;;;;;;;;;;;;;;;;;;;;;;;;;;;;;;;;;;;;;;;;;;;;;;;;;;
;;;;;;;;;0.264;0.333;0.351;2;;;;;;;;;;;;;;;;;;;;;;;;;;;;;;;;;;;;;;;;;;;;;;;;;;;;;;;;;;;;;;;;;;;;
;;;;;;;;mean 3;0.267333333333333;0.334333333333333;0.356;2;;;;;;;;;;;;;;;;;;;;;;;;;;;;;;;;;;;;;;;;;;;;;;;;;;;;;;;;;;;;;;;;;;;;
;;;;;;;;dilution 3;0.534666666666667;0.668666666666667;0.712;;;;;;;;;;;;;;;;;;;;;;;;;;;;;;;;;;;;;;;;;;;;;;;;;;;;;;;;;;;;;;;;;;;;;
;;;;;;;;4;0.19;0.156;0.152;2;;;;;;;;;;;;;;;;;;;;;;;;;;;;;;;;;;;;;;;;;;;;;;;;;;;;;;;;;;;;;;;;;;;;
;;;;;;;;;0.193;0.159;0.158;2;;;;;;;;;;;;;;;;;;;;;;;;;;;;;;;;;;;;;;;;;;;;;;;;;;;;;;;;;;;;;;;;;;;;
;;;;;;;;;0.19;0.155;0.158;2;;;;;;;;;;;;;;;;;;;;;;;;;;;;;;;;;;;;;;;;;;;;;;;;;;;;;;;;;;;;;;;;;;;;
;;;;;;;;mean 4;0.191;0.156666666666667;0.156;2;;;;;;;;;;;;;;;;;;;;;;;;;;;;;;;;;;;;;;;;;;;;;;;;;;;;;;;;;;;;;;;;;;;;
;;;;;;;;dilution 4 ;0.382;0.313333333333333;0.312;;;;;;;;;;;;;;;;;;;;;;;;;;;;;;;;;;;;;;;;;;;;;;;;;;;;;;;;;;;;;;;;;;;;;
;;;;;;06/11/2024;10h50;0;0.264;0.258;0.285;2;;;;;;;;;;;;;;;;;;;;;;;;;;;;;;;;;;;;;;;;;;;;;;;;;;;;;;;;;;;;;;;;;;;;
;;;;;;;;;0.262;0.258;0.287;2;;;;;;;;;;;;;;;;;;;;;;;;;;;;;;;;;;;;;;;;;;;;;;;;;;;;;;;;;;;;;;;;;;;;
;;;;;;;;;0.262;0.257;0.276;2;;;;;;;;;;;;;;;;;;;;;;;;;;;;;;;;;;;;;;;;;;;;;;;;;;;;;;;;;;;;;;;;;;;;
;;;;;;;;mean 0;0.262666666666667;0.257666666666667;0.282666666666667;2;;;;;;;;;;;;;;;;;;;;;;;;;;;;;;;;;;;;;;;;;;;;;;;;;;;;;;;;;;;;;;;;;;;;
;;;;;;;;dilution 0;0.525333333333333;0.515333333333333;0.565333333333333;;;;;;;;;;;;;;;;;;;;;;;;;;;;;;;;;;;;;;;;;;;;;;;;;;;;;;;;;;;;;;;;;;;;;
;;;;;;;;1;0.295;0.24;0.412;2;;;;;;;;;;;;;;;;;;;;;;;;;;;;;;;;;;;;;;;;;;;;;;;;;;;;;;;;;;;;;;;;;;;;
;;;;;;;;;0.301;0.241;0.409;2;;;;;;;;;;;;;;;;;;;;;;;;;;;;;;;;;;;;;;;;;;;;;;;;;;;;;;;;;;;;;;;;;;;;
;;;;;;;;;0.302;0.241;0.417;2;;;;;;;;;;;;;;;;;;;;;;;;;;;;;;;;;;;;;;;;;;;;;;;;;;;;;;;;;;;;;;;;;;;;
;;;;;;;;mean 1;0.299333333333333;0.240666666666667;0.412666666666667;2;;;;;;;;;;;;;;;;;;;;;;;;;;;;;;;;;;;;;;;;;;;;;;;;;;;;;;;;;;;;;;;;;;;;
;;;;;;;;dilution 1;0.598666666666667;0.481333333333333;0.825333333333333;;;;;;;;;;;;;;;;;;;;;;;;;;;;;;;;;;;;;;;;;;;;;;;;;;;;;;;;;;;;;;;;;;;;;
;;;;;;;;2;0.362;0.413;0.481;2;;;;;;;;;;;;;;;;;;;;;;;;;;;;;;;;;;;;;;;;;;;;;;;;;;;;;;;;;;;;;;;;;;;;
;;;;;;;;;0.365;0.41;0.472;2;;;;;;;;;;;;;;;;;;;;;;;;;;;;;;;;;;;;;;;;;;;;;;;;;;;;;;;;;;;;;;;;;;;;
;;;;;;;;;0.359;0.417;0.468;2;;;;;;;;;;;;;;;;;;;;;;;;;;;;;;;;;;;;;;;;;;;;;;;;;;;;;;;;;;;;;;;;;;;;
;;;;;;;;mean 2;0.362;0.413333333333333;0.473666666666667;2;;;;;;;;;;;;;;;;;;;;;;;;;;;;;;;;;;;;;;;;;;;;;;;;;;;;;;;;;;;;;;;;;;;;
;;;;;;;;dilution 2;0.724;0.826666666666667;0.947333333333333;;;;;;;;;;;;;;;;;;;;;;;;;;;;;;;;;;;;;;;;;;;;;;;;;;;;;;;;;;;;;;;;;;;;;
;;;;;;;;3;0.283;0.37;0.403;2;;;;;;;;;;;;;;;;;;;;;;;;;;;;;;;;;;;;;;;;;;;;;;;;;;;;;;;;;;;;;;;;;;;;
;;;;;;;;;0.285;0.372;0.392;2;;;;;;;;;;;;;;;;;;;;;;;;;;;;;;;;;;;;;;;;;;;;;;;;;;;;;;;;;;;;;;;;;;;;
;;;;;;;;;0.287;0.377;0.402;2;;;;;;;;;;;;;;;;;;;;;;;;;;;;;;;;;;;;;;;;;;;;;;;;;;;;;;;;;;;;;;;;;;;;
;;;;;;;;mean 3;0.285;0.373;0.399;2;;;;;;;;;;;;;;;;;;;;;;;;;;;;;;;;;;;;;;;;;;;;;;;;;;;;;;;;;;;;;;;;;;;;
;;;;;;;;dilution 3;0.57;0.746;0.798;;;;;;;;;;;;;;;;;;;;;;;;;;;;;;;;;;;;;;;;;;;;;;;;;;;;;;;;;;;;;;;;;;;;;
;;;;;;;;4;0.209;0.159;0.169;2;;;;;;;;;;;;;;;;;;;;;;;;;;;;;;;;;;;;;;;;;;;;;;;;;;;;;;;;;;;;;;;;;;;;
;;;;;;;;;0.208;0.162;0.167;2;;;;;;;;;;;;;;;;;;;;;;;;;;;;;;;;;;;;;;;;;;;;;;;;;;;;;;;;;;;;;;;;;;;;
;;;;;;;;;0.208;0.162;0.161;2;;;;;;;;;;;;;;;;;;;;;;;;;;;;;;;;;;;;;;;;;;;;;;;;;;;;;;;;;;;;;;;;;;;;
;;;;;;;;mean 4;0.208333333333333;0.161;0.165666666666667;2;;;;;;;;;;;;;;;;;;;;;;;;;;;;;;;;;;;;;;;;;;;;;;;;;;;;;;;;;;;;;;;;;;;;
;;;;;;;;dilution 4 ;0.416666666666667;0.322;0.331333333333333;;;;;;;;;;;;;;;;;;;;;;;;;;;;;;;;;;;;;;;;;;;;;;;;;;;;;;;;;;;;;;;;;;;;;
;;;;;;06/11/2024;13h45;0;0.223;0.282;0.243;4;;;;;;;;;;;;;;;;;;;;;;;;;;;;;;;;;;;;;;;;;;;;;;;;;;;;;;;;;;;;;;;;;;;;
;;;;;;;;;0.221;0.28;0.24;4;;;;;;;;;;;;;;;;;;;;;;;;;;;;;;;;;;;;;;;;;;;;;;;;;;;;;;;;;;;;;;;;;;;;
;;;;;;;;;0.216;0.284;0.243;4;;;;;;;;;;;;;;;;;;;;;;;;;;;;;;;;;;;;;;;;;;;;;;;;;;;;;;;;;;;;;;;;;;;;
;;;;;;;;mean 0;0.22;0.282;0.242;4;;;;;;;;;;;;;;;;;;;;;;;;;;;;;;;;;;;;;;;;;;;;;;;;;;;;;;;;;;;;;;;;;;;;
;;;;;;;;dilution 0;0.88;1.128;0.968;;;;;;;;;;;;;;;;;;;;;;;;;;;;;;;;;;;;;;;;;;;;;;;;;;;;;;;;;;;;;;;;;;;;;
;;;;;;;;1;0.222;0.23;0.307;4;;;;;;;;;;;;;;;;;;;;;;;;;;;;;;;;;;;;;;;;;;;;;;;;;;;;;;;;;;;;;;;;;;;;
;;;;;;;;;0.22;0.232;0.303;4;;;;;;;;;;;;;;;;;;;;;;;;;;;;;;;;;;;;;;;;;;;;;;;;;;;;;;;;;;;;;;;;;;;;
;;;;;;;;;0.224;0.235;0.307;4;;;;;;;;;;;;;;;;;;;;;;;;;;;;;;;;;;;;;;;;;;;;;;;;;;;;;;;;;;;;;;;;;;;;
;;;;;;;;mean 1;0.222;0.232333333333333;0.305666666666667;4;;;;;;;;;;;;;;;;;;;;;;;;;;;;;;;;;;;;;;;;;;;;;;;;;;;;;;;;;;;;;;;;;;;;
;;;;;;;;dilution 1;0.888;0.929333333333333;1.22266666666667;;;;;;;;;;;;;;;;;;;;;;;;;;;;;;;;;;;;;;;;;;;;;;;;;;;;;;;;;;;;;;;;;;;;;
;;;;;;;;2;0.227;0.259;0.303;4;;;;;;;;;;;;;;;;;;;;;;;;;;;;;;;;;;;;;;;;;;;;;;;;;;;;;;;;;;;;;;;;;;;;
;;;;;;;;;0.222;0.268;0.308;4;;;;;;;;;;;;;;;;;;;;;;;;;;;;;;;;;;;;;;;;;;;;;;;;;;;;;;;;;;;;;;;;;;;;
;;;;;;;;;0.222;0.275;0.312;4;;;;;;;;;;;;;;;;;;;;;;;;;;;;;;;;;;;;;;;;;;;;;;;;;;;;;;;;;;;;;;;;;;;;
;;;;;;;;mean 2;0.223666666666667;0.267333333333333;0.307666666666667;4;;;;;;;;;;;;;;;;;;;;;;;;;;;;;;;;;;;;;;;;;;;;;;;;;;;;;;;;;;;;;;;;;;;;
;;;;;;;;dilution 2;0.894666666666667;1.06933333333333;1.23066666666667;;;;;;;;;;;;;;;;;;;;;;;;;;;;;;;;;;;;;;;;;;;;;;;;;;;;;;;;;;;;;;;;;;;;;
;;;;;;;;3;0.184;0.233;0.248;4;;;;;;;;;;;;;;;;;;;;;;;;;;;;;;;;;;;;;;;;;;;;;;;;;;;;;;;;;;;;;;;;;;;;
;;;;;;;;;0.186;0.237;0.239;4;;;;;;;;;;;;;;;;;;;;;;;;;;;;;;;;;;;;;;;;;;;;;;;;;;;;;;;;;;;;;;;;;;;;
;;;;;;;;;0.185;0.238;0.236;4;;;;;;;;;;;;;;;;;;;;;;;;;;;;;;;;;;;;;;;;;;;;;;;;;;;;;;;;;;;;;;;;;;;;
;;;;;;;;mean 3;0.185;0.236;0.241;4;;;;;;;;;;;;;;;;;;;;;;;;;;;;;;;;;;;;;;;;;;;;;;;;;;;;;;;;;;;;;;;;;;;;
;;;;;;;;dilution 3;0.74;0.944;0.964;;;;;;;;;;;;;;;;;;;;;;;;;;;;;;;;;;;;;;;;;;;;;;;;;;;;;;;;;;;;;;;;;;;;;
;;;;;;;;4;0.248;0.199;0.195;2;;;;;;;;;;;;;;;;;;;;;;;;;;;;;;;;;;;;;;;;;;;;;;;;;;;;;;;;;;;;;;;;;;;;
;;;;;;;;;0.245;0.195;0.202;2;;;;;;;;;;;;;;;;;;;;;;;;;;;;;;;;;;;;;;;;;;;;;;;;;;;;;;;;;;;;;;;;;;;;
;;;;;;;;;0.241;0.196;0.198;2;;;;;;;;;;;;;;;;;;;;;;;;;;;;;;;;;;;;;;;;;;;;;;;;;;;;;;;;;;;;;;;;;;;;
;;;;;;;;mean 4;0.244666666666667;0.196666666666667;0.198333333333333;2;;;;;;;;;;;;;;;;;;;;;;;;;;;;;;;;;;;;;;;;;;;;;;;;;;;;;;;;;;;;;;;;;;;;
;;;;;;;;dilution 4 ;0.489333333333333;0.393333333333333;0.396666666666667;;;;;;;;;;;;;;;;;;;;;;;;;;;;;;;;;;;;;;;;;;;;;;;;;;;;;;;;;;;;;;;;;;;;;
;;;;;;06/11/2024;14h59;0;0.259;0.28;0.285;4;;;;;;;;;;;;;;;;;;;;;;;;;;;;;;;;;;;;;;;;;;;;;;;;;;;;;;;;;;;;;;;;;;;;
;;;;;;;;;0.257;0.285;0.289;4;;;;;;;;;;;;;;;;;;;;;;;;;;;;;;;;;;;;;;;;;;;;;;;;;;;;;;;;;;;;;;;;;;;;
;;;;;;;;;0.247;0.282;0.289;4;;;;;;;;;;;;;;;;;;;;;;;;;;;;;;;;;;;;;;;;;;;;;;;;;;;;;;;;;;;;;;;;;;;;
;;;;;;;;mean 0;0.254333333333333;0.282333333333333;0.287666666666667;4;;;;;;;;;;;;;;;;;;;;;;;;;;;;;;;;;;;;;;;;;;;;;;;;;;;;;;;;;;;;;;;;;;;;
;;;;;;;;dilution 0;1.01733333333333;1.12933333333333;1.15066666666667;;;;;;;;;;;;;;;;;;;;;;;;;;;;;;;;;;;;;;;;;;;;;;;;;;;;;;;;;;;;;;;;;;;;;
;;;;;;;;1;0.231;0.277;0.308;4;;;;;;;;;;;;;;;;;;;;;;;;;;;;;;;;;;;;;;;;;;;;;;;;;;;;;;;;;;;;;;;;;;;;
;;;;;;;;;0.234;0.273;0.316;4;;;;;;;;;;;;;;;;;;;;;;;;;;;;;;;;;;;;;;;;;;;;;;;;;;;;;;;;;;;;;;;;;;;;
;;;;;;;;;0.233;0.274;0.312;4;;;;;;;;;;;;;;;;;;;;;;;;;;;;;;;;;;;;;;;;;;;;;;;;;;;;;;;;;;;;;;;;;;;;
;;;;;;;;mean 1 ;0.232666666666667;0.274666666666667;0.312;4;;;;;;;;;;;;;;;;;;;;;;;;;;;;;;;;;;;;;;;;;;;;;;;;;;;;;;;;;;;;;;;;;;;;
;;;;;;;;dilution 1;0.930666666666667;1.09866666666667;1.248;;;;;;;;;;;;;;;;;;;;;;;;;;;;;;;;;;;;;;;;;;;;;;;;;;;;;;;;;;;;;;;;;;;;;
;;;;;;;;2;0.243;0.29;0.328;4;;;;;;;;;;;;;;;;;;;;;;;;;;;;;;;;;;;;;;;;;;;;;;;;;;;;;;;;;;;;;;;;;;;;
;;;;;;;;;0.247;0.289;0.326;4;;;;;;;;;;;;;;;;;;;;;;;;;;;;;;;;;;;;;;;;;;;;;;;;;;;;;;;;;;;;;;;;;;;;
;;;;;;;;;0.248;0.291;0.327;4;;;;;;;;;;;;;;;;;;;;;;;;;;;;;;;;;;;;;;;;;;;;;;;;;;;;;;;;;;;;;;;;;;;;
;;;;;;;;mean 2 ;0.246;0.29;0.327;4;;;;;;;;;;;;;;;;;;;;;;;;;;;;;;;;;;;;;;;;;;;;;;;;;;;;;;;;;;;;;;;;;;;;
;;;;;;;;dilution 2;0.984;1.16;1.308;;;;;;;;;;;;;;;;;;;;;;;;;;;;;;;;;;;;;;;;;;;;;;;;;;;;;;;;;;;;;;;;;;;;;
;;;;;;;;3;0.198;0.241;0.246;4;;;;;;;;;;;;;;;;;;;;;;;;;;;;;;;;;;;;;;;;;;;;;;;;;;;;;;;;;;;;;;;;;;;;
;;;;;;;;;0.197;0.247;0.257;4;;;;;;;;;;;;;;;;;;;;;;;;;;;;;;;;;;;;;;;;;;;;;;;;;;;;;;;;;;;;;;;;;;;;
;;;;;;;;;0.198;0.244;0.255;4;;;;;;;;;;;;;;;;;;;;;;;;;;;;;;;;;;;;;;;;;;;;;;;;;;;;;;;;;;;;;;;;;;;;
;;;;;;;;mean 3;0.197666666666667;0.244;0.252666666666667;4;;;;;;;;;;;;;;;;;;;;;;;;;;;;;;;;;;;;;;;;;;;;;;;;;;;;;;;;;;;;;;;;;;;;
;;;;;;;;dilution 3;0.790666666666667;0.976;1.01066666666667;;;;;;;;;;;;;;;;;;;;;;;;;;;;;;;;;;;;;;;;;;;;;;;;;;;;;;;;;;;;;;;;;;;;;
;;;;;;;;4;0.269;0.223;0.22;2;;;;;;;;;;;;;;;;;;;;;;;;;;;;;;;;;;;;;;;;;;;;;;;;;;;;;;;;;;;;;;;;;;;;
;;;;;;;;;0.265;0.219;0.213;2;;;;;;;;;;;;;;;;;;;;;;;;;;;;;;;;;;;;;;;;;;;;;;;;;;;;;;;;;;;;;;;;;;;;
;;;;;;;;;0.264;0.215;0.216;2;;;;;;;;;;;;;;;;;;;;;;;;;;;;;;;;;;;;;;;;;;;;;;;;;;;;;;;;;;;;;;;;;;;;
;;;;;;;;mean 4;0.266;0.219;0.216333333333333;2;;;;;;;;;;;;;;;;;;;;;;;;;;;;;;;;;;;;;;;;;;;;;;;;;;;;;;;;;;;;;;;;;;;;
;;;;;;;;dilution 4;0.532;0.438;0.432666666666667;;;;;;;;;;;;;;;;;;;;;;;;;;;;;;;;;;;;;;;;;;;;;;;;;;;;;;;;;;;;;;;;;;;;;
;;;;;;06/11/2024;16h06;0;0.293;0.285;0.268;4;;;;;;;;;;;;;;;;;;;;;;;;;;;;;;;;;;;;;;;;;;;;;;;;;;;;;;;;;;;;;;;;;;;;
;;;;;;;;;0.284;0.28;0.258;4;;;;;;;;;;;;;;;;;;;;;;;;;;;;;;;;;;;;;;;;;;;;;;;;;;;;;;;;;;;;;;;;;;;;
;;;;;;;;;0.289;0.286;0.265;4;;;;;;;;;;;;;;;;;;;;;;;;;;;;;;;;;;;;;;;;;;;;;;;;;;;;;;;;;;;;;;;;;;;;
;;;;;;;;mean 0;0.288666666666667;0.283666666666667;0.263666666666667;4;;;;;;;;;;;;;;;;;;;;;;;;;;;;;;;;;;;;;;;;;;;;;;;;;;;;;;;;;;;;;;;;;;;;
;;;;;;;;dilution 0;1.15466666666667;1.13466666666667;1.05466666666667;;;;;;;;;;;;;;;;;;;;;;;;;;;;;;;;;;;;;;;;;;;;;;;;;;;;;;;;;;;;;;;;;;;;;
;;;;;;;;1;0.255;0.284;0.353;4;;;;;;;;;;;;;;;;;;;;;;;;;;;;;;;;;;;;;;;;;;;;;;;;;;;;;;;;;;;;;;;;;;;;
;;;;;;;;;0.263;0.288;0.353;4;;;;;;;;;;;;;;;;;;;;;;;;;;;;;;;;;;;;;;;;;;;;;;;;;;;;;;;;;;;;;;;;;;;;
;;;;;;;;;0.252;0.295;0.363;4;;;;;;;;;;;;;;;;;;;;;;;;;;;;;;;;;;;;;;;;;;;;;;;;;;;;;;;;;;;;;;;;;;;;
;;;;;;;;mean 1 ;0.256666666666667;0.289;0.356333333333333;4;;;;;;;;;;;;;;;;;;;;;;;;;;;;;;;;;;;;;;;;;;;;;;;;;;;;;;;;;;;;;;;;;;;;
;;;;;;;;dilution 1;1.02666666666667;1.156;1.42533333333333;;;;;;;;;;;;;;;;;;;;;;;;;;;;;;;;;;;;;;;;;;;;;;;;;;;;;;;;;;;;;;;;;;;;;
;;;;;;;;2;0.271;0.299;0.335;4;;;;;;;;;;;;;;;;;;;;;;;;;;;;;;;;;;;;;;;;;;;;;;;;;;;;;;;;;;;;;;;;;;;;
;;;;;;;;;0.272;0.298;0.348;4;;;;;;;;;;;;;;;;;;;;;;;;;;;;;;;;;;;;;;;;;;;;;;;;;;;;;;;;;;;;;;;;;;;;
;;;;;;;;;0.264;0.302;0.341;4;;;;;;;;;;;;;;;;;;;;;;;;;;;;;;;;;;;;;;;;;;;;;;;;;;;;;;;;;;;;;;;;;;;;
;;;;;;;;mean 2 ;0.269;0.299666666666667;0.341333333333333;4;;;;;;;;;;;;;;;;;;;;;;;;;;;;;;;;;;;;;;;;;;;;;;;;;;;;;;;;;;;;;;;;;;;;
;;;;;;;;dilution 2;1.076;1.19866666666667;1.36533333333333;;;;;;;;;;;;;;;;;;;;;;;;;;;;;;;;;;;;;;;;;;;;;;;;;;;;;;;;;;;;;;;;;;;;;
;;;;;;;;3;0.206;0.249;0.288;4;;;;;;;;;;;;;;;;;;;;;;;;;;;;;;;;;;;;;;;;;;;;;;;;;;;;;;;;;;;;;;;;;;;;
;;;;;;;;;0.205;0.246;0.257;4;;;;;;;;;;;;;;;;;;;;;;;;;;;;;;;;;;;;;;;;;;;;;;;;;;;;;;;;;;;;;;;;;;;;
;;;;;;;;;0.209;0.25;0.252;4;;;;;;;;;;;;;;;;;;;;;;;;;;;;;;;;;;;;;;;;;;;;;;;;;;;;;;;;;;;;;;;;;;;;
;;;;;;;;mean 3;0.206666666666667;0.248333333333333;0.265666666666667;4;;;;;;;;;;;;;;;;;;;;;;;;;;;;;;;;;;;;;;;;;;;;;;;;;;;;;;;;;;;;;;;;;;;;
;;;;;;;;dilution 3;0.826666666666667;0.993333333333333;1.06266666666667;;;;;;;;;;;;;;;;;;;;;;;;;;;;;;;;;;;;;;;;;;;;;;;;;;;;;;;;;;;;;;;;;;;;;
;;;;;;;;4;0.278;0.223;0.219;2;;;;;;;;;;;;;;;;;;;;;;;;;;;;;;;;;;;;;;;;;;;;;;;;;;;;;;;;;;;;;;;;;;;;
;;;;;;;;;0.284;0.223;0.224;2;;;;;;;;;;;;;;;;;;;;;;;;;;;;;;;;;;;;;;;;;;;;;;;;;;;;;;;;;;;;;;;;;;;;
;;;;;;;;;0.279;0.226;0.22;2;;;;;;;;;;;;;;;;;;;;;;;;;;;;;;;;;;;;;;;;;;;;;;;;;;;;;;;;;;;;;;;;;;;;
;;;;;;;;mean 4;0.280333333333333;0.224;0.221;2;;;;;;;;;;;;;;;;;;;;;;;;;;;;;;;;;;;;;;;;;;;;;;;;;;;;;;;;;;;;;;;;;;;;
;;;;;;;;dilution 4;0.560666666666667;0.448;0.442;;;;;;;;;;;;;;;;;;;;;;;;;;;;;;;;;;;;;;;;;;;;;;;;;;;;;;;;;;;;;;;;;;;;;
;;;;;;06/11/2024;16h52;0;0.267;0.181;0.208;4;;;;;;;;;;;;;;;;;;;;;;;;;;;;;;;;;;;;;;;;;;;;;;;;;;;;;;;;;;;;;;;;;;;;
;;;;;;;;;0.262;0.187;0.216;4;;;;;;;;;;;;;;;;;;;;;;;;;;;;;;;;;;;;;;;;;;;;;;;;;;;;;;;;;;;;;;;;;;;;
;;;;;;;;;0.261;0.184;0.214;4;;;;;;;;;;;;;;;;;;;;;;;;;;;;;;;;;;;;;;;;;;;;;;;;;;;;;;;;;;;;;;;;;;;;
;;;;;;;;mean 0;0.263333333333333;0.184;0.212666666666667;4;;;;;;;;;;;;;;;;;;;;;;;;;;;;;;;;;;;;;;;;;;;;;;;;;;;;;;;;;;;;;;;;;;;;
;;;;;;;;dilution 0;1.05333333333333;0.736;0.850666666666667;;;;;;;;;;;;;;;;;;;;;;;;;;;;;;;;;;;;;;;;;;;;;;;;;;;;;;;;;;;;;;;;;;;;;
;;;;;;;;1;0.227;0.291;0.337;4;;;;;;;;;;;;;;;;;;;;;;;;;;;;;;;;;;;;;;;;;;;;;;;;;;;;;;;;;;;;;;;;;;;;
;;;;;;;;;0.228;0.286;0.342;4;;;;;;;;;;;;;;;;;;;;;;;;;;;;;;;;;;;;;;;;;;;;;;;;;;;;;;;;;;;;;;;;;;;;
;;;;;;;;;0.222;0.297;0.346;4;;;;;;;;;;;;;;;;;;;;;;;;;;;;;;;;;;;;;;;;;;;;;;;;;;;;;;;;;;;;;;;;;;;;
;;;;;;;;mean 1 ;0.225666666666667;0.291333333333333;0.341666666666667;4;;;;;;;;;;;;;;;;;;;;;;;;;;;;;;;;;;;;;;;;;;;;;;;;;;;;;;;;;;;;;;;;;;;;
;;;;;;;;dilution 1;0.902666666666667;1.16533333333333;1.36666666666667;;;;;;;;;;;;;;;;;;;;;;;;;;;;;;;;;;;;;;;;;;;;;;;;;;;;;;;;;;;;;;;;;;;;;
;;;;;;;;2;0.271;0.316;0.348;4;;;;;;;;;;;;;;;;;;;;;;;;;;;;;;;;;;;;;;;;;;;;;;;;;;;;;;;;;;;;;;;;;;;;
;;;;;;;;;0.275;0.315;0.349;4;;;;;;;;;;;;;;;;;;;;;;;;;;;;;;;;;;;;;;;;;;;;;;;;;;;;;;;;;;;;;;;;;;;;
;;;;;;;;;0.267;0.307;0.349;4;;;;;;;;;;;;;;;;;;;;;;;;;;;;;;;;;;;;;;;;;;;;;;;;;;;;;;;;;;;;;;;;;;;;
;;;;;;;;mean 2 ;0.271;0.312666666666667;0.348666666666667;4;;;;;;;;;;;;;;;;;;;;;;;;;;;;;;;;;;;;;;;;;;;;;;;;;;;;;;;;;;;;;;;;;;;;
;;;;;;;;dilution 2;1.084;1.25066666666667;1.39466666666667;;;;;;;;;;;;;;;;;;;;;;;;;;;;;;;;;;;;;;;;;;;;;;;;;;;;;;;;;;;;;;;;;;;;;
;;;;;;;;3;0.21;0.256;0.259;4;;;;;;;;;;;;;;;;;;;;;;;;;;;;;;;;;;;;;;;;;;;;;;;;;;;;;;;;;;;;;;;;;;;;
;;;;;;;;;0.217;0.256;0.264;4;;;;;;;;;;;;;;;;;;;;;;;;;;;;;;;;;;;;;;;;;;;;;;;;;;;;;;;;;;;;;;;;;;;;
;;;;;;;;;0.209;0.256;0.257;4;;;;;;;;;;;;;;;;;;;;;;;;;;;;;;;;;;;;;;;;;;;;;;;;;;;;;;;;;;;;;;;;;;;;
;;;;;;;;mean 3;0.212;0.256;0.26;4;;;;;;;;;;;;;;;;;;;;;;;;;;;;;;;;;;;;;;;;;;;;;;;;;;;;;;;;;;;;;;;;;;;;
;;;;;;;;dilution 3;0.848;1.024;1.04;;;;;;;;;;;;;;;;;;;;;;;;;;;;;;;;;;;;;;;;;;;;;;;;;;;;;;;;;;;;;;;;;;;;;
;;;;;;;;4;0.26;0.218;0.211;2;;;;;;;;;;;;;;;;;;;;;;;;;;;;;;;;;;;;;;;;;;;;;;;;;;;;;;;;;;;;;;;;;;;;
;;;;;;;;;0.263;0.216;0.214;2;;;;;;;;;;;;;;;;;;;;;;;;;;;;;;;;;;;;;;;;;;;;;;;;;;;;;;;;;;;;;;;;;;;;
;;;;;;;;;0.273;0.222;0.213;2;;;;;;;;;;;;;;;;;;;;;;;;;;;;;;;;;;;;;;;;;;;;;;;;;;;;;;;;;;;;;;;;;;;;
;;;;;;;;mean 4;0.265333333333333;0.218666666666667;0.212666666666667;2;;;;;;;;;;;;;;;;;;;;;;;;;;;;;;;;;;;;;;;;;;;;;;;;;;;;;;;;;;;;;;;;;;;;
;;;;;;;;dilution 4;0.530666666666667;0.437333333333333;0.425333333333333;;;;;;;;;;;;;;;;;;;;;;;;;;;;;;;;;;;;;;;;;;;;;;;;;;;;;;;;;;;;;;;;;;;;;
;;;;;;06/11/2024;19h30;0;0.357;0.336;0.372;4;;;;;;;;;;;;;;;;;;;;;;;;;;;;;;;;;;;;;;;;;;;;;;;;;;;;;;;;;;;;;;;;;;;;
;;;;;;;;;0.354;0.343;0.381;4;;;;;;;;;;;;;;;;;;;;;;;;;;;;;;;;;;;;;;;;;;;;;;;;;;;;;;;;;;;;;;;;;;;;
;;;;;;;;;0.351;0.338;0.38;4;;;;;;;;;;;;;;;;;;;;;;;;;;;;;;;;;;;;;;;;;;;;;;;;;;;;;;;;;;;;;;;;;;;;
;;;;;;;;mean 0;0.354;0.339;0.377666666666667;4;;;;;;;;;;;;;;;;;;;;;;;;;;;;;;;;;;;;;;;;;;;;;;;;;;;;;;;;;;;;;;;;;;;;
;;;;;;;;dilution 0;1.416;1.356;1.51066666666667;;;;;;;;;;;;;;;;;;;;;;;;;;;;;;;;;;;;;;;;;;;;;;;;;;;;;;;;;;;;;;;;;;;;;
;;;;;;;;1;0.323;0.36;0.428;4;;;;;;;;;;;;;;;;;;;;;;;;;;;;;;;;;;;;;;;;;;;;;;;;;;;;;;;;;;;;;;;;;;;;
;;;;;;;;;0.324;0.356;0.425;4;;;;;;;;;;;;;;;;;;;;;;;;;;;;;;;;;;;;;;;;;;;;;;;;;;;;;;;;;;;;;;;;;;;;
;;;;;;;;;0.32;0.355;0.418;4;;;;;;;;;;;;;;;;;;;;;;;;;;;;;;;;;;;;;;;;;;;;;;;;;;;;;;;;;;;;;;;;;;;;
;;;;;;;;mean 1 ;0.322333333333333;0.357;0.423666666666667;4;;;;;;;;;;;;;;;;;;;;;;;;;;;;;;;;;;;;;;;;;;;;;;;;;;;;;;;;;;;;;;;;;;;;
;;;;;;;;dilution 1;1.28933333333333;1.428;1.69466666666667;;;;;;;;;;;;;;;;;;;;;;;;;;;;;;;;;;;;;;;;;;;;;;;;;;;;;;;;;;;;;;;;;;;;;
;;;;;;;;2;0.326;0.364;0.41;4;;;;;;;;;;;;;;;;;;;;;;;;;;;;;;;;;;;;;;;;;;;;;;;;;;;;;;;;;;;;;;;;;;;;
;;;;;;;;;0.333;0.368;0.407;4;;;;;;;;;;;;;;;;;;;;;;;;;;;;;;;;;;;;;;;;;;;;;;;;;;;;;;;;;;;;;;;;;;;;
;;;;;;;;;0.326;0.363;0.405;4;;;;;;;;;;;;;;;;;;;;;;;;;;;;;;;;;;;;;;;;;;;;;;;;;;;;;;;;;;;;;;;;;;;;
;;;;;;;;mean 2 ;0.328333333333333;0.365;0.407333333333333;4;;;;;;;;;;;;;;;;;;;;;;;;;;;;;;;;;;;;;;;;;;;;;;;;;;;;;;;;;;;;;;;;;;;;
;;;;;;;;dilution 2;1.31333333333333;1.46;1.62933333333333;;;;;;;;;;;;;;;;;;;;;;;;;;;;;;;;;;;;;;;;;;;;;;;;;;;;;;;;;;;;;;;;;;;;;
;;;;;;;;3;0.255;0.286;0.287;4;;;;;;;;;;;;;;;;;;;;;;;;;;;;;;;;;;;;;;;;;;;;;;;;;;;;;;;;;;;;;;;;;;;;
;;;;;;;;;0.259;0.281;0.291;4;;;;;;;;;;;;;;;;;;;;;;;;;;;;;;;;;;;;;;;;;;;;;;;;;;;;;;;;;;;;;;;;;;;;
;;;;;;;;;0.258;0.281;0.295;4;;;;;;;;;;;;;;;;;;;;;;;;;;;;;;;;;;;;;;;;;;;;;;;;;;;;;;;;;;;;;;;;;;;;
;;;;;;;;mean 3;0.257333333333333;0.282666666666667;0.291;4;;;;;;;;;;;;;;;;;;;;;;;;;;;;;;;;;;;;;;;;;;;;;;;;;;;;;;;;;;;;;;;;;;;;
;;;;;;;;dilution 3;1.02933333333333;1.13066666666667;1.164;;;;;;;;;;;;;;;;;;;;;;;;;;;;;;;;;;;;;;;;;;;;;;;;;;;;;;;;;;;;;;;;;;;;;
;;;;;;;;4;0.151;0.126;0.125;4;;;;;;;;;;;;;;;;;;;;;;;;;;;;;;;;;;;;;;;;;;;;;;;;;;;;;;;;;;;;;;;;;;;;
;;;;;;;;;0.15;0.126;0.126;4;;;;;;;;;;;;;;;;;;;;;;;;;;;;;;;;;;;;;;;;;;;;;;;;;;;;;;;;;;;;;;;;;;;;
;;;;;;;;;0.15;0.124;0.127;4;;;;;;;;;;;;;;;;;;;;;;;;;;;;;;;;;;;;;;;;;;;;;;;;;;;;;;;;;;;;;;;;;;;;
;;;;;;;;mean 4;0.150333333333333;0.125333333333333;0.126;4;;;;;;;;;;;;;;;;;;;;;;;;;;;;;;;;;;;;;;;;;;;;;;;;;;;;;;;;;;;;;;;;;;;;
;;;;;;;;dilution 4;0.601333333333333;0.501333333333333;0.504;;;;;;;;;;;;;;;;;;;;;;;;;;;;;;;;;;;;;;;;;;;;;;;;;;;;;;;;;;;;;;;;;;;;;
;;;;;;07/11/2024;8h17;0;0.343;0.374;0.447;10;;;;;;;;;;;;;;;;;;;;;;;;;;;;;;;;;;;;;;;;;;;;;;;;;;;;;;;;;;;;;;;;;;;;
;;;;;;;;;0.342;0.371;0.442;10;;;;;;;;;;;;;;;;;;;;;;;;;;;;;;;;;;;;;;;;;;;;;;;;;;;;;;;;;;;;;;;;;;;;
;;;;;;;;;0.344;0.377;0.441;10;;;;;;;;;;;;;;;;;;;;;;;;;;;;;;;;;;;;;;;;;;;;;;;;;;;;;;;;;;;;;;;;;;;;
;;;;;;;;mean 0;0.343;0.374;0.443333333333333;10;;;;;;;;;;;;;;;;;;;;;;;;;;;;;;;;;;;;;;;;;;;;;;;;;;;;;;;;;;;;;;;;;;;;
;;;;;;;;dilution 0;3.43;3.74;4.43333333333333;;;;;;;;;;;;;;;;;;;;;;;;;;;;;;;;;;;;;;;;;;;;;;;;;;;;;;;;;;;;;;;;;;;;;
;;;;;;;;1;0.241;0.271;0.279;10;;;;;;;;;;;;;;;;;;;;;;;;;;;;;;;;;;;;;;;;;;;;;;;;;;;;;;;;;;;;;;;;;;;;
;;;;;;;;;0.238;0.27;0.278;10;;;;;;;;;;;;;;;;;;;;;;;;;;;;;;;;;;;;;;;;;;;;;;;;;;;;;;;;;;;;;;;;;;;;
;;;;;;;;;0.234;0.275;0.277;10;;;;;;;;;;;;;;;;;;;;;;;;;;;;;;;;;;;;;;;;;;;;;;;;;;;;;;;;;;;;;;;;;;;;
;;;;;;;;mean 1 ;0.237666666666667;0.272;0.278;10;;;;;;;;;;;;;;;;;;;;;;;;;;;;;;;;;;;;;;;;;;;;;;;;;;;;;;;;;;;;;;;;;;;;
;;;;;;;;dilution 1;2.37666666666667;2.72;2.78;;;;;;;;;;;;;;;;;;;;;;;;;;;;;;;;;;;;;;;;;;;;;;;;;;;;;;;;;;;;;;;;;;;;;
;;;;;;;;2;0.197;0.209;0.217;10;;;;;;;;;;;;;;;;;;;;;;;;;;;;;;;;;;;;;;;;;;;;;;;;;;;;;;;;;;;;;;;;;;;;
;;;;;;;;;0.197;0.214;0.219;10;;;;;;;;;;;;;;;;;;;;;;;;;;;;;;;;;;;;;;;;;;;;;;;;;;;;;;;;;;;;;;;;;;;;
;;;;;;;;;0.195;0.213;0.214;10;;;;;;;;;;;;;;;;;;;;;;;;;;;;;;;;;;;;;;;;;;;;;;;;;;;;;;;;;;;;;;;;;;;;
;;;;;;;;mean 2 ;0.196333333333333;0.212;0.216666666666667;10;;;;;;;;;;;;;;;;;;;;;;;;;;;;;;;;;;;;;;;;;;;;;;;;;;;;;;;;;;;;;;;;;;;;
;;;;;;;;dilution 2;1.96333333333333;2.12;2.16666666666667;;;;;;;;;;;;;;;;;;;;;;;;;;;;;;;;;;;;;;;;;;;;;;;;;;;;;;;;;;;;;;;;;;;;;
;;;;;;;;3;0.27;0.292;0.303;5;;;;;;;;;;;;;;;;;;;;;;;;;;;;;;;;;;;;;;;;;;;;;;;;;;;;;;;;;;;;;;;;;;;;
;;;;;;;;;0.261;0.294;0.305;5;;;;;;;;;;;;;;;;;;;;;;;;;;;;;;;;;;;;;;;;;;;;;;;;;;;;;;;;;;;;;;;;;;;;
;;;;;;;;;0.268;0.295;0.301;5;;;;;;;;;;;;;;;;;;;;;;;;;;;;;;;;;;;;;;;;;;;;;;;;;;;;;;;;;;;;;;;;;;;;
;;;;;;;;mean 3;0.266333333333333;0.293666666666667;0.303;5;;;;;;;;;;;;;;;;;;;;;;;;;;;;;;;;;;;;;;;;;;;;;;;;;;;;;;;;;;;;;;;;;;;;
;;;;;;;;dilution 3;1.33166666666667;1.46833333333333;1.515;;;;;;;;;;;;;;;;;;;;;;;;;;;;;;;;;;;;;;;;;;;;;;;;;;;;;;;;;;;;;;;;;;;;;
;;;;;;;;4;0.153;0.148;0.143;5;;;;;;;;;;;;;;;;;;;;;;;;;;;;;;;;;;;;;;;;;;;;;;;;;;;;;;;;;;;;;;;;;;;;
;;;;;;;;;0.16;0.144;0.15;5;;;;;;;;;;;;;;;;;;;;;;;;;;;;;;;;;;;;;;;;;;;;;;;;;;;;;;;;;;;;;;;;;;;;
;;;;;;;;;0.159;0.144;0.143;5;;;;;;;;;;;;;;;;;;;;;;;;;;;;;;;;;;;;;;;;;;;;;;;;;;;;;;;;;;;;;;;;;;;;
;;;;;;;;mean 4;0.157333333333333;0.145333333333333;0.145333333333333;5;;;;;;;;;;;;;;;;;;;;;;;;;;;;;;;;;;;;;;;;;;;;;;;;;;;;;;;;;;;;;;;;;;;;
;;;;;;;;dilution 4;0.786666666666667;0.726666666666667;0.726666666666667;;;;;;;;;;;;;;;;;;;;;;;;;;;;;;;;;;;;;;;;;;;;;;;;;;;;;;;;;;;;;;;;;;;;;
;;;;;;07/11/2024;9h14;0;0.389;0.453;0.471;10;;;;;;;;;;;;;;;;;;;;;;;;;;;;;;;;;;;;;;;;;;;;;;;;;;;;;;;;;;;;;;;;;;;;
;;;;;;;;;0.389;0.458;0.472;10;;;;;;;;;;;;;;;;;;;;;;;;;;;;;;;;;;;;;;;;;;;;;;;;;;;;;;;;;;;;;;;;;;;;
;;;;;;;;;0.388;0.443;0.468;10;;;;;;;;;;;;;;;;;;;;;;;;;;;;;;;;;;;;;;;;;;;;;;;;;;;;;;;;;;;;;;;;;;;;
;;;;;;;;mean 0;0.388666666666667;0.451333333333333;0.470333333333333;10;;;;;;;;;;;;;;;;;;;;;;;;;;;;;;;;;;;;;;;;;;;;;;;;;;;;;;;;;;;;;;;;;;;;
;;;;;;;;dilution 0;3.88666666666667;4.51333333333333;4.70333333333333;;;;;;;;;;;;;;;;;;;;;;;;;;;;;;;;;;;;;;;;;;;;;;;;;;;;;;;;;;;;;;;;;;;;;
;;;;;;;;1;0.274;0.286;0.319;10;;;;;;;;;;;;;;;;;;;;;;;;;;;;;;;;;;;;;;;;;;;;;;;;;;;;;;;;;;;;;;;;;;;;
;;;;;;;;;0.271;0.283;0.316;10;;;;;;;;;;;;;;;;;;;;;;;;;;;;;;;;;;;;;;;;;;;;;;;;;;;;;;;;;;;;;;;;;;;;
;;;;;;;;;0.271;0.287;0.322;10;;;;;;;;;;;;;;;;;;;;;;;;;;;;;;;;;;;;;;;;;;;;;;;;;;;;;;;;;;;;;;;;;;;;
;;;;;;;;mean 1 ;0.272;0.285333333333333;0.319;10;;;;;;;;;;;;;;;;;;;;;;;;;;;;;;;;;;;;;;;;;;;;;;;;;;;;;;;;;;;;;;;;;;;;
;;;;;;;;dilution 1;2.72;2.85333333333333;3.19;;;;;;;;;;;;;;;;;;;;;;;;;;;;;;;;;;;;;;;;;;;;;;;;;;;;;;;;;;;;;;;;;;;;;
;;;;;;;;2;0.216;0.23;0.233;10;;;;;;;;;;;;;;;;;;;;;;;;;;;;;;;;;;;;;;;;;;;;;;;;;;;;;;;;;;;;;;;;;;;;
;;;;;;;;;0.211;0.235;0.23;10;;;;;;;;;;;;;;;;;;;;;;;;;;;;;;;;;;;;;;;;;;;;;;;;;;;;;;;;;;;;;;;;;;;;
;;;;;;;;;0.216;0.23;0.232;10;;;;;;;;;;;;;;;;;;;;;;;;;;;;;;;;;;;;;;;;;;;;;;;;;;;;;;;;;;;;;;;;;;;;
;;;;;;;;mean 2 ;0.214333333333333;0.231666666666667;0.231666666666667;10;;;;;;;;;;;;;;;;;;;;;;;;;;;;;;;;;;;;;;;;;;;;;;;;;;;;;;;;;;;;;;;;;;;;
;;;;;;;;dilution 2;2.14333333333333;2.31666666666667;2.31666666666667;;;;;;;;;;;;;;;;;;;;;;;;;;;;;;;;;;;;;;;;;;;;;;;;;;;;;;;;;;;;;;;;;;;;;
;;;;;;;;3;0.281;0.306;0.321;5;;;;;;;;;;;;;;;;;;;;;;;;;;;;;;;;;;;;;;;;;;;;;;;;;;;;;;;;;;;;;;;;;;;;
;;;;;;;;;0.285;0.309;0.325;5;;;;;;;;;;;;;;;;;;;;;;;;;;;;;;;;;;;;;;;;;;;;;;;;;;;;;;;;;;;;;;;;;;;;
;;;;;;;;;0.283;0.312;0.316;5;;;;;;;;;;;;;;;;;;;;;;;;;;;;;;;;;;;;;;;;;;;;;;;;;;;;;;;;;;;;;;;;;;;;
;;;;;;;;mean 3;0.283;0.309;0.320666666666667;5;;;;;;;;;;;;;;;;;;;;;;;;;;;;;;;;;;;;;;;;;;;;;;;;;;;;;;;;;;;;;;;;;;;;
;;;;;;;;dilution 3;1.415;1.545;1.60333333333333;;;;;;;;;;;;;;;;;;;;;;;;;;;;;;;;;;;;;;;;;;;;;;;;;;;;;;;;;;;;;;;;;;;;;
;;;;;;;;4;0.156;0.165;0.156;5;;;;;;;;;;;;;;;;;;;;;;;;;;;;;;;;;;;;;;;;;;;;;;;;;;;;;;;;;;;;;;;;;;;;
;;;;;;;;;0.159;0.158;0.153;5;;;;;;;;;;;;;;;;;;;;;;;;;;;;;;;;;;;;;;;;;;;;;;;;;;;;;;;;;;;;;;;;;;;;
;;;;;;;;;0.158;0.158;0.153;5;;;;;;;;;;;;;;;;;;;;;;;;;;;;;;;;;;;;;;;;;;;;;;;;;;;;;;;;;;;;;;;;;;;;
;;;;;;;;mean 4;0.157666666666667;0.160333333333333;0.154;5;;;;;;;;;;;;;;;;;;;;;;;;;;;;;;;;;;;;;;;;;;;;;;;;;;;;;;;;;;;;;;;;;;;;
;;;;;;;;dilution 4;0.788333333333333;0.801666666666667;0.77;;;;;;;;;;;;;;;;;;;;;;;;;;;;;;;;;;;;;;;;;;;;;;;;;;;;;;;;;;;;;;;;;;;;;
;;;;;;07/11/2024;13h42;0;0.221;0.225;0.263;20;;;;;;;;;;;;;;;;;;;;;;;;;;;;;;;;;;;;;;;;;;;;;;;;;;;;;;;;;;;;;;;;;;;;
;;;;;;;;;0.217;0.229;0.269;20;;;;;;;;;;;;;;;;;;;;;;;;;;;;;;;;;;;;;;;;;;;;;;;;;;;;;;;;;;;;;;;;;;;;
;;;;;;;;;0.219;0.23;0.264;20;;;;;;;;;;;;;;;;;;;;;;;;;;;;;;;;;;;;;;;;;;;;;;;;;;;;;;;;;;;;;;;;;;;;
;;;;;;;;mean 0;0.219;0.228;0.265333333333333;20;;;;;;;;;;;;;;;;;;;;;;;;;;;;;;;;;;;;;;;;;;;;;;;;;;;;;;;;;;;;;;;;;;;;
;;;;;;;;dilution 0;4.38;4.56;5.30666666666667;;;;;;;;;;;;;;;;;;;;;;;;;;;;;;;;;;;;;;;;;;;;;;;;;;;;;;;;;;;;;;;;;;;;;
;;;;;;;;1;0.151;0.153;0.175;20;;;;;;;;;;;;;;;;;;;;;;;;;;;;;;;;;;;;;;;;;;;;;;;;;;;;;;;;;;;;;;;;;;;;
;;;;;;;;;0.142;0.158;0.179;20;;;;;;;;;;;;;;;;;;;;;;;;;;;;;;;;;;;;;;;;;;;;;;;;;;;;;;;;;;;;;;;;;;;;
;;;;;;;;;0.143;0.161;0.179;20;;;;;;;;;;;;;;;;;;;;;;;;;;;;;;;;;;;;;;;;;;;;;;;;;;;;;;;;;;;;;;;;;;;;
;;;;;;;;mean 1 ;0.145333333333333;0.157333333333333;0.177666666666667;20;;;;;;;;;;;;;;;;;;;;;;;;;;;;;;;;;;;;;;;;;;;;;;;;;;;;;;;;;;;;;;;;;;;;
;;;;;;;;dilution 1;2.90666666666667;3.14666666666667;3.55333333333333;;;;;;;;;;;;;;;;;;;;;;;;;;;;;;;;;;;;;;;;;;;;;;;;;;;;;;;;;;;;;;;;;;;;;
;;;;;;;;2;0.208;0.229;0.223;10;;;;;;;;;;;;;;;;;;;;;;;;;;;;;;;;;;;;;;;;;;;;;;;;;;;;;;;;;;;;;;;;;;;;
;;;;;;;;;0.212;0.228;0.218;10;;;;;;;;;;;;;;;;;;;;;;;;;;;;;;;;;;;;;;;;;;;;;;;;;;;;;;;;;;;;;;;;;;;;
;;;;;;;;;0.219;0.227;0.221;10;;;;;;;;;;;;;;;;;;;;;;;;;;;;;;;;;;;;;;;;;;;;;;;;;;;;;;;;;;;;;;;;;;;;
;;;;;;;;mean 2 ;0.213;0.228;0.220666666666667;10;;;;;;;;;;;;;;;;;;;;;;;;;;;;;;;;;;;;;;;;;;;;;;;;;;;;;;;;;;;;;;;;;;;;
;;;;;;;;dilution 2;2.13;2.28;2.20666666666667;;;;;;;;;;;;;;;;;;;;;;;;;;;;;;;;;;;;;;;;;;;;;;;;;;;;;;;;;;;;;;;;;;;;;
;;;;;;;;3;0.152;0.148;0.177;10;;;;;;;;;;;;;;;;;;;;;;;;;;;;;;;;;;;;;;;;;;;;;;;;;;;;;;;;;;;;;;;;;;;;
;;;;;;;;;0.149;0.159;0.17;10;;;;;;;;;;;;;;;;;;;;;;;;;;;;;;;;;;;;;;;;;;;;;;;;;;;;;;;;;;;;;;;;;;;;
;;;;;;;;;0.146;0.157;0.169;10;;;;;;;;;;;;;;;;;;;;;;;;;;;;;;;;;;;;;;;;;;;;;;;;;;;;;;;;;;;;;;;;;;;;
;;;;;;;;mean 3;0.149;0.154666666666667;0.172;10;;;;;;;;;;;;;;;;;;;;;;;;;;;;;;;;;;;;;;;;;;;;;;;;;;;;;;;;;;;;;;;;;;;;
;;;;;;;;dilution 3;1.49;1.54666666666667;1.72;;;;;;;;;;;;;;;;;;;;;;;;;;;;;;;;;;;;;;;;;;;;;;;;;;;;;;;;;;;;;;;;;;;;;
;;;;;;;;4;0.173;0.159;0.154;5;;;;;;;;;;;;;;;;;;;;;;;;;;;;;;;;;;;;;;;;;;;;;;;;;;;;;;;;;;;;;;;;;;;;
;;;;;;;;;0.175;0.154;0.156;5;;;;;;;;;;;;;;;;;;;;;;;;;;;;;;;;;;;;;;;;;;;;;;;;;;;;;;;;;;;;;;;;;;;;
;;;;;;;;;0.168;0.161;0.155;5;;;;;;;;;;;;;;;;;;;;;;;;;;;;;;;;;;;;;;;;;;;;;;;;;;;;;;;;;;;;;;;;;;;;
;;;;;;;;mean 4;0.172;0.158;0.155;5;;;;;;;;;;;;;;;;;;;;;;;;;;;;;;;;;;;;;;;;;;;;;;;;;;;;;;;;;;;;;;;;;;;;
;;;;;;;;dilution 4;0.86;0.79;0.775;;;;;;;;;;;;;;;;;;;;;;;;;;;;;;;;;;;;;;;;;;;;;;;;;;;;;;;;;;;;;;;;;;;;;
;;;;;;07/11/2024;15h03;0;0.239;0.255;0.27;20;;;;;;;;;;;;;;;;;;;;;;;;;;;;;;;;;;;;;;;;;;;;;;;;;;;;;;;;;;;;;;;;;;;;
;;;;;;;;;0.232;0.259;0.27;20;;;;;;;;;;;;;;;;;;;;;;;;;;;;;;;;;;;;;;;;;;;;;;;;;;;;;;;;;;;;;;;;;;;;
;;;;;;;;;0.237;0.256;0.273;20;;;;;;;;;;;;;;;;;;;;;;;;;;;;;;;;;;;;;;;;;;;;;;;;;;;;;;;;;;;;;;;;;;;;
;;;;;;;;mean 0;0.236;0.256666666666667;0.271;20;;;;;;;;;;;;;;;;;;;;;;;;;;;;;;;;;;;;;;;;;;;;;;;;;;;;;;;;;;;;;;;;;;;;
;;;;;;;;dilution 0;4.72;5.13333333333333;5.42;;;;;;;;;;;;;;;;;;;;;;;;;;;;;;;;;;;;;;;;;;;;;;;;;;;;;;;;;;;;;;;;;;;;;
;;;;;;;;1;0.155;0.155;0.162;20;;;;;;;;;;;;;;;;;;;;;;;;;;;;;;;;;;;;;;;;;;;;;;;;;;;;;;;;;;;;;;;;;;;;
;;;;;;;;;0.158;0.153;0.163;20;;;;;;;;;;;;;;;;;;;;;;;;;;;;;;;;;;;;;;;;;;;;;;;;;;;;;;;;;;;;;;;;;;;;
;;;;;;;;;0.152;0.155;0.162;20;;;;;;;;;;;;;;;;;;;;;;;;;;;;;;;;;;;;;;;;;;;;;;;;;;;;;;;;;;;;;;;;;;;;
;;;;;;;;mean 1 ;0.155;0.154333333333333;0.162333333333333;20;;;;;;;;;;;;;;;;;;;;;;;;;;;;;;;;;;;;;;;;;;;;;;;;;;;;;;;;;;;;;;;;;;;;
;;;;;;;;dilution 1;3.1;3.08666666666667;3.24666666666667;;;;;;;;;;;;;;;;;;;;;;;;;;;;;;;;;;;;;;;;;;;;;;;;;;;;;;;;;;;;;;;;;;;;;
;;;;;;;;2;0.218;0.235;0.248;10;;;;;;;;;;;;;;;;;;;;;;;;;;;;;;;;;;;;;;;;;;;;;;;;;;;;;;;;;;;;;;;;;;;;
;;;;;;;;;0.218;0.236;0.245;10;;;;;;;;;;;;;;;;;;;;;;;;;;;;;;;;;;;;;;;;;;;;;;;;;;;;;;;;;;;;;;;;;;;;
;;;;;;;;;0.217;0.227;0.241;10;;;;;;;;;;;;;;;;;;;;;;;;;;;;;;;;;;;;;;;;;;;;;;;;;;;;;;;;;;;;;;;;;;;;
;;;;;;;;mean 2 ;0.217666666666667;0.232666666666667;0.244666666666667;10;;;;;;;;;;;;;;;;;;;;;;;;;;;;;;;;;;;;;;;;;;;;;;;;;;;;;;;;;;;;;;;;;;;;
;;;;;;;;dilution 2;2.17666666666667;2.32666666666667;2.44666666666667;;;;;;;;;;;;;;;;;;;;;;;;;;;;;;;;;;;;;;;;;;;;;;;;;;;;;;;;;;;;;;;;;;;;;
;;;;;;;;3;0.15;0.17;0.172;10;;;;;;;;;;;;;;;;;;;;;;;;;;;;;;;;;;;;;;;;;;;;;;;;;;;;;;;;;;;;;;;;;;;;
;;;;;;;;;0.148;0.169;0.173;10;;;;;;;;;;;;;;;;;;;;;;;;;;;;;;;;;;;;;;;;;;;;;;;;;;;;;;;;;;;;;;;;;;;;
;;;;;;;;;0.152;0.166;0.173;10;;;;;;;;;;;;;;;;;;;;;;;;;;;;;;;;;;;;;;;;;;;;;;;;;;;;;;;;;;;;;;;;;;;;
;;;;;;;;mean 3;0.15;0.168333333333333;0.172666666666667;10;;;;;;;;;;;;;;;;;;;;;;;;;;;;;;;;;;;;;;;;;;;;;;;;;;;;;;;;;;;;;;;;;;;;
;;;;;;;;dilution 3;1.5;1.68333333333333;1.72666666666667;;;;;;;;;;;;;;;;;;;;;;;;;;;;;;;;;;;;;;;;;;;;;;;;;;;;;;;;;;;;;;;;;;;;;
;;;;;;;;4;0.178;0.166;0.164;5;;;;;;;;;;;;;;;;;;;;;;;;;;;;;;;;;;;;;;;;;;;;;;;;;;;;;;;;;;;;;;;;;;;;
;;;;;;;;;0.181;0.169;0.164;5;;;;;;;;;;;;;;;;;;;;;;;;;;;;;;;;;;;;;;;;;;;;;;;;;;;;;;;;;;;;;;;;;;;;
;;;;;;;;;0.178;0.164;0.16;5;;;;;;;;;;;;;;;;;;;;;;;;;;;;;;;;;;;;;;;;;;;;;;;;;;;;;;;;;;;;;;;;;;;;
;;;;;;;;mean 4;0.179;0.166333333333333;0.162666666666667;5;;;;;;;;;;;;;;;;;;;;;;;;;;;;;;;;;;;;;;;;;;;;;;;;;;;;;;;;;;;;;;;;;;;;
;;;;;;;;dilution 4;0.895;0.831666666666667;0.813333333333333;;;;;;;;;;;;;;;;;;;;;;;;;;;;;;;;;;;;;;;;;;;;;;;;;;;;;;;;;;;;;;;;;;;;;
;;;;;;07/11/2024;16h13;0;0.229;0.236;0.266;20;;;;;;;;;;;;;;;;;;;;;;;;;;;;;;;;;;;;;;;;;;;;;;;;;;;;;;;;;;;;;;;;;;;;
;;;;;;;;;0.223;0.24;0.269;20;;;;;;;;;;;;;;;;;;;;;;;;;;;;;;;;;;;;;;;;;;;;;;;;;;;;;;;;;;;;;;;;;;;;
;;;;;;;;;0.222;0.239;0.265;20;;;;;;;;;;;;;;;;;;;;;;;;;;;;;;;;;;;;;;;;;;;;;;;;;;;;;;;;;;;;;;;;;;;;
;;;;;;;;mean 0;0.224666666666667;0.238333333333333;0.266666666666667;20;;;;;;;;;;;;;;;;;;;;;;;;;;;;;;;;;;;;;;;;;;;;;;;;;;;;;;;;;;;;;;;;;;;;
;;;;;;;;dilution 0;4.49333333333333;4.76666666666667;5.33333333333333;;;;;;;;;;;;;;;;;;;;;;;;;;;;;;;;;;;;;;;;;;;;;;;;;;;;;;;;;;;;;;;;;;;;;
;;;;;;;;1;0.142;0.154;0.17;20;;;;;;;;;;;;;;;;;;;;;;;;;;;;;;;;;;;;;;;;;;;;;;;;;;;;;;;;;;;;;;;;;;;;
;;;;;;;;;0.142;0.151;0.172;20;;;;;;;;;;;;;;;;;;;;;;;;;;;;;;;;;;;;;;;;;;;;;;;;;;;;;;;;;;;;;;;;;;;;
;;;;;;;;;0.141;0.151;0.165;20;;;;;;;;;;;;;;;;;;;;;;;;;;;;;;;;;;;;;;;;;;;;;;;;;;;;;;;;;;;;;;;;;;;;
;;;;;;;;mean 1 ;0.141666666666667;0.152;0.169;20;;;;;;;;;;;;;;;;;;;;;;;;;;;;;;;;;;;;;;;;;;;;;;;;;;;;;;;;;;;;;;;;;;;;
;;;;;;;;dilution 1;2.83333333333333;3.04;3.38;;;;;;;;;;;;;;;;;;;;;;;;;;;;;;;;;;;;;;;;;;;;;;;;;;;;;;;;;;;;;;;;;;;;;
;;;;;;;;2;0.218;0.24;0.248;10;;;;;;;;;;;;;;;;;;;;;;;;;;;;;;;;;;;;;;;;;;;;;;;;;;;;;;;;;;;;;;;;;;;;
;;;;;;;;;0.223;0.24;0.254;10;;;;;;;;;;;;;;;;;;;;;;;;;;;;;;;;;;;;;;;;;;;;;;;;;;;;;;;;;;;;;;;;;;;;
;;;;;;;;;0.221;0.24;0.256;10;;;;;;;;;;;;;;;;;;;;;;;;;;;;;;;;;;;;;;;;;;;;;;;;;;;;;;;;;;;;;;;;;;;;
;;;;;;;;mean 2 ;0.220666666666667;0.24;0.252666666666667;10;;;;;;;;;;;;;;;;;;;;;;;;;;;;;;;;;;;;;;;;;;;;;;;;;;;;;;;;;;;;;;;;;;;;
;;;;;;;;dilution 2;2.20666666666667;2.4;2.52666666666667;;;;;;;;;;;;;;;;;;;;;;;;;;;;;;;;;;;;;;;;;;;;;;;;;;;;;;;;;;;;;;;;;;;;;
;;;;;;;;3;0.145;0.162;0.159;10;;;;;;;;;;;;;;;;;;;;;;;;;;;;;;;;;;;;;;;;;;;;;;;;;;;;;;;;;;;;;;;;;;;;
;;;;;;;;;0.14;0.159;0.154;10;;;;;;;;;;;;;;;;;;;;;;;;;;;;;;;;;;;;;;;;;;;;;;;;;;;;;;;;;;;;;;;;;;;;
;;;;;;;;;0.139;0.159;0.159;10;;;;;;;;;;;;;;;;;;;;;;;;;;;;;;;;;;;;;;;;;;;;;;;;;;;;;;;;;;;;;;;;;;;;
;;;;;;;;mean 3;0.141333333333333;0.16;0.157333333333333;10;;;;;;;;;;;;;;;;;;;;;;;;;;;;;;;;;;;;;;;;;;;;;;;;;;;;;;;;;;;;;;;;;;;;
;;;;;;;;dilution 3;1.41333333333333;1.6;1.57333333333333;;;;;;;;;;;;;;;;;;;;;;;;;;;;;;;;;;;;;;;;;;;;;;;;;;;;;;;;;;;;;;;;;;;;;
;;;;;;;;4;0.179;0.156;0.159;5;;;;;;;;;;;;;;;;;;;;;;;;;;;;;;;;;;;;;;;;;;;;;;;;;;;;;;;;;;;;;;;;;;;;
;;;;;;;;;0.175;0.158;0.158;5;;;;;;;;;;;;;;;;;;;;;;;;;;;;;;;;;;;;;;;;;;;;;;;;;;;;;;;;;;;;;;;;;;;;
;;;;;;;;;0.178;0.158;0.155;5;;;;;;;;;;;;;;;;;;;;;;;;;;;;;;;;;;;;;;;;;;;;;;;;;;;;;;;;;;;;;;;;;;;;
;;;;;;;;mean 4;0.177333333333333;0.157333333333333;0.157333333333333;5;;;;;;;;;;;;;;;;;;;;;;;;;;;;;;;;;;;;;;;;;;;;;;;;;;;;;;;;;;;;;;;;;;;;
;;;;;;;;dilution 4;0.886666666666667;0.786666666666667;0.786666666666667;;;;;;;;;;;;;;;;;;;;;;;;;;;;;;;;;;;;;;;;;;;;;;;;;;;;;;;;;;;;;;;;;;;;;
;;;;;;07/11/2024;17h17;0;0.226;0.252;0.248;20;;;;;;;;;;;;;;;;;;;;;;;;;;;;;;;;;;;;;;;;;;;;;;;;;;;;;;;;;;;;;;;;;;;;
;;;;;;;;;0.223;0.25;0.249;20;;;;;;;;;;;;;;;;;;;;;;;;;;;;;;;;;;;;;;;;;;;;;;;;;;;;;;;;;;;;;;;;;;;;
;;;;;;;;;0.225;0.243;0.246;20;;;;;;;;;;;;;;;;;;;;;;;;;;;;;;;;;;;;;;;;;;;;;;;;;;;;;;;;;;;;;;;;;;;;
;;;;;;;;mean 0;0.224666666666667;0.248333333333333;0.247666666666667;20;;;;;;;;;;;;;;;;;;;;;;;;;;;;;;;;;;;;;;;;;;;;;;;;;;;;;;;;;;;;;;;;;;;;
;;;;;;;;dilution 0;4.49333333333333;4.96666666666667;4.95333333333333;;;;;;;;;;;;;;;;;;;;;;;;;;;;;;;;;;;;;;;;;;;;;;;;;;;;;;;;;;;;;;;;;;;;;
;;;;;;;;1;0.154;0.139;0.167;20;;;;;;;;;;;;;;;;;;;;;;;;;;;;;;;;;;;;;;;;;;;;;;;;;;;;;;;;;;;;;;;;;;;;
;;;;;;;;;0.153;0.138;0.165;20;;;;;;;;;;;;;;;;;;;;;;;;;;;;;;;;;;;;;;;;;;;;;;;;;;;;;;;;;;;;;;;;;;;;
;;;;;;;;;0.149;0.134;0.167;20;;;;;;;;;;;;;;;;;;;;;;;;;;;;;;;;;;;;;;;;;;;;;;;;;;;;;;;;;;;;;;;;;;;;
;;;;;;;;mean 1 ;0.152;0.137;0.166333333333333;20;;;;;;;;;;;;;;;;;;;;;;;;;;;;;;;;;;;;;;;;;;;;;;;;;;;;;;;;;;;;;;;;;;;;
;;;;;;;;dilution 1;3.04;2.74;3.32666666666667;;;;;;;;;;;;;;;;;;;;;;;;;;;;;;;;;;;;;;;;;;;;;;;;;;;;;;;;;;;;;;;;;;;;;
;;;;;;;;2;0.217;0.229;0.246;10;;;;;;;;;;;;;;;;;;;;;;;;;;;;;;;;;;;;;;;;;;;;;;;;;;;;;;;;;;;;;;;;;;;;
;;;;;;;;;0.21;0.229;0.245;10;;;;;;;;;;;;;;;;;;;;;;;;;;;;;;;;;;;;;;;;;;;;;;;;;;;;;;;;;;;;;;;;;;;;
;;;;;;;;;0.212;0.223;0.243;10;;;;;;;;;;;;;;;;;;;;;;;;;;;;;;;;;;;;;;;;;;;;;;;;;;;;;;;;;;;;;;;;;;;;
;;;;;;;;mean 2 ;0.213;0.227;0.244666666666667;10;;;;;;;;;;;;;;;;;;;;;;;;;;;;;;;;;;;;;;;;;;;;;;;;;;;;;;;;;;;;;;;;;;;;
;;;;;;;;dilution 2;2.13;2.27;2.44666666666667;;;;;;;;;;;;;;;;;;;;;;;;;;;;;;;;;;;;;;;;;;;;;;;;;;;;;;;;;;;;;;;;;;;;;
;;;;;;;;3;0.153;0.17;0.167;10;;;;;;;;;;;;;;;;;;;;;;;;;;;;;;;;;;;;;;;;;;;;;;;;;;;;;;;;;;;;;;;;;;;;
;;;;;;;;;0.155;0.164;0.17;10;;;;;;;;;;;;;;;;;;;;;;;;;;;;;;;;;;;;;;;;;;;;;;;;;;;;;;;;;;;;;;;;;;;;
;;;;;;;;;0.149;0.167;0.173;10;;;;;;;;;;;;;;;;;;;;;;;;;;;;;;;;;;;;;;;;;;;;;;;;;;;;;;;;;;;;;;;;;;;;
;;;;;;;;mean 3;0.152333333333333;0.167;0.17;10;;;;;;;;;;;;;;;;;;;;;;;;;;;;;;;;;;;;;;;;;;;;;;;;;;;;;;;;;;;;;;;;;;;;
;;;;;;;;dilution 3;1.52333333333333;1.67;1.7;;;;;;;;;;;;;;;;;;;;;;;;;;;;;;;;;;;;;;;;;;;;;;;;;;;;;;;;;;;;;;;;;;;;;
;;;;;;;;4;0.175;0.16;0.168;5;;;;;;;;;;;;;;;;;;;;;;;;;;;;;;;;;;;;;;;;;;;;;;;;;;;;;;;;;;;;;;;;;;;;
;;;;;;;;;0.171;0.161;0.165;5;;;;;;;;;;;;;;;;;;;;;;;;;;;;;;;;;;;;;;;;;;;;;;;;;;;;;;;;;;;;;;;;;;;;
;;;;;;;;;0.178;0.158;0.161;5;;;;;;;;;;;;;;;;;;;;;;;;;;;;;;;;;;;;;;;;;;;;;;;;;;;;;;;;;;;;;;;;;;;;
;;;;;;;;mean 4;0.174666666666667;0.159666666666667;0.164666666666667;5;;;;;;;;;;;;;;;;;;;;;;;;;;;;;;;;;;;;;;;;;;;;;;;;;;;;;;;;;;;;;;;;;;;;
;;;;;;;;dilution 4;0.873333333333333;0.798333333333333;0.823333333333333;;;;;;;;;;;;;;;;;;;;;;;;;;;;;;;;;;;;;;;;;;;;;;;;;;;;;;;;;;;;;;;;;;;;;
;;;;;;08/11/2024;8h21;0;0.243;0.335;0.329;20;;;;;;;;;;;;;;;;;;;;;;;;;;;;;;;;;;;;;;;;;;;;;;;;;;;;;;;;;;;;;;;;;;;;
;;;;;;;;;0.245;0.339;0.337;20;;;;;;;;;;;;;;;;;;;;;;;;;;;;;;;;;;;;;;;;;;;;;;;;;;;;;;;;;;;;;;;;;;;;
;;;;;;;;;0.239;0.333;0.334;20;;;;;;;;;;;;;;;;;;;;;;;;;;;;;;;;;;;;;;;;;;;;;;;;;;;;;;;;;;;;;;;;;;;;
;;;;;;;;mean 0;0.242333333333333;0.335666666666667;0.333333333333333;20;;;;;;;;;;;;;;;;;;;;;;;;;;;;;;;;;;;;;;;;;;;;;;;;;;;;;;;;;;;;;;;;;;;;
;;;;;;;;dilution 0;4.84666666666667;6.71333333333333;6.66666666666667;;;;;;;;;;;;;;;;;;;;;;;;;;;;;;;;;;;;;;;;;;;;;;;;;;;;;;;;;;;;;;;;;;;;;
;;;;;;;;1;0.164;0.197;0.207;20;;;;;;;;;;;;;;;;;;;;;;;;;;;;;;;;;;;;;;;;;;;;;;;;;;;;;;;;;;;;;;;;;;;;
;;;;;;;;;0.159;0.19;0.204;20;;;;;;;;;;;;;;;;;;;;;;;;;;;;;;;;;;;;;;;;;;;;;;;;;;;;;;;;;;;;;;;;;;;;
;;;;;;;;;0.163;0.199;0.203;20;;;;;;;;;;;;;;;;;;;;;;;;;;;;;;;;;;;;;;;;;;;;;;;;;;;;;;;;;;;;;;;;;;;;
;;;;;;;;mean 1 ;0.162;0.195333333333333;0.204666666666667;20;;;;;;;;;;;;;;;;;;;;;;;;;;;;;;;;;;;;;;;;;;;;;;;;;;;;;;;;;;;;;;;;;;;;
;;;;;;;;dilution 1;3.24;3.90666666666667;4.09333333333333;;;;;;;;;;;;;;;;;;;;;;;;;;;;;;;;;;;;;;;;;;;;;;;;;;;;;;;;;;;;;;;;;;;;;
;;;;;;;;2;0.242;0.273;0.279;10;;;;;;;;;;;;;;;;;;;;;;;;;;;;;;;;;;;;;;;;;;;;;;;;;;;;;;;;;;;;;;;;;;;;
;;;;;;;;;0.244;0.274;0.284;10;;;;;;;;;;;;;;;;;;;;;;;;;;;;;;;;;;;;;;;;;;;;;;;;;;;;;;;;;;;;;;;;;;;;
;;;;;;;;;0.242;0.274;0.284;10;;;;;;;;;;;;;;;;;;;;;;;;;;;;;;;;;;;;;;;;;;;;;;;;;;;;;;;;;;;;;;;;;;;;
;;;;;;;;mean 2 ;0.242666666666667;0.273666666666667;0.282333333333333;10;;;;;;;;;;;;;;;;;;;;;;;;;;;;;;;;;;;;;;;;;;;;;;;;;;;;;;;;;;;;;;;;;;;;
;;;;;;;;dilution 2;2.42666666666667;2.73666666666667;2.82333333333333;;;;;;;;;;;;;;;;;;;;;;;;;;;;;;;;;;;;;;;;;;;;;;;;;;;;;;;;;;;;;;;;;;;;;
;;;;;;;;3;0.165;0.18;0.194;10;;;;;;;;;;;;;;;;;;;;;;;;;;;;;;;;;;;;;;;;;;;;;;;;;;;;;;;;;;;;;;;;;;;;
;;;;;;;;;0.164;0.176;0.204;10;;;;;;;;;;;;;;;;;;;;;;;;;;;;;;;;;;;;;;;;;;;;;;;;;;;;;;;;;;;;;;;;;;;;
;;;;;;;;;0.163;0.175;0.196;10;;;;;;;;;;;;;;;;;;;;;;;;;;;;;;;;;;;;;;;;;;;;;;;;;;;;;;;;;;;;;;;;;;;;
;;;;;;;;mean 3;0.164;0.177;0.198;10;;;;;;;;;;;;;;;;;;;;;;;;;;;;;;;;;;;;;;;;;;;;;;;;;;;;;;;;;;;;;;;;;;;;
;;;;;;;;dilution 3;1.64;1.77;1.98;;;;;;;;;;;;;;;;;;;;;;;;;;;;;;;;;;;;;;;;;;;;;;;;;;;;;;;;;;;;;;;;;;;;;
;;;;;;;;4;0.19;0.189;0.186;5;;;;;;;;;;;;;;;;;;;;;;;;;;;;;;;;;;;;;;;;;;;;;;;;;;;;;;;;;;;;;;;;;;;;
;;;;;;;;;0.191;0.19;0.182;5;;;;;;;;;;;;;;;;;;;;;;;;;;;;;;;;;;;;;;;;;;;;;;;;;;;;;;;;;;;;;;;;;;;;
;;;;;;;;;0.189;0.186;0.184;5;;;;;;;;;;;;;;;;;;;;;;;;;;;;;;;;;;;;;;;;;;;;;;;;;;;;;;;;;;;;;;;;;;;;
;;;;;;;;mean 4;0.19;0.188333333333333;0.184;5;;;;;;;;;;;;;;;;;;;;;;;;;;;;;;;;;;;;;;;;;;;;;;;;;;;;;;;;;;;;;;;;;;;;
;;;;;;;;dilution 4;0.95;0.941666666666667;0.92;;;;;;;;;;;;;;;;;;;;;;;;;;;;;;;;;;;;;;;;;;;;;;;;;;;;;;;;;;;;;;;;;;;;;
;;;;;;08/11/2024;9h08;0;0.286;0.33;0.382;20;;;;;;;;;;;;;;;;;;;;;;;;;;;;;;;;;;;;;;;;;;;;;;;;;;;;;;;;;;;;;;;;;;;;
;;;;;;;;;0.288;0.317;0.382;20;;;;;;;;;;;;;;;;;;;;;;;;;;;;;;;;;;;;;;;;;;;;;;;;;;;;;;;;;;;;;;;;;;;;
;;;;;;;;;0.287;0.317;0.38;20;;;;;;;;;;;;;;;;;;;;;;;;;;;;;;;;;;;;;;;;;;;;;;;;;;;;;;;;;;;;;;;;;;;;
;;;;;;;;mean 0;0.287;0.321333333333333;0.381333333333333;20;;;;;;;;;;;;;;;;;;;;;;;;;;;;;;;;;;;;;;;;;;;;;;;;;;;;;;;;;;;;;;;;;;;;
;;;;;;;;dilution 0;5.74;6.42666666666667;7.62666666666667;;;;;;;;;;;;;;;;;;;;;;;;;;;;;;;;;;;;;;;;;;;;;;;;;;;;;;;;;;;;;;;;;;;;;
;;;;;;;;1;0.187;0.206;0.192;20;;;;;;;;;;;;;;;;;;;;;;;;;;;;;;;;;;;;;;;;;;;;;;;;;;;;;;;;;;;;;;;;;;;;
;;;;;;;;;0.185;0.204;0.195;20;;;;;;;;;;;;;;;;;;;;;;;;;;;;;;;;;;;;;;;;;;;;;;;;;;;;;;;;;;;;;;;;;;;;
;;;;;;;;;0.179;0.205;0.195;20;;;;;;;;;;;;;;;;;;;;;;;;;;;;;;;;;;;;;;;;;;;;;;;;;;;;;;;;;;;;;;;;;;;;
;;;;;;;;mean 1 ;0.183666666666667;0.205;0.194;20;;;;;;;;;;;;;;;;;;;;;;;;;;;;;;;;;;;;;;;;;;;;;;;;;;;;;;;;;;;;;;;;;;;;
;;;;;;;;dilution 1;3.67333333333333;4.1;3.88;;;;;;;;;;;;;;;;;;;;;;;;;;;;;;;;;;;;;;;;;;;;;;;;;;;;;;;;;;;;;;;;;;;;;
;;;;;;;;2;0.245;0.266;0.272;10;;;;;;;;;;;;;;;;;;;;;;;;;;;;;;;;;;;;;;;;;;;;;;;;;;;;;;;;;;;;;;;;;;;;
;;;;;;;;;0.25;0.269;0.276;10;;;;;;;;;;;;;;;;;;;;;;;;;;;;;;;;;;;;;;;;;;;;;;;;;;;;;;;;;;;;;;;;;;;;
;;;;;;;;;0.246;0.267;0.277;10;;;;;;;;;;;;;;;;;;;;;;;;;;;;;;;;;;;;;;;;;;;;;;;;;;;;;;;;;;;;;;;;;;;;
;;;;;;;;mean 2 ;0.247;0.267333333333333;0.275;10;;;;;;;;;;;;;;;;;;;;;;;;;;;;;;;;;;;;;;;;;;;;;;;;;;;;;;;;;;;;;;;;;;;;
;;;;;;;;dilution 2;2.47;2.67333333333333;2.75;;;;;;;;;;;;;;;;;;;;;;;;;;;;;;;;;;;;;;;;;;;;;;;;;;;;;;;;;;;;;;;;;;;;;
;;;;;;;;3;0.174;0.168;0.169;10;;;;;;;;;;;;;;;;;;;;;;;;;;;;;;;;;;;;;;;;;;;;;;;;;;;;;;;;;;;;;;;;;;;;
;;;;;;;;;0.17;0.167;0.175;10;;;;;;;;;;;;;;;;;;;;;;;;;;;;;;;;;;;;;;;;;;;;;;;;;;;;;;;;;;;;;;;;;;;;
;;;;;;;;;0.167;0.168;0.175;10;;;;;;;;;;;;;;;;;;;;;;;;;;;;;;;;;;;;;;;;;;;;;;;;;;;;;;;;;;;;;;;;;;;;
;;;;;;;;mean 3;0.170333333333333;0.167666666666667;0.173;10;;;;;;;;;;;;;;;;;;;;;;;;;;;;;;;;;;;;;;;;;;;;;;;;;;;;;;;;;;;;;;;;;;;;
;;;;;;;;dilution 3;1.70333333333333;1.67666666666667;1.73;;;;;;;;;;;;;;;;;;;;;;;;;;;;;;;;;;;;;;;;;;;;;;;;;;;;;;;;;;;;;;;;;;;;;
;;;;;;;;4;0.188;0.187;0.186;5;;;;;;;;;;;;;;;;;;;;;;;;;;;;;;;;;;;;;;;;;;;;;;;;;;;;;;;;;;;;;;;;;;;;
;;;;;;;;;0.189;0.192;0.188;5;;;;;;;;;;;;;;;;;;;;;;;;;;;;;;;;;;;;;;;;;;;;;;;;;;;;;;;;;;;;;;;;;;;;
;;;;;;;;;0.186;0.188;0.185;5;;;;;;;;;;;;;;;;;;;;;;;;;;;;;;;;;;;;;;;;;;;;;;;;;;;;;;;;;;;;;;;;;;;;
;;;;;;;;mean 4;0.187666666666667;0.189;0.186333333333333;5;;;;;;;;;;;;;;;;;;;;;;;;;;;;;;;;;;;;;;;;;;;;;;;;;;;;;;;;;;;;;;;;;;;;
;;;;;;;;dilution 4;0.938333333333333;0.945;0.931666666666667;;;;;;;;;;;;;;;;;;;;;;;;;;;;;;;;;;;;;;;;;;;;;;;;;;;;;;;;;;;;;;;;;;;;;
;;;;;;08/11/2024;11h44;0;0.28;0.316;0.351;20;;;;;;;;;;;;;;;;;;;;;;;;;;;;;;;;;;;;;;;;;;;;;;;;;;;;;;;;;;;;;;;;;;;;
;;;;;;;;;0.281;0.315;0.35;20;;;;;;;;;;;;;;;;;;;;;;;;;;;;;;;;;;;;;;;;;;;;;;;;;;;;;;;;;;;;;;;;;;;;
;;;;;;;;;0.278;0.32;0.348;20;;;;;;;;;;;;;;;;;;;;;;;;;;;;;;;;;;;;;;;;;;;;;;;;;;;;;;;;;;;;;;;;;;;;
;;;;;;;;mean 0;0.279666666666667;0.317;0.349666666666667;20;;;;;;;;;;;;;;;;;;;;;;;;;;;;;;;;;;;;;;;;;;;;;;;;;;;;;;;;;;;;;;;;;;;;
;;;;;;;;dilution 0;5.59333333333333;6.34;6.99333333333333;;;;;;;;;;;;;;;;;;;;;;;;;;;;;;;;;;;;;;;;;;;;;;;;;;;;;;;;;;;;;;;;;;;;;
;;;;;;;;1;0.209;0.194;0.222;20;;;;;;;;;;;;;;;;;;;;;;;;;;;;;;;;;;;;;;;;;;;;;;;;;;;;;;;;;;;;;;;;;;;;
;;;;;;;;;0.216;0.19;0.205;20;;;;;;;;;;;;;;;;;;;;;;;;;;;;;;;;;;;;;;;;;;;;;;;;;;;;;;;;;;;;;;;;;;;;
;;;;;;;;;0.217;0.187;0.204;20;;;;;;;;;;;;;;;;;;;;;;;;;;;;;;;;;;;;;;;;;;;;;;;;;;;;;;;;;;;;;;;;;;;;
;;;;;;;;mean 1 ;0.214;0.190333333333333;0.210333333333333;20;;;;;;;;;;;;;;;;;;;;;;;;;;;;;;;;;;;;;;;;;;;;;;;;;;;;;;;;;;;;;;;;;;;;
;;;;;;;;dilution 1;4.28;3.80666666666667;4.20666666666667;;;;;;;;;;;;;;;;;;;;;;;;;;;;;;;;;;;;;;;;;;;;;;;;;;;;;;;;;;;;;;;;;;;;;
;;;;;;;;2;0.249;0.289;0.265;10;;;;;;;;;;;;;;;;;;;;;;;;;;;;;;;;;;;;;;;;;;;;;;;;;;;;;;;;;;;;;;;;;;;;
;;;;;;;;;0.251;0.285;0.261;10;;;;;;;;;;;;;;;;;;;;;;;;;;;;;;;;;;;;;;;;;;;;;;;;;;;;;;;;;;;;;;;;;;;;
;;;;;;;;;0.25;0.286;0.262;10;;;;;;;;;;;;;;;;;;;;;;;;;;;;;;;;;;;;;;;;;;;;;;;;;;;;;;;;;;;;;;;;;;;;
;;;;;;;;mean 2 ;0.25;0.286666666666667;0.262666666666667;10;;;;;;;;;;;;;;;;;;;;;;;;;;;;;;;;;;;;;;;;;;;;;;;;;;;;;;;;;;;;;;;;;;;;
;;;;;;;;dilution 2;2.5;2.86666666666667;2.62666666666667;;;;;;;;;;;;;;;;;;;;;;;;;;;;;;;;;;;;;;;;;;;;;;;;;;;;;;;;;;;;;;;;;;;;;
;;;;;;;;3;0.163;0.175;0.169;10;;;;;;;;;;;;;;;;;;;;;;;;;;;;;;;;;;;;;;;;;;;;;;;;;;;;;;;;;;;;;;;;;;;;
;;;;;;;;;0.164;0.173;0.175;10;;;;;;;;;;;;;;;;;;;;;;;;;;;;;;;;;;;;;;;;;;;;;;;;;;;;;;;;;;;;;;;;;;;;
;;;;;;;;;0.166;0.171;0.175;10;;;;;;;;;;;;;;;;;;;;;;;;;;;;;;;;;;;;;;;;;;;;;;;;;;;;;;;;;;;;;;;;;;;;
;;;;;;;;mean 3;0.164333333333333;0.173;0.173;10;;;;;;;;;;;;;;;;;;;;;;;;;;;;;;;;;;;;;;;;;;;;;;;;;;;;;;;;;;;;;;;;;;;;
;;;;;;;;dilution 3;1.64333333333333;1.73;1.73;;;;;;;;;;;;;;;;;;;;;;;;;;;;;;;;;;;;;;;;;;;;;;;;;;;;;;;;;;;;;;;;;;;;;
;;;;;;;;4;0.183;0.189;0.19;5;;;;;;;;;;;;;;;;;;;;;;;;;;;;;;;;;;;;;;;;;;;;;;;;;;;;;;;;;;;;;;;;;;;;
;;;;;;;;;0.185;0.192;0.186;5;;;;;;;;;;;;;;;;;;;;;;;;;;;;;;;;;;;;;;;;;;;;;;;;;;;;;;;;;;;;;;;;;;;;
;;;;;;;;;0.185;0.192;0.189;5;;;;;;;;;;;;;;;;;;;;;;;;;;;;;;;;;;;;;;;;;;;;;;;;;;;;;;;;;;;;;;;;;;;;
;;;;;;;;mean 4;0.184333333333333;0.191;0.188333333333333;5;;;;;;;;;;;;;;;;;;;;;;;;;;;;;;;;;;;;;;;;;;;;;;;;;;;;;;;;;;;;;;;;;;;;
;;;;;;;;dilution 4;0.921666666666667;0.955;0.941666666666667;;;;;;;;;;;;;;;;;;;;;;;;;;;;;;;;;;;;;;;;;;;;;;;;;;;;;;;;;;;;;;;;;;;;;
;;;;;;08/11/2024;14h46;0;0.294;0.332;0.358;20;;;;;;;;;;;;;;;;;;;;;;;;;;;;;;;;;;;;;;;;;;;;;;;;;;;;;;;;;;;;;;;;;;;;
;;;;;;;;;0.292;0.325;0.367;20;;;;;;;;;;;;;;;;;;;;;;;;;;;;;;;;;;;;;;;;;;;;;;;;;;;;;;;;;;;;;;;;;;;;
;;;;;;;;;0.299;0.331;0.357;20;;;;;;;;;;;;;;;;;;;;;;;;;;;;;;;;;;;;;;;;;;;;;;;;;;;;;;;;;;;;;;;;;;;;
;;;;;;;;mean 0;0.295;0.329333333333333;0.360666666666667;20;;;;;;;;;;;;;;;;;;;;;;;;;;;;;;;;;;;;;;;;;;;;;;;;;;;;;;;;;;;;;;;;;;;;
;;;;;;;;dilution 0;5.9;6.58666666666667;7.21333333333333;;;;;;;;;;;;;;;;;;;;;;;;;;;;;;;;;;;;;;;;;;;;;;;;;;;;;;;;;;;;;;;;;;;;;
;;;;;;;;1;0.193;0.211;0.193;20;;;;;;;;;;;;;;;;;;;;;;;;;;;;;;;;;;;;;;;;;;;;;;;;;;;;;;;;;;;;;;;;;;;;
;;;;;;;;;0.19;0.215;0.192;20;;;;;;;;;;;;;;;;;;;;;;;;;;;;;;;;;;;;;;;;;;;;;;;;;;;;;;;;;;;;;;;;;;;;
;;;;;;;;;0.193;0.207;0.186;20;;;;;;;;;;;;;;;;;;;;;;;;;;;;;;;;;;;;;;;;;;;;;;;;;;;;;;;;;;;;;;;;;;;;
;;;;;;;;mean 1 ;0.192;0.211;0.190333333333333;20;;;;;;;;;;;;;;;;;;;;;;;;;;;;;;;;;;;;;;;;;;;;;;;;;;;;;;;;;;;;;;;;;;;;
;;;;;;;;dilution 1;3.84;4.22;3.80666666666667;;;;;;;;;;;;;;;;;;;;;;;;;;;;;;;;;;;;;;;;;;;;;;;;;;;;;;;;;;;;;;;;;;;;;
;;;;;;;;2;0.268;0.282;0.292;10;;;;;;;;;;;;;;;;;;;;;;;;;;;;;;;;;;;;;;;;;;;;;;;;;;;;;;;;;;;;;;;;;;;;
;;;;;;;;;0.265;0.271;0.291;10;;;;;;;;;;;;;;;;;;;;;;;;;;;;;;;;;;;;;;;;;;;;;;;;;;;;;;;;;;;;;;;;;;;;
;;;;;;;;;0.268;0.273;0.296;10;;;;;;;;;;;;;;;;;;;;;;;;;;;;;;;;;;;;;;;;;;;;;;;;;;;;;;;;;;;;;;;;;;;;
;;;;;;;;mean 2 ;0.267;0.275333333333333;0.293;10;;;;;;;;;;;;;;;;;;;;;;;;;;;;;;;;;;;;;;;;;;;;;;;;;;;;;;;;;;;;;;;;;;;;
;;;;;;;;dilution 2;2.67;2.75333333333333;2.93;;;;;;;;;;;;;;;;;;;;;;;;;;;;;;;;;;;;;;;;;;;;;;;;;;;;;;;;;;;;;;;;;;;;;
;;;;;;;;3;0.175;0.181;0.185;10;;;;;;;;;;;;;;;;;;;;;;;;;;;;;;;;;;;;;;;;;;;;;;;;;;;;;;;;;;;;;;;;;;;;
;;;;;;;;;0.175;0.185;0.183;10;;;;;;;;;;;;;;;;;;;;;;;;;;;;;;;;;;;;;;;;;;;;;;;;;;;;;;;;;;;;;;;;;;;;
;;;;;;;;;0.179;0.185;0.184;10;;;;;;;;;;;;;;;;;;;;;;;;;;;;;;;;;;;;;;;;;;;;;;;;;;;;;;;;;;;;;;;;;;;;
;;;;;;;;mean 3;0.176333333333333;0.183666666666667;0.184;10;;;;;;;;;;;;;;;;;;;;;;;;;;;;;;;;;;;;;;;;;;;;;;;;;;;;;;;;;;;;;;;;;;;;
;;;;;;;;dilution 3;1.76333333333333;1.83666666666667;1.84;;;;;;;;;;;;;;;;;;;;;;;;;;;;;;;;;;;;;;;;;;;;;;;;;;;;;;;;;;;;;;;;;;;;;
;;;;;;;;4;0.199;0.19;0.191;5;;;;;;;;;;;;;;;;;;;;;;;;;;;;;;;;;;;;;;;;;;;;;;;;;;;;;;;;;;;;;;;;;;;;
;;;;;;;;;0.208;0.194;0.19;5;;;;;;;;;;;;;;;;;;;;;;;;;;;;;;;;;;;;;;;;;;;;;;;;;;;;;;;;;;;;;;;;;;;;
;;;;;;;;;0.199;0.194;0.19;5;;;;;;;;;;;;;;;;;;;;;;;;;;;;;;;;;;;;;;;;;;;;;;;;;;;;;;;;;;;;;;;;;;;;
;;;;;;;;mean 4;0.202;0.192666666666667;0.190333333333333;5;;;;;;;;;;;;;;;;;;;;;;;;;;;;;;;;;;;;;;;;;;;;;;;;;;;;;;;;;;;;;;;;;;;;
;;;;;;;;dilution 4;1.01;0.963333333333333;0.951666666666667;;;;;;;;;;;;;;;;;;;;;;;;;;;;;;;;;;;;;;;;;;;;;;;;;;;;;;;;;;;;;;;;;;;;;
;;;;;;08/11/2024;17h16;0;0.308;0.365;0.372;20;;;;;;;;;;;;;;;;;;;;;;;;;;;;;;;;;;;;;;;;;;;;;;;;;;;;;;;;;;;;;;;;;;;;
;;;;;;;;;0.313;0.369;0.367;20;;;;;;;;;;;;;;;;;;;;;;;;;;;;;;;;;;;;;;;;;;;;;;;;;;;;;;;;;;;;;;;;;;;;
;;;;;;;;;0.313;0.364;0.378;20;;;;;;;;;;;;;;;;;;;;;;;;;;;;;;;;;;;;;;;;;;;;;;;;;;;;;;;;;;;;;;;;;;;;
;;;;;;;;mean 0;0.311333333333333;0.366;0.372333333333333;20;;;;;;;;;;;;;;;;;;;;;;;;;;;;;;;;;;;;;;;;;;;;;;;;;;;;;;;;;;;;;;;;;;;;
;;;;;;;;dilution 0;6.22666666666667;7.32;7.44666666666667;;;;;;;;;;;;;;;;;;;;;;;;;;;;;;;;;;;;;;;;;;;;;;;;;;;;;;;;;;;;;;;;;;;;;
;;;;;;;;1;0.19;0.206;0.196;20;;;;;;;;;;;;;;;;;;;;;;;;;;;;;;;;;;;;;;;;;;;;;;;;;;;;;;;;;;;;;;;;;;;;
;;;;;;;;;0.191;0.205;0.198;20;;;;;;;;;;;;;;;;;;;;;;;;;;;;;;;;;;;;;;;;;;;;;;;;;;;;;;;;;;;;;;;;;;;;
;;;;;;;;;0.195;0.21;0.199;20;;;;;;;;;;;;;;;;;;;;;;;;;;;;;;;;;;;;;;;;;;;;;;;;;;;;;;;;;;;;;;;;;;;;
;;;;;;;;mean 1 ;0.192;0.207;0.197666666666667;20;;;;;;;;;;;;;;;;;;;;;;;;;;;;;;;;;;;;;;;;;;;;;;;;;;;;;;;;;;;;;;;;;;;;
;;;;;;;;dilution 1;3.84;4.14;3.95333333333333;;;;;;;;;;;;;;;;;;;;;;;;;;;;;;;;;;;;;;;;;;;;;;;;;;;;;;;;;;;;;;;;;;;;;
;;;;;;;;2;0.274;0.293;0.306;10;;;;;;;;;;;;;;;;;;;;;;;;;;;;;;;;;;;;;;;;;;;;;;;;;;;;;;;;;;;;;;;;;;;;
;;;;;;;;;0.274;0.292;0.304;10;;;;;;;;;;;;;;;;;;;;;;;;;;;;;;;;;;;;;;;;;;;;;;;;;;;;;;;;;;;;;;;;;;;;
;;;;;;;;;0.278;0.294;0.299;10;;;;;;;;;;;;;;;;;;;;;;;;;;;;;;;;;;;;;;;;;;;;;;;;;;;;;;;;;;;;;;;;;;;;
;;;;;;;;mean 2 ;0.275333333333333;0.293;0.303;10;;;;;;;;;;;;;;;;;;;;;;;;;;;;;;;;;;;;;;;;;;;;;;;;;;;;;;;;;;;;;;;;;;;;
;;;;;;;;dilution 2;2.75333333333333;2.93;3.03;;;;;;;;;;;;;;;;;;;;;;;;;;;;;;;;;;;;;;;;;;;;;;;;;;;;;;;;;;;;;;;;;;;;;
;;;;;;;;3;0.177;0.179;0.182;10;;;;;;;;;;;;;;;;;;;;;;;;;;;;;;;;;;;;;;;;;;;;;;;;;;;;;;;;;;;;;;;;;;;;
;;;;;;;;;0.176;0.18;0.183;10;;;;;;;;;;;;;;;;;;;;;;;;;;;;;;;;;;;;;;;;;;;;;;;;;;;;;;;;;;;;;;;;;;;;
;;;;;;;;;0.177;0.179;0.18;10;;;;;;;;;;;;;;;;;;;;;;;;;;;;;;;;;;;;;;;;;;;;;;;;;;;;;;;;;;;;;;;;;;;;
;;;;;;;;mean 3;0.176666666666667;0.179333333333333;0.181666666666667;10;;;;;;;;;;;;;;;;;;;;;;;;;;;;;;;;;;;;;;;;;;;;;;;;;;;;;;;;;;;;;;;;;;;;
;;;;;;;;dilution 3;1.76666666666667;1.79333333333333;1.81666666666667;;;;;;;;;;;;;;;;;;;;;;;;;;;;;;;;;;;;;;;;;;;;;;;;;;;;;;;;;;;;;;;;;;;;;
;;;;;;;;4;0.202;0.193;0.193;5;;;;;;;;;;;;;;;;;;;;;;;;;;;;;;;;;;;;;;;;;;;;;;;;;;;;;;;;;;;;;;;;;;;;
;;;;;;;;;0.195;0.194;0.182;5;;;;;;;;;;;;;;;;;;;;;;;;;;;;;;;;;;;;;;;;;;;;;;;;;;;;;;;;;;;;;;;;;;;;
;;;;;;;;;0.192;0.191;0.191;5;;;;;;;;;;;;;;;;;;;;;;;;;;;;;;;;;;;;;;;;;;;;;;;;;;;;;;;;;;;;;;;;;;;;
;;;;;;;;mean 4;0.196333333333333;0.192666666666667;0.188666666666667;5;;;;;;;;;;;;;;;;;;;;;;;;;;;;;;;;;;;;;;;;;;;;;;;;;;;;;;;;;;;;;;;;;;;;
;;;;;;;;dilution 4;0.981666666666667;0.963333333333333;0.943333333333333;;;;;;;;;;;;;;;;;;;;;;;;;;;;;;;;;;;;;;;;;;;;;;;;;;;;;;;;;;;;;;;;;;;;;
;;;;;;08/11/2024;19h33;0;0.314;0.394;0.388;20;;;;;;;;;;;;;;;;;;;;;;;;;;;;;;;;;;;;;;;;;;;;;;;;;;;;;;;;;;;;;;;;;;;;
;;;;;;;;;0.307;0.385;0.39;20;;;;;;;;;;;;;;;;;;;;;;;;;;;;;;;;;;;;;;;;;;;;;;;;;;;;;;;;;;;;;;;;;;;;
;;;;;;;;;0.304;0.393;0.388;20;;;;;;;;;;;;;;;;;;;;;;;;;;;;;;;;;;;;;;;;;;;;;;;;;;;;;;;;;;;;;;;;;;;;
;;;;;;;;mean 0;0.308333333333333;0.390666666666667;0.388666666666667;20;;;;;;;;;;;;;;;;;;;;;;;;;;;;;;;;;;;;;;;;;;;;;;;;;;;;;;;;;;;;;;;;;;;;
;;;;;;;;dilution 0;6.16666666666667;7.81333333333333;7.77333333333333;;;;;;;;;;;;;;;;;;;;;;;;;;;;;;;;;;;;;;;;;;;;;;;;;;;;;;;;;;;;;;;;;;;;;
;;;;;;;;1;0.204;0.203;0.21;20;;;;;;;;;;;;;;;;;;;;;;;;;;;;;;;;;;;;;;;;;;;;;;;;;;;;;;;;;;;;;;;;;;;;
;;;;;;;;;0.212;0.204;0.21;20;;;;;;;;;;;;;;;;;;;;;;;;;;;;;;;;;;;;;;;;;;;;;;;;;;;;;;;;;;;;;;;;;;;;
;;;;;;;;;0.209;0.201;0.212;20;;;;;;;;;;;;;;;;;;;;;;;;;;;;;;;;;;;;;;;;;;;;;;;;;;;;;;;;;;;;;;;;;;;;
;;;;;;;;mean 1 ;0.208333333333333;0.202666666666667;0.210666666666667;20;;;;;;;;;;;;;;;;;;;;;;;;;;;;;;;;;;;;;;;;;;;;;;;;;;;;;;;;;;;;;;;;;;;;
;;;;;;;;dilution 1;4.16666666666667;4.05333333333333;4.21333333333333;;;;;;;;;;;;;;;;;;;;;;;;;;;;;;;;;;;;;;;;;;;;;;;;;;;;;;;;;;;;;;;;;;;;;
;;;;;;;;2;0.274;0.288;0.308;10;;;;;;;;;;;;;;;;;;;;;;;;;;;;;;;;;;;;;;;;;;;;;;;;;;;;;;;;;;;;;;;;;;;;
;;;;;;;;;0.269;0.285;0.312;10;;;;;;;;;;;;;;;;;;;;;;;;;;;;;;;;;;;;;;;;;;;;;;;;;;;;;;;;;;;;;;;;;;;;
;;;;;;;;;0.272;0.285;0.308;10;;;;;;;;;;;;;;;;;;;;;;;;;;;;;;;;;;;;;;;;;;;;;;;;;;;;;;;;;;;;;;;;;;;;
;;;;;;;;mean 2 ;0.271666666666667;0.286;0.309333333333333;10;;;;;;;;;;;;;;;;;;;;;;;;;;;;;;;;;;;;;;;;;;;;;;;;;;;;;;;;;;;;;;;;;;;;
;;;;;;;;dilution 2;2.71666666666667;2.86;3.09333333333333;;;;;;;;;;;;;;;;;;;;;;;;;;;;;;;;;;;;;;;;;;;;;;;;;;;;;;;;;;;;;;;;;;;;;
;;;;;;;;3;0.17;0.182;0.179;10;;;;;;;;;;;;;;;;;;;;;;;;;;;;;;;;;;;;;;;;;;;;;;;;;;;;;;;;;;;;;;;;;;;;
;;;;;;;;;0.176;0.179;0.176;10;;;;;;;;;;;;;;;;;;;;;;;;;;;;;;;;;;;;;;;;;;;;;;;;;;;;;;;;;;;;;;;;;;;;
;;;;;;;;;0.177;0.182;0.181;10;;;;;;;;;;;;;;;;;;;;;;;;;;;;;;;;;;;;;;;;;;;;;;;;;;;;;;;;;;;;;;;;;;;;
;;;;;;;;mean 3;0.174333333333333;0.181;0.178666666666667;10;;;;;;;;;;;;;;;;;;;;;;;;;;;;;;;;;;;;;;;;;;;;;;;;;;;;;;;;;;;;;;;;;;;;
;;;;;;;;dilution 3;1.74333333333333;1.81;1.78666666666667;;;;;;;;;;;;;;;;;;;;;;;;;;;;;;;;;;;;;;;;;;;;;;;;;;;;;;;;;;;;;;;;;;;;;
;;;;;;;;4;0.197;0.183;0.193;5;;;;;;;;;;;;;;;;;;;;;;;;;;;;;;;;;;;;;;;;;;;;;;;;;;;;;;;;;;;;;;;;;;;;
;;;;;;;;;0.191;0.189;0.197;5;;;;;;;;;;;;;;;;;;;;;;;;;;;;;;;;;;;;;;;;;;;;;;;;;;;;;;;;;;;;;;;;;;;;
;;;;;;;;;0.192;0.189;0.197;5;;;;;;;;;;;;;;;;;;;;;;;;;;;;;;;;;;;;;;;;;;;;;;;;;;;;;;;;;;;;;;;;;;;;
;;;;;;;;mean 4;0.193333333333333;0.187;0.195666666666667;5;;;;;;;;;;;;;;;;;;;;;;;;;;;;;;;;;;;;;;;;;;;;;;;;;;;;;;;;;;;;;;;;;;;;
;;;;;;;;dilution 4;0.966666666666667;0.935;0.978333333333333;;;;;;;;;;;;;;;;;;;;;;;;;;;;;;;;;;;;;;;;;;;;;;;;;;;;;;;;;;;;;;;;;;;;;
;;;;;;09/11/2024;12h36;0;0.183;0.195;0.203;50;;;;;;;;;;;;;;;;;;;;;;;;;;;;;;;;;;;;;;;;;;;;;;;;;;;;;;;;;;;;;;;;;;;;
;;;;;;;;;0.186;0.2;0.207;50;;;;;;;;;;;;;;;;;;;;;;;;;;;;;;;;;;;;;;;;;;;;;;;;;;;;;;;;;;;;;;;;;;;;
;;;;;;;;;0.179;0.203;0.209;50;;;;;;;;;;;;;;;;;;;;;;;;;;;;;;;;;;;;;;;;;;;;;;;;;;;;;;;;;;;;;;;;;;;;
;;;;;;;;mean 0;0.182666666666667;0.199333333333333;0.206333333333333;50;;;;;;;;;;;;;;;;;;;;;;;;;;;;;;;;;;;;;;;;;;;;;;;;;;;;;;;;;;;;;;;;;;;;
;;;;;;;;dilution 0;9.13333333333333;9.96666666666667;10.3166666666667;;;;;;;;;;;;;;;;;;;;;;;;;;;;;;;;;;;;;;;;;;;;;;;;;;;;;;;;;;;;;;;;;;;;;
;;;;;;;;1;0.218;0.219;0.227;20;;;;;;;;;;;;;;;;;;;;;;;;;;;;;;;;;;;;;;;;;;;;;;;;;;;;;;;;;;;;;;;;;;;;
;;;;;;;;;0.213;0.226;0.224;20;;;;;;;;;;;;;;;;;;;;;;;;;;;;;;;;;;;;;;;;;;;;;;;;;;;;;;;;;;;;;;;;;;;;
;;;;;;;;;0.214;0.227;0.232;20;;;;;;;;;;;;;;;;;;;;;;;;;;;;;;;;;;;;;;;;;;;;;;;;;;;;;;;;;;;;;;;;;;;;
;;;;;;;;mean 1 ;0.215;0.224;0.227666666666667;20;;;;;;;;;;;;;;;;;;;;;;;;;;;;;;;;;;;;;;;;;;;;;;;;;;;;;;;;;;;;;;;;;;;;
;;;;;;;;dilution 1;4.3;4.48;4.55333333333333;;;;;;;;;;;;;;;;;;;;;;;;;;;;;;;;;;;;;;;;;;;;;;;;;;;;;;;;;;;;;;;;;;;;;
;;;;;;;;2;0.293;0.311;0.315;10;;;;;;;;;;;;;;;;;;;;;;;;;;;;;;;;;;;;;;;;;;;;;;;;;;;;;;;;;;;;;;;;;;;;
;;;;;;;;;0.29;0.308;0.312;10;;;;;;;;;;;;;;;;;;;;;;;;;;;;;;;;;;;;;;;;;;;;;;;;;;;;;;;;;;;;;;;;;;;;
;;;;;;;;;0.295;0.304;0.311;10;;;;;;;;;;;;;;;;;;;;;;;;;;;;;;;;;;;;;;;;;;;;;;;;;;;;;;;;;;;;;;;;;;;;
;;;;;;;;mean 2 ;0.292666666666667;0.307666666666667;0.312666666666667;10;;;;;;;;;;;;;;;;;;;;;;;;;;;;;;;;;;;;;;;;;;;;;;;;;;;;;;;;;;;;;;;;;;;;
;;;;;;;;dilution 2;2.92666666666667;3.07666666666667;3.12666666666667;;;;;;;;;;;;;;;;;;;;;;;;;;;;;;;;;;;;;;;;;;;;;;;;;;;;;;;;;;;;;;;;;;;;;
;;;;;;;;3;0.188;0.184;0.182;10;;;;;;;;;;;;;;;;;;;;;;;;;;;;;;;;;;;;;;;;;;;;;;;;;;;;;;;;;;;;;;;;;;;;
;;;;;;;;;0.189;0.184;0.182;10;;;;;;;;;;;;;;;;;;;;;;;;;;;;;;;;;;;;;;;;;;;;;;;;;;;;;;;;;;;;;;;;;;;;
;;;;;;;;;0.182;0.179;0.183;10;;;;;;;;;;;;;;;;;;;;;;;;;;;;;;;;;;;;;;;;;;;;;;;;;;;;;;;;;;;;;;;;;;;;
;;;;;;;;mean 3;0.186333333333333;0.182333333333333;0.182333333333333;10;;;;;;;;;;;;;;;;;;;;;;;;;;;;;;;;;;;;;;;;;;;;;;;;;;;;;;;;;;;;;;;;;;;;
;;;;;;;;dilution 3;1.86333333333333;1.82333333333333;1.82333333333333;;;;;;;;;;;;;;;;;;;;;;;;;;;;;;;;;;;;;;;;;;;;;;;;;;;;;;;;;;;;;;;;;;;;;
;;;;;;;;4;0.194;0.207;0.19;5;;;;;;;;;;;;;;;;;;;;;;;;;;;;;;;;;;;;;;;;;;;;;;;;;;;;;;;;;;;;;;;;;;;;
;;;;;;;;;0.193;0.208;0.195;5;;;;;;;;;;;;;;;;;;;;;;;;;;;;;;;;;;;;;;;;;;;;;;;;;;;;;;;;;;;;;;;;;;;;
;;;;;;;;;0.196;0.201;0.195;5;;;;;;;;;;;;;;;;;;;;;;;;;;;;;;;;;;;;;;;;;;;;;;;;;;;;;;;;;;;;;;;;;;;;
;;;;;;;;mean 4;0.194333333333333;0.205333333333333;0.193333333333333;5;;;;;;;;;;;;;;;;;;;;;;;;;;;;;;;;;;;;;;;;;;;;;;;;;;;;;;;;;;;;;;;;;;;;
;;;;;;;;dilution 4;0.971666666666667;1.02666666666667;0.966666666666667;;;;;;;;;;;;;;;;;;;;;;;;;;;;;;;;;;;;;;;;;;;;;;;;;;;;;;;;;;;;;;;;;;;;;
;;;;;;09/11/2024;20h25;0;0.183;0.19;0.219;50;;;;;;;;;;;;;;;;;;;;;;;;;;;;;;;;;;;;;;;;;;;;;;;;;;;;;;;;;;;;;;;;;;;;
;;;;;;;;;0.175;0.193;0.219;50;;;;;;;;;;;;;;;;;;;;;;;;;;;;;;;;;;;;;;;;;;;;;;;;;;;;;;;;;;;;;;;;;;;;
;;;;;;;;;0.171;0.196;0.22;50;;;;;;;;;;;;;;;;;;;;;;;;;;;;;;;;;;;;;;;;;;;;;;;;;;;;;;;;;;;;;;;;;;;;
;;;;;;;;mean 0;0.176333333333333;0.193;0.219333333333333;50;;;;;;;;;;;;;;;;;;;;;;;;;;;;;;;;;;;;;;;;;;;;;;;;;;;;;;;;;;;;;;;;;;;;
;;;;;;;;dilution 0;8.81666666666667;9.65;10.9666666666667;;;;;;;;;;;;;;;;;;;;;;;;;;;;;;;;;;;;;;;;;;;;;;;;;;;;;;;;;;;;;;;;;;;;;
;;;;;;;;1;0.228;0.239;0.226;20;;;;;;;;;;;;;;;;;;;;;;;;;;;;;;;;;;;;;;;;;;;;;;;;;;;;;;;;;;;;;;;;;;;;
;;;;;;;;;0.235;0.233;0.228;20;;;;;;;;;;;;;;;;;;;;;;;;;;;;;;;;;;;;;;;;;;;;;;;;;;;;;;;;;;;;;;;;;;;;
;;;;;;;;;0.235;0.241;0.227;20;;;;;;;;;;;;;;;;;;;;;;;;;;;;;;;;;;;;;;;;;;;;;;;;;;;;;;;;;;;;;;;;;;;;
;;;;;;;;mean 1 ;0.232666666666667;0.237666666666667;0.227;20;;;;;;;;;;;;;;;;;;;;;;;;;;;;;;;;;;;;;;;;;;;;;;;;;;;;;;;;;;;;;;;;;;;;
;;;;;;;;dilution 1;4.65333333333333;4.75333333333333;4.54;;;;;;;;;;;;;;;;;;;;;;;;;;;;;;;;;;;;;;;;;;;;;;;;;;;;;;;;;;;;;;;;;;;;;
;;;;;;;;2;0.295;0.297;0.277;10;;;;;;;;;;;;;;;;;;;;;;;;;;;;;;;;;;;;;;;;;;;;;;;;;;;;;;;;;;;;;;;;;;;;
;;;;;;;;;0.291;0.297;0.284;10;;;;;;;;;;;;;;;;;;;;;;;;;;;;;;;;;;;;;;;;;;;;;;;;;;;;;;;;;;;;;;;;;;;;
;;;;;;;;;0.294;0.301;0.282;10;;;;;;;;;;;;;;;;;;;;;;;;;;;;;;;;;;;;;;;;;;;;;;;;;;;;;;;;;;;;;;;;;;;;
;;;;;;;;mean 2 ;0.293333333333333;0.298333333333333;0.281;10;;;;;;;;;;;;;;;;;;;;;;;;;;;;;;;;;;;;;;;;;;;;;;;;;;;;;;;;;;;;;;;;;;;;
;;;;;;;;dilution 2;2.93333333333333;2.98333333333333;2.81;;;;;;;;;;;;;;;;;;;;;;;;;;;;;;;;;;;;;;;;;;;;;;;;;;;;;;;;;;;;;;;;;;;;;
;;;;;;;;3;0.176;0.176;0.188;10;;;;;;;;;;;;;;;;;;;;;;;;;;;;;;;;;;;;;;;;;;;;;;;;;;;;;;;;;;;;;;;;;;;;
;;;;;;;;;0.178;0.174;0.193;10;;;;;;;;;;;;;;;;;;;;;;;;;;;;;;;;;;;;;;;;;;;;;;;;;;;;;;;;;;;;;;;;;;;;
;;;;;;;;;0.174;0.173;0.187;10;;;;;;;;;;;;;;;;;;;;;;;;;;;;;;;;;;;;;;;;;;;;;;;;;;;;;;;;;;;;;;;;;;;;
;;;;;;;;mean 3;0.176;0.174333333333333;0.189333333333333;10;;;;;;;;;;;;;;;;;;;;;;;;;;;;;;;;;;;;;;;;;;;;;;;;;;;;;;;;;;;;;;;;;;;;
;;;;;;;;dilution 3;1.76;1.74333333333333;1.89333333333333;;;;;;;;;;;;;;;;;;;;;;;;;;;;;;;;;;;;;;;;;;;;;;;;;;;;;;;;;;;;;;;;;;;;;
;;;;;;;;4;0.188;0.195;0.193;5;;;;;;;;;;;;;;;;;;;;;;;;;;;;;;;;;;;;;;;;;;;;;;;;;;;;;;;;;;;;;;;;;;;;
;;;;;;;;;0.189;0.193;0.186;5;;;;;;;;;;;;;;;;;;;;;;;;;;;;;;;;;;;;;;;;;;;;;;;;;;;;;;;;;;;;;;;;;;;;
;;;;;;;;;0.188;0.195;0.184;5;;;;;;;;;;;;;;;;;;;;;;;;;;;;;;;;;;;;;;;;;;;;;;;;;;;;;;;;;;;;;;;;;;;;
;;;;;;;;mean 4;0.188333333333333;0.194333333333333;0.187666666666667;5;;;;;;;;;;;;;;;;;;;;;;;;;;;;;;;;;;;;;;;;;;;;;;;;;;;;;;;;;;;;;;;;;;;;
;;;;;;;;dilution 4;0.941666666666667;0.971666666666667;0.938333333333333;;;;;;;;;;;;;;;;;;;;;;;;;;;;;;;;;;;;;;;;;;;;;;;;;;;;;;;;;;;;;;;;;;;;;
;;;;;;10/11/2024;11h58;0;0.202;0.218;0.215;50;;;;;;;;;;;;;;;;;;;;;;;;;;;;;;;;;;;;;;;;;;;;;;;;;;;;;;;;;;;;;;;;;;;;
;;;;;;;;;0.204;0.224;0.217;50;;;;;;;;;;;;;;;;;;;;;;;;;;;;;;;;;;;;;;;;;;;;;;;;;;;;;;;;;;;;;;;;;;;;
;;;;;;;;;0.212;0.233;0.218;50;;;;;;;;;;;;;;;;;;;;;;;;;;;;;;;;;;;;;;;;;;;;;;;;;;;;;;;;;;;;;;;;;;;;
;;;;;;;;mean 0;0.206;0.225;0.216666666666667;50;;;;;;;;;;;;;;;;;;;;;;;;;;;;;;;;;;;;;;;;;;;;;;;;;;;;;;;;;;;;;;;;;;;;
;;;;;;;;dilution 0;10.3;11.25;10.8333333333333;;;;;;;;;;;;;;;;;;;;;;;;;;;;;;;;;;;;;;;;;;;;;;;;;;;;;;;;;;;;;;;;;;;;;
;;;;;;;;1;0.242;0.255;0.245;20;;;;;;;;;;;;;;;;;;;;;;;;;;;;;;;;;;;;;;;;;;;;;;;;;;;;;;;;;;;;;;;;;;;;
;;;;;;;;;0.239;0.259;0.241;20;;;;;;;;;;;;;;;;;;;;;;;;;;;;;;;;;;;;;;;;;;;;;;;;;;;;;;;;;;;;;;;;;;;;
;;;;;;;;;0.234;0.256;0.242;20;;;;;;;;;;;;;;;;;;;;;;;;;;;;;;;;;;;;;;;;;;;;;;;;;;;;;;;;;;;;;;;;;;;;
;;;;;;;;mean 1 ;0.238333333333333;0.256666666666667;0.242666666666667;20;;;;;;;;;;;;;;;;;;;;;;;;;;;;;;;;;;;;;;;;;;;;;;;;;;;;;;;;;;;;;;;;;;;;
;;;;;;;;dilution 1;4.76666666666667;5.13333333333333;4.85333333333333;;;;;;;;;;;;;;;;;;;;;;;;;;;;;;;;;;;;;;;;;;;;;;;;;;;;;;;;;;;;;;;;;;;;;
;;;;;;;;2;0.284;0.302;0.3;10;;;;;;;;;;;;;;;;;;;;;;;;;;;;;;;;;;;;;;;;;;;;;;;;;;;;;;;;;;;;;;;;;;;;
;;;;;;;;;0.285;0.301;0.293;10;;;;;;;;;;;;;;;;;;;;;;;;;;;;;;;;;;;;;;;;;;;;;;;;;;;;;;;;;;;;;;;;;;;;
;;;;;;;;;0.286;0.293;0.298;10;;;;;;;;;;;;;;;;;;;;;;;;;;;;;;;;;;;;;;;;;;;;;;;;;;;;;;;;;;;;;;;;;;;;
;;;;;;;;mean 2 ;0.285;0.298666666666667;0.297;10;;;;;;;;;;;;;;;;;;;;;;;;;;;;;;;;;;;;;;;;;;;;;;;;;;;;;;;;;;;;;;;;;;;;
;;;;;;;;dilution 2;2.85;2.98666666666667;2.97;;;;;;;;;;;;;;;;;;;;;;;;;;;;;;;;;;;;;;;;;;;;;;;;;;;;;;;;;;;;;;;;;;;;;
;;;;;;;;3;0.18;0.178;0.176;10;;;;;;;;;;;;;;;;;;;;;;;;;;;;;;;;;;;;;;;;;;;;;;;;;;;;;;;;;;;;;;;;;;;;
;;;;;;;;;0.169;0.182;0.175;10;;;;;;;;;;;;;;;;;;;;;;;;;;;;;;;;;;;;;;;;;;;;;;;;;;;;;;;;;;;;;;;;;;;;
;;;;;;;;;0.171;0.178;0.18;10;;;;;;;;;;;;;;;;;;;;;;;;;;;;;;;;;;;;;;;;;;;;;;;;;;;;;;;;;;;;;;;;;;;;
;;;;;;;;mean 3;0.173333333333333;0.179333333333333;0.177;10;;;;;;;;;;;;;;;;;;;;;;;;;;;;;;;;;;;;;;;;;;;;;;;;;;;;;;;;;;;;;;;;;;;;
;;;;;;;;dilution 3;1.73333333333333;1.79333333333333;1.77;;;;;;;;;;;;;;;;;;;;;;;;;;;;;;;;;;;;;;;;;;;;;;;;;;;;;;;;;;;;;;;;;;;;;
;;;;;;;;4;0.193;0.195;0.191;5;;;;;;;;;;;;;;;;;;;;;;;;;;;;;;;;;;;;;;;;;;;;;;;;;;;;;;;;;;;;;;;;;;;;
;;;;;;;;;0.188;0.197;0.191;5;;;;;;;;;;;;;;;;;;;;;;;;;;;;;;;;;;;;;;;;;;;;;;;;;;;;;;;;;;;;;;;;;;;;
;;;;;;;;;0.19;0.197;0.187;5;;;;;;;;;;;;;;;;;;;;;;;;;;;;;;;;;;;;;;;;;;;;;;;;;;;;;;;;;;;;;;;;;;;;
;;;;;;;;mean 4;0.190333333333333;0.196333333333333;0.189666666666667;5;;;;;;;;;;;;;;;;;;;;;;;;;;;;;;;;;;;;;;;;;;;;;;;;;;;;;;;;;;;;;;;;;;;;
;;;;;;;;dilution 4;0.951666666666667;0.981666666666667;0.948333333333333;;;;;;;;;;;;;;;;;;;;;;;;;;;;;;;;;;;;;;;;;;;;;;;;;;;;;;;;;;;;;;;;;;;;;
;;;;;;10/11/2024;18h06;0;0.214;0.237;0.218;50;;;;;;;;;;;;;;;;;;;;;;;;;;;;;;;;;;;;;;;;;;;;;;;;;;;;;;;;;;;;;;;;;;;;
;;;;;;;;;0.217;0.233;0.22;50;;;;;;;;;;;;;;;;;;;;;;;;;;;;;;;;;;;;;;;;;;;;;;;;;;;;;;;;;;;;;;;;;;;;
;;;;;;;;;0.216;0.233;0.222;50;;;;;;;;;;;;;;;;;;;;;;;;;;;;;;;;;;;;;;;;;;;;;;;;;;;;;;;;;;;;;;;;;;;;
;;;;;;;;mean 0;0.215666666666667;0.234333333333333;0.22;50;;;;;;;;;;;;;;;;;;;;;;;;;;;;;;;;;;;;;;;;;;;;;;;;;;;;;;;;;;;;;;;;;;;;
;;;;;;;;dilution 0;10.7833333333333;11.7166666666667;11;;;;;;;;;;;;;;;;;;;;;;;;;;;;;;;;;;;;;;;;;;;;;;;;;;;;;;;;;;;;;;;;;;;;;
;;;;;;;;1;0.255;0.258;0.248;20;;;;;;;;;;;;;;;;;;;;;;;;;;;;;;;;;;;;;;;;;;;;;;;;;;;;;;;;;;;;;;;;;;;;
;;;;;;;;;0.25;0.262;0.245;20;;;;;;;;;;;;;;;;;;;;;;;;;;;;;;;;;;;;;;;;;;;;;;;;;;;;;;;;;;;;;;;;;;;;
;;;;;;;;;0.245;0.263;0.254;20;;;;;;;;;;;;;;;;;;;;;;;;;;;;;;;;;;;;;;;;;;;;;;;;;;;;;;;;;;;;;;;;;;;;
;;;;;;;;mean 1 ;0.25;0.261;0.249;20;;;;;;;;;;;;;;;;;;;;;;;;;;;;;;;;;;;;;;;;;;;;;;;;;;;;;;;;;;;;;;;;;;;;
;;;;;;;;dilution 1;5;5.22;4.98;;;;;;;;;;;;;;;;;;;;;;;;;;;;;;;;;;;;;;;;;;;;;;;;;;;;;;;;;;;;;;;;;;;;;
;;;;;;;;2;0.279;0.292;0.301;10;;;;;;;;;;;;;;;;;;;;;;;;;;;;;;;;;;;;;;;;;;;;;;;;;;;;;;;;;;;;;;;;;;;;
;;;;;;;;;0.278;0.296;0.302;10;;;;;;;;;;;;;;;;;;;;;;;;;;;;;;;;;;;;;;;;;;;;;;;;;;;;;;;;;;;;;;;;;;;;
;;;;;;;;;0.277;0.299;0.305;10;;;;;;;;;;;;;;;;;;;;;;;;;;;;;;;;;;;;;;;;;;;;;;;;;;;;;;;;;;;;;;;;;;;;
;;;;;;;;mean 2 ;0.278;0.295666666666667;0.302666666666667;10;;;;;;;;;;;;;;;;;;;;;;;;;;;;;;;;;;;;;;;;;;;;;;;;;;;;;;;;;;;;;;;;;;;;
;;;;;;;;dilution 2;2.78;2.95666666666667;3.02666666666667;;;;;;;;;;;;;;;;;;;;;;;;;;;;;;;;;;;;;;;;;;;;;;;;;;;;;;;;;;;;;;;;;;;;;
;;;;;;;;3;0.173;0.18;0.177;10;;;;;;;;;;;;;;;;;;;;;;;;;;;;;;;;;;;;;;;;;;;;;;;;;;;;;;;;;;;;;;;;;;;;
;;;;;;;;;0.176;0.175;0.177;10;;;;;;;;;;;;;;;;;;;;;;;;;;;;;;;;;;;;;;;;;;;;;;;;;;;;;;;;;;;;;;;;;;;;
;;;;;;;;;0.173;0.174;0.177;10;;;;;;;;;;;;;;;;;;;;;;;;;;;;;;;;;;;;;;;;;;;;;;;;;;;;;;;;;;;;;;;;;;;;
;;;;;;;;mean 3;0.174;0.176333333333333;0.177;10;;;;;;;;;;;;;;;;;;;;;;;;;;;;;;;;;;;;;;;;;;;;;;;;;;;;;;;;;;;;;;;;;;;;
;;;;;;;;dilution 3;1.74;1.76333333333333;1.77;;;;;;;;;;;;;;;;;;;;;;;;;;;;;;;;;;;;;;;;;;;;;;;;;;;;;;;;;;;;;;;;;;;;;
;;;;;;;;4;0.196;0.204;0.189;5;;;;;;;;;;;;;;;;;;;;;;;;;;;;;;;;;;;;;;;;;;;;;;;;;;;;;;;;;;;;;;;;;;;;
;;;;;;;;;0.195;0.201;0.192;5;;;;;;;;;;;;;;;;;;;;;;;;;;;;;;;;;;;;;;;;;;;;;;;;;;;;;;;;;;;;;;;;;;;;
;;;;;;;;;0.198;0.2;0.195;5;;;;;;;;;;;;;;;;;;;;;;;;;;;;;;;;;;;;;;;;;;;;;;;;;;;;;;;;;;;;;;;;;;;;
;;;;;;;;mean 4;0.196333333333333;0.201666666666667;0.192;5;;;;;;;;;;;;;;;;;;;;;;;;;;;;;;;;;;;;;;;;;;;;;;;;;;;;;;;;;;;;;;;;;;;;
;;;;;;;;dilution 4;0.981666666666667;1.00833333333333;0.96;;;;;;;;;;;;;;;;;;;;;;;;;;;;;;;;;;;;;;;;;;;;;;;;;;;;;;;;;;;;;;;;;;;;;
;;;;;;11-nov;13h00;0;0.237;0.264;0.244;50;;;;;;;;;;;;;;;;;;;;;;;;;;;;;;;;;;;;;;;;;;;;;;;;;;;;;;;;;;;;;;;;;;;;
;;;;;;;;;0.237;0.265;0.248;50;;;;;;;;;;;;;;;;;;;;;;;;;;;;;;;;;;;;;;;;;;;;;;;;;;;;;;;;;;;;;;;;;;;;
;;;;;;;;;0.234;0.263;0.247;50;;;;;;;;;;;;;;;;;;;;;;;;;;;;;;;;;;;;;;;;;;;;;;;;;;;;;;;;;;;;;;;;;;;;
;;;;;;;;mean 0;0.236;0.264;0.246333333333333;50;;;;;;;;;;;;;;;;;;;;;;;;;;;;;;;;;;;;;;;;;;;;;;;;;;;;;;;;;;;;;;;;;;;;
;;;;;;;;dilution 0;11.8;13.2;12.3166666666667;;;;;;;;;;;;;;;;;;;;;;;;;;;;;;;;;;;;;;;;;;;;;;;;;;;;;;;;;;;;;;;;;;;;;
;;;;;;;;1;0.279;0.272;0.276;20;;;;;;;;;;;;;;;;;;;;;;;;;;;;;;;;;;;;;;;;;;;;;;;;;;;;;;;;;;;;;;;;;;;;
;;;;;;;;;0.279;0.272;0.279;20;;;;;;;;;;;;;;;;;;;;;;;;;;;;;;;;;;;;;;;;;;;;;;;;;;;;;;;;;;;;;;;;;;;;
;;;;;;;;;0.285;0.267;0.278;20;;;;;;;;;;;;;;;;;;;;;;;;;;;;;;;;;;;;;;;;;;;;;;;;;;;;;;;;;;;;;;;;;;;;
;;;;;;;;mean 1 ;0.281;0.270333333333333;0.277666666666667;20;;;;;;;;;;;;;;;;;;;;;;;;;;;;;;;;;;;;;;;;;;;;;;;;;;;;;;;;;;;;;;;;;;;;
;;;;;;;;dilution 1;5.62;5.40666666666667;5.55333333333333;;;;;;;;;;;;;;;;;;;;;;;;;;;;;;;;;;;;;;;;;;;;;;;;;;;;;;;;;;;;;;;;;;;;;
;;;;;;;;2;0.259;0.29;0.294;10;;;;;;;;;;;;;;;;;;;;;;;;;;;;;;;;;;;;;;;;;;;;;;;;;;;;;;;;;;;;;;;;;;;;
;;;;;;;;;0.264;0.294;0.289;10;;;;;;;;;;;;;;;;;;;;;;;;;;;;;;;;;;;;;;;;;;;;;;;;;;;;;;;;;;;;;;;;;;;;
;;;;;;;;;0.264;0.296;0.291;10;;;;;;;;;;;;;;;;;;;;;;;;;;;;;;;;;;;;;;;;;;;;;;;;;;;;;;;;;;;;;;;;;;;;
;;;;;;;;mean 2 ;0.262333333333333;0.293333333333333;0.291333333333333;10;;;;;;;;;;;;;;;;;;;;;;;;;;;;;;;;;;;;;;;;;;;;;;;;;;;;;;;;;;;;;;;;;;;;
;;;;;;;;dilution 2;2.62333333333333;2.93333333333333;2.91333333333333;;;;;;;;;;;;;;;;;;;;;;;;;;;;;;;;;;;;;;;;;;;;;;;;;;;;;;;;;;;;;;;;;;;;;
;;;;;;;;3;0.18;0.171;0.19;10;;;;;;;;;;;;;;;;;;;;;;;;;;;;;;;;;;;;;;;;;;;;;;;;;;;;;;;;;;;;;;;;;;;;
;;;;;;;;;0.179;0.176;0.185;10;;;;;;;;;;;;;;;;;;;;;;;;;;;;;;;;;;;;;;;;;;;;;;;;;;;;;;;;;;;;;;;;;;;;
;;;;;;;;;0.186;0.174;0.186;10;;;;;;;;;;;;;;;;;;;;;;;;;;;;;;;;;;;;;;;;;;;;;;;;;;;;;;;;;;;;;;;;;;;;
;;;;;;;;mean 3;0.181666666666667;0.173666666666667;0.187;10;;;;;;;;;;;;;;;;;;;;;;;;;;;;;;;;;;;;;;;;;;;;;;;;;;;;;;;;;;;;;;;;;;;;
;;;;;;;;dilution 3;1.81666666666667;1.73666666666667;1.87;;;;;;;;;;;;;;;;;;;;;;;;;;;;;;;;;;;;;;;;;;;;;;;;;;;;;;;;;;;;;;;;;;;;;
;;;;;;;;4;0.191;0.192;0.189;5;;;;;;;;;;;;;;;;;;;;;;;;;;;;;;;;;;;;;;;;;;;;;;;;;;;;;;;;;;;;;;;;;;;;
;;;;;;;;;0.184;0.186;0.187;5;;;;;;;;;;;;;;;;;;;;;;;;;;;;;;;;;;;;;;;;;;;;;;;;;;;;;;;;;;;;;;;;;;;;
;;;;;;;;;0.188;0.19;0.185;5;;;;;;;;;;;;;;;;;;;;;;;;;;;;;;;;;;;;;;;;;;;;;;;;;;;;;;;;;;;;;;;;;;;;
;;;;;;;;mean 4;0.187666666666667;0.189333333333333;0.187;5;;;;;;;;;;;;;;;;;;;;;;;;;;;;;;;;;;;;;;;;;;;;;;;;;;;;;;;;;;;;;;;;;;;;
;;;;;;;;dilution 4;0.938333333333333;0.946666666666667;0.935;;;;;;;;;;;;;;;;;;;;;;;;;;;;;;;;;;;;;;;;;;;;;;;;;;;;;;;;;;;;;;;;;;;;;
;;;;;;11/11/2024;17h27;0;0.227;0.267;0.26;50;;;;;;;;;;;;;;;;;;;;;;;;;;;;;;;;;;;;;;;;;;;;;;;;;;;;;;;;;;;;;;;;;;;;
;;;;;;;;;0.234;0.269;0.262;50;;;;;;;;;;;;;;;;;;;;;;;;;;;;;;;;;;;;;;;;;;;;;;;;;;;;;;;;;;;;;;;;;;;;
;;;;;;;;;0.233;0.266;0.258;50;;;;;;;;;;;;;;;;;;;;;;;;;;;;;;;;;;;;;;;;;;;;;;;;;;;;;;;;;;;;;;;;;;;;
;;;;;;;;mean 0;0.231333333333333;0.267333333333333;0.26;50;;;;;;;;;;;;;;;;;;;;;;;;;;;;;;;;;;;;;;;;;;;;;;;;;;;;;;;;;;;;;;;;;;;;
;;;;;;;;dilution 0;11.5666666666667;13.3666666666667;13;;;;;;;;;;;;;;;;;;;;;;;;;;;;;;;;;;;;;;;;;;;;;;;;;;;;;;;;;;;;;;;;;;;;;
;;;;;;;;1;0.255;0.273;0.254;20;;;;;;;;;;;;;;;;;;;;;;;;;;;;;;;;;;;;;;;;;;;;;;;;;;;;;;;;;;;;;;;;;;;;
;;;;;;;;;0.254;0.274;0.254;20;;;;;;;;;;;;;;;;;;;;;;;;;;;;;;;;;;;;;;;;;;;;;;;;;;;;;;;;;;;;;;;;;;;;
;;;;;;;;;0.256;0.276;0.255;20;;;;;;;;;;;;;;;;;;;;;;;;;;;;;;;;;;;;;;;;;;;;;;;;;;;;;;;;;;;;;;;;;;;;
;;;;;;;;mean 1 ;0.255;0.274333333333333;0.254333333333333;20;;;;;;;;;;;;;;;;;;;;;;;;;;;;;;;;;;;;;;;;;;;;;;;;;;;;;;;;;;;;;;;;;;;;
;;;;;;;;dilution 1;5.1;5.48666666666667;5.08666666666667;;;;;;;;;;;;;;;;;;;;;;;;;;;;;;;;;;;;;;;;;;;;;;;;;;;;;;;;;;;;;;;;;;;;;
;;;;;;;;2;0.276;0.275;0.292;10;;;;;;;;;;;;;;;;;;;;;;;;;;;;;;;;;;;;;;;;;;;;;;;;;;;;;;;;;;;;;;;;;;;;
;;;;;;;;;0.281;0.278;0.292;10;;;;;;;;;;;;;;;;;;;;;;;;;;;;;;;;;;;;;;;;;;;;;;;;;;;;;;;;;;;;;;;;;;;;
;;;;;;;;;0.277;0.276;0.295;10;;;;;;;;;;;;;;;;;;;;;;;;;;;;;;;;;;;;;;;;;;;;;;;;;;;;;;;;;;;;;;;;;;;;
;;;;;;;;mean 2 ;0.278;0.276333333333333;0.293;10;;;;;;;;;;;;;;;;;;;;;;;;;;;;;;;;;;;;;;;;;;;;;;;;;;;;;;;;;;;;;;;;;;;;
;;;;;;;;dilution 2;2.78;2.76333333333333;2.93;;;;;;;;;;;;;;;;;;;;;;;;;;;;;;;;;;;;;;;;;;;;;;;;;;;;;;;;;;;;;;;;;;;;;
;;;;;;;;3;0.17;0.168;0.171;10;;;;;;;;;;;;;;;;;;;;;;;;;;;;;;;;;;;;;;;;;;;;;;;;;;;;;;;;;;;;;;;;;;;;
;;;;;;;;;0.17;0.17;0.17;10;;;;;;;;;;;;;;;;;;;;;;;;;;;;;;;;;;;;;;;;;;;;;;;;;;;;;;;;;;;;;;;;;;;;
;;;;;;;;;0.17;0.169;0.17;10;;;;;;;;;;;;;;;;;;;;;;;;;;;;;;;;;;;;;;;;;;;;;;;;;;;;;;;;;;;;;;;;;;;;
;;;;;;;;mean 3;0.17;0.169;0.170333333333333;10;;;;;;;;;;;;;;;;;;;;;;;;;;;;;;;;;;;;;;;;;;;;;;;;;;;;;;;;;;;;;;;;;;;;
;;;;;;;;dilution 3;1.7;1.69;1.70333333333333;;;;;;;;;;;;;;;;;;;;;;;;;;;;;;;;;;;;;;;;;;;;;;;;;;;;;;;;;;;;;;;;;;;;;
;;;;;;;;4;0.183;0.182;0.177;5;;;;;;;;;;;;;;;;;;;;;;;;;;;;;;;;;;;;;;;;;;;;;;;;;;;;;;;;;;;;;;;;;;;;
;;;;;;;;;0.18;0.184;0.178;5;;;;;;;;;;;;;;;;;;;;;;;;;;;;;;;;;;;;;;;;;;;;;;;;;;;;;;;;;;;;;;;;;;;;
;;;;;;;;;0.177;0.183;0.181;5;;;;;;;;;;;;;;;;;;;;;;;;;;;;;;;;;;;;;;;;;;;;;;;;;;;;;;;;;;;;;;;;;;;;
;;;;;;;;mean 4;0.18;0.183;0.178666666666667;5;;;;;;;;;;;;;;;;;;;;;;;;;;;;;;;;;;;;;;;;;;;;;;;;;;;;;;;;;;;;;;;;;;;;
;;;;;;;;dilution 4;0.9;0.915;0.893333333333333;;;;;;;;;;;;;;;;;;;;;;;;;;;;;;;;;;;;;;;;;;;;;;;;;;;;;;;;;;;;;;;;;;;;;
;;;;;;12/11/2024;8h18;0;0.253;0.252;0.267;50;;;;;;;;;;;;;;;;;;;;;;;;;;;;;;;;;;;;;;;;;;;;;;;;;;;;;;;;;;;;;;;;;;;;
;;;;;;;;;0.247;0.263;0.263;50;;;;;;;;;;;;;;;;;;;;;;;;;;;;;;;;;;;;;;;;;;;;;;;;;;;;;;;;;;;;;;;;;;;;
;;;;;;;;;0.252;0.263;0.267;50;;;;;;;;;;;;;;;;;;;;;;;;;;;;;;;;;;;;;;;;;;;;;;;;;;;;;;;;;;;;;;;;;;;;
;;;;;;;;mean 0;0.250666666666667;0.259333333333333;0.265666666666667;50;;;;;;;;;;;;;;;;;;;;;;;;;;;;;;;;;;;;;;;;;;;;;;;;;;;;;;;;;;;;;;;;;;;;
;;;;;;;;dilution 0;12.5333333333333;12.9666666666667;13.2833333333333;;;;;;;;;;;;;;;;;;;;;;;;;;;;;;;;;;;;;;;;;;;;;;;;;;;;;;;;;;;;;;;;;;;;;
;;;;;;;;1;0.255;0.269;0.279;20;;;;;;;;;;;;;;;;;;;;;;;;;;;;;;;;;;;;;;;;;;;;;;;;;;;;;;;;;;;;;;;;;;;;
;;;;;;;;;0.248;0.26;0.283;20;;;;;;;;;;;;;;;;;;;;;;;;;;;;;;;;;;;;;;;;;;;;;;;;;;;;;;;;;;;;;;;;;;;;
;;;;;;;;;0.247;0.262;0.279;20;;;;;;;;;;;;;;;;;;;;;;;;;;;;;;;;;;;;;;;;;;;;;;;;;;;;;;;;;;;;;;;;;;;;
;;;;;;;;mean 1 ;0.25;0.263666666666667;0.280333333333333;20;;;;;;;;;;;;;;;;;;;;;;;;;;;;;;;;;;;;;;;;;;;;;;;;;;;;;;;;;;;;;;;;;;;;
;;;;;;;;dilution 1;5;5.27333333333333;5.60666666666667;;;;;;;;;;;;;;;;;;;;;;;;;;;;;;;;;;;;;;;;;;;;;;;;;;;;;;;;;;;;;;;;;;;;;
;;;;;;;;2;0.241;0.296;0.298;10;;;;;;;;;;;;;;;;;;;;;;;;;;;;;;;;;;;;;;;;;;;;;;;;;;;;;;;;;;;;;;;;;;;;
;;;;;;;;;0.238;0.294;0.291;10;;;;;;;;;;;;;;;;;;;;;;;;;;;;;;;;;;;;;;;;;;;;;;;;;;;;;;;;;;;;;;;;;;;;
;;;;;;;;;0.237;0.291;0.294;10;;;;;;;;;;;;;;;;;;;;;;;;;;;;;;;;;;;;;;;;;;;;;;;;;;;;;;;;;;;;;;;;;;;;
;;;;;;;;mean 2 ;0.238666666666667;0.293666666666667;0.294333333333333;10;;;;;;;;;;;;;;;;;;;;;;;;;;;;;;;;;;;;;;;;;;;;;;;;;;;;;;;;;;;;;;;;;;;;
;;;;;;;;dilution 2;2.38666666666667;2.93666666666667;2.94333333333333;;;;;;;;;;;;;;;;;;;;;;;;;;;;;;;;;;;;;;;;;;;;;;;;;;;;;;;;;;;;;;;;;;;;;
;;;;;;;;3;0.172;0.156;0.178;10;;;;;;;;;;;;;;;;;;;;;;;;;;;;;;;;;;;;;;;;;;;;;;;;;;;;;;;;;;;;;;;;;;;;
;;;;;;;;;0.177;0.159;0.178;10;;;;;;;;;;;;;;;;;;;;;;;;;;;;;;;;;;;;;;;;;;;;;;;;;;;;;;;;;;;;;;;;;;;;
;;;;;;;;;0.173;0.158;0.176;10;;;;;;;;;;;;;;;;;;;;;;;;;;;;;;;;;;;;;;;;;;;;;;;;;;;;;;;;;;;;;;;;;;;;
;;;;;;;;mean 3;0.174;0.157666666666667;0.177333333333333;10;;;;;;;;;;;;;;;;;;;;;;;;;;;;;;;;;;;;;;;;;;;;;;;;;;;;;;;;;;;;;;;;;;;;
;;;;;;;;dilution 3;1.74;1.57666666666667;1.77333333333333;;;;;;;;;;;;;;;;;;;;;;;;;;;;;;;;;;;;;;;;;;;;;;;;;;;;;;;;;;;;;;;;;;;;;
;;;;;;;;4;0.179;0.192;0.179;5;;;;;;;;;;;;;;;;;;;;;;;;;;;;;;;;;;;;;;;;;;;;;;;;;;;;;;;;;;;;;;;;;;;;
;;;;;;;;;0.179;0.188;0.178;5;;;;;;;;;;;;;;;;;;;;;;;;;;;;;;;;;;;;;;;;;;;;;;;;;;;;;;;;;;;;;;;;;;;;
;;;;;;;;;0.18;0.187;0.181;5;;;;;;;;;;;;;;;;;;;;;;;;;;;;;;;;;;;;;;;;;;;;;;;;;;;;;;;;;;;;;;;;;;;;
;;;;;;;;mean 4;0.179333333333333;0.189;0.179333333333333;5;;;;;;;;;;;;;;;;;;;;;;;;;;;;;;;;;;;;;;;;;;;;;;;;;;;;;;;;;;;;;;;;;;;;
;;;;;;;;dilution 4;0.896666666666667;0.945;0.896666666666667;;;;;;;;;;;;;;;;;;;;;;;;;;;;;;;;;;;;;;;;;;;;;;;;;;;;;;;;;;;;;;;;;;;;;
;;;;;;12/11/2024;13h50;0;0.248;0.257;0.233;50;;;;;;;;;;;;;;;;;;;;;;;;;;;;;;;;;;;;;;;;;;;;;;;;;;;;;;;;;;;;;;;;;;;;
;;;;;;;;;0.252;0.262;0.238;50;;;;;;;;;;;;;;;;;;;;;;;;;;;;;;;;;;;;;;;;;;;;;;;;;;;;;;;;;;;;;;;;;;;;
;;;;;;;;;0.25;0.256;0.242;50;;;;;;;;;;;;;;;;;;;;;;;;;;;;;;;;;;;;;;;;;;;;;;;;;;;;;;;;;;;;;;;;;;;;
;;;;;;;;mean 0;0.25;0.258333333333333;0.237666666666667;50;;;;;;;;;;;;;;;;;;;;;;;;;;;;;;;;;;;;;;;;;;;;;;;;;;;;;;;;;;;;;;;;;;;;
;;;;;;;;dilution 0;12.5;12.9166666666667;11.8833333333333;;;;;;;;;;;;;;;;;;;;;;;;;;;;;;;;;;;;;;;;;;;;;;;;;;;;;;;;;;;;;;;;;;;;;
;;;;;;;;1;0.251;0.255;0.246;20;;;;;;;;;;;;;;;;;;;;;;;;;;;;;;;;;;;;;;;;;;;;;;;;;;;;;;;;;;;;;;;;;;;;
;;;;;;;;;0.247;0.257;0.248;20;;;;;;;;;;;;;;;;;;;;;;;;;;;;;;;;;;;;;;;;;;;;;;;;;;;;;;;;;;;;;;;;;;;;
;;;;;;;;;0.253;0.251;0.237;20;;;;;;;;;;;;;;;;;;;;;;;;;;;;;;;;;;;;;;;;;;;;;;;;;;;;;;;;;;;;;;;;;;;;
;;;;;;;;mean 1 ;0.250333333333333;0.254333333333333;0.243666666666667;20;;;;;;;;;;;;;;;;;;;;;;;;;;;;;;;;;;;;;;;;;;;;;;;;;;;;;;;;;;;;;;;;;;;;
;;;;;;;;dilution 1;5.00666666666667;5.08666666666667;4.87333333333333;;;;;;;;;;;;;;;;;;;;;;;;;;;;;;;;;;;;;;;;;;;;;;;;;;;;;;;;;;;;;;;;;;;;;
;;;;;;;;2;0.273;0.277;0.283;10;;;;;;;;;;;;;;;;;;;;;;;;;;;;;;;;;;;;;;;;;;;;;;;;;;;;;;;;;;;;;;;;;;;;
;;;;;;;;;0.267;0.277;0.278;10;;;;;;;;;;;;;;;;;;;;;;;;;;;;;;;;;;;;;;;;;;;;;;;;;;;;;;;;;;;;;;;;;;;;
;;;;;;;;;0.272;0.278;0.256;10;;;;;;;;;;;;;;;;;;;;;;;;;;;;;;;;;;;;;;;;;;;;;;;;;;;;;;;;;;;;;;;;;;;;
;;;;;;;;mean 2 ;0.270666666666667;0.277333333333333;0.272333333333333;10;;;;;;;;;;;;;;;;;;;;;;;;;;;;;;;;;;;;;;;;;;;;;;;;;;;;;;;;;;;;;;;;;;;;
;;;;;;;;dilution 2;2.70666666666667;2.77333333333333;2.72333333333333;;;;;;;;;;;;;;;;;;;;;;;;;;;;;;;;;;;;;;;;;;;;;;;;;;;;;;;;;;;;;;;;;;;;;
;;;;;;;;3;0.183;0.161;0.157;10;;;;;;;;;;;;;;;;;;;;;;;;;;;;;;;;;;;;;;;;;;;;;;;;;;;;;;;;;;;;;;;;;;;;
;;;;;;;;;0.183;0.168;0.155;10;;;;;;;;;;;;;;;;;;;;;;;;;;;;;;;;;;;;;;;;;;;;;;;;;;;;;;;;;;;;;;;;;;;;
;;;;;;;;;0.182;0.164;0.161;10;;;;;;;;;;;;;;;;;;;;;;;;;;;;;;;;;;;;;;;;;;;;;;;;;;;;;;;;;;;;;;;;;;;;
;;;;;;;;mean 3;0.182666666666667;0.164333333333333;0.157666666666667;10;;;;;;;;;;;;;;;;;;;;;;;;;;;;;;;;;;;;;;;;;;;;;;;;;;;;;;;;;;;;;;;;;;;;
;;;;;;;;dilution 3;1.82666666666667;1.64333333333333;1.57666666666667;;;;;;;;;;;;;;;;;;;;;;;;;;;;;;;;;;;;;;;;;;;;;;;;;;;;;;;;;;;;;;;;;;;;;
;;;;;;;;4;0.207;0.183;0.174;5;;;;;;;;;;;;;;;;;;;;;;;;;;;;;;;;;;;;;;;;;;;;;;;;;;;;;;;;;;;;;;;;;;;;
;;;;;;;;;0.183;0.184;0.171;5;;;;;;;;;;;;;;;;;;;;;;;;;;;;;;;;;;;;;;;;;;;;;;;;;;;;;;;;;;;;;;;;;;;;
;;;;;;;;;0.188;0.179;0.172;5;;;;;;;;;;;;;;;;;;;;;;;;;;;;;;;;;;;;;;;;;;;;;;;;;;;;;;;;;;;;;;;;;;;;
;;;;;;;;mean 4;0.192666666666667;0.182;0.172333333333333;5;;;;;;;;;;;;;;;;;;;;;;;;;;;;;;;;;;;;;;;;;;;;;;;;;;;;;;;;;;;;;;;;;;;;
;;;;;;;;dilution 4;0.963333333333333;0.91;0.861666666666667;;;;;;;;;;;;;;;;;;;;;;;;;;;;;;;;;;;;;;;;;;;;;;;;;;;;;;;;;;;;;;;;;;;;;
;;;;;;12/11/2024;16h36;0;0.267;0.255;0.239;50;;;;;;;;;;;;;;;;;;;;;;;;;;;;;;;;;;;;;;;;;;;;;;;;;;;;;;;;;;;;;;;;;;;;
;;;;;;;;;0.269;0.256;0.238;50;;;;;;;;;;;;;;;;;;;;;;;;;;;;;;;;;;;;;;;;;;;;;;;;;;;;;;;;;;;;;;;;;;;;
;;;;;;;;;0.266;0.254;0.242;50;;;;;;;;;;;;;;;;;;;;;;;;;;;;;;;;;;;;;;;;;;;;;;;;;;;;;;;;;;;;;;;;;;;;
;;;;;;;;mean 0;0.267333333333333;0.255;0.239666666666667;50;;;;;;;;;;;;;;;;;;;;;;;;;;;;;;;;;;;;;;;;;;;;;;;;;;;;;;;;;;;;;;;;;;;;
;;;;;;;;dilution 0;13.3666666666667;12.75;11.9833333333333;;;;;;;;;;;;;;;;;;;;;;;;;;;;;;;;;;;;;;;;;;;;;;;;;;;;;;;;;;;;;;;;;;;;;
;;;;;;;;1;0.256;0.259;0.238;20;;;;;;;;;;;;;;;;;;;;;;;;;;;;;;;;;;;;;;;;;;;;;;;;;;;;;;;;;;;;;;;;;;;;
;;;;;;;;;0.26;0.258;0.235;20;;;;;;;;;;;;;;;;;;;;;;;;;;;;;;;;;;;;;;;;;;;;;;;;;;;;;;;;;;;;;;;;;;;;
;;;;;;;;;0.258;0.257;0.236;20;;;;;;;;;;;;;;;;;;;;;;;;;;;;;;;;;;;;;;;;;;;;;;;;;;;;;;;;;;;;;;;;;;;;
;;;;;;;;mean 1 ;0.258;0.258;0.236333333333333;20;;;;;;;;;;;;;;;;;;;;;;;;;;;;;;;;;;;;;;;;;;;;;;;;;;;;;;;;;;;;;;;;;;;;
;;;;;;;;dilution 1;5.16;5.16;4.72666666666667;;;;;;;;;;;;;;;;;;;;;;;;;;;;;;;;;;;;;;;;;;;;;;;;;;;;;;;;;;;;;;;;;;;;;
;;;;;;;;2;0.272;0.288;0.301;10;;;;;;;;;;;;;;;;;;;;;;;;;;;;;;;;;;;;;;;;;;;;;;;;;;;;;;;;;;;;;;;;;;;;
;;;;;;;;;0.274;0.284;0.291;10;;;;;;;;;;;;;;;;;;;;;;;;;;;;;;;;;;;;;;;;;;;;;;;;;;;;;;;;;;;;;;;;;;;;
;;;;;;;;;0.275;0.282;0.302;10;;;;;;;;;;;;;;;;;;;;;;;;;;;;;;;;;;;;;;;;;;;;;;;;;;;;;;;;;;;;;;;;;;;;
;;;;;;;;mean 2 ;0.273666666666667;0.284666666666667;0.298;10;;;;;;;;;;;;;;;;;;;;;;;;;;;;;;;;;;;;;;;;;;;;;;;;;;;;;;;;;;;;;;;;;;;;
;;;;;;;;dilution 2;2.73666666666667;2.84666666666667;2.98;;;;;;;;;;;;;;;;;;;;;;;;;;;;;;;;;;;;;;;;;;;;;;;;;;;;;;;;;;;;;;;;;;;;;
;;;;;;;;3;0.173;0.167;0.169;10;;;;;;;;;;;;;;;;;;;;;;;;;;;;;;;;;;;;;;;;;;;;;;;;;;;;;;;;;;;;;;;;;;;;
;;;;;;;;;0.167;0.171;0.166;10;;;;;;;;;;;;;;;;;;;;;;;;;;;;;;;;;;;;;;;;;;;;;;;;;;;;;;;;;;;;;;;;;;;;
;;;;;;;;;0.169;0.168;0.168;10;;;;;;;;;;;;;;;;;;;;;;;;;;;;;;;;;;;;;;;;;;;;;;;;;;;;;;;;;;;;;;;;;;;;
;;;;;;;;mean 3;0.169666666666667;0.168666666666667;0.167666666666667;10;;;;;;;;;;;;;;;;;;;;;;;;;;;;;;;;;;;;;;;;;;;;;;;;;;;;;;;;;;;;;;;;;;;;
;;;;;;;;dilution 3;1.69666666666667;1.68666666666667;1.67666666666667;;;;;;;;;;;;;;;;;;;;;;;;;;;;;;;;;;;;;;;;;;;;;;;;;;;;;;;;;;;;;;;;;;;;;
;;;;;;;;4;0.183;0.183;0.201;5;;;;;;;;;;;;;;;;;;;;;;;;;;;;;;;;;;;;;;;;;;;;;;;;;;;;;;;;;;;;;;;;;;;;
;;;;;;;;;0.185;0.183;0.203;5;;;;;;;;;;;;;;;;;;;;;;;;;;;;;;;;;;;;;;;;;;;;;;;;;;;;;;;;;;;;;;;;;;;;
;;;;;;;;;0.186;0.181;0.198;5;;;;;;;;;;;;;;;;;;;;;;;;;;;;;;;;;;;;;;;;;;;;;;;;;;;;;;;;;;;;;;;;;;;;
;;;;;;;;mean 4;0.184666666666667;0.182333333333333;0.200666666666667;5;;;;;;;;;;;;;;;;;;;;;;;;;;;;;;;;;;;;;;;;;;;;;;;;;;;;;;;;;;;;;;;;;;;;
;;;;;;;;dilution 4;0.923333333333333;0.911666666666667;1.00333333333333;;;;;;;;;;;;;;;;;;;;;;;;;;;;;;;;;;;;;;;;;;;;;;;;;;;;;;;;;;;;;;;;;;;;;
;;;;;;13/11/2024;8h30;0;0.231;0.287;0.25;50;;;;;;;;;;;;;;;;;;;;;;;;;;;;;;;;;;;;;;;;;;;;;;;;;;;;;;;;;;;;;;;;;;;;
;;;;;;;;;0.226;0.292;0.25;50;;;;;;;;;;;;;;;;;;;;;;;;;;;;;;;;;;;;;;;;;;;;;;;;;;;;;;;;;;;;;;;;;;;;
;;;;;;;;;0.238;0.285;0.247;50;;;;;;;;;;;;;;;;;;;;;;;;;;;;;;;;;;;;;;;;;;;;;;;;;;;;;;;;;;;;;;;;;;;;
;;;;;;;;mean 0;0.231666666666667;0.288;0.249;50;;;;;;;;;;;;;;;;;;;;;;;;;;;;;;;;;;;;;;;;;;;;;;;;;;;;;;;;;;;;;;;;;;;;
;;;;;;;;dilution 0;11.5833333333333;14.4;12.45;;;;;;;;;;;;;;;;;;;;;;;;;;;;;;;;;;;;;;;;;;;;;;;;;;;;;;;;;;;;;;;;;;;;;
;;;;;;;;1;0.267;0.27;0.221;20;;;;;;;;;;;;;;;;;;;;;;;;;;;;;;;;;;;;;;;;;;;;;;;;;;;;;;;;;;;;;;;;;;;;
;;;;;;;;;0.255;0.279;0.225;20;;;;;;;;;;;;;;;;;;;;;;;;;;;;;;;;;;;;;;;;;;;;;;;;;;;;;;;;;;;;;;;;;;;;
;;;;;;;;;0.259;0.268;0.222;20;;;;;;;;;;;;;;;;;;;;;;;;;;;;;;;;;;;;;;;;;;;;;;;;;;;;;;;;;;;;;;;;;;;;
;;;;;;;;mean 1 ;0.260333333333333;0.272333333333333;0.222666666666667;20;;;;;;;;;;;;;;;;;;;;;;;;;;;;;;;;;;;;;;;;;;;;;;;;;;;;;;;;;;;;;;;;;;;;
;;;;;;;;dilution 1;5.20666666666667;5.44666666666667;4.45333333333333;;;;;;;;;;;;;;;;;;;;;;;;;;;;;;;;;;;;;;;;;;;;;;;;;;;;;;;;;;;;;;;;;;;;;
;;;;;;;;2;0.271;0.284;0.293;10;;;;;;;;;;;;;;;;;;;;;;;;;;;;;;;;;;;;;;;;;;;;;;;;;;;;;;;;;;;;;;;;;;;;
;;;;;;;;;0.271;0.28;0.301;10;;;;;;;;;;;;;;;;;;;;;;;;;;;;;;;;;;;;;;;;;;;;;;;;;;;;;;;;;;;;;;;;;;;;
;;;;;;;;;0.266;0.275;0.29;10;;;;;;;;;;;;;;;;;;;;;;;;;;;;;;;;;;;;;;;;;;;;;;;;;;;;;;;;;;;;;;;;;;;;
;;;;;;;;mean 2 ;0.269333333333333;0.279666666666667;0.294666666666667;10;;;;;;;;;;;;;;;;;;;;;;;;;;;;;;;;;;;;;;;;;;;;;;;;;;;;;;;;;;;;;;;;;;;;
;;;;;;;;dilution 2;2.69333333333333;2.79666666666667;2.94666666666667;;;;;;;;;;;;;;;;;;;;;;;;;;;;;;;;;;;;;;;;;;;;;;;;;;;;;;;;;;;;;;;;;;;;;
;;;;;;;;3;0.165;0.157;0.153;10;;;;;;;;;;;;;;;;;;;;;;;;;;;;;;;;;;;;;;;;;;;;;;;;;;;;;;;;;;;;;;;;;;;;
;;;;;;;;;0.164;0.153;0.151;10;;;;;;;;;;;;;;;;;;;;;;;;;;;;;;;;;;;;;;;;;;;;;;;;;;;;;;;;;;;;;;;;;;;;
;;;;;;;;;0.165;0.156;0.155;10;;;;;;;;;;;;;;;;;;;;;;;;;;;;;;;;;;;;;;;;;;;;;;;;;;;;;;;;;;;;;;;;;;;;
;;;;;;;;mean 3;0.164666666666667;0.155333333333333;0.153;10;;;;;;;;;;;;;;;;;;;;;;;;;;;;;;;;;;;;;;;;;;;;;;;;;;;;;;;;;;;;;;;;;;;;
;;;;;;;;dilution 3;1.64666666666667;1.55333333333333;1.53;;;;;;;;;;;;;;;;;;;;;;;;;;;;;;;;;;;;;;;;;;;;;;;;;;;;;;;;;;;;;;;;;;;;;
;;;;;;;;4;0.169;0.176;0.174;5;;;;;;;;;;;;;;;;;;;;;;;;;;;;;;;;;;;;;;;;;;;;;;;;;;;;;;;;;;;;;;;;;;;;
;;;;;;;;;0.171;0.176;0.174;5;;;;;;;;;;;;;;;;;;;;;;;;;;;;;;;;;;;;;;;;;;;;;;;;;;;;;;;;;;;;;;;;;;;;
;;;;;;;;;0.162;0.172;0.171;5;;;;;;;;;;;;;;;;;;;;;;;;;;;;;;;;;;;;;;;;;;;;;;;;;;;;;;;;;;;;;;;;;;;;
;;;;;;;;mean 4;0.167333333333333;0.174666666666667;0.173;5;;;;;;;;;;;;;;;;;;;;;;;;;;;;;;;;;;;;;;;;;;;;;;;;;;;;;;;;;;;;;;;;;;;;
;;;;;;;;dilution 4;0.836666666666667;0.873333333333333;0.865;;;;;;;;;;;;;;;;;;;;;;;;;;;;;;;;;;;;;;;;;;;;;;;;;;;;;;;;;;;;;;;;;;;;;
;;;;;;13/11/2024;11h25;0;0.293;0.279;0.264;50;;;;;;;;;;;;;;;;;;;;;;;;;;;;;;;;;;;;;;;;;;;;;;;;;;;;;;;;;;;;;;;;;;;;
;;;;;;;;;0.295;0.285;0.259;50;;;;;;;;;;;;;;;;;;;;;;;;;;;;;;;;;;;;;;;;;;;;;;;;;;;;;;;;;;;;;;;;;;;;
;;;;;;;;;0.294;0.28;0.255;50;;;;;;;;;;;;;;;;;;;;;;;;;;;;;;;;;;;;;;;;;;;;;;;;;;;;;;;;;;;;;;;;;;;;
;;;;;;;;mean 0;0.294;0.281333333333333;0.259333333333333;50;;;;;;;;;;;;;;;;;;;;;;;;;;;;;;;;;;;;;;;;;;;;;;;;;;;;;;;;;;;;;;;;;;;;
;;;;;;;;dilution 0;14.7;14.0666666666667;12.9666666666667;;;;;;;;;;;;;;;;;;;;;;;;;;;;;;;;;;;;;;;;;;;;;;;;;;;;;;;;;;;;;;;;;;;;;
;;;;;;;;1;0.24;0.25;0.25;20;;;;;;;;;;;;;;;;;;;;;;;;;;;;;;;;;;;;;;;;;;;;;;;;;;;;;;;;;;;;;;;;;;;;
;;;;;;;;;0.247;0.254;0.248;20;;;;;;;;;;;;;;;;;;;;;;;;;;;;;;;;;;;;;;;;;;;;;;;;;;;;;;;;;;;;;;;;;;;;
;;;;;;;;;0.248;0.25;0.257;20;;;;;;;;;;;;;;;;;;;;;;;;;;;;;;;;;;;;;;;;;;;;;;;;;;;;;;;;;;;;;;;;;;;;
;;;;;;;;mean 1 ;0.245;0.251333333333333;0.251666666666667;20;;;;;;;;;;;;;;;;;;;;;;;;;;;;;;;;;;;;;;;;;;;;;;;;;;;;;;;;;;;;;;;;;;;;
;;;;;;;;dilution 1;4.9;5.02666666666667;5.03333333333333;;;;;;;;;;;;;;;;;;;;;;;;;;;;;;;;;;;;;;;;;;;;;;;;;;;;;;;;;;;;;;;;;;;;;
;;;;;;;;2;0.284;0.292;0.286;10;;;;;;;;;;;;;;;;;;;;;;;;;;;;;;;;;;;;;;;;;;;;;;;;;;;;;;;;;;;;;;;;;;;;
;;;;;;;;;0.283;0.293;0.29;10;;;;;;;;;;;;;;;;;;;;;;;;;;;;;;;;;;;;;;;;;;;;;;;;;;;;;;;;;;;;;;;;;;;;
;;;;;;;;;0.281;0.288;0.278;10;;;;;;;;;;;;;;;;;;;;;;;;;;;;;;;;;;;;;;;;;;;;;;;;;;;;;;;;;;;;;;;;;;;;
;;;;;;;;mean 2 ;0.282666666666667;0.291;0.284666666666667;10;;;;;;;;;;;;;;;;;;;;;;;;;;;;;;;;;;;;;;;;;;;;;;;;;;;;;;;;;;;;;;;;;;;;
;;;;;;;;dilution 2;2.82666666666667;2.91;2.84666666666667;;;;;;;;;;;;;;;;;;;;;;;;;;;;;;;;;;;;;;;;;;;;;;;;;;;;;;;;;;;;;;;;;;;;;
;;;;;;;;3;0.158;0.16;0.157;10;;;;;;;;;;;;;;;;;;;;;;;;;;;;;;;;;;;;;;;;;;;;;;;;;;;;;;;;;;;;;;;;;;;;
;;;;;;;;;0.157;0.158;0.158;10;;;;;;;;;;;;;;;;;;;;;;;;;;;;;;;;;;;;;;;;;;;;;;;;;;;;;;;;;;;;;;;;;;;;
;;;;;;;;;0.158;0.159;0.161;10;;;;;;;;;;;;;;;;;;;;;;;;;;;;;;;;;;;;;;;;;;;;;;;;;;;;;;;;;;;;;;;;;;;;
;;;;;;;;mean 3;0.157666666666667;0.159;0.158666666666667;10;;;;;;;;;;;;;;;;;;;;;;;;;;;;;;;;;;;;;;;;;;;;;;;;;;;;;;;;;;;;;;;;;;;;
;;;;;;;;dilution 3;1.57666666666667;1.59;1.58666666666667;;;;;;;;;;;;;;;;;;;;;;;;;;;;;;;;;;;;;;;;;;;;;;;;;;;;;;;;;;;;;;;;;;;;;
;;;;;;;;4;0.17;0.18;0.169;5;;;;;;;;;;;;;;;;;;;;;;;;;;;;;;;;;;;;;;;;;;;;;;;;;;;;;;;;;;;;;;;;;;;;
;;;;;;;;;0.175;0.18;0.165;5;;;;;;;;;;;;;;;;;;;;;;;;;;;;;;;;;;;;;;;;;;;;;;;;;;;;;;;;;;;;;;;;;;;;
;;;;;;;;;0.169;0.179;0.17;5;;;;;;;;;;;;;;;;;;;;;;;;;;;;;;;;;;;;;;;;;;;;;;;;;;;;;;;;;;;;;;;;;;;;
;;;;;;;;mean 4;0.171333333333333;0.179666666666667;0.168;5;;;;;;;;;;;;;;;;;;;;;;;;;;;;;;;;;;;;;;;;;;;;;;;;;;;;;;;;;;;;;;;;;;;;
;;;;;;;;dilution 4;0.856666666666667;0.898333333333333;0.84;;;;;;;;;;;;;;;;;;;;;;;;;;;;;;;;;;;;;;;;;;;;;;;;;;;;;;;;;;;;;;;;;;;;;
;;;;;;13/11/2024;16h34;0;0.284;0.276;0.264;50;;;;;;;;;;;;;;;;;;;;;;;;;;;;;;;;;;;;;;;;;;;;;;;;;;;;;;;;;;;;;;;;;;;;
;;;;;;;;;0.285;0.273;0.251;50;;;;;;;;;;;;;;;;;;;;;;;;;;;;;;;;;;;;;;;;;;;;;;;;;;;;;;;;;;;;;;;;;;;;
;;;;;;;;;0.282;0.267;0.253;50;;;;;;;;;;;;;;;;;;;;;;;;;;;;;;;;;;;;;;;;;;;;;;;;;;;;;;;;;;;;;;;;;;;;
;;;;;;;;mean 0;0.283666666666667;0.272;0.256;50;;;;;;;;;;;;;;;;;;;;;;;;;;;;;;;;;;;;;;;;;;;;;;;;;;;;;;;;;;;;;;;;;;;;
;;;;;;;;dilution 0;14.1833333333333;13.6;12.8;;;;;;;;;;;;;;;;;;;;;;;;;;;;;;;;;;;;;;;;;;;;;;;;;;;;;;;;;;;;;;;;;;;;;
;;;;;;;;1;0.268;0.268;0.255;20;;;;;;;;;;;;;;;;;;;;;;;;;;;;;;;;;;;;;;;;;;;;;;;;;;;;;;;;;;;;;;;;;;;;
;;;;;;;;;0.266;0.262;0.25;20;;;;;;;;;;;;;;;;;;;;;;;;;;;;;;;;;;;;;;;;;;;;;;;;;;;;;;;;;;;;;;;;;;;;
;;;;;;;;;0.272;0.263;0.25;20;;;;;;;;;;;;;;;;;;;;;;;;;;;;;;;;;;;;;;;;;;;;;;;;;;;;;;;;;;;;;;;;;;;;
;;;;;;;;mean 1 ;0.268666666666667;0.264333333333333;0.251666666666667;20;;;;;;;;;;;;;;;;;;;;;;;;;;;;;;;;;;;;;;;;;;;;;;;;;;;;;;;;;;;;;;;;;;;;
;;;;;;;;dilution 1;5.37333333333333;5.28666666666667;5.03333333333333;;;;;;;;;;;;;;;;;;;;;;;;;;;;;;;;;;;;;;;;;;;;;;;;;;;;;;;;;;;;;;;;;;;;;
;;;;;;;;2;0.275;0.283;0.288;10;;;;;;;;;;;;;;;;;;;;;;;;;;;;;;;;;;;;;;;;;;;;;;;;;;;;;;;;;;;;;;;;;;;;
;;;;;;;;;0.28;0.278;0.278;10;;;;;;;;;;;;;;;;;;;;;;;;;;;;;;;;;;;;;;;;;;;;;;;;;;;;;;;;;;;;;;;;;;;;
;;;;;;;;;0.273;0.285;0.282;10;;;;;;;;;;;;;;;;;;;;;;;;;;;;;;;;;;;;;;;;;;;;;;;;;;;;;;;;;;;;;;;;;;;;
;;;;;;;;mean 2 ;0.276;0.282;0.282666666666667;10;;;;;;;;;;;;;;;;;;;;;;;;;;;;;;;;;;;;;;;;;;;;;;;;;;;;;;;;;;;;;;;;;;;;
;;;;;;;;dilution 2;2.76;2.82;2.82666666666667;;;;;;;;;;;;;;;;;;;;;;;;;;;;;;;;;;;;;;;;;;;;;;;;;;;;;;;;;;;;;;;;;;;;;
;;;;;;;;3;0.157;0.16;0.166;10;;;;;;;;;;;;;;;;;;;;;;;;;;;;;;;;;;;;;;;;;;;;;;;;;;;;;;;;;;;;;;;;;;;;
;;;;;;;;;0.161;0.16;0.163;10;;;;;;;;;;;;;;;;;;;;;;;;;;;;;;;;;;;;;;;;;;;;;;;;;;;;;;;;;;;;;;;;;;;;
;;;;;;;;;0.162;0.154;0.171;10;;;;;;;;;;;;;;;;;;;;;;;;;;;;;;;;;;;;;;;;;;;;;;;;;;;;;;;;;;;;;;;;;;;;
;;;;;;;;mean 3;0.16;0.158;0.166666666666667;10;;;;;;;;;;;;;;;;;;;;;;;;;;;;;;;;;;;;;;;;;;;;;;;;;;;;;;;;;;;;;;;;;;;;
;;;;;;;;dilution 3;1.6;1.58;1.66666666666667;;;;;;;;;;;;;;;;;;;;;;;;;;;;;;;;;;;;;;;;;;;;;;;;;;;;;;;;;;;;;;;;;;;;;
;;;;;;;;4;0.164;0.171;0.165;5;;;;;;;;;;;;;;;;;;;;;;;;;;;;;;;;;;;;;;;;;;;;;;;;;;;;;;;;;;;;;;;;;;;;
;;;;;;;;;0.162;0.168;0.164;5;;;;;;;;;;;;;;;;;;;;;;;;;;;;;;;;;;;;;;;;;;;;;;;;;;;;;;;;;;;;;;;;;;;;
;;;;;;;;;0.164;0.168;0.166;5;;;;;;;;;;;;;;;;;;;;;;;;;;;;;;;;;;;;;;;;;;;;;;;;;;;;;;;;;;;;;;;;;;;;
;;;;;;;;mean 4;0.163333333333333;0.169;0.165;5;;;;;;;;;;;;;;;;;;;;;;;;;;;;;;;;;;;;;;;;;;;;;;;;;;;;;;;;;;;;;;;;;;;;
;;;;;;;;dilution 4;0.816666666666667;0.845;0.825;;;;;;;;;;;;;;;;;;;;;;;;;;;;;;;;;;;;;;;;;;;;;;;;;;;;;;;;;;;;;;;;;;;;;
;;;;;;14/11/2024;8h30;0;0.277;0.265;0.251;50;;;;;;;;;;;;;;;;;;;;;;;;;;;;;;;;;;;;;;;;;;;;;;;;;;;;;;;;;;;;;;;;;;;;
;;;;;;;;;0.277;0.262;0.256;50;;;;;;;;;;;;;;;;;;;;;;;;;;;;;;;;;;;;;;;;;;;;;;;;;;;;;;;;;;;;;;;;;;;;
;;;;;;;;;0.279;0.277;0.256;50;;;;;;;;;;;;;;;;;;;;;;;;;;;;;;;;;;;;;;;;;;;;;;;;;;;;;;;;;;;;;;;;;;;;
;;;;;;;;mean 0;0.277666666666667;0.268;0.254333333333333;50;;;;;;;;;;;;;;;;;;;;;;;;;;;;;;;;;;;;;;;;;;;;;;;;;;;;;;;;;;;;;;;;;;;;
;;;;;;;;dilution 0;13.8833333333333;13.4;12.7166666666667;;;;;;;;;;;;;;;;;;;;;;;;;;;;;;;;;;;;;;;;;;;;;;;;;;;;;;;;;;;;;;;;;;;;;
;;;;;;;;1;0.259;0.263;0.24;20;;;;;;;;;;;;;;;;;;;;;;;;;;;;;;;;;;;;;;;;;;;;;;;;;;;;;;;;;;;;;;;;;;;;
;;;;;;;;;0.262;0.265;0.249;20;;;;;;;;;;;;;;;;;;;;;;;;;;;;;;;;;;;;;;;;;;;;;;;;;;;;;;;;;;;;;;;;;;;;
;;;;;;;;;0.263;0.263;0.245;20;;;;;;;;;;;;;;;;;;;;;;;;;;;;;;;;;;;;;;;;;;;;;;;;;;;;;;;;;;;;;;;;;;;;
;;;;;;;;mean 1 ;0.261333333333333;0.263666666666667;0.244666666666667;20;;;;;;;;;;;;;;;;;;;;;;;;;;;;;;;;;;;;;;;;;;;;;;;;;;;;;;;;;;;;;;;;;;;;
;;;;;;;;dilution 1;5.22666666666667;5.27333333333333;4.89333333333333;;;;;;;;;;;;;;;;;;;;;;;;;;;;;;;;;;;;;;;;;;;;;;;;;;;;;;;;;;;;;;;;;;;;;
;;;;;;;;2;0.275;0.279;0.299;10;;;;;;;;;;;;;;;;;;;;;;;;;;;;;;;;;;;;;;;;;;;;;;;;;;;;;;;;;;;;;;;;;;;;
;;;;;;;;;0.28;0.283;0.292;10;;;;;;;;;;;;;;;;;;;;;;;;;;;;;;;;;;;;;;;;;;;;;;;;;;;;;;;;;;;;;;;;;;;;
;;;;;;;;;0.278;0.282;0.286;10;;;;;;;;;;;;;;;;;;;;;;;;;;;;;;;;;;;;;;;;;;;;;;;;;;;;;;;;;;;;;;;;;;;;
;;;;;;;;mean 2 ;0.277666666666667;0.281333333333333;0.292333333333333;10;;;;;;;;;;;;;;;;;;;;;;;;;;;;;;;;;;;;;;;;;;;;;;;;;;;;;;;;;;;;;;;;;;;;
;;;;;;;;dilution 2;2.77666666666667;2.81333333333333;2.92333333333333;;;;;;;;;;;;;;;;;;;;;;;;;;;;;;;;;;;;;;;;;;;;;;;;;;;;;;;;;;;;;;;;;;;;;
;;;;;;;;3;0.147;0.14;0.144;10;;;;;;;;;;;;;;;;;;;;;;;;;;;;;;;;;;;;;;;;;;;;;;;;;;;;;;;;;;;;;;;;;;;;
;;;;;;;;;0.148;0.136;0.14;10;;;;;;;;;;;;;;;;;;;;;;;;;;;;;;;;;;;;;;;;;;;;;;;;;;;;;;;;;;;;;;;;;;;;
;;;;;;;;;0.143;0.141;0.146;10;;;;;;;;;;;;;;;;;;;;;;;;;;;;;;;;;;;;;;;;;;;;;;;;;;;;;;;;;;;;;;;;;;;;
;;;;;;;;mean 3;0.146;0.139;0.143333333333333;10;;;;;;;;;;;;;;;;;;;;;;;;;;;;;;;;;;;;;;;;;;;;;;;;;;;;;;;;;;;;;;;;;;;;
;;;;;;;;dilution 3;1.46;1.39;1.43333333333333;;;;;;;;;;;;;;;;;;;;;;;;;;;;;;;;;;;;;;;;;;;;;;;;;;;;;;;;;;;;;;;;;;;;;
;;;;;;;;4;0.148;0.165;0.158;5;;;;;;;;;;;;;;;;;;;;;;;;;;;;;;;;;;;;;;;;;;;;;;;;;;;;;;;;;;;;;;;;;;;;
;;;;;;;;;0.149;0.164;0.162;5;;;;;;;;;;;;;;;;;;;;;;;;;;;;;;;;;;;;;;;;;;;;;;;;;;;;;;;;;;;;;;;;;;;;
;;;;;;;;;0.148;0.166;0.166;5;;;;;;;;;;;;;;;;;;;;;;;;;;;;;;;;;;;;;;;;;;;;;;;;;;;;;;;;;;;;;;;;;;;;
;;;;;;;;mean 4;0.148333333333333;0.165;0.162;5;;;;;;;;;;;;;;;;;;;;;;;;;;;;;;;;;;;;;;;;;;;;;;;;;;;;;;;;;;;;;;;;;;;;
;;;;;;;;dilution 4;0.741666666666667;0.825;0.81;;;;;;;;;;;;;;;;;;;;;;;;;;;;;;;;;;;;;;;;;;;;;;;;;;;;;;;;;;;;;;;;;;;;;
;;;;;;14/11/2024;20h31;0;0.286;0.29;0.272;50;;;;;;;;;;;;;;;;;;;;;;;;;;;;;;;;;;;;;;;;;;;;;;;;;;;;;;;;;;;;;;;;;;;;
;;;;;;;;;0.283;0.294;0.272;50;;;;;;;;;;;;;;;;;;;;;;;;;;;;;;;;;;;;;;;;;;;;;;;;;;;;;;;;;;;;;;;;;;;;
;;;;;;;;;0.286;0.296;0.28;50;;;;;;;;;;;;;;;;;;;;;;;;;;;;;;;;;;;;;;;;;;;;;;;;;;;;;;;;;;;;;;;;;;;;
;;;;;;;;mean 0;0.285;0.293333333333333;0.274666666666667;50;;;;;;;;;;;;;;;;;;;;;;;;;;;;;;;;;;;;;;;;;;;;;;;;;;;;;;;;;;;;;;;;;;;;
;;;;;;;;dilution 0;14.25;14.6666666666667;13.7333333333333;;;;;;;;;;;;;;;;;;;;;;;;;;;;;;;;;;;;;;;;;;;;;;;;;;;;;;;;;;;;;;;;;;;;;
;;;;;;;;1;0.251;0.271;0.236;20;;;;;;;;;;;;;;;;;;;;;;;;;;;;;;;;;;;;;;;;;;;;;;;;;;;;;;;;;;;;;;;;;;;;
;;;;;;;;;0.253;0.268;0.243;20;;;;;;;;;;;;;;;;;;;;;;;;;;;;;;;;;;;;;;;;;;;;;;;;;;;;;;;;;;;;;;;;;;;;
;;;;;;;;;0.253;0.268;0.239;20;;;;;;;;;;;;;;;;;;;;;;;;;;;;;;;;;;;;;;;;;;;;;;;;;;;;;;;;;;;;;;;;;;;;
;;;;;;;;mean 1 ;0.252333333333333;0.269;0.239333333333333;20;;;;;;;;;;;;;;;;;;;;;;;;;;;;;;;;;;;;;;;;;;;;;;;;;;;;;;;;;;;;;;;;;;;;
;;;;;;;;dilution 1;5.04666666666667;5.38;4.78666666666667;;;;;;;;;;;;;;;;;;;;;;;;;;;;;;;;;;;;;;;;;;;;;;;;;;;;;;;;;;;;;;;;;;;;;
;;;;;;;;2;0.287;0.276;0.283;10;;;;;;;;;;;;;;;;;;;;;;;;;;;;;;;;;;;;;;;;;;;;;;;;;;;;;;;;;;;;;;;;;;;;
;;;;;;;;;0.278;0.281;0.287;10;;;;;;;;;;;;;;;;;;;;;;;;;;;;;;;;;;;;;;;;;;;;;;;;;;;;;;;;;;;;;;;;;;;;
;;;;;;;;;0.281;0.284;0.286;10;;;;;;;;;;;;;;;;;;;;;;;;;;;;;;;;;;;;;;;;;;;;;;;;;;;;;;;;;;;;;;;;;;;;
;;;;;;;;mean 2 ;0.282;0.280333333333333;0.285333333333333;10;;;;;;;;;;;;;;;;;;;;;;;;;;;;;;;;;;;;;;;;;;;;;;;;;;;;;;;;;;;;;;;;;;;;
;;;;;;;;dilution 2;2.82;2.80333333333333;2.85333333333333;;;;;;;;;;;;;;;;;;;;;;;;;;;;;;;;;;;;;;;;;;;;;;;;;;;;;;;;;;;;;;;;;;;;;
;;;;;;;;3;0.153;0.154;0.152;10;;;;;;;;;;;;;;;;;;;;;;;;;;;;;;;;;;;;;;;;;;;;;;;;;;;;;;;;;;;;;;;;;;;;
;;;;;;;;;0.154;0.155;0.154;10;;;;;;;;;;;;;;;;;;;;;;;;;;;;;;;;;;;;;;;;;;;;;;;;;;;;;;;;;;;;;;;;;;;;
;;;;;;;;;0.157;0.154;0.152;10;;;;;;;;;;;;;;;;;;;;;;;;;;;;;;;;;;;;;;;;;;;;;;;;;;;;;;;;;;;;;;;;;;;;
;;;;;;;;mean 3;0.154666666666667;0.154333333333333;0.152666666666667;10;;;;;;;;;;;;;;;;;;;;;;;;;;;;;;;;;;;;;;;;;;;;;;;;;;;;;;;;;;;;;;;;;;;;
;;;;;;;;dilution 3;1.54666666666667;1.54333333333333;1.52666666666667;;;;;;;;;;;;;;;;;;;;;;;;;;;;;;;;;;;;;;;;;;;;;;;;;;;;;;;;;;;;;;;;;;;;;
;;;;;;;;4;0.159;0.171;0.162;5;;;;;;;;;;;;;;;;;;;;;;;;;;;;;;;;;;;;;;;;;;;;;;;;;;;;;;;;;;;;;;;;;;;;
;;;;;;;;;0.165;0.165;0.162;5;;;;;;;;;;;;;;;;;;;;;;;;;;;;;;;;;;;;;;;;;;;;;;;;;;;;;;;;;;;;;;;;;;;;
;;;;;;;;;0.171;0.169;0.168;5;;;;;;;;;;;;;;;;;;;;;;;;;;;;;;;;;;;;;;;;;;;;;;;;;;;;;;;;;;;;;;;;;;;;
;;;;;;;;mean 4;0.165;0.168333333333333;0.164;5;;;;;;;;;;;;;;;;;;;;;;;;;;;;;;;;;;;;;;;;;;;;;;;;;;;;;;;;;;;;;;;;;;;;
;;;;;;;;dilution 4;0.825;0.841666666666667;0.82;;;;;;;;;;;;;;;;;;;;;;;;;;;;;;;;;;;;;;;;;;;;;;;;;;;;;;;;;;;;;;;;;;;;;
;;;;;;15/11/2024;8h30;0;0.282;0.26;0.258;50;;;;;;;;;;;;;;;;;;;;;;;;;;;;;;;;;;;;;;;;;;;;;;;;;;;;;;;;;;;;;;;;;;;;
;;;;;;;;;0.285;0.264;0.26;50;;;;;;;;;;;;;;;;;;;;;;;;;;;;;;;;;;;;;;;;;;;;;;;;;;;;;;;;;;;;;;;;;;;;
;;;;;;;;;0.284;0.256;0.26;50;;;;;;;;;;;;;;;;;;;;;;;;;;;;;;;;;;;;;;;;;;;;;;;;;;;;;;;;;;;;;;;;;;;;
;;;;;;;;mean 0;0.283666666666667;0.26;0.259333333333333;50;;;;;;;;;;;;;;;;;;;;;;;;;;;;;;;;;;;;;;;;;;;;;;;;;;;;;;;;;;;;;;;;;;;;
;;;;;;;;dilution 0;14.1833333333333;13;12.9666666666667;;;;;;;;;;;;;;;;;;;;;;;;;;;;;;;;;;;;;;;;;;;;;;;;;;;;;;;;;;;;;;;;;;;;;
;;;;;;;;1;0.266;0.281;0.245;20;;;;;;;;;;;;;;;;;;;;;;;;;;;;;;;;;;;;;;;;;;;;;;;;;;;;;;;;;;;;;;;;;;;;
;;;;;;;;;0.267;0.278;0.246;20;;;;;;;;;;;;;;;;;;;;;;;;;;;;;;;;;;;;;;;;;;;;;;;;;;;;;;;;;;;;;;;;;;;;
;;;;;;;;;0.267;0.274;0.247;20;;;;;;;;;;;;;;;;;;;;;;;;;;;;;;;;;;;;;;;;;;;;;;;;;;;;;;;;;;;;;;;;;;;;
;;;;;;;;mean 1 ;0.266666666666667;0.277666666666667;0.246;20;;;;;;;;;;;;;;;;;;;;;;;;;;;;;;;;;;;;;;;;;;;;;;;;;;;;;;;;;;;;;;;;;;;;
;;;;;;;;dilution 1;5.33333333333333;5.55333333333333;4.92;;;;;;;;;;;;;;;;;;;;;;;;;;;;;;;;;;;;;;;;;;;;;;;;;;;;;;;;;;;;;;;;;;;;;
;;;;;;;;2;0.253;0.283;0.261;10;;;;;;;;;;;;;;;;;;;;;;;;;;;;;;;;;;;;;;;;;;;;;;;;;;;;;;;;;;;;;;;;;;;;
;;;;;;;;;0.255;0.287;0.262;10;;;;;;;;;;;;;;;;;;;;;;;;;;;;;;;;;;;;;;;;;;;;;;;;;;;;;;;;;;;;;;;;;;;;
;;;;;;;;;0.25;0.284;0.262;10;;;;;;;;;;;;;;;;;;;;;;;;;;;;;;;;;;;;;;;;;;;;;;;;;;;;;;;;;;;;;;;;;;;;
;;;;;;;;mean 2 ;0.252666666666667;0.284666666666667;0.261666666666667;10;;;;;;;;;;;;;;;;;;;;;;;;;;;;;;;;;;;;;;;;;;;;;;;;;;;;;;;;;;;;;;;;;;;;
;;;;;;;;dilution 2;2.52666666666667;2.84666666666667;2.61666666666667;;;;;;;;;;;;;;;;;;;;;;;;;;;;;;;;;;;;;;;;;;;;;;;;;;;;;;;;;;;;;;;;;;;;;
;;;;;;;;3;0.143;0.143;0.141;10;;;;;;;;;;;;;;;;;;;;;;;;;;;;;;;;;;;;;;;;;;;;;;;;;;;;;;;;;;;;;;;;;;;;
;;;;;;;;;0.143;0.142;0.14;10;;;;;;;;;;;;;;;;;;;;;;;;;;;;;;;;;;;;;;;;;;;;;;;;;;;;;;;;;;;;;;;;;;;;
;;;;;;;;;0.144;0.146;0.144;10;;;;;;;;;;;;;;;;;;;;;;;;;;;;;;;;;;;;;;;;;;;;;;;;;;;;;;;;;;;;;;;;;;;;
;;;;;;;;mean 3;0.143333333333333;0.143666666666667;0.141666666666667;10;;;;;;;;;;;;;;;;;;;;;;;;;;;;;;;;;;;;;;;;;;;;;;;;;;;;;;;;;;;;;;;;;;;;
;;;;;;;;dilution 3;1.43333333333333;1.43666666666667;1.41666666666667;;;;;;;;;;;;;;;;;;;;;;;;;;;;;;;;;;;;;;;;;;;;;;;;;;;;;;;;;;;;;;;;;;;;;
;;;;;;;;4;0.143;0.156;0.149;5;;;;;;;;;;;;;;;;;;;;;;;;;;;;;;;;;;;;;;;;;;;;;;;;;;;;;;;;;;;;;;;;;;;;
;;;;;;;;;0.15;0.159;0.15;5;;;;;;;;;;;;;;;;;;;;;;;;;;;;;;;;;;;;;;;;;;;;;;;;;;;;;;;;;;;;;;;;;;;;
;;;;;;;;;0.146;0.158;0.151;5;;;;;;;;;;;;;;;;;;;;;;;;;;;;;;;;;;;;;;;;;;;;;;;;;;;;;;;;;;;;;;;;;;;;
;;;;;;;;mean 4;0.146333333333333;0.157666666666667;0.15;5;;;;;;;;;;;;;;;;;;;;;;;;;;;;;;;;;;;;;;;;;;;;;;;;;;;;;;;;;;;;;;;;;;;;
;;;;;;;;dilution 4;0.731666666666667;0.788333333333333;0.75;;;;;;;;;;;;;;;;;;;;;;;;;;;;;;;;;;;;;;;;;;;;;;;;;;;;;;;;;;;;;;;;;;;;;
;;;;;;15/11/2024;14h44;0;0.282;0.266;0.249;50;;;;;;;;;;;;;;;;;;;;;;;;;;;;;;;;;;;;;;;;;;;;;;;;;;;;;;;;;;;;;;;;;;;;
;;;;;;;;;0.288;0.27;0.253;50;;;;;;;;;;;;;;;;;;;;;;;;;;;;;;;;;;;;;;;;;;;;;;;;;;;;;;;;;;;;;;;;;;;;
;;;;;;;;;0.296;0.27;0.253;50;;;;;;;;;;;;;;;;;;;;;;;;;;;;;;;;;;;;;;;;;;;;;;;;;;;;;;;;;;;;;;;;;;;;
;;;;;;;;mean 0;0.288666666666667;0.268666666666667;0.251666666666667;50;;;;;;;;;;;;;;;;;;;;;;;;;;;;;;;;;;;;;;;;;;;;;;;;;;;;;;;;;;;;;;;;;;;;
;;;;;;;;dilution 0;14.4333333333333;13.4333333333333;12.5833333333333;;;;;;;;;;;;;;;;;;;;;;;;;;;;;;;;;;;;;;;;;;;;;;;;;;;;;;;;;;;;;;;;;;;;;
;;;;;;;;1;0.256;0.279;0.248;20;;;;;;;;;;;;;;;;;;;;;;;;;;;;;;;;;;;;;;;;;;;;;;;;;;;;;;;;;;;;;;;;;;;;
;;;;;;;;;0.255;0.271;0.24;20;;;;;;;;;;;;;;;;;;;;;;;;;;;;;;;;;;;;;;;;;;;;;;;;;;;;;;;;;;;;;;;;;;;;
;;;;;;;;;0.261;0.28;0.236;20;;;;;;;;;;;;;;;;;;;;;;;;;;;;;;;;;;;;;;;;;;;;;;;;;;;;;;;;;;;;;;;;;;;;
;;;;;;;;mean 1 ;0.257333333333333;0.276666666666667;0.241333333333333;20;;;;;;;;;;;;;;;;;;;;;;;;;;;;;;;;;;;;;;;;;;;;;;;;;;;;;;;;;;;;;;;;;;;;
;;;;;;;;dilution 1;5.14666666666667;5.53333333333333;4.82666666666667;;;;;;;;;;;;;;;;;;;;;;;;;;;;;;;;;;;;;;;;;;;;;;;;;;;;;;;;;;;;;;;;;;;;;
;;;;;;;;2;0.275;0.268;0.27;10;;;;;;;;;;;;;;;;;;;;;;;;;;;;;;;;;;;;;;;;;;;;;;;;;;;;;;;;;;;;;;;;;;;;
;;;;;;;;;0.281;0.275;0.262;10;;;;;;;;;;;;;;;;;;;;;;;;;;;;;;;;;;;;;;;;;;;;;;;;;;;;;;;;;;;;;;;;;;;;
;;;;;;;;;0.276;0.268;0.267;10;;;;;;;;;;;;;;;;;;;;;;;;;;;;;;;;;;;;;;;;;;;;;;;;;;;;;;;;;;;;;;;;;;;;
;;;;;;;;mean 2 ;0.277333333333333;0.270333333333333;0.266333333333333;10;;;;;;;;;;;;;;;;;;;;;;;;;;;;;;;;;;;;;;;;;;;;;;;;;;;;;;;;;;;;;;;;;;;;
;;;;;;;;dilution 2;2.77333333333333;2.70333333333333;2.66333333333333;;;;;;;;;;;;;;;;;;;;;;;;;;;;;;;;;;;;;;;;;;;;;;;;;;;;;;;;;;;;;;;;;;;;;
;;;;;;;;3;0.141;0.138;0.131;10;;;;;;;;;;;;;;;;;;;;;;;;;;;;;;;;;;;;;;;;;;;;;;;;;;;;;;;;;;;;;;;;;;;;
;;;;;;;;;0.142;0.137;0.14;10;;;;;;;;;;;;;;;;;;;;;;;;;;;;;;;;;;;;;;;;;;;;;;;;;;;;;;;;;;;;;;;;;;;;
;;;;;;;;;0.141;0.133;0.138;10;;;;;;;;;;;;;;;;;;;;;;;;;;;;;;;;;;;;;;;;;;;;;;;;;;;;;;;;;;;;;;;;;;;;
;;;;;;;;mean 3;0.141333333333333;0.136;0.136333333333333;10;;;;;;;;;;;;;;;;;;;;;;;;;;;;;;;;;;;;;;;;;;;;;;;;;;;;;;;;;;;;;;;;;;;;
;;;;;;;;dilution 3;1.41333333333333;1.36;1.36333333333333;;;;;;;;;;;;;;;;;;;;;;;;;;;;;;;;;;;;;;;;;;;;;;;;;;;;;;;;;;;;;;;;;;;;;
;;;;;;;;4;0.142;0.16;0.148;5;;;;;;;;;;;;;;;;;;;;;;;;;;;;;;;;;;;;;;;;;;;;;;;;;;;;;;;;;;;;;;;;;;;;
;;;;;;;;;0.145;0.156;0.147;5;;;;;;;;;;;;;;;;;;;;;;;;;;;;;;;;;;;;;;;;;;;;;;;;;;;;;;;;;;;;;;;;;;;;
;;;;;;;;;0.145;0.152;0.151;5;;;;;;;;;;;;;;;;;;;;;;;;;;;;;;;;;;;;;;;;;;;;;;;;;;;;;;;;;;;;;;;;;;;;
;;;;;;;;mean 4;0.144;0.156;0.148666666666667;5;;;;;;;;;;;;;;;;;;;;;;;;;;;;;;;;;;;;;;;;;;;;;;;;;;;;;;;;;;;;;;;;;;;;
;;;;;;;;dilution 4;0.72;0.78;0.743333333333333;;;;;;;;;;;;;;;;;;;;;;;;;;;;;;;;;;;;;;;;;;;;;;;;;;;;;;;;;;;;;;;;;;;;;
;;;;;;15/11/2024;17h34;0;0.298;0.306;0.272;50;;;;;;;;;;;;;;;;;;;;;;;;;;;;;;;;;;;;;;;;;;;;;;;;;;;;;;;;;;;;;;;;;;;;
;;;;;;;;;0.298;0.306;0.271;50;;;;;;;;;;;;;;;;;;;;;;;;;;;;;;;;;;;;;;;;;;;;;;;;;;;;;;;;;;;;;;;;;;;;
;;;;;;;;;0.301;0.306;0.272;50;;;;;;;;;;;;;;;;;;;;;;;;;;;;;;;;;;;;;;;;;;;;;;;;;;;;;;;;;;;;;;;;;;;;
;;;;;;;;mean 0;0.299;0.306;0.271666666666667;50;;;;;;;;;;;;;;;;;;;;;;;;;;;;;;;;;;;;;;;;;;;;;;;;;;;;;;;;;;;;;;;;;;;;
;;;;;;;;dilution 0;14.95;15.3;13.5833333333333;;;;;;;;;;;;;;;;;;;;;;;;;;;;;;;;;;;;;;;;;;;;;;;;;;;;;;;;;;;;;;;;;;;;;
;;;;;;;;1;0.255;0.28;0.233;20;;;;;;;;;;;;;;;;;;;;;;;;;;;;;;;;;;;;;;;;;;;;;;;;;;;;;;;;;;;;;;;;;;;;
;;;;;;;;;0.258;0.28;0.236;20;;;;;;;;;;;;;;;;;;;;;;;;;;;;;;;;;;;;;;;;;;;;;;;;;;;;;;;;;;;;;;;;;;;;
;;;;;;;;;0.256;0.277;0.233;20;;;;;;;;;;;;;;;;;;;;;;;;;;;;;;;;;;;;;;;;;;;;;;;;;;;;;;;;;;;;;;;;;;;;
;;;;;;;;mean 1 ;0.256333333333333;0.279;0.234;20;;;;;;;;;;;;;;;;;;;;;;;;;;;;;;;;;;;;;;;;;;;;;;;;;;;;;;;;;;;;;;;;;;;;
;;;;;;;;dilution 1;5.12666666666667;5.58;4.68;;;;;;;;;;;;;;;;;;;;;;;;;;;;;;;;;;;;;;;;;;;;;;;;;;;;;;;;;;;;;;;;;;;;;
;;;;;;;;2;0.273;0.28;0.282;10;;;;;;;;;;;;;;;;;;;;;;;;;;;;;;;;;;;;;;;;;;;;;;;;;;;;;;;;;;;;;;;;;;;;
;;;;;;;;;0.27;0.277;0.281;10;;;;;;;;;;;;;;;;;;;;;;;;;;;;;;;;;;;;;;;;;;;;;;;;;;;;;;;;;;;;;;;;;;;;
;;;;;;;;;0.27;0.275;0.273;10;;;;;;;;;;;;;;;;;;;;;;;;;;;;;;;;;;;;;;;;;;;;;;;;;;;;;;;;;;;;;;;;;;;;
;;;;;;;;mean 2 ;0.271;0.277333333333333;0.278666666666667;10;;;;;;;;;;;;;;;;;;;;;;;;;;;;;;;;;;;;;;;;;;;;;;;;;;;;;;;;;;;;;;;;;;;;
;;;;;;;;dilution 2;2.71;2.77333333333333;2.78666666666667;;;;;;;;;;;;;;;;;;;;;;;;;;;;;;;;;;;;;;;;;;;;;;;;;;;;;;;;;;;;;;;;;;;;;
;;;;;;;;3;0.136;0.129;0.128;10;;;;;;;;;;;;;;;;;;;;;;;;;;;;;;;;;;;;;;;;;;;;;;;;;;;;;;;;;;;;;;;;;;;;
;;;;;;;;;0.135;0.133;0.132;10;;;;;;;;;;;;;;;;;;;;;;;;;;;;;;;;;;;;;;;;;;;;;;;;;;;;;;;;;;;;;;;;;;;;
;;;;;;;;;0.14;0.135;0.132;10;;;;;;;;;;;;;;;;;;;;;;;;;;;;;;;;;;;;;;;;;;;;;;;;;;;;;;;;;;;;;;;;;;;;
;;;;;;;;mean 3;0.137;0.132333333333333;0.130666666666667;10;;;;;;;;;;;;;;;;;;;;;;;;;;;;;;;;;;;;;;;;;;;;;;;;;;;;;;;;;;;;;;;;;;;;
;;;;;;;;dilution 3;1.37;1.32333333333333;1.30666666666667;;;;;;;;;;;;;;;;;;;;;;;;;;;;;;;;;;;;;;;;;;;;;;;;;;;;;;;;;;;;;;;;;;;;;
;;;;;;;;4;0.141;0.156;0.152;5;;;;;;;;;;;;;;;;;;;;;;;;;;;;;;;;;;;;;;;;;;;;;;;;;;;;;;;;;;;;;;;;;;;;
;;;;;;;;;0.139;0.157;0.15;5;;;;;;;;;;;;;;;;;;;;;;;;;;;;;;;;;;;;;;;;;;;;;;;;;;;;;;;;;;;;;;;;;;;;
;;;;;;;;;0.138;0.153;0.147;5;;;;;;;;;;;;;;;;;;;;;;;;;;;;;;;;;;;;;;;;;;;;;;;;;;;;;;;;;;;;;;;;;;;;
;;;;;;;;mean 4;0.139333333333333;0.155333333333333;0.149666666666667;5;;;;;;;;;;;;;;;;;;;;;;;;;;;;;;;;;;;;;;;;;;;;;;;;;;;;;;;;;;;;;;;;;;;;
;;;;;;;;dilution 4;0.696666666666667;0.776666666666667;0.748333333333333;;;;;;;;;;;;;;;;;;;;;;;;;;;;;;;;;;;;;;;;;;;;;;;;;;;;;;;;;;;;;;;;;;;;;
;;;;;;18/11/2024;8h04;0;0.284;0.303;0.3;50;;;;;;;;;;;;;;;;;;;;;;;;;;;;;;;;;;;;;;;;;;;;;;;;;;;;;;;;;;;;;;;;;;;;
;;;;;;;;;0.284;0.301;0.303;50;;;;;;;;;;;;;;;;;;;;;;;;;;;;;;;;;;;;;;;;;;;;;;;;;;;;;;;;;;;;;;;;;;;;
;;;;;;;;;0.287;0.295;0.306;50;;;;;;;;;;;;;;;;;;;;;;;;;;;;;;;;;;;;;;;;;;;;;;;;;;;;;;;;;;;;;;;;;;;;
;;;;;;;;mean 0;0.285;0.299666666666667;0.303;50;;;;;;;;;;;;;;;;;;;;;;;;;;;;;;;;;;;;;;;;;;;;;;;;;;;;;;;;;;;;;;;;;;;;
;;;;;;;;dilution 0;14.25;14.9833333333333;15.15;;;;;;;;;;;;;;;;;;;;;;;;;;;;;;;;;;;;;;;;;;;;;;;;;;;;;;;;;;;;;;;;;;;;;
;;;;;;;;1;0.273;0.294;0.266;20;;;;;;;;;;;;;;;;;;;;;;;;;;;;;;;;;;;;;;;;;;;;;;;;;;;;;;;;;;;;;;;;;;;;
;;;;;;;;;0.274;0.279;0.265;20;;;;;;;;;;;;;;;;;;;;;;;;;;;;;;;;;;;;;;;;;;;;;;;;;;;;;;;;;;;;;;;;;;;;
;;;;;;;;;0.269;0.281;0.267;20;;;;;;;;;;;;;;;;;;;;;;;;;;;;;;;;;;;;;;;;;;;;;;;;;;;;;;;;;;;;;;;;;;;;
;;;;;;;;mean 1 ;0.272;0.284666666666667;0.266;20;;;;;;;;;;;;;;;;;;;;;;;;;;;;;;;;;;;;;;;;;;;;;;;;;;;;;;;;;;;;;;;;;;;;
;;;;;;;;dilution 1;5.44;5.69333333333333;5.32;;;;;;;;;;;;;;;;;;;;;;;;;;;;;;;;;;;;;;;;;;;;;;;;;;;;;;;;;;;;;;;;;;;;;
;;;;;;;;2;0.265;0.255;0.245;10;;;;;;;;;;;;;;;;;;;;;;;;;;;;;;;;;;;;;;;;;;;;;;;;;;;;;;;;;;;;;;;;;;;;
;;;;;;;;;0.263;0.253;0.247;10;;;;;;;;;;;;;;;;;;;;;;;;;;;;;;;;;;;;;;;;;;;;;;;;;;;;;;;;;;;;;;;;;;;;
;;;;;;;;;0.265;0.251;0.251;10;;;;;;;;;;;;;;;;;;;;;;;;;;;;;;;;;;;;;;;;;;;;;;;;;;;;;;;;;;;;;;;;;;;;
;;;;;;;;mean 2 ;0.264333333333333;0.253;0.247666666666667;10;;;;;;;;;;;;;;;;;;;;;;;;;;;;;;;;;;;;;;;;;;;;;;;;;;;;;;;;;;;;;;;;;;;;
;;;;;;;;dilution 2;2.64333333333333;2.53;2.47666666666667;;;;;;;;;;;;;;;;;;;;;;;;;;;;;;;;;;;;;;;;;;;;;;;;;;;;;;;;;;;;;;;;;;;;;
;;;;;;;;3;0.127;0.117;0.125;10;;;;;;;;;;;;;;;;;;;;;;;;;;;;;;;;;;;;;;;;;;;;;;;;;;;;;;;;;;;;;;;;;;;;
;;;;;;;;;0.131;0.121;0.121;10;;;;;;;;;;;;;;;;;;;;;;;;;;;;;;;;;;;;;;;;;;;;;;;;;;;;;;;;;;;;;;;;;;;;
;;;;;;;;;0.131;0.12;0.123;10;;;;;;;;;;;;;;;;;;;;;;;;;;;;;;;;;;;;;;;;;;;;;;;;;;;;;;;;;;;;;;;;;;;;
;;;;;;;;mean 3;0.129666666666667;0.119333333333333;0.123;10;;;;;;;;;;;;;;;;;;;;;;;;;;;;;;;;;;;;;;;;;;;;;;;;;;;;;;;;;;;;;;;;;;;;
;;;;;;;;dilution 3;1.29666666666667;1.19333333333333;1.23;;;;;;;;;;;;;;;;;;;;;;;;;;;;;;;;;;;;;;;;;;;;;;;;;;;;;;;;;;;;;;;;;;;;;
;;;;;;;;4;0.128;0.146;0.142;5;;;;;;;;;;;;;;;;;;;;;;;;;;;;;;;;;;;;;;;;;;;;;;;;;;;;;;;;;;;;;;;;;;;;
;;;;;;;;;0.126;0.152;0.139;5;;;;;;;;;;;;;;;;;;;;;;;;;;;;;;;;;;;;;;;;;;;;;;;;;;;;;;;;;;;;;;;;;;;;
;;;;;;;;;0.13;0.145;0.141;5;;;;;;;;;;;;;;;;;;;;;;;;;;;;;;;;;;;;;;;;;;;;;;;;;;;;;;;;;;;;;;;;;;;;
;;;;;;;;mean 4;0.128;0.147666666666667;0.140666666666667;5;;;;;;;;;;;;;;;;;;;;;;;;;;;;;;;;;;;;;;;;;;;;;;;;;;;;;;;;;;;;;;;;;;;;
;;;;;;;;dilution 4;0.64;0.738333333333333;0.703333333333333;;;;;;;;;;;;;;;;;;;;;;;;;;;;;;;;;;;;;;;;;;;;;;;;;;;;;;;;;;;;;;;;;;;;;